factor_name,period,month,alpha,top_return,ndcg,rank_ic
sector_factor_01,discovery,201501,,,,
sector_factor_01,discovery,201502,0.010990689899093511,0.08147591768880375,0.026534881544414034,0.2796688072813739
sector_factor_01,discovery,201503,0.011462699675850434,0.1320819717196917,0.05296680883745406,0.19168435817511745
sector_factor_01,discovery,201504,-0.0011909259353451922,0.059361017627383085,0.03722053371723438,-0.13986185790944244
sector_factor_01,discovery,201505,0.034348081930410515,0.2330390288354829,0.17024734770832042,0.07586733195722621
sector_factor_01,discovery,201506,-0.002624906809923392,-0.188330659637272,0.08643775170251598,-0.15030612063223567
sector_factor_01,discovery,201507,0.002647758974744188,0.1019322893772092,0.06060567161143244,-0.08505799312522487
sector_factor_01,discovery,201508,-0.00034809603828159593,-0.12894395208540596,0.096446783359346,0.001486564383724486
sector_factor_01,discovery,201509,-0.014961736692608743,0.07103436294884886,0.07598024161036677,-0.10777383801621851
sector_factor_01,discovery,201510,0.021121460227629212,0.10054721879543435,0.1422144071643858,0.22911460047413762
sector_factor_01,discovery,201511,0.025895308770766262,0.050013290605039354,0.16647693401506575,0.273213918029827
sector_factor_01,discovery,201512,0.013197661820887288,-0.04676378577259248,0.14463047087362324,0.1146579331346828
sector_factor_01,discovery,201601,0.006710073005575823,-0.03358072210801765,0.17976390057702515,0.014101331682791781
sector_factor_01,discovery,201602,-0.006813474564781225,-0.019462874547753015,0.11001441258571829,-0.10681250526163295
sector_factor_01,discovery,201603,-0.008721767768127242,0.06095551611265957,0.11986707940009388,-0.10121507838822162
sector_factor_01,discovery,201604,0.0013257889177541963,-0.02854666482162429,0.09126385268451766,0.04301575856154123
sector_factor_01,discovery,201605,-0.0023990340935692413,0.01249193139429692,0.05520316823185373,0.002818777423323165
sector_factor_01,discovery,201606,0.020915621126005035,0.061604608212437593,0.2856288316399879,0.15305695105579373
sector_factor_01,discovery,201607,-0.00667552479034616,-0.01762152075867302,0.09686591220047147,-0.014370341491041475
sector_factor_01,discovery,201608,0.0054169118645131,0.023288754759351316,0.08467018759220783,0.07442336840816328
sector_factor_01,discovery,201609,0.005495699902267571,0.017878778541489736,0.084865402459473,0.11180773113849211
sector_factor_01,discovery,201610,0.007368272405232879,0.02162653182822396,0.1394780328729586,0.15834951345040316
sector_factor_01,discovery,201611,0.006561848226632347,0.0002988748046019193,0.14433502338362406,0.08433484835135709
sector_factor_01,discovery,201612,0.003976399993027714,-0.006056823804762892,0.034404720940663006,0.1704157886083322
sector_factor_01,discovery,201701,0.00032794292208825765,-0.00011150330651111748,0.0681693702885559,0.06325349391257003
sector_factor_01,discovery,201702,0.03805752627878536,0.05991360883150871,0.41517394295976917,0.056759212186660926
sector_factor_01,discovery,201703,0.009844056770198862,0.008965710089693818,0.15632395117023853,-0.027357242297556008
sector_factor_01,discovery,201704,0.01951853146783568,-0.02988178612188979,0.1873830764822103,0.05794149139622565
sector_factor_01,discovery,201705,0.012885900805001255,-0.004130625105899526,0.1621297574159747,0.020205805414836867
sector_factor_01,discovery,201706,-0.004965818128795116,0.01648813780924353,0.024557787546112878,-0.10769658277902418
sector_factor_01,discovery,201707,0.0072308505302507405,0.002323491919724758,0.12306752218986611,0.054110429642259344
sector_factor_01,discovery,201708,-0.006888429896136991,0.023169292621162678,0.06154696318316034,-0.12423710266726451
sector_factor_01,discovery,201709,0.015728125468255538,0.02037028517425781,0.13789606217729172,0.04193098705636468
sector_factor_01,discovery,201710,0.013353895946032581,0.0037874454306267365,0.14269753119134104,0.16545969931681312
sector_factor_01,discovery,201711,-0.00016630075443465733,-0.0333080697931688,0.15714464094365377,0.007069804226843794
sector_factor_01,discovery,201712,-0.0013615593825579448,0.006152491000258513,0.07637215206896082,-0.01036404855522005
sector_factor_01,discovery,201801,0.004067832707875808,-0.05566068608895876,0.061320266573904436,0.12115068301098128
sector_factor_01,discovery,201802,-0.01832390606678786,0.03877475320410061,0.01094044578268779,-0.1220485404670059
sector_factor_01,discovery,201803,0.012084306653678987,0.016408433499534362,0.15330975400861072,0.19047817728389002
sector_factor_01,discovery,201804,0.0161448796259377,0.009374469667737785,0.14812293615127173,0.13266765648378548
sector_factor_01,discovery,201805,0.012745514778056301,-0.0059823093939485265,0.13396321134842348,0.08059796438376925
sector_factor_01,discovery,201806,0.009160893773970474,-0.04939592758426443,0.08860615358389326,0.09684631488156732
sector_factor_01,discovery,201807,0.001080862182432975,-0.009746810199629346,0.08602460340121064,-0.01294226756032346
sector_factor_01,discovery,201808,-0.004250787221417381,-0.023124511752330757,0.05316150730326345,-0.0223370741397973
sector_factor_01,discovery,201809,-0.0026881442325405024,-0.055163503656359886,0.06932014562979427,-0.07057971056550268
sector_factor_01,discovery,201810,-0.00935588416022073,0.02351497337254437,0.06272121962459085,-0.16214161527787851
sector_factor_01,discovery,201811,-0.009813388228866194,0.0015048755316952752,0.07006179385017251,-0.07390612872320618
sector_factor_01,discovery,201812,0.009031567520377117,-0.005537670028279536,0.1297401574691019,0.10932047983794838
sector_factor_01,discovery,201901,0.002290421499437142,0.025694504166527955,0.08986340784366262,-0.026500006694359424
sector_factor_01,discovery,201902,-0.015620438214450331,0.10379296845756471,0.037820259219959414,-0.1254818902530349
sector_factor_01,discovery,201903,-0.01196674709200585,0.03320849319972608,0.021761893973705294,-0.06683614660186549
sector_factor_01,discovery,201904,-0.0026626129811607234,-0.06425570793217047,0.01848266493850617,-0.026633311450602777
sector_factor_01,discovery,201905,-0.008895354907763232,-0.01764938348671421,0.012626378169639754,-0.0353587185364777
sector_factor_01,discovery,201906,-0.00811661809679193,0.010411671527330519,0.06296717146608315,-0.06441659989868398
sector_factor_01,discovery,201907,0.00016292934142368378,-0.02893861050188602,0.028690782322319856,0.010399303032378116
sector_factor_01,discovery,201908,-0.007003604451947017,0.036873909150282005,0.05932696509525699,0.05465766950505857
sector_factor_01,discovery,201909,-0.0013601433598304834,-0.013624573698907624,0.047694383516774554,-0.0032273626372050224
sector_factor_01,discovery,201910,0.008028695680975629,-0.00402400241493726,0.07112210458524854,0.12905372054130831
sector_factor_01,discovery,201911,-0.0035244767407109473,-0.0021240675136574446,0.061139636949714075,-0.06901498200825407
sector_factor_01,discovery,201912,0.006004917972202042,0.05176650840982223,0.08636510711594152,0.12264676554951238
sector_factor_01,discovery,202001,0.011194312838456703,-0.03672083932425494,0.09149028884396652,0.13585821347444282
sector_factor_01,discovery,202002,0.0260856014078212,0.07527721369100618,0.13867485012831976,0.037329359686930574
sector_factor_01,discovery,202003,-0.0073140119516477455,-0.03190143309978091,0.027589964701428816,-0.03247260792644521
sector_factor_01,discovery,202004,0.022281944045899473,0.03261659302571345,0.08524613287273272,0.14520506811889156
sector_factor_01,discovery,202005,0.009090708609101104,0.027210209487950325,0.07375900326356212,0.015855319943738046
sector_factor_01,discovery,202006,0.020331028878388807,0.08306924218239146,0.11870989475485072,0.0007352174225117181
sector_factor_01,discovery,202007,0.01039163737217401,0.03921980784785852,0.10448203587982467,-0.0064396708010584286
sector_factor_01,discovery,202008,-0.0042326739192910705,-0.00800197318064983,0.019781511664745687,0.0005031318886279094
sector_factor_01,discovery,202009,0.0011929483695639982,-0.001867618040350035,0.03102669920286649,0.05996399387487245
sector_factor_01,discovery,202010,0.00019661058056200077,-0.01056934536572953,0.10709457436209725,0.022389682632534352
sector_factor_01,discovery,202011,0.008774116022417898,0.012548105373363276,0.10299879763876126,-0.02982752860646274
sector_factor_01,discovery,202012,0.025219016340788825,0.002124084476077848,0.06882792210664167,0.2520157307017087
sector_factor_01,discovery,202101,-0.00448783824647518,-0.023653846110391896,0.09179350061659097,-0.0376874308707056
sector_factor_01,discovery,202102,-0.022587290273943177,0.010517933949110252,0.02692638308136117,-0.08641020199861894
sector_factor_01,discovery,202103,0.008587798794353691,0.016553505783636152,0.0721224036727361,0.04207991151473734
sector_factor_01,discovery,202104,-0.00014352491944554305,0.00627068974555143,0.036463447235240094,0.03944963304147334
sector_factor_01,discovery,202105,-0.003166521592647049,0.02877024252278109,0.06498988398002606,0.0014131291994145304
sector_factor_01,discovery,202106,0.012699919236167216,0.02424334797361293,0.047855296536296534,0.2042484213083108
sector_factor_01,discovery,202107,0.04424266495865456,0.05459954222030567,0.1617068007366755,0.236014590879319
sector_factor_01,discovery,202108,0.019065366485352023,0.04648037456155924,0.09148285685342096,0.032069031372632145
sector_factor_01,discovery,202109,-0.019402382587480813,-0.03759654194000177,0.020216606560997656,-0.12173716623171893
sector_factor_01,discovery,202110,-0.009822105514396669,-0.012726436072625802,0.04115546826896437,-0.015513539893909469
sector_factor_01,discovery,202111,-0.0110341472496522,0.02058592699640113,0.017907857861482693,-0.07073353263782269
sector_factor_01,discovery,202112,-0.007174771977282851,0.005854828117045817,0.011892990032192284,0.0028196954623907478
sector_factor_01,discovery,202201,0.00047177797515997186,-0.03212762379017046,0.03573404874432355,0.053548024280823635
sector_factor_01,discovery,202202,-0.0015601281173925961,-0.006364502734959388,0.04592666778428233,0.04543183491001454
sector_factor_01,discovery,202203,0.013109803334049867,-0.010438343955193767,0.07064759988530475,0.09491810038621716
sector_factor_01,discovery,202204,0.007743076245053685,-0.03599952074000612,0.07273238406276077,-0.07538671166772652
sector_factor_01,discovery,202205,-0.0022776107375723146,0.04424792482137778,0.05152266299139439,0.052267452018175654
sector_factor_01,discovery,202206,0.007403398805672555,0.02825255241962926,0.07650586905598565,0.019708856826564522
sector_factor_01,discovery,202207,0.004522870355560503,0.015608754506306848,0.07710051025248267,0.08555568258807625
sector_factor_01,discovery,202208,-0.00402025221178943,-0.005828892090927263,0.03569338176630433,-0.16307153649960418
sector_factor_01,discovery,202209,0.0010523763446408801,-0.03127899410970886,0.044606553385919935,-0.007256193886143605
sector_factor_01,discovery,202210,-0.014424252726122216,0.018281140459657765,0.08400771714902083,-0.06605809625322563
sector_factor_01,discovery,202211,0.009653658487508748,0.026884631156810265,0.06523578836862,0.028232272380233916
sector_factor_01,discovery,202212,0.005339985585734797,-0.003365269304644739,0.04756350631965593,0.051462133670501814
sector_factor_01,discovery,202301,-0.023304704322448674,0.021488303049409296,0.01140155805436171,-0.096257260415922
sector_factor_01,discovery,202302,-0.0005709120669157279,0.0004026148378397921,0.012222513024661163,0.04897869635704123
sector_factor_01,discovery,202303,0.014297486647745024,0.01608836857719681,0.09718811903041895,0.1383584461449737
sector_factor_01,discovery,202304,0.0035670963599299284,-0.016898373831850222,0.08736406947360834,-0.10776362447678153
sector_factor_01,discovery,202305,-4.4440688421684e-05,0.00524615369111416,0.06965521731058158,-0.05293969385760513
sector_factor_01,discovery,202306,0.004678422401858289,0.013841407140280353,0.10149832589618346,-0.09543824659273084
sector_factor_01,discovery,202307,-0.005291872018343394,-0.006897406665285373,0.031726800146030076,-0.06719354140793041
sector_factor_01,discovery,202308,-0.0070296995030962785,-0.016643754669981404,0.014831864614119445,-0.06487917983586601
sector_factor_01,discovery,202309,0.009039721480489227,-0.003411601370899006,0.06107230636042603,0.09728631557391369
sector_factor_01,discovery,202310,0.004424869806238866,0.021158660847611505,0.041906737638568524,0.13442349795698913
sector_factor_01,discovery,202311,0.009124818164188649,0.016214873708139007,0.04020717498586292,0.15279680660720107
sector_factor_01,discovery,202312,0.01217068779434085,-0.005417995303044639,0.0775787956088041,-0.08697397343369807
sector_factor_01,validation,202401,0.00023942924245051576,-0.09380820391273698,0.023772132837798422,-0.052518517792786164
sector_factor_01,validation,202402,-0.054553911305833674,0.04206009085314387,0.0007221902758589356,-0.33382927845697546
sector_factor_01,validation,202403,-0.00938228229760187,-0.006696767358031745,0.04256227494396381,-0.10363340509016056
sector_factor_01,validation,202404,0.006816627299895653,0.016368709411763122,0.05097216497621524,0.039220098003121664
sector_factor_01,validation,202405,0.002280719440864273,-0.03575363927287981,0.02788501374434385,0.05471186637683413
sector_factor_01,validation,202406,-0.000676717167827261,-0.025120658137357647,0.05028266917652699,0.00650490921568041
sector_factor_01,validation,202407,0.002668743873570072,0.003415837935197329,0.01966373807126665,0.010353207315821086
sector_factor_01,validation,202408,0.00012143301436974524,-0.014459253375190944,0.030104858370427503,-0.07668986257914742
sector_factor_01,validation,202409,-0.01725142366090009,0.11369232658149772,0.009739232314092926,0.029373840935205186
sector_factor_01,validation,202410,-0.0002962842559885903,0.07348801519514786,0.04087711993550183,0.08913390969020503
sector_factor_01,validation,202411,0.010889956743937982,0.03137245179792184,0.0867313662313783,0.09248823988973709
sector_factor_01,validation,202412,-0.00846210534839808,-0.061703411953885734,0.05067779838204855,-0.12228861701912473
sector_factor_01,validation,202501,-0.01822198520692484,0.0260237642149352,0.020554595857343344,0.062211892936077616
sector_factor_01,validation,202502,-0.003543788244498466,0.021054913522170357,0.06024165856788398,0.06181300550404735
sector_factor_01,validation,202503,-0.005789392126252709,-0.0407891397760804,0.021905700012873237,-0.12086638658268753
sector_factor_01,validation,202504,-0.015222896697359085,0.017901919186780496,0.029570633816880933,-0.15061848062135713
sector_factor_01,validation,202505,0.009417822741299152,0.0231815146528549,0.08516302928449575,0.08345177606075903
sector_factor_01,validation,202506,-0.005628498384387998,0.014750467867124825,0.022331435642883295,-0.027023710600918203
sector_factor_01,validation,202507,0.004782610847570402,0.0318454754035844,0.07839187408225204,0.13082021720660206
sector_factor_01,validation,202508,-0.0033589058356402017,0.01979965843825734,0.030722014797109353,-0.058210859810399876
sector_factor_01,validation,202509,0.011947331031487192,0.014466038910904899,0.11513555796152203,0.050487179579405114
sector_factor_01,validation,202510,0.010864404982082966,0.031407193778603175,0.11155105614429335,0.140573186627636
sector_factor_01,validation,202511,-0.0026445225164525494,-0.012072177820227807,0.040602167957932936,-0.01545772391934384
sector_factor_01,validation,202512,-0.013023554684645557,0.019700451603009993,0.01409226014050579,0.004328783996379438
sector_factor_01,observation,202601,0.0033283495654746384,0.014637594125510986,0.06133124375193057,-0.008153535223274024
sector_factor_01,observation,202602,0.03616853958236964,0.037476994092243594,0.11405413596875176,0.34156348325922614
sector_factor_01,observation,202603,-0.0017345072279433737,-0.024211774681514888,0.10006727128943993,-0.06298845040678526
sector_factor_01,observation,202604,0.030569350991420725,0.05932230858944379,0.1502349920990109,0.15823676291370217
sector_factor_01,observation,202605,0.041886268593915636,0.0044596602840881235,0.21659261247540826,0.2684954149305955
sector_factor_02,discovery,201501,-0.0038919226380407733,-0.009096004371531309,0.013147535753122509,-0.10222185689339486
sector_factor_02,discovery,201502,-0.004568544432970625,0.07679358444380341,0.027570578177138604,-0.07660552670824261
sector_factor_02,discovery,201503,-0.010594929920364538,0.1099593743501993,0.014073600556320153,-0.13706320652967688
sector_factor_02,discovery,201504,-0.002082254348766453,0.058469689213961826,0.07283092879317286,-0.06122691123648532
sector_factor_02,discovery,201505,0.03840149834864476,0.23723906869359782,0.07947202666776854,0.3312914515861761
sector_factor_02,discovery,201506,0.01084758628389969,-0.17437524785442898,0.09318689418031914,0.15720529586361423
sector_factor_02,discovery,201507,-0.0071948859069052365,0.09208964449555977,0.045142581637606954,-0.03342236664905509
sector_factor_02,discovery,201508,-0.00013831584120993138,-0.12873180410658408,0.04626512002209503,0.023710881032655264
sector_factor_02,discovery,201509,0.01695652551583487,0.10278197979729158,0.10869105184558223,0.23736631948994505
sector_factor_02,discovery,201510,-0.0035562601111949854,0.07557329643682084,0.030944276074080894,-0.09129410777403205
sector_factor_02,discovery,201511,0.00046936912657074913,0.02453538545644603,0.08739241059968228,-0.02366163980782137
sector_factor_02,discovery,201512,-0.003975971699064233,-0.06416335159801352,0.02658657793209084,0.04018029249516114
sector_factor_02,discovery,201601,-0.0018859472827386196,-0.04224115930963308,0.07178540119454743,0.0029234344507651664
sector_factor_02,discovery,201602,0.0019127551799458494,-0.010748997024529673,0.045672075002159425,0.007687844777668906
sector_factor_02,discovery,201603,-0.00589230925774447,0.06382511776262065,0.033083300309824495,-0.12347958748005382
sector_factor_02,discovery,201604,0.003996664797556722,-0.026095664311724248,0.06714219690938586,0.07088646296915313
sector_factor_02,discovery,201605,-0.00037021178724257545,0.014518267848706317,0.04999912231446424,0.11262213962613292
sector_factor_02,discovery,201606,0.0007407265090169989,0.04145223757834174,0.04438090061492701,-0.0356472635830887
sector_factor_02,discovery,201607,0.004250924779593874,-0.006695071188732983,0.0731539240931509,0.1147138437812874
sector_factor_02,discovery,201608,0.0032599609301545212,0.02113180382499274,0.11749504461235474,0.021154383542128407
sector_factor_02,discovery,201609,0.0025602406919921317,0.014943319331214297,0.07578408074021593,0.026153570972924978
sector_factor_02,discovery,201610,0.006634468134620498,0.020892727557611578,0.11268254798154212,0.011586863053603914
sector_factor_02,discovery,201611,0.00485381230514127,-0.0014533008570321144,0.08962465142311403,-0.0037699049332692233
sector_factor_02,discovery,201612,0.003042724725541335,-0.006953797182491556,0.07422917756166204,0.04506553197011843
sector_factor_02,discovery,201701,0.017197078101918423,0.018044698109022445,0.10425519495837049,0.08841778738600803
sector_factor_02,discovery,201702,0.014315909844797518,0.039886751585880925,0.13280065917181103,0.0014228420105267968
sector_factor_02,discovery,201703,0.01322929319096694,0.01233262966548943,0.0698191493010772,0.1341230389899274
sector_factor_02,discovery,201704,0.011225857667269112,-0.03826790262359686,0.1110615167051005,0.08352859568679719
sector_factor_02,discovery,201705,0.0019440082983457577,-0.014995375914731995,0.08150697054014369,0.014603907857379056
sector_factor_02,discovery,201706,0.009666903390135885,0.03112085932817453,0.10216212555926729,0.11315242435704213
sector_factor_02,discovery,201707,0.0006524402448507338,-0.004352618917203341,0.033774275930426104,0.09185529100577793
sector_factor_02,discovery,201708,-0.003230230987506711,0.02695527935423382,0.03684390797074428,0.06284199937983326
sector_factor_02,discovery,201709,0.0024177842471392054,0.006977930851696458,0.04561084680843841,0.025246389606390474
sector_factor_02,discovery,201710,0.006879074593169345,-0.0028091172451454706,0.050065626547652266,0.03711707816781784
sector_factor_02,discovery,201711,0.0024342442371044536,-0.03072356691171246,0.05620521694903468,0.06382479502364685
sector_factor_02,discovery,201712,-2.192621164285006e-05,0.007164889241297108,0.028354851161249712,-0.021919629822955193
sector_factor_02,discovery,201801,0.006814682041096241,-0.052805206168928136,0.06052065187436009,0.12909100166947127
sector_factor_02,discovery,201802,0.009452058102722937,0.06629667633756374,0.07588320643729145,0.26001902105394603
sector_factor_02,discovery,201803,-0.0036026885498713856,0.0006962412944465704,0.04685037972687842,0.047176931314081454
sector_factor_02,discovery,201804,-0.006597717940253647,-0.013562840164781341,0.030995166977513144,-0.08080103112934013
sector_factor_02,discovery,201805,0.001662367986116975,-0.016998173199879767,0.02413176250805674,0.04318206436886999
sector_factor_02,discovery,201806,0.013080359717958396,-0.045436841895898396,0.11157387311668328,0.08205364875341206
sector_factor_02,discovery,201807,0.00032742092473331735,-0.010547730070108875,0.020909111639237168,0.09310775669658632
sector_factor_02,discovery,201808,-0.001591428512210808,-0.020465153043124188,0.025352589782879516,0.04181153966661955
sector_factor_02,discovery,201809,0.0017344697343720304,-0.0507609175847105,0.05372151882388566,0.0951925304648594
sector_factor_02,discovery,201810,0.0036457994267309743,0.03656788675062773,0.058438096856717886,-0.019625564113930488
sector_factor_02,discovery,201811,0.0021218872781980885,0.013440151038759557,0.030702916106164248,0.030702714819834446
sector_factor_02,discovery,201812,-0.004399107557628293,-0.019303628181805834,0.03219246653646508,-0.06998497924231104
sector_factor_02,discovery,201901,-0.005693228699280711,0.018097992243499242,0.012279990419478944,-0.04968016634631366
sector_factor_02,discovery,201902,0.005654697110817578,0.12506810378283262,0.029433372490241343,0.13695647970332772
sector_factor_02,discovery,201903,-0.004830548894986986,0.04012580612768596,0.045699438702133915,-0.025326328071984712
sector_factor_02,discovery,201904,-0.0065423432467962075,-0.0681900985102402,0.03147428061471981,-0.11620494690056205
sector_factor_02,discovery,201905,0.005930407633042868,-0.0028634418173169255,0.04122453109672804,0.06326909568240406
sector_factor_02,discovery,201906,-0.001450492336437412,0.017078229510087497,0.020009261796444286,-0.02616995036259064
sector_factor_02,discovery,201907,-0.0056611659079172025,-0.03476762095992656,0.028758895139566965,-0.006608976878803404
sector_factor_02,discovery,201908,-0.0029759645723612294,0.041015908270227636,0.00903281867160484,-0.00041091095876016133
sector_factor_02,discovery,201909,-0.0025726082002864976,-0.014861250754765933,0.03336247514903398,-0.042752442083436405
sector_factor_02,discovery,201910,-0.00041726179443060007,-0.012310097729722556,0.026120653082050194,-0.01986661631768666
sector_factor_02,discovery,201911,-0.0006953103072552791,0.0007256835463478979,0.04799851423766562,-0.01804778868206654
sector_factor_02,discovery,201912,-0.0038569898084419973,0.041904600629178196,0.021550733381414725,-0.0747212395990663
sector_factor_02,discovery,202001,0.017856019184995305,-0.030041994318935394,0.07544712618903503,0.08879613600965482
sector_factor_02,discovery,202002,-0.012213680031619076,0.03688800905249082,0.028423138062924104,-0.06108039509880302
sector_factor_02,discovery,202003,0.009964808717217754,-0.014798888619522832,0.05637805621057352,0.06906584672400833
sector_factor_02,discovery,202004,0.0027664318115788304,0.01312810257589999,0.07752289191316633,0.017017522856818918
sector_factor_02,discovery,202005,0.003016948251394816,0.02127485647829922,0.04070034775289061,0.03026543419670694
sector_factor_02,discovery,202006,0.005118526852724757,0.0680505042715231,0.059312353561285634,0.06246869154646182
sector_factor_02,discovery,202007,0.0034679430533060625,0.0322751512644691,0.026553345602420078,0.0435525801723779
sector_factor_02,discovery,202008,-0.001509427587582635,-0.005353880795571188,0.05351727834833688,-0.05646598523081773
sector_factor_02,discovery,202009,-0.004339428616142774,-0.007342892301940909,0.022650056635241174,-0.07998733979948179
sector_factor_02,discovery,202010,0.006168435596918662,-0.004582592497899895,0.03651995322618007,0.041650600329521024
sector_factor_02,discovery,202011,0.0041036756754011154,0.007855193937506383,0.029042829952313647,0.09010778779115554
sector_factor_02,discovery,202012,0.007120510676185212,-0.016046856547219924,0.04575258984046429,0.015684213919159595
sector_factor_02,discovery,202101,-0.002005488825911966,-0.021173382601773483,0.04100239550251071,0.028339286398223675
sector_factor_02,discovery,202102,-0.003961138340016696,0.029036394537542944,0.04471602271463556,0.07978825890235171
sector_factor_02,discovery,202103,0.002283366921195374,0.010172998976589081,0.043276368616004195,-0.00297665895178703
sector_factor_02,discovery,202104,0.002078727280745141,0.008443810771028178,0.04383475090217768,0.08393321992746403
sector_factor_02,discovery,202105,-0.0001570290925630767,0.03182558181142667,0.025252682037681048,-0.058870404242465195
sector_factor_02,discovery,202106,-0.0024318287113425235,0.009249582353021694,0.020156163155576702,0.030418624181585977
sector_factor_02,discovery,202107,0.003564018385772816,0.014043036621561356,0.04084452468888125,0.04186320935355667
sector_factor_02,discovery,202108,0.0038000206390867318,0.03120185984695457,0.02644937662661245,0.11786098708528557
sector_factor_02,discovery,202109,-0.008218187420432083,-0.026481417344475632,0.019927862390280555,0.08304804552229696
sector_factor_02,discovery,202110,-0.004338158074450992,-0.006596755760256201,0.01424272735145316,0.018620823331212573
sector_factor_02,discovery,202111,0.007443639232243626,0.03905281700572232,0.04169785384094364,0.0706577925563127
sector_factor_02,discovery,202112,0.008368055892860092,0.02129843844197002,0.02522498826305983,0.17251449434709934
sector_factor_02,discovery,202201,-0.009995705804854494,-0.042729998444893245,0.04015277501151273,-0.10688345396328923
sector_factor_02,discovery,202202,0.002095270283051872,-0.002728764277344454,0.028511886768538802,0.008856555029329992
sector_factor_02,discovery,202203,0.01079926206732079,-0.012715165380707376,0.054215324565604024,0.13919912311257784
sector_factor_02,discovery,202204,0.012840796962134079,-0.0310576916967923,0.0705156291653211,0.15040796167222
sector_factor_02,discovery,202205,-0.0049680748386433955,0.041433598383216454,0.019400449972121085,0.016709833829219173
sector_factor_02,discovery,202206,-0.011757886056767902,0.009081863502727909,0.010649327066699108,-0.05464251411896275
sector_factor_02,discovery,202207,0.00469134662456226,0.015952815385008718,0.047925589540375846,0.07592863340155785
sector_factor_02,discovery,202208,0.004447794015028838,0.002567701063589599,0.04551785369603991,0.13602975319075988
sector_factor_02,discovery,202209,-0.0020366354135111665,-0.03437344850944577,0.03835209793957864,-0.04679243551499176
sector_factor_02,discovery,202210,0.006268856308585615,0.03902575262291066,0.026626222555394746,0.14769111606329918
sector_factor_02,discovery,202211,-0.00017961851627656025,0.017018023119519717,0.03744358141204782,0.026956916724562376
sector_factor_02,discovery,202212,0.008514116582312641,-0.00018323330801980455,0.09778052360097077,0.02624680119778432
sector_factor_02,discovery,202301,0.0008940030646485612,0.04564888197619439,0.013647100421760691,0.051488907144073975
sector_factor_02,discovery,202302,-0.0019077941280923126,-0.0009375319752143695,0.021268325987608278,-0.058141722043117516
sector_factor_02,discovery,202303,0.013744948473499897,0.015710488622062257,0.047946046173494385,0.15326292801293873
sector_factor_02,discovery,202304,0.005078069267744679,-0.015423813446939582,0.0560197847232504,0.11146671753243569
sector_factor_02,discovery,202305,-0.0015407447633700414,0.0039548346078663605,0.01278989944015466,-0.042686883797697694
sector_factor_02,discovery,202306,0.0030784993522762457,0.012168764486414147,0.028762240595148064,-0.03396173131653115
sector_factor_02,discovery,202307,0.009998554206737644,0.008333528163278797,0.030021147123893095,0.2549427968302566
sector_factor_02,discovery,202308,-0.008265161798292403,-0.017871027936369344,0.023210414650182115,-0.09548144660799832
sector_factor_02,discovery,202309,-0.006035922427386306,-0.018375280395848674,0.0037820636432090125,-0.1837713226490686
sector_factor_02,discovery,202310,-0.0109055321351533,0.005845395075705122,0.018889438380112943,-0.28822325172669594
sector_factor_02,discovery,202311,-0.0003243452764359557,0.0067949513769814405,0.027354121951949265,-0.08658624852499196
sector_factor_02,discovery,202312,-0.0025320810445683254,-0.020162917550485524,0.023719825012595386,-0.04405650142474459
sector_factor_02,validation,202401,0.006706281184979321,-0.08736189932149666,0.06852993779748308,0.14542197368382512
sector_factor_02,validation,202402,-0.0034703002647931643,0.0932637649793954,0.0062733538892205025,0.15634893765623936
sector_factor_02,validation,202403,0.0023363293754735366,0.005089510679924084,0.018037796448513627,0.21134163240209075
sector_factor_02,validation,202404,-0.005900004988176251,0.00366887991935073,0.012179892843902515,-0.10997288037159499
sector_factor_02,validation,202405,-0.005083660919356764,-0.04312919921136199,0.029835805466855846,-0.0918053883537963
sector_factor_02,validation,202406,-0.0009316552994892963,-0.0254090124550107,0.026143949093622047,0.04739378492178019
sector_factor_02,validation,202407,-0.0062387330569570465,-0.005902824927761685,0.02664391314858815,-0.13499339199339108
sector_factor_02,validation,202408,-0.000830219370243,-0.015692210785742976,0.03157673775273326,-0.0295365590896513
sector_factor_02,validation,202409,-0.017758608462304367,0.11120484030168307,0.030767170322002397,-0.10509679078271772
sector_factor_02,validation,202410,0.006105820396069567,0.07557324575156801,0.053673414944439585,0.00629903006649073
sector_factor_02,validation,202411,0.0015061509378532412,0.02198247561225019,0.03589240246640244,-0.03336250106852555
sector_factor_02,validation,202412,-0.002695259786992095,-0.055939305732185446,0.04468879883147158,0.022373813231959888
sector_factor_02,validation,202501,0.007955219158536335,0.05221081248592882,0.02715049461792838,0.09977853012782215
sector_factor_02,validation,202502,0.002324733744743983,0.026910268845191845,0.030934694442066653,0.062430393344433344
sector_factor_02,validation,202503,0.01994352681996267,-0.015093772524588054,0.03424528342389127,0.32396853595622144
sector_factor_02,validation,202504,-0.0062999981347893474,0.026823727593485575,0.020186522965172538,0.02078890077280091
sector_factor_02,validation,202505,0.0011405292976854515,0.014892914325862781,0.021049692474907986,-0.07863070913481236
sector_factor_02,validation,202506,-0.00010663014581317196,0.020272336105699652,0.031053819318931343,0.005759364312204192
sector_factor_02,validation,202507,-0.004676192956728702,0.02239181220249283,0.026407112953985665,-0.011874300329847227
sector_factor_02,validation,202508,0.0035085301292268898,0.02665122997854529,0.030471414020975862,0.10031660610845523
sector_factor_02,validation,202509,-0.002911140563603674,-0.0003924326841859676,0.02596112544370568,-0.20793543224660666
sector_factor_02,validation,202510,-0.0015330628597358524,0.019009725936784353,0.013173099847186426,-0.18191041880862507
sector_factor_02,validation,202511,-0.0001333064035810354,-0.009560021101788153,0.03755160269486533,-0.14864600216952656
sector_factor_02,validation,202512,-0.0008419113781249125,0.03188209490953064,0.020979494736979454,0.09561501143128145
sector_factor_02,observation,202601,-0.006082321347038603,0.005225543617216317,0.011365913227381235,-0.023832604127366742
sector_factor_02,observation,202602,-0.015948470473293733,-0.0146756240344465,0.0169031288641972,-0.19878949507531246
sector_factor_02,observation,202603,0.0028606851122766623,-0.019616966096906583,0.058356297613509356,-0.0036532252303196873
sector_factor_02,observation,202604,0.010143897772290354,0.03889685537031341,0.04571033880844197,0.12665179389813813
sector_factor_02,observation,202605,0.018853183707234884,-0.01857342460259263,0.06996616418576193,0.05223679201018002
sector_factor_03,discovery,201501,,,,
sector_factor_03,discovery,201502,0.013900163788811204,0.08447315264493227,0.05207637220503459,0.1828340048324021
sector_factor_03,discovery,201503,-0.008034101325483307,0.11257439428961581,0.014760932001482924,-0.09460751062439052
sector_factor_03,discovery,201504,-0.013620977754214262,0.046930965808514025,0.0306902738014431,-0.16849566039656105
sector_factor_03,discovery,201505,0.0240033592473347,0.22269430615240707,0.12113108984090308,0.21868197902580508
sector_factor_03,discovery,201506,0.009589206454571505,-0.17600598738465037,0.08663718260722805,0.12380359038775866
sector_factor_03,discovery,201507,-0.0030391869532836653,0.09624534344918134,0.04416349547524696,-0.08250494699146789
sector_factor_03,discovery,201508,0.0010299536016368483,-0.12756590244548752,0.05652014571595917,0.11049304821287687
sector_factor_03,discovery,201509,0.010495841886013154,0.09654088332608808,0.052431197421920726,0.1728382465676072
sector_factor_03,discovery,201510,-0.0016880090423334164,0.0778215012376142,0.03574279767292715,0.05972169580739998
sector_factor_03,discovery,201511,0.005229962922297614,0.029361228215289192,0.08507874056619813,0.06438375132631168
sector_factor_03,discovery,201512,0.00423703363549228,-0.05561338317005246,0.07030528276009351,0.02585965101278673
sector_factor_03,discovery,201601,-0.006730273781179892,-0.04697023148764856,0.04762846548327314,-0.08095934855350466
sector_factor_03,discovery,201602,-0.002485899622824742,-0.014985706434799795,0.03151000268845229,-0.06961207167130873
sector_factor_03,discovery,201603,-0.008535187922248643,0.061142095958538166,0.045404425468945235,-0.17492351566594164
sector_factor_03,discovery,201604,0.0026768342245797635,-0.02717410395795014,0.05807720367645432,-0.040515190914357194
sector_factor_03,discovery,201605,0.002254292923796774,0.017135963060372024,0.04471606745863664,0.11844290244527962
sector_factor_03,discovery,201606,0.00014244042419683835,0.040873591049057724,0.024046347389893166,0.09939682944035129
sector_factor_03,discovery,201607,0.006246711467041787,-0.004699284501285071,0.08008176385512328,0.22473280417868052
sector_factor_03,discovery,201608,0.0027228502654435827,0.0205946931602818,0.058551989248689706,0.04553446638013769
sector_factor_03,discovery,201609,0.0008374350562286254,0.013220513695450792,0.08743556682438972,-0.02223628272515387
sector_factor_03,discovery,201610,0.0019153289368940344,0.016173588359885117,0.051468823016993126,0.07450452736054208
sector_factor_03,discovery,201611,0.002884218810247545,-0.0033986526899752786,0.05896495878479415,0.012135225532092534
sector_factor_03,discovery,201612,-0.0012854618641419747,-0.01131868566193258,0.05715220766777948,-0.0024833356481682068
sector_factor_03,discovery,201701,0.005254866445283794,0.004844390393797463,0.05312940985673386,0.014326299620892269
sector_factor_03,discovery,201702,-0.0027155275817066253,0.018060697141037155,0.01937142741883813,0.08197274926321836
sector_factor_03,discovery,201703,0.013595742664571652,0.012717395984066612,0.06219638621648193,-0.013682670225203763
sector_factor_03,discovery,201704,0.012028346915744151,-0.03737559506407706,0.07533064702992293,0.012966899142312615
sector_factor_03,discovery,201705,-0.006468689466429624,-0.023466320701845688,0.03691060634296637,-0.1391750112628023
sector_factor_03,discovery,201706,0.0016713853580898703,0.023125341296128518,0.04241101970283482,0.0601093516423908
sector_factor_03,discovery,201707,0.021043314960286455,0.01613595634976047,0.09879737401279846,0.15425311799799293
sector_factor_03,discovery,201708,0.0005996701868379182,0.03057311430610476,0.052345305822540295,-0.01912039816297
sector_factor_03,discovery,201709,0.008897721803752283,0.013564825926455557,0.08064909313798554,0.008445415966511558
sector_factor_03,discovery,201710,0.0006320464800645106,-0.008908778864048037,0.027273028772159907,0.03372319175163545
sector_factor_03,discovery,201711,-0.0009894999251635868,-0.03412827046492814,0.035840332273269326,0.04449460059170223
sector_factor_03,discovery,201712,-0.001430392162036884,0.006040596972523071,0.03712952259011552,-0.0507612942987486
sector_factor_03,discovery,201801,0.0043607979057447175,-0.05534140645669057,0.025461654038291617,0.17144682181353532
sector_factor_03,discovery,201802,0.012933091078267832,0.07007611080460871,0.06332380603060629,0.2511517025609
sector_factor_03,discovery,201803,0.0037636913268435557,0.008077435610737831,0.03548229775686726,0.16397959015784916
sector_factor_03,discovery,201804,-0.005804942726727411,-0.012617901505695448,0.04471961901428488,-0.08470120997811326
sector_factor_03,discovery,201805,0.006518775318775136,-0.012208865541933019,0.03422882060326252,0.10512011482116236
sector_factor_03,discovery,201806,0.006123272751134673,-0.052435387004661604,0.060889520457711864,0.08178976807806179
sector_factor_03,discovery,201807,0.0017936018591625032,-0.009031553793134993,0.02295267696079558,0.05407960227933342
sector_factor_03,discovery,201808,-0.0033645405500999357,-0.022238265081013314,0.0333500687035926,-0.06479583042531888
sector_factor_03,discovery,201809,-0.0007779663345722218,-0.053253325758391604,0.03770210206864131,0.0221656729852565
sector_factor_03,discovery,201810,-0.004766752565154452,0.028106631300276304,0.03195016307069603,-0.11075814881516995
sector_factor_03,discovery,201811,0.0029817701200290205,0.01430003388059049,0.03720789867924527,0.06673098316841891
sector_factor_03,discovery,201812,0.0013144757153883756,-0.013254761833268274,0.0453238861584647,-0.04998159017183832
sector_factor_03,discovery,201901,-0.00614349482874807,0.017028529452826742,0.02448189187752277,-0.10389640807615667
sector_factor_03,discovery,201902,0.002256230479047447,0.12166963715106248,0.03401584644845832,-0.04409012888641469
sector_factor_03,discovery,201903,-0.00837441981518453,0.03680335215689238,0.016223652687237772,-0.0630005750427088
sector_factor_03,discovery,201904,-0.008174164954941048,-0.06976994101243604,0.03922927694812206,-0.12899416981696024
sector_factor_03,discovery,201905,0.0066231300905832,-0.002147356634377501,0.058305862013963095,0.05004100674577101
sector_factor_03,discovery,201906,-0.00475310524113077,0.013769779969114002,0.029639033541883086,-0.08796025905486016
sector_factor_03,discovery,201907,0.0024127219092797093,-0.02669887272058986,0.04660432644007331,-0.002355624437994612
sector_factor_03,discovery,201908,-0.0034686403052152977,0.040370972850128466,0.018948460471775116,-0.0013214839433587971
sector_factor_03,discovery,201909,-0.002418972102823348,-0.014683358491893159,0.03417555675300751,-0.0614472049297526
sector_factor_03,discovery,201910,-0.003032156088297205,-0.015084854184210093,0.032025737509883176,-0.011314353481842902
sector_factor_03,discovery,201911,-0.005274882596656722,-0.0038859046123217835,0.014449502309856805,-0.005676261933615261
sector_factor_03,discovery,201912,0.0009823328838096201,0.046743923321429806,0.03748542440902898,0.049713650449491234
sector_factor_03,discovery,202001,0.009336217827247131,-0.03857893433546451,0.0419737808124044,0.08422561644554058
sector_factor_03,discovery,202002,-0.01161272152569997,0.03751970821831492,0.025419383712712424,-0.03924071076074702
sector_factor_03,discovery,202003,0.015128800146201205,-0.009440912014410557,0.09243033741392158,0.19472265738648312
sector_factor_03,discovery,202004,-0.0010248401300096874,0.009314193634366218,0.021034758988117613,0.024449561292939816
sector_factor_03,discovery,202005,-0.0010654353361585257,0.017052202497466678,0.02578592553889384,0.04920739251887443
sector_factor_03,discovery,202006,0.0063825289688564215,0.06911012844895595,0.03311223131141111,-0.019584789454982987
sector_factor_03,discovery,202007,0.004030963727404135,0.032874536782923236,0.028190594830280212,0.06434071143713255
sector_factor_03,discovery,202008,-0.0008704516902036818,-0.0046063829329103185,0.06100745178693228,0.020023110239809797
sector_factor_03,discovery,202009,-0.0024334283434524085,-0.005473955240722717,0.04073581332372478,-0.05035255219412802
sector_factor_03,discovery,202010,-0.00419432997172013,-0.01502146848324628,0.02922401800337409,-0.08340091580336988
sector_factor_03,discovery,202011,0.004181275549764792,0.007965369881380217,0.03203588057368364,0.08616610380880468
sector_factor_03,discovery,202012,-0.0011792267711304692,-0.024239338850965516,0.032602839652386306,0.03314633121034658
sector_factor_03,discovery,202101,2.0667152805512767e-05,-0.0191453407111112,0.023925788908404473,-0.02540256376938401
sector_factor_03,discovery,202102,0.015144358900693029,0.04823568968160544,0.05300295618886313,0.15633584907026404
sector_factor_03,discovery,202103,0.003087306332518854,0.0110732172279234,0.03555606162191166,0.058676479174674896
sector_factor_03,discovery,202104,0.004513599015751301,0.010951288489602685,0.02674062314142674,0.1102373570036209
sector_factor_03,discovery,202105,-0.009094044510104255,0.02283590800038332,0.026745900488494397,-0.07074409902641778
sector_factor_03,discovery,202106,0.01061727507637518,0.022137467494654367,0.04787204749184213,0.16985739809912528
sector_factor_03,discovery,202107,0.008814571384570966,0.019140508345034588,0.045962237612624635,0.055189059444883726
sector_factor_03,discovery,202108,0.011592371886603408,0.039080730524702546,0.04201211671334288,0.14957760683141139
sector_factor_03,discovery,202109,-0.0006310861245289977,-0.01882495737983845,0.032643626043771676,0.09265988688819414
sector_factor_03,discovery,202110,0.003715034032317128,0.0008009755433704417,0.012152269169427111,0.16428705314343955
sector_factor_03,discovery,202111,0.005232739797407852,0.036813387935399074,0.027794175722284008,0.12191380962602806
sector_factor_03,discovery,202112,0.00672951490889728,0.019769497811174243,0.04952603158771728,0.13928394585810308
sector_factor_03,discovery,202201,-0.0035799535849530112,-0.03612276865016228,0.05649389335740708,-0.07334263400071481
sector_factor_03,discovery,202202,0.010816057561626671,0.005993108352231503,0.06264644084352691,0.11675793150634886
sector_factor_03,discovery,202203,0.014395373796569527,-0.009113893719673482,0.05715908659709686,0.07268461025831113
sector_factor_03,discovery,202204,0.0005794635772699209,-0.04308066419938481,0.044595856011836875,0.051780001303293244
sector_factor_03,discovery,202205,0.0009039274781664815,0.047476886992808436,0.009799004701268496,0.09160261580021785
sector_factor_03,discovery,202206,-0.008623174976475502,0.012241215433667614,0.018719019839927516,-0.09800316518280425
sector_factor_03,discovery,202207,0.0009554499011322351,0.01205827377742112,0.009981542651616743,-0.009966820860379613
sector_factor_03,discovery,202208,-0.0027130942620895993,-0.004460522537326893,0.012080133113519268,0.056591848265771266
sector_factor_03,discovery,202209,0.004402852561668645,-0.027912681763077023,0.06804447534058757,0.05850832874629488
sector_factor_03,discovery,202210,0.01368832879182717,0.04639609095493143,0.025818646223562662,0.22075806387043545
sector_factor_03,discovery,202211,0.007639153983773894,0.02486614396210908,0.03460582487841552,0.1365658407287129
sector_factor_03,discovery,202212,0.008102209490657632,-0.0006398960948321147,0.07468344718555493,0.07102314328492172
sector_factor_03,discovery,202301,0.00235562308047569,0.047135904474998824,0.031694295155712746,0.1869661464104097
sector_factor_03,discovery,202302,-0.0032108329773286475,-0.0022216677573669587,0.014827928570208797,0.0023456083916282002
sector_factor_03,discovery,202303,0.0030568286177393646,0.004781292192780276,0.031996200649936635,0.05237967955240717
sector_factor_03,discovery,202304,0.010029219892944677,-0.010381535255797452,0.04144619326621437,-0.06808818462837478
sector_factor_03,discovery,202305,-0.0017078352100140582,0.0035358448213082734,0.017352034510721207,-0.16768806032995479
sector_factor_03,discovery,202306,-0.008387597610953739,0.0007736272047259265,0.04208990215692584,-0.12174438202191953
sector_factor_03,discovery,202307,0.008528473940475623,0.006958458920590125,0.0348731215998442,0.22366861360673074
sector_factor_03,discovery,202308,-0.0009351910788367189,-0.010549246245721842,0.03561116925422712,0.028659370942348075
sector_factor_03,discovery,202309,-0.008432564331604752,-0.020924470821919387,0.01182830600098474,-0.13676614937737325
sector_factor_03,discovery,202310,-0.00810068256422145,0.008607269589736139,0.0222320909534841,-0.07311100215214456
sector_factor_03,discovery,202311,0.0016967250257543358,0.008765464390539405,0.029226657190056102,0.06448150500533746
sector_factor_03,discovery,202312,-0.004544415637235067,-0.022096482433733484,0.02709460806413907,-0.035963018655318695
sector_factor_03,validation,202401,0.013699194032769703,-0.08032663997305049,0.04649929524395812,0.08675120355237108
sector_factor_03,validation,202402,0.012771219514523919,0.1093441908059079,0.020261464174469945,0.19785765938393063
sector_factor_03,validation,202403,0.005744089432871603,0.008390576591634835,0.024789245306434136,0.19247661613785758
sector_factor_03,validation,202404,-0.008376122069057986,0.0011785625395714311,0.02338662710939541,-0.09262575517682127
sector_factor_03,validation,202405,-0.004001095642155887,-0.0420525266592449,0.051097491921017216,-0.2289653949934119
sector_factor_03,validation,202406,0.003098527191593664,-0.021346362153876964,0.04174802224703265,0.05482459548083449
sector_factor_03,validation,202407,-0.0037304273176602073,-0.0029970716638870174,0.04802936323796819,-0.11536451341886132
sector_factor_03,validation,202408,-0.005457291168750691,-0.01994628038208413,0.016307766253319908,-0.12785810292718072
sector_factor_03,validation,202409,-0.002971719627774365,0.12795009777672883,0.03251076591019847,-0.06890136922051066
sector_factor_03,validation,202410,-0.017249543103810903,0.05761201762620152,0.0040357975766083624,-0.10989906134646354
sector_factor_03,validation,202411,-0.007938822858339115,0.012548391368251205,0.01836617883099186,-0.000722815950968469
sector_factor_03,validation,202412,-0.003694412260321106,-0.05692907566871409,0.053645149165118665,-0.008570459064037715
sector_factor_03,validation,202501,-0.003625004375538159,0.040606091941784446,0.014753598474812921,0.019796255098221197
sector_factor_03,validation,202502,0.0004211854966689437,0.025019375297011315,0.020502700675833516,-0.0022415838839062604
sector_factor_03,validation,202503,0.0068893812329154725,-0.028083016412711007,0.0336069020495168,0.35649586512924153
sector_factor_03,validation,202504,-0.009318542648455141,0.023806273235684437,0.010089656037415209,-0.08222383866349171
sector_factor_03,validation,202505,-0.0005864387931393024,0.013178332285985417,0.04905656396073438,-0.12258522379540837
sector_factor_03,validation,202506,-0.0028106148610031897,0.017568351390509634,0.026701337424342823,-0.09046173802402306
sector_factor_03,validation,202507,-0.006479823728156564,0.020583040827857432,0.016505656614667828,-0.09114318989190777
sector_factor_03,validation,202508,0.0016524008432322152,0.024809380776839262,0.029193884610236743,0.07230794077101006
sector_factor_03,validation,202509,-0.004525019404997334,-0.00200551896356377,0.014997376790409316,-0.08911657427780581
sector_factor_03,validation,202510,0.002229176048152132,0.022771964844672338,0.010835206982811,0.0687853540627719
sector_factor_03,validation,202511,-0.0049185206705760955,-0.014346175974351352,0.019880862702263545,-0.05815641983072102
sector_factor_03,validation,202512,-0.0021716051795506995,0.030549593991979592,0.018856102773561322,0.059702515036310765
sector_factor_03,observation,202601,-0.0003308710652913203,0.010978373494745028,0.031077472305644033,-0.033361038987033055
sector_factor_03,observation,202602,0.006281174834233654,0.007590675449007124,0.017380760852984393,0.13070362019110174
sector_factor_03,observation,202603,0.002133506919539144,-0.02034464821044821,0.03929182586533722,-0.07082534494328924
sector_factor_03,observation,202604,0.006166414199785472,0.03491937179780854,0.03359215296532422,0.17176751601136872
sector_factor_03,observation,202605,0.020264706864965582,-0.017161901444861932,0.048006202697286,0.2460672812646733
sector_factor_04,discovery,201501,,,,
sector_factor_04,discovery,201502,,,,
sector_factor_04,discovery,201503,-0.013417716774314957,0.10720727163927884,0.03810296147131131,-0.10197558984297782
sector_factor_04,discovery,201504,-0.013834913004686792,0.04671703055804149,0.06036363972435313,-0.09147581209998239
sector_factor_04,discovery,201505,0.04357254318344447,0.24226349008851686,0.2187415037789902,0.21109841574029628
sector_factor_04,discovery,201506,0.013196779086104268,-0.17238477518841527,0.1555657915735505,0.12309503478891123
sector_factor_04,discovery,201507,0.0034940045410158387,0.10277853494348087,0.08446354573638643,0.015727220484223862
sector_factor_04,discovery,201508,0.0007169388899178409,-0.1278789171572065,0.058363190047325056,0.11267271051466904
sector_factor_04,discovery,201509,0.02018677483578917,0.1062449291453231,0.07733970745464397,0.1924079761932257
sector_factor_04,discovery,201510,-0.003991134970731885,0.07552617894595161,0.04720043096796028,-0.024918667058878356
sector_factor_04,discovery,201511,-0.001133907651341225,0.023013822321358714,0.1455092029403638,0.012118244869580852
sector_factor_04,discovery,201512,0.0022991367414607095,-0.057520171463155474,0.07665368909298581,-0.029812446426095752
sector_factor_04,discovery,201601,0.00012487921374656433,-0.04012337077292614,0.14597925515370389,-0.09189281662927784
sector_factor_04,discovery,201602,0.0016207680600840609,-0.010862428132531934,0.061917873473157865,-0.03900350107420427
sector_factor_04,discovery,201603,-0.011247709745460317,0.0584295741353265,0.03299822814683963,-0.06908558452170133
sector_factor_04,discovery,201604,-0.001997544369891352,-0.0318502975035517,0.06953332046337958,0.05213551131106697
sector_factor_04,discovery,201605,0.003899281498329689,0.01876520269673035,0.10859983225978107,0.11577838580308701
sector_factor_04,discovery,201606,-0.004022718617167544,0.0367161362990737,0.014093153926796664,0.015075849543520281
sector_factor_04,discovery,201607,0.006268059843467568,-0.004677936124859289,0.09780319164100891,0.15673723515183344
sector_factor_04,discovery,201608,0.0028001461359333873,0.020671989030771606,0.13348901884661205,0.008019477362186665
sector_factor_04,discovery,201609,0.0025550128189485094,0.014938091458170674,0.1017330902327253,-0.020387748129402902
sector_factor_04,discovery,201610,0.006372376291869463,0.020630635714860547,0.09645284157194098,0.017765189921534325
sector_factor_04,discovery,201611,0.007649860245575296,0.0013582895172558806,0.24828206543623696,0.005394474069109296
sector_factor_04,discovery,201612,0.00423102689362671,-0.005807635277597001,0.11644403750371629,-0.01104741939722332
sector_factor_04,discovery,201701,0.01946554119679036,0.01905600194905775,0.16852966442102102,0.03462574019374582
sector_factor_04,discovery,201702,0.0014540596939334937,0.02200839340512175,0.07939247656356424,0.02651133585736032
sector_factor_04,discovery,201703,0.027706164005005918,0.026827817324500874,0.15390142818201955,0.0524857190986985
sector_factor_04,discovery,201704,0.02571240040922085,-0.023694306590348584,0.21433734947392274,0.08508196751302774
sector_factor_04,discovery,201705,-0.004108791914693685,-0.021099868100354795,0.07892180375184119,-0.10023741069873304
sector_factor_04,discovery,201706,0.007481618640341948,0.028935574578380596,0.09096116080306227,0.06501771433725785
sector_factor_04,discovery,201707,0.02248650012649141,0.01757914151596543,0.15870890295616022,0.1307306807069529
sector_factor_04,discovery,201708,0.00399029009826738,0.03395423229439589,0.13075087118574993,-0.03767420617253009
sector_factor_04,discovery,201709,0.005950468547976827,0.010609294724010744,0.07530866599016085,0.033984577892069906
sector_factor_04,discovery,201710,0.00036393208462382045,-0.009173415573230374,0.031925518570997694,0.07848363405827828
sector_factor_04,discovery,201711,0.00501341598245418,-0.028124652895051193,0.0785720183617851,0.03066534110479727
sector_factor_04,discovery,201712,-0.0004724931485173411,0.006990029127614218,0.07814852808086016,-0.04230862026543919
sector_factor_04,discovery,201801,0.011546554191426455,-0.048139900459169764,0.0990822622856732,0.11575651085512288
sector_factor_04,discovery,201802,0.012070063583804429,0.06921092975807067,0.16257340885840454,0.21071293277246336
sector_factor_04,discovery,201803,-0.0033435295104531537,0.000968212010808532,0.05349237344135596,0.11333204889632639
sector_factor_04,discovery,201804,-0.008678457021140552,-0.015491128333249234,0.040079677797064166,-0.07222500168954568
sector_factor_04,discovery,201805,0.007004956453822764,-0.011721179535908795,0.04804766498710323,0.08097366368387969
sector_factor_04,discovery,201806,0.010299173827135884,-0.04825502321211388,0.1907340974598685,0.05319361552487349
sector_factor_04,discovery,201807,0.008061568708338176,-0.0027629517819067677,0.04193245574554456,0.05403640083560244
sector_factor_04,discovery,201808,-0.0010737242198172372,-0.019947448750730616,0.05398278242361732,-0.003204087150750774
sector_factor_04,discovery,201809,0.00843168416271088,-0.0440436752611085,0.08820305204426357,0.11748811564007931
sector_factor_04,discovery,201810,0.0046973846598571435,0.03757317741757207,0.10926611599242228,-0.03180573037891035
sector_factor_04,discovery,201811,0.0054089775969835595,0.01672724135754503,0.1230765687339742,0.055873347399219966
sector_factor_04,discovery,201812,-0.00777255535298655,-0.022341792901643204,0.03588072997631972,-0.06468813438118519
sector_factor_04,discovery,201901,-0.0010818152518164686,0.022053888271462214,0.02104073327155315,-0.0740143098639241
sector_factor_04,discovery,201902,-0.013897487414904437,0.10551591925711061,0.014643229849624403,0.025805047310874386
sector_factor_04,discovery,201903,-0.014715187956815822,0.03046121488074451,0.04736345973890099,-0.08007049185157092
sector_factor_04,discovery,201904,-0.004849190353934278,-0.06645868883767564,0.05314081737832741,-0.10293467997028438
sector_factor_04,discovery,201905,0.009245719673029309,0.00046581447870266935,0.08792894736795111,0.029417416587557515
sector_factor_04,discovery,201906,-0.0011900253688936525,0.017332613493444546,0.06300271109023851,-0.04610381755447956
sector_factor_04,discovery,201907,0.005375181419749151,-0.023744777146392785,0.05091171402954715,0.04427647496469539
sector_factor_04,discovery,201908,-0.015548305321132033,0.02827349039213335,0.008017012694279945,-0.025415554451410485
sector_factor_04,discovery,201909,-0.009533859138213443,-0.021799596308410402,0.03243518393707206,-0.07182646632450074
sector_factor_04,discovery,201910,0.0012710538007588276,-0.01078164429515406,0.05127847755887972,0.00039770201735560864
sector_factor_04,discovery,201911,-0.0001516091563518904,0.0012299358034787084,0.07139366803906062,-0.01114417690078535
sector_factor_04,discovery,201912,-0.005662061359755049,0.04009952907786514,0.06924699608399042,0.052591378092351614
sector_factor_04,discovery,202001,0.02747493852453572,-0.02044021363817592,0.1455749984456822,0.03356003091723675
sector_factor_04,discovery,202002,-0.02250988712739626,0.026600765213370327,0.02461316284537326,-0.03522772771149305
sector_factor_04,discovery,202003,0.014066473856884585,-0.010496745960236612,0.06342940404542147,0.154845450935727
sector_factor_04,discovery,202004,-0.00201041836424208,0.008330041457243385,0.0643178007172215,0.030271822085190008
sector_factor_04,discovery,202005,0.00987500173693602,0.02799203591873973,0.09085749679344576,0.04880468617687882
sector_factor_04,discovery,202006,0.003261106589186466,0.06599211483713588,0.09782464569327576,0.05286251905423778
sector_factor_04,discovery,202007,0.0024453188803533364,0.031303888988812735,0.10525489035043818,0.034692380002162945
sector_factor_04,discovery,202008,-0.0062495331367230615,-0.009967915870531993,0.07027209742035788,-0.02450719497528103
sector_factor_04,discovery,202009,0.001965006263881937,-0.0010716655595884234,0.05379183966545787,-0.05347616969892339
sector_factor_04,discovery,202010,0.009644987774879741,-0.001195484397612745,0.08088575156291516,0.0010005339940092582
sector_factor_04,discovery,202011,0.011830916956731077,0.015615011288346501,0.038295402147168825,0.12455415489350372
sector_factor_04,discovery,202012,0.020873019223648415,-0.0021824099274058623,0.07873814891577131,0.011644884007272921
sector_factor_04,discovery,202101,0.0025760442064553767,-0.01658996365746134,0.017904689965888582,0.01641738629386305
sector_factor_04,discovery,202102,0.0008953115860784867,0.033982911587760706,0.027070836805516637,0.15941173972065492
sector_factor_04,discovery,202103,0.011480493448749862,0.019462801248680436,0.08565252879592661,0.023807422192730857
sector_factor_04,discovery,202104,0.008111456435088208,0.014553784329992983,0.10241774023589223,0.07224254401208394
sector_factor_04,discovery,202105,-0.008443211905063752,0.02348674060542382,0.020922115803015538,-0.027708089213762954
sector_factor_04,discovery,202106,0.007019493875036029,0.018529051200866457,0.08106897905929981,0.10680412099811727
sector_factor_04,discovery,202107,0.0008649503361008158,0.011187976044906959,0.057107009115933256,0.019911705942092437
sector_factor_04,discovery,202108,-0.003659634934637851,0.02384352439872931,0.01729491370811525,0.14984532260232594
sector_factor_04,discovery,202109,-0.0038613018469802465,-0.0220551731022897,0.0457903945075274,0.019153365733617346
sector_factor_04,discovery,202110,0.0071697298756873695,0.00427208094188245,0.03083484450965928,0.13797118943762113
sector_factor_04,discovery,202111,-0.007597583223476158,0.02397385160174136,0.033964309421477414,0.04955255777755884
sector_factor_04,discovery,202112,0.011020306349792558,0.02406808679876596,0.07939159159791934,0.08190756508619099
sector_factor_04,discovery,202201,0.0038417545273157355,-0.02868264395993289,0.08707700542732077,-0.01902083918338645
sector_factor_04,discovery,202202,0.004753014909523172,-7.182898862083745e-05,0.05684683368843962,0.055796250388029225
sector_factor_04,discovery,202203,0.0194600714397789,-0.004043665396191341,0.0925216049138962,0.14049647314981556
sector_factor_04,discovery,202204,0.008894779398441504,-0.03473953467956131,0.07746748698428106,0.06118871141621464
sector_factor_04,discovery,202205,-0.0044104175435153185,0.04217818782413624,0.08403356534635816,0.02736552674072613
sector_factor_04,discovery,202206,-0.026436372365538436,-0.005567071650598553,0.027369618888796795,-0.0872463508706665
sector_factor_04,discovery,202207,-0.011304617257775049,-0.00020024549455792209,0.023761594600235157,0.011435905700919862
sector_factor_04,discovery,202208,-0.0021031035010549985,-0.0038297507937228225,0.02995937943145572,0.06676047893097224
sector_factor_04,discovery,202209,0.007318166643873132,-0.024983542451463153,0.08977274883037015,0.019538323828908258
sector_factor_04,discovery,202210,0.003230076911478653,0.035934530197118876,0.07299245227431463,0.12184541870168496
sector_factor_04,discovery,202211,0.003402476440653029,0.020631089254642247,0.14092888056635944,0.09142150107222585
sector_factor_04,discovery,202212,0.008591699641993007,-0.00015537903669941134,0.12465615694242897,0.04624518308073255
sector_factor_04,discovery,202301,-0.004617980217600155,0.040162179899925834,0.0032607148403061793,0.07528637239581833
sector_factor_04,discovery,202302,-0.004831867898265579,-0.0038365002899354295,0.07586123527782822,-0.003886659972634025
sector_factor_04,discovery,202303,0.0011369539717645198,0.002854825064233687,0.02698031323785439,0.04288630555785604
sector_factor_04,discovery,202304,0.010077525762154052,-0.010323747580485744,0.07994355124431003,0.02007856353450246
sector_factor_04,discovery,202305,-0.00622102460082085,-0.0009907239057429253,0.023233023833904697,-0.05196555757019063
sector_factor_04,discovery,202306,-0.0016741792232706776,0.007488006449857494,0.05786302708756178,-0.0828441973264662
sector_factor_04,discovery,202307,0.013766747869242995,0.012202761953813021,0.06305031313188071,0.2259012689669713
sector_factor_04,discovery,202308,-0.007256874970065645,-0.016870930136950766,0.03841356731218384,0.005368800949464491
sector_factor_04,discovery,202309,0.006377873646760815,-0.006119932338588115,0.04570955391320021,-0.09512636035921593
sector_factor_04,discovery,202310,-0.011126034349163738,0.0055806172600996965,0.03123768166705808,-0.07403194846605027
sector_factor_04,discovery,202311,-0.004699547617070536,0.002362873211594971,0.04431498451236309,-0.02958720859286668
sector_factor_04,discovery,202312,-0.004477983561402787,-0.02202062868108485,0.012253326972197557,-0.042030229428477645
sector_factor_04,validation,202401,0.014648251192841792,-0.07937530018759636,0.05229641332549753,0.04031207668008918
sector_factor_04,validation,202402,-0.005531063399839558,0.09102932034681241,0.06773942289632745,0.20732317898438937
sector_factor_04,validation,202403,0.014441505066380136,0.017089601884557243,0.050806467703459236,0.2502762180081256
sector_factor_04,validation,202404,-0.004303189908643921,0.005254082815081346,0.08515916148225457,-0.04270641224089988
sector_factor_04,validation,202405,-0.004493873626230946,-0.04255038801355113,0.08151116690681721,-0.17212902083535456
sector_factor_04,validation,202406,-0.006568703481923164,-0.031012286287046952,0.03159492492407008,0.08475787208828264
sector_factor_04,validation,202407,-0.004420320916995763,-0.003692630378013152,0.022174476799202102,-0.1660390542381492
sector_factor_04,validation,202408,-0.012775235204727542,-0.027279629760199566,0.040007234534884493,-0.06863034039442435
sector_factor_04,validation,202409,-0.03510683905736176,0.09581604123637877,0.004592595401357252,-0.10653335130622747
sector_factor_04,validation,202410,-0.009183464089327971,0.06610297513284928,0.06718505138050215,-0.053685376939442433
sector_factor_04,validation,202411,-0.015549022095083655,0.004939037071640736,0.034986614603046494,-0.04202370352327517
sector_factor_04,validation,202412,-0.0034815095392668914,-0.05671532957309286,0.05954517451575263,-0.02155595576259248
sector_factor_04,validation,202501,-0.0071603284244287375,0.037063639774795674,0.02238219335686024,0.03833107279005873
sector_factor_04,validation,202502,0.014965156033995603,0.03956334583433798,0.15142400999025657,0.051484400465893
sector_factor_04,validation,202503,0.023217199584321453,-0.011748822068191311,0.04022026142564747,0.32814221931103615
sector_factor_04,validation,202504,-0.015890877016758113,0.017233938867381463,0.02709266803897904,-0.04466432046467904
sector_factor_04,validation,202505,-0.013103353377554711,0.0006617307705566516,0.023095237091797182,-0.07309767053565966
sector_factor_04,validation,202506,-0.00103635846342789,0.019342607788084935,0.10369841656358965,0.007465978666430788
sector_factor_04,validation,202507,-0.010745198392510459,0.016317666163503535,0.04666769323481979,-0.0741109933928582
sector_factor_04,validation,202508,0.004352385119643422,0.02750901575158683,0.05627085604975563,0.06546506473940447
sector_factor_04,validation,202509,-0.0035687853483585222,-0.0010489601217076672,0.05210215407707812,-0.06278138309271832
sector_factor_04,validation,202510,-0.007407470222366992,0.013135318574153216,0.03643338927916068,0.00885021353370927
sector_factor_04,validation,202511,-0.010767447699286118,-0.020195103003061377,0.022962980218888318,-0.09164016317316392
sector_factor_04,validation,202512,-0.013004434031869938,0.01971611002885291,0.04986995731789478,0.006485037820910673
sector_factor_04,observation,202601,-0.006475809920304927,0.004833434639731421,0.0868800031146579,-0.0024868296134931966
sector_factor_04,observation,202602,-0.017964271121682397,-0.01665402516726837,0.03132361870604408,0.04120504802085408
sector_factor_04,observation,202603,-0.001579722973443575,-0.024056564261759793,0.06577956137784653,-0.08027279115022085
sector_factor_04,observation,202604,-0.009023869988921067,0.019729087609101997,0.03559374229008876,0.09459205851496565
sector_factor_04,observation,202605,0.008461155394370836,-0.02896545291545668,0.01805392244226147,0.09775907500731304
sector_factor_05,discovery,201501,,,,
sector_factor_05,discovery,201502,-0.009183195723747513,0.06165167320092829,0.052498951917140456,-0.15628795570486345
sector_factor_05,discovery,201503,-0.01943947957108089,0.10117252447631803,0.02919701311176268,-0.19013033618528705
sector_factor_05,discovery,201504,-0.01986152292613705,0.040690420636591236,0.02922651518150146,-0.10852464827159196
sector_factor_05,discovery,201505,0.028470061020097165,0.22716100792516952,0.19916061766746512,0.14360344417076848
sector_factor_05,discovery,201506,0.027461217856725867,-0.158272347253071,0.1275211415233089,0.1941129983819944
sector_factor_05,discovery,201507,-0.030612025393327615,0.0686725050091374,0.04533374453812012,-0.0987818891587852
sector_factor_05,discovery,201508,0.0005380514797841201,-0.12805780456734023,0.12166797985395375,0.017637687971946668
sector_factor_05,discovery,201509,0.02299108523106524,0.10898193415319839,0.09151420700705475,0.2372040566845423
sector_factor_05,discovery,201510,0.004474043500873122,0.0838497915510636,0.05813304040070304,0.0794677529102824
sector_factor_05,discovery,201511,0.0026786770547195405,0.026789537246142053,0.18774683615418905,-0.010823759355790455
sector_factor_05,discovery,201512,0.0015958271326215413,-0.05838205614405603,0.06850928730788955,0.026433072483583536
sector_factor_05,discovery,201601,0.011152992489631202,-0.029178774252068253,0.18497392650402908,-0.002372593033567501
sector_factor_05,discovery,201602,-0.011106409762542863,-0.023768161967018385,0.028501292013353437,-0.17127563193626708
sector_factor_05,discovery,201603,0.0015379410938804346,0.07121522497466724,0.02795666283902354,0.02374808116498142
sector_factor_05,discovery,201604,0.0071104673325582705,-0.02277977821268987,0.1565114995625647,0.025438375746088805
sector_factor_05,discovery,201605,-0.0020008631827045063,0.01289269825072205,0.07209569213138153,-0.012091423133101995
sector_factor_05,discovery,201606,-0.012733640848247064,0.027949741583106515,0.024152345513576073,-0.07249103407032977
sector_factor_05,discovery,201607,0.008256887642349003,-0.002689108325977854,0.11745666683374785,0.29362993395789916
sector_factor_05,discovery,201608,-0.0018121863423360002,0.016059656552502216,0.035621697191530195,-0.008273694832882065
sector_factor_05,discovery,201609,0.0005626742985901925,0.012945752937812357,0.09110184422846186,-0.05750088342961364
sector_factor_05,discovery,201610,-0.003416758501066774,0.010841500921924308,0.03533664693221176,-0.0887530383637972
sector_factor_05,discovery,201611,0.010771929810448026,0.004508749966622748,0.25693951231244055,-0.029740092634563807
sector_factor_05,discovery,201612,0.002528792139231233,-0.007504431658559372,0.1243695556507146,-0.03566539484990438
sector_factor_05,discovery,201701,0.022789365332118276,0.02234126356423884,0.2959118564014236,-0.06748316787831227
sector_factor_05,discovery,201702,0.0033211849461588987,0.0254172868837486,0.0390867427252837,0.05118598771400086
sector_factor_05,discovery,201703,0.010869338460637036,0.009990991780131993,0.09155915619698934,0.05314816926138349
sector_factor_05,discovery,201704,0.011363996899214161,-0.038039171835730995,0.07946542309446929,0.016447578857288005
sector_factor_05,discovery,201705,-0.008296511121774727,-0.025315743536484657,0.042909412039153515,-0.0781992522699235
sector_factor_05,discovery,201706,0.010024680377389815,0.03147863631542846,0.14379935285329876,0.14140628498017663
sector_factor_05,discovery,201707,0.013244242540572262,0.00833688393004628,0.12516778082018234,0.0864224637795646
sector_factor_05,discovery,201708,0.017688553241730666,0.04775817615344473,0.19386684750315855,0.13302283818019042
sector_factor_05,discovery,201709,0.0098455315637979,0.014480152957895327,0.11536401923081215,0.11912040591281427
sector_factor_05,discovery,201710,3.876982704544599e-05,-0.009534762327915386,0.03427262606120584,-0.05686531924731836
sector_factor_05,discovery,201711,0.006565163125106688,-0.026576059864071962,0.09057425447244503,0.09833839935454768
sector_factor_05,discovery,201712,0.0033393389522804184,0.010876521422427945,0.11151482521309745,-0.07440334522801555
sector_factor_05,discovery,201801,0.001516298455796663,-0.05821153154353273,0.06901965781519516,0.03659007553210992
sector_factor_05,discovery,201802,0.01974276708505878,0.07681393426066886,0.13302141735986486,0.29490202890532125
sector_factor_05,discovery,201803,-0.011287469473622446,-0.006963342627767072,0.03933903279705513,0.011616320554909389
sector_factor_05,discovery,201804,-0.0035631743267834377,-0.010331011451328068,0.09109731441265435,-0.08551692858525398
sector_factor_05,discovery,201805,-0.0016432967380202613,-0.020369439088972284,0.049320856645610325,0.04377708206857359
sector_factor_05,discovery,201806,0.019183205154803634,-0.03936801802978153,0.18126710248291952,0.05636345578072203
sector_factor_05,discovery,201807,-0.005192689835178171,-0.016022030265462076,0.00864310534984928,0.045034253428873974
sector_factor_05,discovery,201808,0.0032804185859344167,-0.015593305944978961,0.10150647797322203,-0.03894736171538151
sector_factor_05,discovery,201809,-0.0004149903190758105,-0.05289034974289519,0.04587655142248357,-0.053435567568198714
sector_factor_05,discovery,201810,-0.0010445035293757691,0.03183165290101897,0.05323729664750364,0.018366979931556667
sector_factor_05,discovery,201811,0.006021451190537385,0.017339714951098855,0.16365623220873007,0.07141408346000118
sector_factor_05,discovery,201812,-0.007982091372015297,-0.022551328920671947,0.05174434445694548,-0.17604867387814613
sector_factor_05,discovery,201901,0.009093043140071434,0.03253903519769003,0.0524648726988556,-0.017760964048962272
sector_factor_05,discovery,201902,0.017012868464555093,0.13642627513657013,0.030272373065065687,0.1623062449066948
sector_factor_05,discovery,201903,0.003863026349885911,0.04903482846206143,0.040652364150728246,0.09680181226177648
sector_factor_05,discovery,201904,0.030480145697040828,-0.03112632725664991,0.1971391720023362,0.016485894505637137
sector_factor_05,discovery,201905,0.0038916172230433433,-0.004859952884726226,0.057749058541839426,0.09811758699030051
sector_factor_05,discovery,201906,-0.0052954882244122285,0.013233898885281587,0.07164755954372042,-0.03585793656880017
sector_factor_05,discovery,201907,0.0001805075202620943,-0.028922881629905136,0.07883652151854617,-0.09230274651284953
sector_factor_05,discovery,201908,-0.008543222752606904,0.0353446461928384,0.08822723715911024,-0.00876293942941843
sector_factor_05,discovery,201909,-0.007956173817106001,-0.02022274955015746,0.04673960617886548,0.028609467055933896
sector_factor_05,discovery,201910,0.010327361022291386,-0.0017253370736215045,0.17880768108661704,-0.09555814622398247
sector_factor_05,discovery,201911,0.0016202151289325065,0.0030162859295073544,0.059037654431950026,0.04940196593457423
sector_factor_05,discovery,201912,-0.012351614226525481,0.03340997621109471,0.025750631537532785,-0.05726157674202453
sector_factor_05,discovery,202001,0.02975688624170089,-0.01815826592101075,0.14975667772943083,-0.013263940692871797
sector_factor_05,discovery,202002,-0.02455074188657517,0.024656539291918307,0.02888045762887485,-0.14160322453320967
sector_factor_05,discovery,202003,-0.0067836957087481714,-0.03137496612696189,0.003240001604052654,0.18859717190569958
sector_factor_05,discovery,202004,0.022705485705985518,0.033041535740873464,0.18239458319548665,0.006034423204206885
sector_factor_05,discovery,202005,0.0034565775143710056,0.021575259819494222,0.03293634656940946,0.027904772917192233
sector_factor_05,discovery,202006,-0.0018922780563231795,0.060852332892973204,0.058239690212147685,-0.04724240664324482
sector_factor_05,discovery,202007,0.006790730841776147,0.035636193223257104,0.11034097145853257,0.07801152971366383
sector_factor_05,discovery,202008,-0.008254650371252444,-0.012028518196339497,0.043131947920897806,0.04026281987509524
sector_factor_05,discovery,202009,0.001659569862640181,-0.0014093171168827788,0.0499065852004896,-0.08100029969002014
sector_factor_05,discovery,202010,-0.010351096282052294,-0.02109871519023727,0.028967401016082098,-0.08980358901017445
sector_factor_05,discovery,202011,0.01933369667598524,0.023117791007600665,0.10169980224494093,0.10230564821637608
sector_factor_05,discovery,202012,0.005049505717971526,-0.018052768549070765,0.073865606172833,-0.1529261466044524
sector_factor_05,discovery,202101,-0.0007641981340159983,-0.019924774545361287,0.026737324445173467,-0.014740848740885307
sector_factor_05,discovery,202102,0.015615380348024578,0.048722755552322874,0.07403738846823463,0.2080599788865917
sector_factor_05,discovery,202103,0.004806205874563887,0.012770064634692655,0.06528196942474686,0.01869466977071844
sector_factor_05,discovery,202104,0.013303319224433539,0.019710130842369316,0.09079794401884678,0.06333616776018028
sector_factor_05,discovery,202105,-0.00762599290169334,0.024316205049843928,0.029695095001108007,-0.02333654390507041
sector_factor_05,discovery,202106,-0.004559106926343305,0.006987169983594434,0.0331672069495506,-0.005017783851200965
sector_factor_05,discovery,202107,-0.006495810574869056,0.0038471275908787818,0.06771240508151476,-0.08727131466038988
sector_factor_05,discovery,202108,-0.006618686637861118,0.020792239451971412,0.014414018818154265,0.13017450097234742
sector_factor_05,discovery,202109,0.01806013908531868,-0.0001333869300833614,0.06623658547690447,0.23364920914595516
sector_factor_05,discovery,202110,0.011293994826574056,0.008433907969811118,0.09100859284633152,0.08078866265902176
sector_factor_05,discovery,202111,0.02056298637505249,0.05217247640546041,0.14096927402894047,0.20796003328331822
sector_factor_05,discovery,202112,0.00010838525202016698,0.013138275996480726,0.025703325125960873,0.22278893314247264
sector_factor_05,discovery,202201,-0.010491014958331319,-0.04310173589711715,0.046867563418495115,-0.07803149312563301
sector_factor_05,discovery,202202,0.02474900774277546,0.019944117163322516,0.12845923235574783,0.04396686255593146
sector_factor_05,discovery,202203,0.008373267930707582,-0.01518245131313882,0.03707822456281886,-0.0732014988976739
sector_factor_05,discovery,202204,0.02850525092633428,-0.015240659118832189,0.1562724247737056,0.17972331820147708
sector_factor_05,discovery,202205,0.008205878984963819,0.054715704717091286,0.04556099825153521,0.18979070768620865
sector_factor_05,discovery,202206,-0.017260181522702457,0.0035879220343000874,0.013201522898894005,-0.014784452160155332
sector_factor_05,discovery,202207,-0.011298608706965026,-0.00021293506229301887,0.013945495099650958,-0.14034081981384677
sector_factor_05,discovery,202208,0.016548015313855483,0.014730125365642142,0.06058412468060477,0.1960879913847894
sector_factor_05,discovery,202209,0.005770951227347928,-0.026558523152544648,0.10695229963777086,0.10578155302618919
sector_factor_05,discovery,202210,0.0076286424440407275,0.040327605934362507,0.010173132208213075,0.2571054964357718
sector_factor_05,discovery,202211,0.003793671285028251,0.021026326583887565,0.10390428663647823,0.06373577124843993
sector_factor_05,discovery,202212,8.750381028736985e-05,-0.008607388685116098,0.08261594872946315,0.04208942710176493
sector_factor_05,discovery,202301,-0.001974898570581308,0.04282130432966369,0.06337482226966434,0.25727149320968434
sector_factor_05,discovery,202302,-0.004453343909170259,-0.0034798163682353334,0.01823832184308958,-0.058762793203447475
sector_factor_05,discovery,202303,-0.009776816872480725,-0.007967674550752197,0.0368955304269772,-0.09128760973126611
sector_factor_05,discovery,202304,-0.011494039477583085,-0.03197564217662147,0.01519291601439415,0.08362707776282177
sector_factor_05,discovery,202305,0.004946388699051345,0.010248483243485679,0.02020206687659798,-0.05920758493607967
sector_factor_05,discovery,202306,-0.001555326216986973,0.007608661785197909,0.04171510752863007,0.016059421331857192
sector_factor_05,discovery,202307,0.017499234405061338,0.01588971418248201,0.10127367107630995,0.38655378634829746
sector_factor_05,discovery,202308,-0.004143244821660638,-0.01375729998854576,0.04265263327837864,-0.03577634386087176
sector_factor_05,discovery,202309,-0.011492884519561906,-0.023935268096975052,0.0292991903801059,-0.22055980562796193
sector_factor_05,discovery,202310,-0.020999161038870628,-0.004255778178134386,0.010707305549996599,-0.33185011395693326
sector_factor_05,discovery,202311,0.0016250128185924563,0.008715495850827376,0.04390050016556297,-0.054200392499358645
sector_factor_05,discovery,202312,0.0060949348344562304,-0.011503061256856502,0.05505857965589339,0.10572856987741527
sector_factor_05,validation,202401,0.030326038834527426,-0.06372753021992553,0.12272164164514154,0.24011041886516293
sector_factor_05,validation,202402,0.02322103919009078,0.11984042403288185,0.06778180890893633,0.3445557251863512
sector_factor_05,validation,202403,0.015939722289581123,0.01863941839047974,0.08603987233157458,0.25818604011439217
sector_factor_05,validation,202404,-0.023929507727657926,-0.01437658866861966,0.01387191409899694,-0.14998737324026298
sector_factor_05,validation,202405,0.008772383532895993,-0.02926143337885151,0.1676713028199425,-0.07869549452228533
sector_factor_05,validation,202406,0.0019167626337338647,-0.022527648092823493,0.06642266336493687,0.075591348915783
sector_factor_05,validation,202407,0.002324055199429955,0.0030714736212204396,0.10667771775613204,-0.004329455721883213
sector_factor_05,validation,202408,-0.007928524231651602,-0.02255788944047791,0.0445043766525765,-0.024974062636095477
sector_factor_05,validation,202409,-0.036249134652547074,0.09470116189730012,0.02878893097664488,-0.09193667563333734
sector_factor_05,validation,202410,-0.007185937752668041,0.06634946115599531,0.08472301946655364,-0.09041191642596853
sector_factor_05,validation,202411,-0.017297841130183577,0.0031828512521834855,0.036782900060958926,-0.13444199687415925
sector_factor_05,validation,202412,0.007757814942482329,-0.0454869819577487,0.09710708529094701,0.17395686160252025
sector_factor_05,validation,202501,0.033871792193777665,0.07812167902864328,0.10123056710990509,0.0853363450585427
sector_factor_05,validation,202502,0.012396223072566845,0.03699540515816706,0.10623268282483835,0.06949024223435846
sector_factor_05,validation,202503,0.012034460608191836,-0.02297334100259745,0.029581749187464004,0.444747766641138
sector_factor_05,validation,202504,0.0020332522188444445,0.03515806810298402,0.03590114118276343,0.07166936608357158
sector_factor_05,validation,202505,-0.01689605599784273,-0.0031326861077870583,0.00542523675179158,-0.20387614882594018
sector_factor_05,validation,202506,-0.0024578508366930986,0.017921115414819725,0.06680147799304519,0.007705357438068719
sector_factor_05,validation,202507,-0.013814189288285626,0.013248675267728369,0.029942407963828795,-0.09499583596637498
sector_factor_05,validation,202508,-0.00652810660777988,0.016630251388830532,0.04785473241307424,-0.0030026026488918353
sector_factor_05,validation,202509,-0.0016214655445598593,0.0008972423348578471,0.07258705414792783,-0.15862468416687145
sector_factor_05,validation,202510,-0.007978642214126903,0.012564146582393305,0.04683861576929304,-0.16928978365808467
sector_factor_05,validation,202511,-0.015219830468249124,-0.02464673789399967,0.016685871196764547,-0.049081958845746655
sector_factor_05,validation,202512,-0.0028417671454258574,0.029882239142229695,0.03446189883772859,0.11945210421808676
sector_factor_05,observation,202601,-0.0013892382958896983,0.009920006264146651,0.03662835689689263,-0.025945796905930414
sector_factor_05,observation,202602,-0.03135920479009484,-0.030050989417525542,0.007954186370663086,-0.18019986382926492
sector_factor_05,observation,202603,0.012715427005662578,-0.009762224203520667,0.128019735092167,0.11050849430056144
sector_factor_05,observation,202604,-0.010156186918500313,0.01859677067952275,0.039323296352914816,0.010143038197809776
sector_factor_05,observation,202605,-0.013381529990704162,-0.05080813830053167,0.1286129161815737,-0.09505385987612967
sector_factor_06,discovery,201501,-0.008475614440105809,-0.012079829555004836,0.02187114959066513,-0.14584545249278236
sector_factor_06,discovery,201502,0.0006423718404476249,0.08201722694328055,0.05668410400617109,0.015897675728138865
sector_factor_06,discovery,201503,-0.0052765359631137,0.11527776830745014,0.06310082526257238,-0.06967893070400724
sector_factor_06,discovery,201504,0.009939597668494657,0.07049154123122293,0.06993308099878558,-0.010380645534898739
sector_factor_06,discovery,201505,0.03608877451963895,0.2347739111154806,0.1834983466747857,0.21857322328663437
sector_factor_06,discovery,201506,0.006707138478663203,-0.17851569565966546,0.08951377334383188,0.09707517851984922
sector_factor_06,discovery,201507,0.005540592418497529,0.10482512282096254,0.09848816742817953,0.01536900676313113
sector_factor_06,discovery,201508,-0.007700659683417916,-0.13629651573054224,0.09568765400168859,-0.08621570719597511
sector_factor_06,discovery,201509,0.007826287877750056,0.09363580066641589,0.05385935292321268,0.16214420238444577
sector_factor_06,discovery,201510,-0.019119792892265664,0.06004533829571515,0.026579648867079277,-0.16880153811869283
sector_factor_06,discovery,201511,-0.011850208439412488,0.012212947717801268,0.12451847735967465,-0.05063171091042541
sector_factor_06,discovery,201512,-0.0011540357813878495,-0.06134489817929495,0.0766722087594238,0.007037417278908017
sector_factor_06,discovery,201601,0.007935017228845249,-0.03244033435010352,0.10515527036101102,0.02124319448427994
sector_factor_06,discovery,201602,0.003126376695799297,-0.009535375508676225,0.05613590542404386,-0.008816125775259212
sector_factor_06,discovery,201603,-0.004125048230180917,0.065589249899621,0.05820809831870157,-0.03494401982399421
sector_factor_06,discovery,201604,0.0047490935423919415,-0.02533255352308597,0.157633711768278,0.04848406556666761
sector_factor_06,discovery,201605,0.0012967180035700623,0.016176255492471335,0.10788023451630097,0.04774291485543473
sector_factor_06,discovery,201606,-0.00725800507230259,0.03345350599702215,0.06134325851802502,-0.0888973290165194
sector_factor_06,discovery,201607,-0.00120839896633106,-0.012154394934657916,0.09473201626793888,-0.03291588542472063
sector_factor_06,discovery,201608,-0.001511067260308217,0.01636077563453,0.07867568705494613,0.018822133240442497
sector_factor_06,discovery,201609,0.003413169651749397,0.01579624829097156,0.06179826379552038,0.04320059500581437
sector_factor_06,discovery,201610,8.836982146554536e-06,0.014267096405137635,0.09923368338112562,0.00903062085990235
sector_factor_06,discovery,201611,0.007149611346436744,0.0008316356839052529,0.25121697786162794,0.037202843145849776
sector_factor_06,discovery,201612,0.0063797606253479695,-0.003620337666771692,0.13105544794209517,0.03687510125513448
sector_factor_06,discovery,201701,0.018323775355155406,0.018962009838782653,0.1684329443612458,0.0723771765346318
sector_factor_06,discovery,201702,0.010471075650066271,0.03604191739114968,0.14271464866147748,0.01839855267215114
sector_factor_06,discovery,201703,0.032812488458388245,0.03192344660815054,0.2124852778584906,0.1507564967617089
sector_factor_06,discovery,201704,0.028687026056255734,-0.02080086354011049,0.21353934369417618,0.1329453305294651
sector_factor_06,discovery,201705,0.011451972438266416,-0.005487411774811335,0.12704727503845234,0.06639726956722244
sector_factor_06,discovery,201706,0.007130139365642291,0.028584095303680942,0.12380463040200836,0.08407806641741332
sector_factor_06,discovery,201707,-0.005847210939772337,-0.010844265882458006,0.04621663453432993,0.01702186915897777
sector_factor_06,discovery,201708,0.0025600584305530104,0.03273663598736913,0.14343778557033413,0.03950546776901869
sector_factor_06,discovery,201709,0.004768520560025071,0.009331970636863151,0.12080250980144787,0.01508832085282366
sector_factor_06,discovery,201710,0.012731889498287446,0.003041127986173652,0.12539676579696846,0.12203137701032031
sector_factor_06,discovery,201711,0.003868219463016093,-0.029280166618727062,0.0870810234371237,0.07203247174243788
sector_factor_06,discovery,201712,0.01463837410139422,0.021836273909866578,0.1562593585999175,0.07136444125069204
sector_factor_06,discovery,201801,0.0013494095394102354,-0.05827084258562536,0.07058260894361787,0.025219148659786302
sector_factor_06,discovery,201802,0.005539435205923743,0.06238405344076455,0.05204638141921243,0.2238792623585331
sector_factor_06,discovery,201803,-0.004751616396196446,-0.0004471379418232979,0.06167596944440626,-0.011205380901876174
sector_factor_06,discovery,201804,-0.0013735673891089287,-0.008327559606307962,0.09720747436321583,-0.11303530643557735
sector_factor_06,discovery,201805,0.007481572492298186,-0.011175630519970912,0.07482145360243914,0.06259632575024
sector_factor_06,discovery,201806,0.016221156986939066,-0.04229294254400884,0.1668618929694054,0.08304907340365285
sector_factor_06,discovery,201807,0.0033812794106623887,-0.007491371352807618,0.09186127688625509,0.11139345195813966
sector_factor_06,discovery,201808,0.010729385936156787,-0.008144338594756592,0.18955047072577555,0.06262257111715436
sector_factor_06,discovery,201809,0.002910725143044326,-0.04957903846715405,0.0527813527878457,0.09886118525908502
sector_factor_06,discovery,201810,0.011702667352030405,0.04462475467592716,0.09962138350340463,0.019758734125519387
sector_factor_06,discovery,201811,-0.004574508453639909,0.006743755306921561,0.07125670699090689,-0.04842372763750271
sector_factor_06,discovery,201812,-0.01166781594015602,-0.026526293673960026,0.01977654868876066,-0.03484272215884533
sector_factor_06,discovery,201901,0.0013607196854355586,0.025151940628215515,0.04024425234041808,0.02472359352494087
sector_factor_06,discovery,201902,-0.0063106658403418985,0.11310274083167314,0.02623012192191732,0.12124035532144227
sector_factor_06,discovery,201903,-0.018940930537481495,0.026015641206287823,0.01748444046074476,-0.0550914479730286
sector_factor_06,discovery,201904,0.006477090070066556,-0.05518196253494049,0.10545358020656449,-0.06820661376256482
sector_factor_06,discovery,201905,-0.0027068479590880512,-0.011496335999981965,0.027654434154039807,0.020817116372253
sector_factor_06,discovery,201906,0.0062607045830940485,0.024793660965071084,0.0830461162049675,0.009077698983221461
sector_factor_06,discovery,201907,-0.0012890650776609756,-0.030389601885943432,0.0619131599052759,-0.014159072782635453
sector_factor_06,discovery,201908,-0.01229417212375978,0.03169718094660228,0.015807265809240027,-0.01259518666554975
sector_factor_06,discovery,201909,-0.0024001560840469158,-0.014688798638526351,0.08362592746268868,-0.0255761416722179
sector_factor_06,discovery,201910,0.005366824330008024,-0.006546879644936452,0.09457623335564572,-0.008369054567828018
sector_factor_06,discovery,201911,-0.0056316119578234125,-0.004210618104220235,0.04384290950388464,-0.054321937182153945
sector_factor_06,discovery,201912,-0.0003638831273954337,0.04539770731022475,0.04515963154732826,0.006061126752510374
sector_factor_06,discovery,202001,0.03756715216042848,-0.010344919274893982,0.14764408814648317,0.09769810634045648
sector_factor_06,discovery,202002,-0.016438389504479976,0.032660628283629194,0.009150818453085283,-0.05357275965713419
sector_factor_06,discovery,202003,-0.016826712819360455,-0.041585520248653744,0.026047209050086197,-0.028273647484621852
sector_factor_06,discovery,202004,-0.002021310181827661,0.008341708443670845,0.058262889466281234,-0.012568112181498165
sector_factor_06,discovery,202005,0.018906451055822067,0.037152013820175654,0.15312262366809,-0.00933658298300005
sector_factor_06,discovery,202006,0.008141499543548664,0.07107283312579966,0.06744528742288838,0.08163678992396485
sector_factor_06,discovery,202007,0.002781765345407423,0.031599357956261176,0.051322631427638245,0.03483092906686338
sector_factor_06,discovery,202008,-0.007398486857196932,-0.011248429324699655,0.0649168893545691,-0.046709686305007284
sector_factor_06,discovery,202009,0.0069022527343530335,0.0038816327202353435,0.08961811433713256,-0.017413807520728682
sector_factor_06,discovery,202010,0.007551957916438786,-0.003199070178379771,0.13026839903637566,0.05419892731557043
sector_factor_06,discovery,202011,0.011982629520942764,0.015740039745356798,0.04648572345330489,0.08126200859316325
sector_factor_06,discovery,202012,0.015662222094571715,-0.007512025078049982,0.06889118974298822,0.056361876115111675
sector_factor_06,discovery,202101,0.00424165358955729,-0.014921518504852429,0.05608701577032714,0.0694287531779539
sector_factor_06,discovery,202102,-0.009229257558241688,0.023786883294621173,0.02179197772909088,0.07027096903334468
sector_factor_06,discovery,202103,-0.0010108970435532272,0.0068848020164612375,0.053983595747096824,-0.04943586869227707
sector_factor_06,discovery,202104,-0.01694855797125136,-0.010583474480968323,0.024874271223811632,-0.025339475762906617
sector_factor_06,discovery,202105,0.001561706610436255,0.033535168961962986,0.04725648059590352,-0.039275725185090045
sector_factor_06,discovery,202106,-0.007654743373924088,0.004017282125312791,0.038911048726757755,-0.01652436366660023
sector_factor_06,discovery,202107,-0.01540125126615402,-0.004936624543056083,0.03622706277489763,0.018385677100765233
sector_factor_06,discovery,202108,0.004659772781248801,0.03205587895790813,0.02499521701022113,0.023331200963459486
sector_factor_06,discovery,202109,-0.004264137477088181,-0.02250185694923857,0.034339282589959726,0.011309964833121421
sector_factor_06,discovery,202110,-0.021931051565714517,-0.02419839292342658,0.023509706031423258,-0.10484143079322716
sector_factor_06,discovery,202111,-0.002436700869891989,0.029165083421089963,0.04137587243068698,0.09415390044868559
sector_factor_06,discovery,202112,0.008610795086592883,0.02156404954888706,0.04784893559394875,0.10188530050735262
sector_factor_06,discovery,202201,-0.006080916782631554,-0.038814775823419426,0.05701568719524927,-0.08432214720501785
sector_factor_06,discovery,202202,-0.0019349229958449928,-0.006761303920029606,0.03883086141410926,-0.10580761606114159
sector_factor_06,discovery,202203,0.0013094679209095842,-0.02221077691976224,0.05536498787185732,0.08787419054798218
sector_factor_06,discovery,202204,0.023216550348006737,-0.020661904834406938,0.09049408897777422,0.1203892422499699
sector_factor_06,discovery,202205,0.0049381139340950765,0.05135792719895682,0.12853138361745559,-0.000967195603547837
sector_factor_06,discovery,202206,-0.022578656442857052,-0.0017345216815426413,0.024376563673710164,-0.06558113280145973
sector_factor_06,discovery,202207,0.001332431094676208,0.012580286342597988,0.06667288623662336,0.08696814209498265
sector_factor_06,discovery,202208,0.0012547383049558648,-0.0006250908287019351,0.04537363741399919,0.15356829986044696
sector_factor_06,discovery,202209,0.006033558933693055,-0.026306571460528564,0.08756821063748742,-0.009838074892923458
sector_factor_06,discovery,202210,0.01855857438454973,0.051305415893511966,0.1371720935444484,0.1459626724813817
sector_factor_06,discovery,202211,-0.000491089297326975,0.0167081405562137,0.09416656059196599,-0.04764428266315672
sector_factor_06,discovery,202212,-0.0035928183751904124,-0.012290888897537528,0.037041070937732457,0.0015837912887004502
sector_factor_06,discovery,202301,-0.010955762226830403,0.03380417175339971,0.006451181860566606,-0.02960676620933744
sector_factor_06,discovery,202302,-0.004991530718451795,-0.00401791481901455,0.06355688747586241,-0.021904221932443187
sector_factor_06,discovery,202303,0.004196252809574429,0.006152912348087462,0.10008466542318507,0.08544994571495647
sector_factor_06,discovery,202304,0.010313949464558722,-0.010183087410730781,0.06557431087302458,0.1298371270942502
sector_factor_06,discovery,202305,0.002228042058430328,0.007706268505244226,0.033860020213927824,0.04916640929420164
sector_factor_06,discovery,202306,0.001016966425903483,0.010115580609854078,0.06162483692533512,0.05182119811507933
sector_factor_06,discovery,202307,0.00262415528290522,0.0009609471460862553,0.07049549446600284,0.14635318601739536
sector_factor_06,discovery,202308,-0.009587712936670593,-0.01919712173846125,0.04624232368427505,-0.16203396582311297
sector_factor_06,discovery,202309,-0.007835370597683942,-0.02017808579956181,0.023610071112099736,-0.09963520664642524
sector_factor_06,discovery,202310,-0.01831876227205284,-0.001566953172368812,0.017811199944233073,-0.21800186718221573
sector_factor_06,discovery,202311,0.001122164855838126,0.008239226839900353,0.04229073063488364,-0.058272824571824616
sector_factor_06,discovery,202312,0.0043777340128041235,-0.013250872149572908,0.047175035166028084,0.01783754302259465
sector_factor_06,validation,202401,0.016565694225441862,-0.07750888572667133,0.05044136308019826,0.043135992050807793
sector_factor_06,validation,202402,-0.0031440364609718044,0.0935744435324644,0.047194715889977146,0.1582616362371489
sector_factor_06,validation,202403,0.002596029143642586,0.005356068869393008,0.05189550751941491,0.03457109229882064
sector_factor_06,validation,202404,0.0061074434016557665,0.015669337837316562,0.09280415092627395,-0.022080923303471455
sector_factor_06,validation,202405,0.02279201767279698,-0.015251284997139009,0.1750938193307671,0.026466626444467893
sector_factor_06,validation,202406,0.004821684626969209,-0.01965276273825255,0.04603684067793312,-0.013652058837648268
sector_factor_06,validation,202407,-0.002944601913642332,-0.0025399596944265324,0.0512325751187356,-0.07284630956747332
sector_factor_06,validation,202408,-0.00448077318791077,-0.019343904491093286,0.06658637087487446,-0.016388895730050347
sector_factor_06,validation,202409,-0.03996170357252251,0.08934269866532352,0.02356471564241601,-0.08128476282169006
sector_factor_06,validation,202410,0.006069647690939919,0.07553837598291768,0.08537991243450743,0.060653854096541435
sector_factor_06,validation,202411,-0.022056803925968024,-0.001578076949761541,0.057173463516817596,-0.0605072294359191
sector_factor_06,validation,202412,-0.00046079701007419954,-0.053708624466459944,0.06172185153808599,0.043324468911640296
sector_factor_06,validation,202501,-0.013854021003453053,0.030401572323939436,0.029359447999594904,0.07897439212269744
sector_factor_06,validation,202502,0.01446359038157818,0.03904667768058264,0.1519188907631968,0.08843386707832551
sector_factor_06,validation,202503,0.022614923866949944,-0.012422375477600783,0.0481480056187862,0.17009175419526268
sector_factor_06,validation,202504,-0.012213847526164797,0.02090989290555583,0.027100968133213155,0.03150903426441043
sector_factor_06,validation,202505,-0.0009713202941306383,0.01278106473404669,0.05024612250229673,-0.028305297098031996
sector_factor_06,validation,202506,0.0013455435519005605,0.021724509803413384,0.07926996292452418,0.017791997824097263
sector_factor_06,validation,202507,-0.00895075139861834,0.018117034680250544,0.037804800308593116,-0.004119400809801084
sector_factor_06,validation,202508,-0.008138156727352342,0.01500531297088379,0.026320150617876726,0.035335197856379556
sector_factor_06,validation,202509,-0.0060700310355389355,-0.0035513231561212287,0.06758836076516232,-0.12488660482621078
sector_factor_06,validation,202510,-0.0072401935966674635,0.013302595199852744,0.054883575630316685,-0.24239026139213649
sector_factor_06,validation,202511,-0.007092319283986992,-0.016517652317415924,0.044451434466668306,-0.04863334961037075
sector_factor_06,validation,202512,-0.0061058637164916885,0.02661814257116386,0.07183273212693125,0.04777757074737793
sector_factor_06,observation,202601,0.006057041026456147,0.017365361938718706,0.08378095064518976,-0.023428890291807253
sector_factor_06,observation,202602,-0.036937963813709715,-0.03566511737486248,0.0006184524364444799,-0.19133467014374697
sector_factor_06,observation,202603,-0.0020636717210194477,-0.024541322930202693,0.05492881934917253,0.029523764625902085
sector_factor_06,observation,202604,-0.007934690042969407,0.020818267555053654,0.03627314615931934,0.005253614113068646
sector_factor_06,observation,202605,-0.019281664037133134,-0.056708272346960645,0.07239767158386963,-0.009802159070529901
sector_factor_07,discovery,201501,-0.012639597042529031,-0.017843678776019566,0.04307068583357965,-0.10768450694531743
sector_factor_07,discovery,201502,0.0060576538845551284,0.08741978276132917,0.08961752488585292,0.09787707170633392
sector_factor_07,discovery,201503,-0.007563548865307995,0.11299075540525584,0.025864374483654008,-0.02098028061145705
sector_factor_07,discovery,201504,0.0005673043217387923,0.06111924788446708,0.09212541141663222,0.00019348669193492403
sector_factor_07,discovery,201505,0.01319794844599144,0.21203551879094448,0.06929296160292953,0.057124115019104096
sector_factor_07,discovery,201506,0.014069651516871022,-0.17115318262145765,0.15290290765546014,0.04439456517921671
sector_factor_07,discovery,201507,0.008682461099860966,0.10796699150232598,0.13086322668937342,0.013604865130401428
sector_factor_07,discovery,201508,0.006202790516353,-0.12239069774902116,0.14611566297071624,-0.008086029705941905
sector_factor_07,discovery,201509,0.00905582341549314,0.09488127769694985,0.07908128452172826,0.12860384326203908
sector_factor_07,discovery,201510,-0.011346087945304431,0.06778346860271138,0.027611435744310908,-0.07996048839490744
sector_factor_07,discovery,201511,-0.0027687093688501265,0.021297306961025157,0.1062188922421718,-0.05710502694984731
sector_factor_07,discovery,201512,-0.003477890346856825,-0.06366527024580611,0.09490465097442455,-0.051279311115817315
sector_factor_07,discovery,201601,0.0034751956371258845,-0.03688001638976857,0.18404463080830208,-0.020402093496158864
sector_factor_07,discovery,201602,0.0006541587570056771,-0.012007593447469845,0.044396595530671955,0.034516452123143485
sector_factor_07,discovery,201603,0.003759184236092592,0.0734766112564577,0.0920166885242986,0.030023339721212607
sector_factor_07,discovery,201604,-0.005632649303919035,-0.035724978413200006,0.09284292635048266,-0.014934181913717584
sector_factor_07,discovery,201605,0.002172832320767897,0.01706131195671679,0.09412786084347477,0.09210103967146
sector_factor_07,discovery,201606,-0.0029434088712458886,0.03776810219807885,0.05373937816640832,-0.009535742542883942
sector_factor_07,discovery,201607,0.002496964699512167,-0.008449031268814692,0.15967192321739895,0.07409978529257166
sector_factor_07,discovery,201608,-0.0013985207692511724,0.016473322125587046,0.06818830013236611,0.027859635041238673
sector_factor_07,discovery,201609,0.0010768760338675037,0.013459954673089669,0.06500079082177565,0.01336472005420829
sector_factor_07,discovery,201610,0.005898202701041178,0.02015646212403226,0.14628161385169428,0.006900206430890457
sector_factor_07,discovery,201611,0.007581672130502127,0.001274558968328743,0.18955437946495143,0.022782148458875648
sector_factor_07,discovery,201612,0.002692501604773711,-0.0073040203032591795,0.08107047383320858,0.012000462690559023
sector_factor_07,discovery,201701,0.009347091191848646,0.01019471119895267,0.12629781408919716,0.09370308840756818
sector_factor_07,discovery,201702,0.022273370283208152,0.047844212024291566,0.1668641036424291,0.07714138243014977
sector_factor_07,discovery,201703,0.032497052668160206,0.0316003891426827,0.1671027937916715,0.09342554096252408
sector_factor_07,discovery,201704,0.023981170186772816,-0.025512590104093156,0.17623119201417203,0.1361227085579008
sector_factor_07,discovery,201705,0.0037982104572112756,-0.013141173755866476,0.09450608621615544,-6.848791978376762e-05
sector_factor_07,discovery,201706,0.00841850615030936,0.029872462088348005,0.12401179953909724,0.08715513104590628
sector_factor_07,discovery,201707,0.011458699300934506,0.00645364013888043,0.10043109953856783,0.04761855745037403
sector_factor_07,discovery,201708,0.0014677489691713242,0.031653259310911855,0.12488445134933773,0.022037970787974797
sector_factor_07,discovery,201709,0.004619061018666632,0.009179207623223886,0.07767772789946356,0.00023482036650226572
sector_factor_07,discovery,201710,0.0026141356289039745,-0.0070740562094108415,0.05226921016770374,0.08971122798073637
sector_factor_07,discovery,201711,0.009259635952629214,-0.0238981751961877,0.12238783087187421,0.03981556751426474
sector_factor_07,discovery,201712,0.006206325802203051,0.01339314125514301,0.06471363878410644,0.008991230498593659
sector_factor_07,discovery,201801,0.008485124348780003,-0.051134763861244374,0.08310309482854386,0.07105934594410063
sector_factor_07,discovery,201802,-0.0012375503612945726,0.05560706787354623,0.11152295133052312,0.06334398422901749
sector_factor_07,discovery,201803,0.0013307008194938966,0.005629630663811853,0.07939078269352454,0.11791196902725018
sector_factor_07,discovery,201804,-0.009669620591502871,-0.016634742816030567,0.05062302200098226,-0.1043052013595898
sector_factor_07,discovery,201805,0.005375705825063055,-0.013284835360933687,0.04443480067970495,0.05869667837458114
sector_factor_07,discovery,201806,0.011340818605374857,-0.04717638300848193,0.1555205474652242,0.018798548551929854
sector_factor_07,discovery,201807,0.011744296092407487,0.0008691450975652965,0.08173628498476254,0.09581678131308057
sector_factor_07,discovery,201808,0.0074996900998109475,-0.011374034431102431,0.12299584144565405,0.053656817534106754
sector_factor_07,discovery,201809,0.002285688782361273,-0.050209698536721255,0.03461363585914357,0.09701204632555976
sector_factor_07,discovery,201810,0.005715328784821599,0.03863741610871835,0.10176907040436871,0.011431693396426312
sector_factor_07,discovery,201811,-0.002339939181936276,0.008978324578625192,0.060003728139963915,-0.024667416199556234
sector_factor_07,discovery,201812,-0.005515830980884482,-0.020420351605062025,0.08213656708902492,-0.036605240079135994
sector_factor_07,discovery,201901,-0.0020241530962116843,0.021767067846568268,0.03659993518627,-0.003871480936442438
sector_factor_07,discovery,201902,-0.0038787064049981565,0.11553470026701688,0.022578108373179466,0.049724669894132836
sector_factor_07,discovery,201903,-0.00793799842180794,0.03701835660086501,0.0683941472742161,-0.11949520520704349
sector_factor_07,discovery,201904,0.005663340743790564,-0.05598441451965343,0.11207628314854638,-0.021158120745127622
sector_factor_07,discovery,201905,0.0038591286121501785,-0.004934720838209615,0.07586499829761714,0.04186860960969046
sector_factor_07,discovery,201906,0.001575661028525805,0.020104382875050713,0.06469515757387963,0.013093268708102176
sector_factor_07,discovery,201907,0.0005428085690273715,-0.028563646482981982,0.062186645218805243,0.04724244372710186
sector_factor_07,discovery,201908,-0.019375921767274998,0.024615951075313867,0.014709441492012275,-0.013606200206425752
sector_factor_07,discovery,201909,-0.0031976905421532997,-0.015486333096632734,0.03513983093426993,-0.029351475203419474
sector_factor_07,discovery,201910,0.0022341395457314357,-0.00965869638956052,0.08379220266735768,-0.028014034674376423
sector_factor_07,discovery,201911,8.777551774405869e-05,0.0015087693713472358,0.0501311935452814,-0.009666573108412214
sector_factor_07,discovery,201912,0.00413214849913439,0.04989373893675458,0.06212039743587963,0.00865892422541753
sector_factor_07,discovery,202001,0.014968263454483051,-0.03292975004944765,0.07860861097099003,0.11975700520635543
sector_factor_07,discovery,202002,-0.01892064258874663,0.03018104649536326,0.0236482768002284,0.04023957062192216
sector_factor_07,discovery,202003,-0.007604186799191481,-0.032367884135932064,0.03732238942207677,0.03143341182727442
sector_factor_07,discovery,202004,-0.004240923297753687,0.006120747466567471,0.04061437267860565,-0.005694207016150887
sector_factor_07,discovery,202005,0.016448379532535876,0.03470628775944028,0.11228914819911967,0.014479755201754093
sector_factor_07,discovery,202006,0.008373892728318028,0.07130587014711637,0.06151049201780997,0.08318881270482469
sector_factor_07,discovery,202007,0.0010112961344268358,0.029891250344276754,0.06123063280319186,0.023537489979276217
sector_factor_07,discovery,202008,-0.002136618691556693,-0.005981071899545246,0.0448299664196827,-0.012308538073761519
sector_factor_07,discovery,202009,0.006721521877254926,0.00371805819145679,0.10354143546241669,-0.04871209910868977
sector_factor_07,discovery,202010,0.004423847866200467,-0.00632718022861809,0.04935625859402821,0.0541169368696433
sector_factor_07,discovery,202011,0.01134032843659026,0.01509184669869553,0.05220269431432702,0.09300449517945288
sector_factor_07,discovery,202012,0.01536232290255027,-0.007805044320854865,0.03936169287650955,0.02123330699331739
sector_factor_07,discovery,202101,0.00522503545112609,-0.013942858324735425,0.06558244844860418,0.04938927957437274
sector_factor_07,discovery,202102,-0.0009369054617833907,0.03206062741577625,0.04563236925081808,0.09832148052401321
sector_factor_07,discovery,202103,-0.005267842599204209,0.0026217894561894987,0.05017266103785373,-0.07253372359840873
sector_factor_07,discovery,202104,-0.006275322037979925,8.976145230311201e-05,0.037662432661873524,0.04129893712944025
sector_factor_07,discovery,202105,-0.0024816682351380772,0.02950094266885167,0.021158814590004585,0.011131315243074006
sector_factor_07,discovery,202106,0.0014553120296679726,0.013136723094032191,0.0675604080676712,0.031005773409396534
sector_factor_07,discovery,202107,-0.009280327972869082,0.0011986902629194608,0.023756052331390987,-0.01111146205145519
sector_factor_07,discovery,202108,0.010584440702943466,0.037986279910811306,0.03523601706947523,0.11102725497867773
sector_factor_07,discovery,202109,-0.003396376472926504,-0.02165960639697005,0.02871068499430556,-0.018240525669424797
sector_factor_07,discovery,202110,0.003622804454435748,0.0013642067686305383,0.08436745978615363,-0.017337683779883168
sector_factor_07,discovery,202111,0.0070954269504195375,0.03870460472389823,0.03146537531160543,0.07417614359212656
sector_factor_07,discovery,202112,0.009863034555913596,0.022793417105023524,0.042000545071158066,0.05570372149392449
sector_factor_07,discovery,202201,-0.0006370490580136784,-0.033371341698052434,0.046935332596976735,-0.05519844327479827
sector_factor_07,discovery,202202,-0.0017559952521432533,-0.006580029812539578,0.0584232030185361,-0.06744186307777697
sector_factor_07,discovery,202203,0.022558048828117787,-0.0009563786199103796,0.10375111092750904,0.12674286058957066
sector_factor_07,discovery,202204,0.007340117352854097,-0.036558371306072285,0.0766233275067064,0.11511028180749161
sector_factor_07,discovery,202205,-0.00613407740375595,0.0402675958181039,0.12246079709296982,-0.0603471101799403
sector_factor_07,discovery,202206,-0.02104451652412162,-0.00020476696462581217,0.003939394181254329,-0.015524799945036123
sector_factor_07,discovery,202207,-0.005447811794462775,0.005813656965983682,0.04673920883052207,0.08550727984097603
sector_factor_07,discovery,202208,0.010424260023151726,0.008544167071712487,0.06564128583880646,0.15553695536154813
sector_factor_07,discovery,202209,0.007973914357655907,-0.0243628987382787,0.117898733595204,-0.05050938364732195
sector_factor_07,discovery,202210,0.025199791433212174,0.05795668774753722,0.13111299696740647,0.1527216576533736
sector_factor_07,discovery,202211,1.5078910646525168e-05,0.017212720546442805,0.05161803385811108,-0.04317938654767061
sector_factor_07,discovery,202212,-0.005373992259557181,-0.014071342149889627,0.048266259699721765,0.04924770126948923
sector_factor_07,discovery,202301,-0.0017109925812760843,0.043043886330269746,0.005305689281506744,0.03896555335046674
sector_factor_07,discovery,202302,-0.004128705349540063,-0.00315844319666212,0.02244537943712171,-0.04946100326535137
sector_factor_07,discovery,202303,0.0036850896713348457,0.005650629819897206,0.07947692649016727,0.12373507010697264
sector_factor_07,discovery,202304,0.014392201696041525,-0.006109681018642731,0.08463069352558994,0.12979358057406587
sector_factor_07,discovery,202305,-0.0015576120727021972,0.003937967298534203,0.02673116401555712,0.041431237694091905
sector_factor_07,discovery,202306,0.0017532463986650471,0.01084351153280295,0.01795870849573921,0.0507980036456789
sector_factor_07,discovery,202307,0.016310541371664117,0.014645515328205268,0.07603731969157909,0.20017626960867066
sector_factor_07,discovery,202308,-0.01183031839169366,-0.0214361845297706,0.019309912220712735,-0.11162297469005387
sector_factor_07,discovery,202309,0.005088780495438929,-0.007250577473023441,0.06478439675183635,-0.13397555913224
sector_factor_07,discovery,202310,-0.016090170691434598,0.0006607565194238256,0.03118694582284091,-0.18689926903668486
sector_factor_07,discovery,202311,-0.0021329087263778756,0.004986387927039522,0.021892761897022234,-0.032239695252400835
sector_factor_07,discovery,202312,0.0002685362395495949,-0.017362300266367606,0.041809824840753115,-0.02804118813310568
sector_factor_07,validation,202401,0.014350832907523819,-0.07971734759895216,0.0924228946775612,0.10892283070868541
sector_factor_07,validation,202402,-0.00634726678593708,0.09038679845825147,0.031774575350735315,0.2577045859782493
sector_factor_07,validation,202403,0.00224247702866548,0.004995658333116028,0.031545606846068254,0.11398038807857998
sector_factor_07,validation,202404,0.009628039348866703,0.019196924256393685,0.0899942813545362,-0.011743786135252187
sector_factor_07,validation,202405,0.007921025698612364,-0.030124512593392865,0.12656234246391063,0.024009128498149894
sector_factor_07,validation,202406,-0.005836916672059184,-0.030314273827580587,0.03872547628861851,-0.0029259621592095868
sector_factor_07,validation,202407,-0.006396666724671694,-0.006060758595476332,0.02784877926748096,-0.11535975063653738
sector_factor_07,validation,202408,-0.004561347823739652,-0.019423339239239626,0.04965565572026908,-0.04751218455563666
sector_factor_07,validation,202409,-0.026480805503633433,0.10248264326035401,0.008435033019687382,-0.060790076483932816
sector_factor_07,validation,202410,-0.01277100631663687,0.05669641903886158,0.045742000222886305,0.03285558764913947
sector_factor_07,validation,202411,-0.018120433440547642,0.0023558912338493055,0.0318975635110036,0.022756831160593245
sector_factor_07,validation,202412,0.0014591776803896865,-0.05178486826480366,0.07562284768847487,-0.0025824673522993574
sector_factor_07,validation,202501,-0.004805121784733277,0.03945047154265921,0.06552061593557353,0.07944041832145848
sector_factor_07,validation,202502,-0.0005165143113053726,0.02406902078914249,0.04218260236679602,0.02252523342258567
sector_factor_07,validation,202503,0.024712688747196693,-0.010324610597354036,0.04771554009038602,0.13932441544488774
sector_factor_07,validation,202504,-0.02140008354442467,0.011723642183850254,0.026595458042738978,0.03337908373992055
sector_factor_07,validation,202505,-0.0036052403196920593,0.010147144708485269,0.014953253697493188,-0.03462354232472825
sector_factor_07,validation,202506,0.003196823918776287,0.02357579017028911,0.08678334028973854,0.01137949269073844
sector_factor_07,validation,202507,-0.016601987050778012,0.010466018108443519,0.039030232879801494,-0.06249855636591168
sector_factor_07,validation,202508,0.005610530026320241,0.028753229875638636,0.06901530742943399,-0.018822085697850734
sector_factor_07,validation,202509,0.0007228102661099418,0.003241518145527648,0.06821212663985485,-0.0662386085288489
sector_factor_07,validation,202510,-0.010520204521047571,0.010022584275472634,0.021156773377414655,-0.17632255923793763
sector_factor_07,validation,202511,-0.005684856042493582,-0.0151115707407007,0.029653731591961174,-0.0475298605456514
sector_factor_07,validation,202512,0.0073138365426838135,0.040037842830339364,0.15900277485417932,0.02984321869193677
sector_factor_07,observation,202601,-0.006640993011168689,0.00466687195308623,0.04546172632622534,0.007266733047266364
sector_factor_07,observation,202602,-0.02719072723931675,-0.02591788080046951,0.02748310747984028,-0.11019048687043813
sector_factor_07,observation,202603,0.009795720915702051,-0.012681930293481193,0.10444115124223886,-0.005726330323889064
sector_factor_07,observation,202604,-0.013019678915290463,0.0157332786827326,0.056793215208051064,0.046852898313331795
sector_factor_07,observation,202605,-0.010939926433364427,-0.048366534743191934,0.047638101472085484,0.058374986105210816
sector_factor_08,discovery,201501,-0.003253960579080335,0.03542309675313946,0.05790942869730894,0.027416464675068072
sector_factor_08,discovery,201502,0.0005621175012331641,0.08203751455643214,0.06499992942524786,0.12686164996399044
sector_factor_08,discovery,201503,0.0050095703018881435,0.125563874572452,0.16147683059907303,0.09857767808553959
sector_factor_08,discovery,201504,0.024857455073358754,0.08540939863608703,0.11070107840596499,-0.07637242843842534
sector_factor_08,discovery,201505,0.052138226063246605,0.25158997063001154,0.18145870327338082,0.10639354089029847
sector_factor_08,discovery,201506,-0.01676657074959689,-0.20198940488792558,0.13464866875114279,-0.14064243657042527
sector_factor_08,discovery,201507,0.01688126401830977,0.11616579442077478,0.12292015410369582,0.03530319723865543
sector_factor_08,discovery,201508,0.009063166401638286,-0.11952389414156121,0.18057424251205909,-0.10686412959124175
sector_factor_08,discovery,201509,0.0161642189614477,0.11300648911495956,0.20378901247714323,0.3498542349562871
sector_factor_08,discovery,201510,0.02610165637366772,0.10517978218849748,0.16832105871798275,0.25605240801295726
sector_factor_08,discovery,201511,0.020139400762199777,0.04404253343319787,0.24979929743286325,0.17533205463254817
sector_factor_08,discovery,201512,0.008217955360202733,-0.05202658628822183,0.14437500435230435,-0.0782393624261322
sector_factor_08,discovery,201601,0.021717059476253305,-0.018521555887418797,0.21903537980057694,0.1318431618263293
sector_factor_08,discovery,201602,-0.031959639405572046,-0.044621391610047564,0.025590311591983782,-0.26840914026627943
sector_factor_08,discovery,201603,0.007121543618089116,0.07674113972512397,0.1312801215647481,0.275329043218409
sector_factor_08,discovery,201604,-0.0032517670365272084,-0.03344952798812301,0.13633643494048162,-0.20234354571661956
sector_factor_08,discovery,201605,0.029731308864390973,0.04483822637859183,0.2938687562570704,0.3796943069980313
sector_factor_08,discovery,201606,0.02504909207104548,0.06576060314037022,0.37950129419983586,0.1427869026475997
sector_factor_08,discovery,201607,-0.003790814968043919,-0.014736810936370777,0.21963731131820025,-0.30713020981667677
sector_factor_08,discovery,201608,0.0015306205508041782,0.019402463445642396,0.30215988122620113,-0.045829198402327256
sector_factor_08,discovery,201609,0.0044427909849315455,0.01682586962415371,0.29281284167675153,-0.011712861127577374
sector_factor_08,discovery,201610,0.0008662878646354694,0.015343313677923787,0.3179576158081544,-0.10628998903556416
sector_factor_08,discovery,201611,-0.0006305045343988814,-0.006936040784057696,0.1501796214661263,-0.04812998317500972
sector_factor_08,discovery,201612,0.0020219939326564604,-0.007961119283837352,0.3171426546761674,-0.08365324606182499
sector_factor_08,discovery,201701,0.006482457965243395,0.007227809407696541,0.12847545708068445,0.06491271132461338
sector_factor_08,discovery,201702,0.08365690484341132,0.10922774658449472,0.5836334582518807,0.1579162443971998
sector_factor_08,discovery,201703,0.03490683664005417,0.033947923583100025,0.28037111230060063,-0.013551463867269482
sector_factor_08,discovery,201704,0.026826641416249342,-0.0226634386409488,0.2670204418666191,-0.05304038303891216
sector_factor_08,discovery,201705,-0.025096842740709512,-0.04203622695378727,0.12364744199291926,-0.17688685512645833
sector_factor_08,discovery,201706,-0.006739172051080036,0.014642823124516079,0.09857966392187999,-0.008014684120135116
sector_factor_08,discovery,201707,0.001805018169380718,-0.003332837392268369,0.19387869490010234,-0.07689048809521404
sector_factor_08,discovery,201708,-0.004228870255838325,0.026045058649438232,0.10060182092023585,0.1829474647633202
sector_factor_08,discovery,201709,0.004823336955047329,0.00932807574295328,0.16284225235711722,-0.0111673718345555
sector_factor_08,discovery,201710,0.04220966426119271,0.03253094202030778,0.2860597903214272,0.04541128477447326
sector_factor_08,discovery,201711,0.0010804260689995257,-0.03197698440913386,0.16537474183063552,-0.1194687761421204
sector_factor_08,discovery,201712,-0.004545454981388896,0.002540852157974205,0.11711181481760438,-0.0526327945080812
sector_factor_08,discovery,201801,-0.019950332117314593,-0.07950884247336282,0.046916206927720555,-0.06926450488622674
sector_factor_08,discovery,201802,0.03261690080680012,0.08949977385966727,0.20680006828364766,0.26795849251573156
sector_factor_08,discovery,201803,0.015829988005071575,0.019893780386138874,0.20905525440329606,0.20957849591585873
sector_factor_08,discovery,201804,0.017220249414828793,0.010199768747487622,0.25138901322132795,0.10633952245306605
sector_factor_08,discovery,201805,-0.0046967616531834195,-0.02339415162674744,0.04250286427491457,0.02520269388891491
sector_factor_08,discovery,201806,0.028505341975654824,-0.029991041657631286,0.25310331077465154,0.1752642135951206
sector_factor_08,discovery,201807,-0.010364943193975382,-0.021242538504686145,0.09550284955582988,-0.17151817042640552
sector_factor_08,discovery,201808,0.008227589377342432,-0.010646135153570947,0.24308155442396365,0.03934619050602137
sector_factor_08,discovery,201809,-0.013769879983797558,-0.06633967163246493,0.05723203410240738,-0.21733311351916001
sector_factor_08,discovery,201810,-0.009393185364906657,0.02352890195899009,0.04889200594768356,0.022204224663542924
sector_factor_08,discovery,201811,-0.0072927813006695204,0.004139110841250923,0.04721552014695862,-0.0975596469429534
sector_factor_08,discovery,201812,0.006900500549800631,-0.007678157438203925,0.18029248865308412,-0.06279534170995131
sector_factor_08,discovery,201901,0.0044002432039038876,0.02819146414668384,0.13429047140230504,0.010850698149777698
sector_factor_08,discovery,201902,0.011023857491101432,0.1307572473709782,0.10938772075014887,0.2554814332942842
sector_factor_08,discovery,201903,-0.02165121280808397,0.02345676919628334,0.026314648655396282,-0.2101925969944148
sector_factor_08,discovery,201904,-0.0077215388575620336,-0.06935589651665872,0.03839216415993763,-0.16502387095576773
sector_factor_08,discovery,201905,0.030294521276122706,0.021462772499507992,0.2232484821318106,0.022331987278106466
sector_factor_08,discovery,201906,-0.031995156994305794,-0.013493410080340445,0.05549670962985897,-0.07386983030606956
sector_factor_08,discovery,201907,-0.001735730731442012,-0.030898034091502345,0.08210342334762832,0.019664274282660325
sector_factor_08,discovery,201908,0.0072415222155790375,0.05119654735740782,0.09014755714178167,0.1301638973463493
sector_factor_08,discovery,201909,-0.0015686950379850677,-0.013777501794684214,0.16645248695941553,-0.09493017885757497
sector_factor_08,discovery,201910,0.02157914899035619,0.009735090149588486,0.20875254243712765,0.033159466074823514
sector_factor_08,discovery,201911,0.015169828183911346,0.01659082203751452,0.13149788659079947,0.02780321469122706
sector_factor_08,discovery,201912,0.031364930322192154,0.07719765803432727,0.19680964658418176,0.1615300395921517
sector_factor_08,discovery,202001,0.06836335147597507,0.020457501370401587,0.37425004129913675,0.1360602673780994
sector_factor_08,discovery,202002,-0.034667343283969324,0.014565952881239356,0.09178010680281966,-0.05828815367969079
sector_factor_08,discovery,202003,-0.025571439557408794,-0.05034529458154628,0.06776136997517433,-0.24796413786153024
sector_factor_08,discovery,202004,0.024905529360955903,0.03523617554608444,0.16337045109482165,0.0910711108327137
sector_factor_08,discovery,202005,0.009595228356604143,0.02786444277872862,0.09442064388680727,0.06023473512460891
sector_factor_08,discovery,202006,0.03322480893224478,0.09609726806243998,0.2606705695901161,0.06308688155387358
sector_factor_08,discovery,202007,-0.026651237625130962,0.0020346294649441366,0.056624635774726595,-0.11129181170310289
sector_factor_08,discovery,202008,-0.05393046952789904,-0.057919407455206275,0.06469706087946453,-0.2629186737030362
sector_factor_08,discovery,202009,0.00395440213127031,0.0010162752636665928,0.11208150537330352,0.03853867535629521
sector_factor_08,discovery,202010,0.0013433696403456344,-0.009410098796797684,0.1493611854352633,-0.057434379368462574
sector_factor_08,discovery,202011,-0.00789479074487717,-0.004190045906164284,0.05707843299305753,-0.10257402524534827
sector_factor_08,discovery,202012,0.03832296836602174,0.015148497833212352,0.20069620229924745,0.11064661854701834
sector_factor_08,discovery,202101,0.03838041982056304,0.019169295860338026,0.27841573239029904,-0.03540483420224181
sector_factor_08,discovery,202102,-0.021124132890882656,0.011784299280649672,0.1327816267949475,-0.1327623805008987
sector_factor_08,discovery,202103,-0.020509193572694772,-0.01254702632830468,0.09681886834226708,-0.1163081665614977
sector_factor_08,discovery,202104,0.009410951637115183,0.015777108188263982,0.25036253255976176,0.019174756969384726
sector_factor_08,discovery,202105,0.0017318655229406972,0.03373927502673016,0.18523795614152241,0.018564005126510914
sector_factor_08,discovery,202106,-0.0033773082420048787,0.008428464615107736,0.08135278056395547,0.06780488375001252
sector_factor_08,discovery,202107,0.03743533989757731,0.047976455470437045,0.29245746390129634,0.2435366623885976
sector_factor_08,discovery,202108,0.02001764260357685,0.04735878963408389,0.19806921820400253,-0.08874136971110526
sector_factor_08,discovery,202109,-0.03533880963252124,-0.053825150620832575,0.126585220672961,-0.23645695406667824
sector_factor_08,discovery,202110,-0.026975179620606603,-0.029138052958296613,0.12749681465221646,-0.0024259897919378364
sector_factor_08,discovery,202111,-0.020171780790807312,0.011426430344264106,0.0909359725534342,-0.0729768974886161
sector_factor_08,discovery,202112,-0.03166557591731548,-0.018939349368219668,0.029564717612710515,-0.23414717506351437
sector_factor_08,discovery,202201,-0.017786604566108366,-0.050682151805315365,0.05997536117476694,-0.19121105146527845
sector_factor_08,discovery,202202,-0.01935846869402777,-0.024040964597315907,0.039164211226258634,0.08814189978653232
sector_factor_08,discovery,202203,0.024726289615828817,0.0008086006349438557,0.09864691905723195,0.03135268680087599
sector_factor_08,discovery,202204,-0.01163301471306755,-0.055629764643565165,0.07707941242494736,-0.06370316975132914
sector_factor_08,discovery,202205,0.01185553621171181,0.05808462234073025,0.14932175716319132,0.061820158838454466
sector_factor_08,discovery,202206,-0.012871424611124137,0.007943482250335539,0.11485058515522549,0.05945832006925441
sector_factor_08,discovery,202207,-0.0055605499357304754,0.006040812530790433,0.07842241893011968,0.11960354805309192
sector_factor_08,discovery,202208,-0.03609171693880327,-0.03802981966114401,0.05709564144752238,-0.25107259752502864
sector_factor_08,discovery,202209,-0.02546622738954469,-0.0577161454748074,0.06160074904440139,-0.19269018991898904
sector_factor_08,discovery,202210,0.04176260948325594,0.07458386686921585,0.29441760791853344,0.26531873824158725
sector_factor_08,discovery,202211,-0.003542284081843338,0.013562242488048715,0.09787417488562898,-0.2907677053088114
sector_factor_08,discovery,202212,0.021115390406022783,0.012488565560885366,0.2758846506858459,0.054400070122626557
sector_factor_08,discovery,202301,-0.047096809708015455,-0.002373852656944564,0.029840150277434106,-0.02243411158914261
sector_factor_08,discovery,202302,0.010196366659260745,0.011212633921095403,0.14132152284722396,-0.059538632937536196
sector_factor_08,discovery,202303,0.035398682963516996,0.037412267675213315,0.15436781218142961,0.3115794092318714
sector_factor_08,discovery,202304,0.007015958672129829,-0.013687233506750905,0.17515172331018536,-0.27442408927503625
sector_factor_08,discovery,202305,0.012247330644222362,0.017739688731962813,0.19646286501257978,0.1636014678995661
sector_factor_08,discovery,202306,-0.03037183920428065,-0.021432398888682654,0.03127612867741254,-0.14035952401328822
sector_factor_08,discovery,202307,-0.0323934717813249,-0.03405849782478375,0.016514391072237573,-0.35631886930247575
sector_factor_08,discovery,202308,-0.011102620552737315,-0.020740309253122414,0.0751981030626749,0.0418077174165268
sector_factor_08,discovery,202309,-0.014237199084633795,-0.02653514546662336,0.05353803046754864,0.04233874804511834
sector_factor_08,discovery,202310,-0.005781514104271396,0.010953570038135,0.03401440499214285,0.13944828285828256
sector_factor_08,discovery,202311,0.0019811401505250275,0.009167133761366133,0.044569888116139315,0.06118173189358937
sector_factor_08,discovery,202312,-0.03418080673941194,-0.051901184494255126,0.055650933669558325,-0.30073994917959734
sector_factor_08,validation,202401,-0.025452292714560686,-0.11949130156902936,0.021837157126699466,-0.3906869184578455
sector_factor_08,validation,202402,0.05278470617787371,0.14960301104312143,0.2307918198183776,0.567070463782539
sector_factor_08,validation,202403,-0.014427496991715664,-0.01178917000690403,0.1272303055031204,-0.1546020595488484
sector_factor_08,validation,202404,-0.0216562213596448,-0.012123223381931893,0.02900026550219162,-0.1809224052028051
sector_factor_08,validation,202405,-0.0031845406762889108,-0.04126292362459935,0.14103825745029333,-0.07118495791386371
sector_factor_08,validation,202406,-0.009911194948980254,-0.03439860388630462,0.08611129532410568,0.03924461503438735
sector_factor_08,validation,202407,-0.00988706680742612,-0.009360047682244127,0.10032417833434466,-0.12843494266080788
sector_factor_08,validation,202408,-0.017144299626863844,-0.03203141064507442,0.04076429683747454,-0.017488312645431
sector_factor_08,validation,202409,0.009130378457388665,0.137833590708722,0.06435666161811521,0.13241775022982114
sector_factor_08,validation,202410,-0.003987121658305065,0.06543517284056483,0.027598823624301765,0.29361307405651815
sector_factor_08,validation,202411,-0.0060632559041776035,0.014392998494995049,0.03000358900595924,0.11224939463574699
sector_factor_08,validation,202412,-0.02819223023636103,-0.08139195241654472,0.01933732372283635,-0.26148073484639617
sector_factor_08,validation,202501,0.022958711957363466,0.0672668354352936,0.05762925713705761,0.4297558465159616
sector_factor_08,validation,202502,0.012091790598736114,0.03669835310299984,0.06937566835581216,0.22244878843191207
sector_factor_08,validation,202503,-0.03477608787998868,-0.0698133872245394,0.012218743682592983,-0.4015859808040932
sector_factor_08,validation,202504,-0.025695440246657153,0.007437331379753145,0.04038469377923295,0.14598693730287104
sector_factor_08,validation,202505,-0.01237236371996519,0.0013800213082121391,0.06532326387078623,-0.06052202302434262
sector_factor_08,validation,202506,-0.03105369835312834,-0.010674732101615517,0.05292784292110099,0.017454545357834476
sector_factor_08,validation,202507,0.007566317403355074,0.03462881451847827,0.11968542629014003,0.08511977821493451
sector_factor_08,validation,202508,0.01400467946384097,0.03714218599627549,0.1264538155386055,0.07619394777960371
sector_factor_08,validation,202509,0.009039072457885282,0.011557780337302986,0.11957587334555782,0.009044754766307998
sector_factor_08,validation,202510,-0.001762384553317441,0.018764305574501015,0.1441681451514157,0.015842825946765077
sector_factor_08,validation,202511,-0.0064774563617705,-0.01590858827054035,0.11180432245503472,-0.12685986580631736
sector_factor_08,validation,202512,0.015821836337433844,0.048545842625089396,0.19792179023233894,0.14819646222416263
sector_factor_08,observation,202601,0.0070387745976551366,0.018361713361809962,0.20438128782989412,-0.009796398090893898
sector_factor_08,observation,202602,0.028213100402042116,0.029485946840889354,0.2537110734309826,0.1275342147941224
sector_factor_08,observation,202603,-0.023626460530208726,-0.046104111739391974,0.07367509263904887,-0.11403855703768788
sector_factor_08,observation,202604,0.01850004900741669,0.047253006605439754,0.14422611993056794,0.2151055189726422
sector_factor_08,observation,202605,-0.003639522665969737,-0.04106175196502591,0.09041721210840903,0.17455664928642337
sector_factor_09,discovery,201501,-0.02079961150181026,-0.02600369323530079,0.0019748696807507997,-0.12799368772181033
sector_factor_09,discovery,201502,-0.015139277621331089,0.06622285125544294,0.007559074901231091,-0.05288905481234275
sector_factor_09,discovery,201503,0.013279159858671412,0.13383346412923525,0.1437911302694771,0.14660042491854552
sector_factor_09,discovery,201504,0.026359209289704096,0.08691115285243238,0.17752327440392557,0.030227277769617485
sector_factor_09,discovery,201505,0.02277913559427886,0.2216167059392319,0.26351072467052417,0.11136996770000918
sector_factor_09,discovery,201506,0.007466376365546431,-0.17775645777278223,0.06602372660635049,0.008837066343385316
sector_factor_09,discovery,201507,-0.007069188963308175,0.09221534143915684,0.06621612469042006,0.004491797288910125
sector_factor_09,discovery,201508,0.015044428673630235,-0.11354905959174393,0.36774806047078695,-0.0026255624370089764
sector_factor_09,discovery,201509,-0.02329794515115202,0.06252750913030468,0.025660491537850227,-0.05340578249661425
sector_factor_09,discovery,201510,-0.00869189912108609,0.07043765742692974,0.014808202441467237,0.019216559273214518
sector_factor_09,discovery,201511,-0.0047594308762998715,0.01930658545357541,0.02692990952083521,-0.016571543155637077
sector_factor_09,discovery,201512,0.008534101138934536,-0.05165327876001475,0.09906114154178979,0.048433633621977334
sector_factor_09,discovery,201601,0.019532604944812498,-0.020822607082081956,0.20970186249767328,-0.020877880449730477
sector_factor_09,discovery,201602,0.00202235997006868,-0.010639392234406842,0.17435903386307344,-0.08532487915612992
sector_factor_09,discovery,201603,-0.016529005993085773,0.05318842102727933,0.15877815829568515,0.03311692366716148
sector_factor_09,discovery,201604,0.008002214423719695,-0.022090114685561275,0.1369635907625855,-0.02670187230944827
sector_factor_09,discovery,201605,0.006389744546553376,0.02127822418250227,0.13817949203632215,-0.04641601434954883
sector_factor_09,discovery,201606,-0.0022656617106384925,0.038445849358686245,0.10623948104294467,-0.060605418995721506
sector_factor_09,discovery,201607,-0.00046593758548986057,-0.011411933553816717,0.06614379736838713,0.026374255062527007
sector_factor_09,discovery,201608,-0.0030930519249203424,0.014778790969917873,0.15806165359352553,0.028694490867740525
sector_factor_09,discovery,201609,-0.0023402431055450307,0.010042835533677134,0.055466660996884666,0.06117041170330255
sector_factor_09,discovery,201610,-0.00085340615172178,0.013404853271269302,0.05626727822826179,-0.016229647432643178
sector_factor_09,discovery,201611,0.0012852869979638035,-0.00502182616420958,0.10307402382218898,-0.03590960557079541
sector_factor_09,discovery,201612,-0.008088924773520575,-0.018085446681553465,0.12472348415108217,-0.052316056725815165
sector_factor_09,discovery,201701,0.034616817128242466,0.03546443713534649,0.32064813388598234,-0.04073280511083131
sector_factor_09,discovery,201702,0.0030403934624832337,0.028611235203566645,0.10621372232006727,0.08963897187178983
sector_factor_09,discovery,201703,0.03583516869299742,0.03493850516751991,0.3284550538618907,0.009864458924911716
sector_factor_09,discovery,201704,0.0353684615886562,-0.014125298702209774,0.23291351478153433,0.06217243215891852
sector_factor_09,discovery,201705,0.016751309151772326,-0.00018807506130542602,0.22126260632949735,-0.004901832985949159
sector_factor_09,discovery,201706,-0.013414959519645641,0.008038996418393006,0.007309565857087027,-0.066724822701332
sector_factor_09,discovery,201707,-0.009221903853761718,-0.014226963015815794,0.10807403646752502,-0.09516826006517967
sector_factor_09,discovery,201708,0.00905039663082957,0.0392359069725701,0.1908171245618964,0.13242406590210792
sector_factor_09,discovery,201709,-0.025563333554252315,-0.021003186949695062,0.040426937506145046,0.011958681369698085
sector_factor_09,discovery,201710,0.03273717072151953,0.023048978883204705,0.3540714479319195,0.1017431962384058
sector_factor_09,discovery,201711,0.017591253811652077,-0.015566557337164838,0.23734011836459132,0.05270757394065169
sector_factor_09,discovery,201712,-0.005895070863375502,0.0012917445895644568,0.126597342544594,-0.06924507250683584
sector_factor_09,discovery,201801,-0.024710259783461908,-0.08433014799348629,0.07919244120157824,-0.14662573384105262
sector_factor_09,discovery,201802,0.010786739542246833,0.06763135777708765,0.2922245019106538,0.16999344676602413
sector_factor_09,discovery,201803,0.020634229272877377,0.024933159117195333,0.24082116520280578,0.14981728305819988
sector_factor_09,discovery,201804,0.0005209793081973509,-0.006444142916330342,0.2140403716142447,0.019444840747303516
sector_factor_09,discovery,201805,-0.002895675119446113,-0.021556216305442855,0.08631451562578842,-0.11398065298424757
sector_factor_09,discovery,201806,0.021241259997466892,-0.037275941616389904,0.23031848492760792,0.09617140610555815
sector_factor_09,discovery,201807,0.006698848950255937,-0.004176302044586257,0.08012075086285429,0.04221187312341322
sector_factor_09,discovery,201808,0.022368673702798613,0.0034949491718852302,0.42016074683651594,0.07587807807947843
sector_factor_09,discovery,201809,-0.016580982755649797,-0.06907637007473233,0.09193272168309351,-0.25955655579410525
sector_factor_09,discovery,201810,-0.005214162774946289,0.02770792454895046,0.06273192481440028,0.06951583804731282
sector_factor_09,discovery,201811,-0.0004989554033275678,0.010819308357233902,0.177348146124835,0.005825840189793646
sector_factor_09,discovery,201812,0.001213079601939546,-0.013691441022237997,0.037104157843259676,0.012359813631467475
sector_factor_09,discovery,201901,-0.0025036700283981956,0.021287550914381757,0.04023855543397186,0.09240119604713205
sector_factor_09,discovery,201902,-0.014729952964369707,0.10468345370764534,0.10025568695887381,0.058433939102689576
sector_factor_09,discovery,201903,-0.01798001803492006,0.026976336987752886,0.04748277577449057,-0.028754698856976447
sector_factor_09,discovery,201904,0.0018457525334296607,-0.059802002730014334,0.09433800522398879,0.005392324093696306
sector_factor_09,discovery,201905,-0.004273780012388507,-0.0130676294627483,0.020592795063948545,-0.0002068301223806076
sector_factor_09,discovery,201906,-0.022237824868828682,-0.003709103022303775,0.005207014195520172,-0.07088890617916388
sector_factor_09,discovery,201907,0.008212156287574587,-0.020894298764434768,0.04445059764856678,0.08018608279816902
sector_factor_09,discovery,201908,-0.016060213625411105,0.027931659217177763,0.045831090922698145,0.10637233371618704
sector_factor_09,discovery,201909,0.009066137041220923,-0.0032225055132585113,0.12160752313692118,0.0193935469787817
sector_factor_09,discovery,201910,0.019874049001653463,0.007981213066361507,0.18740490226957268,0.07997728537416302
sector_factor_09,discovery,201911,0.01138031066809148,0.01280130452169466,0.11753017456754727,0.10054083612285564
sector_factor_09,discovery,201912,0.01675525571245498,0.06251684615007518,0.1697256291097036,0.07653436629699083
sector_factor_09,discovery,202001,0.09696080936641345,0.049062795862482744,0.4404525753384282,0.15763088435191483
sector_factor_09,discovery,202002,0.0006845068167051818,0.049786195900815074,0.13379981727053877,0.06471575293403473
sector_factor_09,discovery,202003,-0.02049161506038298,-0.04525531239712357,0.038481324530660964,-0.17935939428409214
sector_factor_09,discovery,202004,0.01943006925908028,0.029791740023401438,0.11530900906870067,0.06186960281299394
sector_factor_09,discovery,202005,-0.016827539295055163,0.0014303689318492414,0.032906192925418326,-0.15160904199913336
sector_factor_09,discovery,202006,0.008558151716401483,0.07149012913519982,0.09224305102521431,0.09828827549828054
sector_factor_09,discovery,202007,-0.015181233779477634,0.013685587997568529,0.1049548028127587,-0.06377595899169702
sector_factor_09,discovery,202008,-0.021088354687998342,-0.024932807895986894,0.06438930295393726,-0.02687794149734806
sector_factor_09,discovery,202009,0.0007232720006923091,-0.002280191685105826,0.09902092345723643,0.08588291823520318
sector_factor_09,discovery,202010,0.012951723745799846,0.002200695650981288,0.16456198249738277,0.06101864051994088
sector_factor_09,discovery,202011,0.007475122337591364,0.01122664059969663,0.0549262129869214,-0.016575175994805975
sector_factor_09,discovery,202012,0.023137591141030978,-2.977608237415528e-05,0.15764249420288737,0.017017908599376012
sector_factor_09,discovery,202101,0.019033338074200358,-0.00013455570166115703,0.15809179067396087,-0.11364887217216531
sector_factor_09,discovery,202102,-0.019395196050728383,0.013602336826831258,0.04788893201935278,0.023573890571100663
sector_factor_09,discovery,202103,-0.009706653182418363,-0.001817021127024655,0.07594080789097585,-0.016456487375978573
sector_factor_09,discovery,202104,0.021004476798824934,0.027369560289107968,0.1497246290859086,0.09176890331258385
sector_factor_09,discovery,202105,0.003084135914170681,0.03506674681816043,0.17975555810987856,0.05095102106352757
sector_factor_09,discovery,202106,0.0020102273553591643,0.013691638419723384,0.12107532324734123,-0.03019382917922879
sector_factor_09,discovery,202107,0.012340220322982886,0.022819238558771427,0.13263400056737232,0.13464927361968923
sector_factor_09,discovery,202108,0.017227826311063104,0.044629665518930946,0.1740851116887639,0.012803583905313594
sector_factor_09,discovery,202109,-0.007979068552529068,-0.026242298476572612,0.12197993277918848,-0.06647922790660933
sector_factor_09,discovery,202110,0.0016104666264352948,-0.0006481310593699158,0.3065831618951977,-0.011265092720858464
sector_factor_09,discovery,202111,-0.015322449990523361,0.01628672778295533,0.06664996662162843,0.027651857509363432
sector_factor_09,discovery,202112,-0.008424259628617327,0.004506122920492603,0.04470776787182316,-0.09972464108842584
sector_factor_09,discovery,202201,0.0004170531474279239,-0.03231723949261083,0.0902487699632994,0.07652389985462298
sector_factor_09,discovery,202202,-0.01616737812860352,-0.020991412688999844,0.008220912892034032,-0.1184872143001128
sector_factor_09,discovery,202203,0.021402730870979304,-0.0021116965770488602,0.032129040755379944,0.08435353989645104
sector_factor_09,discovery,202204,-0.010989925770408887,-0.05488841442933527,0.1022553876405862,0.09617079593410874
sector_factor_09,discovery,202205,0.0063348512040482,0.05273652442590806,0.10490009509899316,0.15231102076480338
sector_factor_09,discovery,202206,-0.012546951925084473,0.008292797634411337,0.02293189236453581,-0.056257273303161714
sector_factor_09,discovery,202207,-0.017584620015730693,-0.0063231512552842355,0.021937024010735145,0.12860913077273534
sector_factor_09,discovery,202208,-0.0030412022040382683,-0.004921295155477508,0.023948508657583526,0.017941755925163016
sector_factor_09,discovery,202209,-0.0022883465850279372,-0.03462515968096254,0.07276118003243497,0.018000179080793783
sector_factor_09,discovery,202210,-0.03165233892091527,0.001104557393409777,0.002266755491674635,-0.026735194223992606
sector_factor_09,discovery,202211,0.024951257986610763,0.04214889962240704,0.14834075706461392,0.02565890287709943
sector_factor_09,discovery,202212,0.015023134620541506,0.00632578473020906,0.25041057463432,0.041076277555431244
sector_factor_09,discovery,202301,-0.049024338627613386,-0.004269459716067559,0.0018736243333009306,0.005896080881322122
sector_factor_09,discovery,202302,0.010046853575840693,0.011017115728718637,0.10675015756457669,0.09407311519148374
sector_factor_09,discovery,202303,0.057109791674760976,0.05907533182332333,0.25571931669907894,0.2651499014812505
sector_factor_09,discovery,202304,0.0005625689464741981,-0.019939313768210058,0.06603856945956027,-0.11443759583274166
sector_factor_09,discovery,202305,0.037151644159566476,0.04264722353080287,0.2987805381605836,0.24849417677240315
sector_factor_09,discovery,202306,-0.025413121511475206,-0.016322856377337304,0.07087211778840195,-0.08338763977357451
sector_factor_09,discovery,202307,-0.01903921589180883,-0.02070424193526768,0.016914548248680147,-0.11230331786958288
sector_factor_09,discovery,202308,-0.006393633559328297,-0.015999499697405238,0.02851093817423656,-0.05968496745124292
sector_factor_09,discovery,202309,-0.007693897970007295,-0.020033255938469666,0.02375611589713081,0.026426439803043524
sector_factor_09,discovery,202310,0.002641024836902944,0.01939195204776137,0.07103761729312154,0.04253468931915033
sector_factor_09,discovery,202311,-0.013273275246800297,-0.0061539785933829,0.04698412303320958,-0.017077031571315956
sector_factor_09,discovery,202312,-0.016915056968894643,-0.034545893474811844,0.04862235239050405,-0.11484266983856704
sector_factor_09,validation,202401,0.047055758404152416,-0.047012422102323564,0.22223101018549718,0.005934740954060345
sector_factor_09,validation,202402,-0.054562719003201185,0.04217134624098738,0.008157575689275583,0.16531768446956643
sector_factor_09,validation,202403,-0.012636330878878842,-0.009883149574428292,0.029703516363564164,-0.05882521957888603
sector_factor_09,validation,202404,0.021188821511572142,0.030757706419099123,0.1137708911088362,0.006504764814637426
sector_factor_09,validation,202405,0.026265719637682934,-0.011779818654322299,0.06780464342631075,0.0836764440042493
sector_factor_09,validation,202406,0.011168072749144256,-0.013309284406377148,0.11271617888270648,0.034824907090341986
sector_factor_09,validation,202407,-0.012428372403109794,-0.012092464273914433,0.005869570500024347,-0.006230979962806548
sector_factor_09,validation,202408,-0.004773427968778751,-0.019635419384278728,0.0579346119163507,-0.007242772952996781
sector_factor_09,validation,202409,-0.00805637444250942,0.12090707432147801,0.021234620564697528,0.12974822161445718
sector_factor_09,validation,202410,-0.013616877398846436,0.05585054795665201,0.011677284135577634,0.128370401531462
sector_factor_09,validation,202411,-0.007966221095572166,0.012510103578824781,0.033768980995925346,0.07027200982546727
sector_factor_09,validation,202412,0.012468856486022922,-0.04077518945917043,0.042164371365556425,0.11552087523971336
sector_factor_09,validation,202501,-0.03041563234000387,0.013839960987388622,0.009058348134737888,0.0068327029176191625
sector_factor_09,validation,202502,-0.017232562242612676,0.007352972857835185,0.01237853823103459,0.008090456555506357
sector_factor_09,validation,202503,-0.014514044373152983,-0.049551343717703714,0.02358998571512216,-0.17599984227684148
sector_factor_09,validation,202504,-0.0083917841104582,0.024731941617816725,0.03891183905799096,0.027457625833172492
sector_factor_09,validation,202505,-0.010820589806181889,0.00293179522199544,0.011931515947840277,-0.1022033662275467
sector_factor_09,validation,202506,-0.016871341464350764,0.0035076247871620577,0.015256442849383661,0.06147862349749306
sector_factor_09,validation,202507,9.183976803634463e-05,0.027159844927257874,0.09957437569032764,0.05987281463799677
sector_factor_09,validation,202508,0.015482620318949095,0.038625320168267495,0.1537989625529852,0.08202714005989017
sector_factor_09,validation,202509,0.01241012578040526,0.014928833659822966,0.10424968966870705,0.012089078267238696
sector_factor_09,validation,202510,-0.016318300754951113,0.004224488041569095,0.033397825003476586,-0.03522266900796519
sector_factor_09,validation,202511,-0.011380992818516778,-0.020807707516723895,0.03625154355949292,-0.05867840675118928
sector_factor_09,validation,202512,-0.020454619309421142,0.012269386978234409,0.04361291740934243,0.04974413984702828
sector_factor_09,observation,202601,0.018294309269550352,0.029602174233805272,0.11130446190122907,0.04713637794396201
sector_factor_09,observation,202602,0.01670321773958018,0.017976064178427415,0.10642125544737814,0.03677432524394451
sector_factor_09,observation,202603,-0.04193044697584953,-0.06440809818503278,0.012954326649294447,0.0367810967029019
sector_factor_09,observation,202604,-0.02902328612791278,-0.0002703285298897147,0.008996644542370176,0.1010785286959416
sector_factor_09,observation,202605,-0.017080226771562523,-0.05450683508139004,0.0036671252318010994,0.16414884852405526
sector_factor_10,discovery,201501,0.002164189074727832,0.0380319165004039,0.0740184596572639,0.13866070697027089
sector_factor_10,discovery,201502,0.0037854996217195117,0.08526089667691848,0.08270755990372297,0.02094478628370593
sector_factor_10,discovery,201503,0.018976467631394187,0.13953077190195803,0.19544569124206904,0.15455254863997342
sector_factor_10,discovery,201504,0.012763497769335549,0.07331544133206383,0.07710224736777656,0.09637414995615383
sector_factor_10,discovery,201505,0.005059739454589605,0.20459701326239155,0.06470295754889352,0.18405006215768593
sector_factor_10,discovery,201506,-0.0029359745113663083,-0.18815880864969498,0.136160859484917,-0.13651161772153145
sector_factor_10,discovery,201507,0.012663301934996029,0.11194783233746106,0.047463218035134924,0.05432259317983837
sector_factor_10,discovery,201508,0.017074235456649364,-0.11150673166072618,0.22763371585282832,0.05043012616328718
sector_factor_10,discovery,201509,0.1396557028423936,0.2337864843466741,0.08203100095654899,0.0759138150061334
sector_factor_10,discovery,201510,-0.0016412548973333526,0.0774368709174964,0.051035299178548016,0.10223632035285769
sector_factor_10,discovery,201511,0.009629573136460312,0.03356950340592967,0.15407842014890044,0.15306987383082293
sector_factor_10,discovery,201512,0.0030222255510138954,-0.05722955808590125,0.0816431075882607,-0.03894249560685104
sector_factor_10,discovery,201601,0.001521072470535252,-0.03871754289313685,0.09916267579458692,-0.025557991715688844
sector_factor_10,discovery,201602,-0.009247837683379442,-0.021909589887854963,0.0531426871537974,-0.12593735805878192
sector_factor_10,discovery,201603,-0.007910661145337235,0.06172108628847838,0.11802739723846564,0.13690238991940804
sector_factor_10,discovery,201604,-0.00075592288162112,-0.030940321494708767,0.09443339376096782,-0.09646920146756503
sector_factor_10,discovery,201605,0.0051315744028478235,0.020213709777142087,0.11771259036805205,0.03616303306455268
sector_factor_10,discovery,201606,-0.007249112556541047,0.033462398512783695,0.1322926382639412,-0.0020616887452593368
sector_factor_10,discovery,201607,-0.005735733358940944,-0.0166817293272678,0.023077593693249035,-0.030576739274480055
sector_factor_10,discovery,201608,-0.0002046658681213874,0.01766717702671683,0.2586310777763156,0.04192527591004167
sector_factor_10,discovery,201609,0.00825415412970926,0.020637232768931427,0.28608526197474093,0.059258276537753576
sector_factor_10,discovery,201610,-0.0006342335953568327,0.01383518925203293,0.2711994454609068,-0.09718399371258174
sector_factor_10,discovery,201611,-0.0005877419434668137,-0.006893278193125628,0.08517239127883637,-0.04761402073625932
sector_factor_10,discovery,201612,0.0018975082936553598,-0.008089455285384742,0.24447964258318014,-0.10718343571482257
sector_factor_10,discovery,201701,0.0028828377666645665,0.003827873682409216,0.12269725431418732,-0.07877303120529178
sector_factor_10,discovery,201702,0.038362499351501864,0.06393334109258528,0.2956935262805412,0.13968441010721738
sector_factor_10,discovery,201703,0.02922979000588482,0.028264977809790846,0.2044760311536358,0.01090408520093606
sector_factor_10,discovery,201704,0.03801967190093267,-0.011469136909161333,0.2863990904986984,-0.0024810824235972067
sector_factor_10,discovery,201705,-0.009052008293616205,-0.025991392506693956,0.11895176304160668,-0.020018298224790062
sector_factor_10,discovery,201706,-0.007687152001998027,0.013723373117417477,0.07460352240097404,-0.040621340990860094
sector_factor_10,discovery,201707,-0.012610507839467383,-0.017744893266977407,0.09620778195022568,-0.1303673830754081
sector_factor_10,discovery,201708,0.012885641503883426,0.04312424631006371,0.1513513460162475,0.18663386041156912
sector_factor_10,discovery,201709,-0.00854983971138422,-0.004035883999382523,0.06331895637444289,0.10128703918077143
sector_factor_10,discovery,201710,0.04703214208380929,0.037353419842924375,0.32356437533055477,0.1226434140341782
sector_factor_10,discovery,201711,0.0056333578678836056,-0.027414970869722312,0.18949491969156054,-0.049052973248132
sector_factor_10,discovery,201712,-0.005957933193412109,0.001145810327857145,0.10892010511156827,-0.09456235297902069
sector_factor_10,discovery,201801,-0.018030670751171998,-0.07758093890892764,0.06333494159455835,-0.1415984531340431
sector_factor_10,discovery,201802,0.035744160927774736,0.09258877916261553,0.26350944017289,0.3483642909766742
sector_factor_10,discovery,201803,0.020142681830175455,0.02421982807440641,0.19234031129040166,0.18217723422410745
sector_factor_10,discovery,201804,0.01625860358194542,0.009254053698128296,0.23585615686702047,0.0916861682170334
sector_factor_10,discovery,201805,-0.011969124382833264,-0.030655980028776952,0.02258826609915166,-0.09706196175782496
sector_factor_10,discovery,201806,0.04838457576129891,-0.01012177289754618,0.3934465002994358,0.12283430360924093
sector_factor_10,discovery,201807,0.0009640262544590616,-0.009913569056251698,0.15636824187038909,-0.09855574403066712
sector_factor_10,discovery,201808,0.002619175917771273,-0.016254548613142107,0.16219130562642498,0.048022583473621976
sector_factor_10,discovery,201809,-0.013256766353555934,-0.06580985563510024,0.07826858215087275,-0.2711713070023488
sector_factor_10,discovery,201810,-0.007711069800111239,0.02521101752378551,0.05618274104558992,0.10225536726182362
sector_factor_10,discovery,201811,0.001855417333285627,0.013237412869048885,0.08180688442469915,0.06883026223097365
sector_factor_10,discovery,201812,0.008270995596297103,-0.0063869116663408925,0.16976585068923833,0.12788660320294232
sector_factor_10,discovery,201901,0.012879767851723546,0.0366709887945035,0.13342369357988207,0.07548966457361907
sector_factor_10,discovery,201902,0.015631864992097753,0.1352999903758367,0.07631427548498751,0.2600022686298909
sector_factor_10,discovery,201903,-0.015822064555208862,0.029226500062213744,0.02525583618315001,-0.05858614013122602
sector_factor_10,discovery,201904,-0.012007571426876331,-0.0736418571810992,0.004613294866808597,-0.04864025343563443
sector_factor_10,discovery,201905,-0.006988286575064685,-0.015809763034048956,0.01773819591600125,-0.03777205660125334
sector_factor_10,discovery,201906,-0.016882388925482845,0.001621911671061657,0.05387879446005023,-0.10986636832675871
sector_factor_10,discovery,201907,0.007631105820902197,-0.021515444518603467,0.12259883224055464,-0.015352724171492348
sector_factor_10,discovery,201908,0.012650232197941912,0.05661313852178864,0.10885560158115032,0.16265811061261684
sector_factor_10,discovery,201909,-0.00394155198662678,-0.01619500178814633,0.15252419284126334,0.041012283368076725
sector_factor_10,discovery,201910,0.013782777200737823,0.0019361923146384967,0.20937543058647068,-0.031453048794412006
sector_factor_10,discovery,201911,0.029912047338052253,0.031333041191655434,0.2032589119480568,0.14673000833430253
sector_factor_10,discovery,201912,0.04120385342115629,0.0870338157349827,0.2358023831774382,0.11796259772475225
sector_factor_10,discovery,202001,0.05883951797894485,0.010924904497903756,0.3936837254716146,0.1244483860941945
sector_factor_10,discovery,202002,-0.015136693303958268,0.03411079002718907,0.027473489876908765,0.08799062055280298
sector_factor_10,discovery,202003,-0.02217103246078766,-0.04695459871408358,0.03208347311926799,-0.2481411495967287
sector_factor_10,discovery,202004,0.019587367435870234,0.02991688666011864,0.11570080170991674,0.06813106466509816
sector_factor_10,discovery,202005,-0.006340408378460026,0.011927533062448169,0.035731123421249594,-0.022803902337166136
sector_factor_10,discovery,202006,-0.0009166941287087269,0.06196232383488677,0.06760197132623523,0.10760791274440158
sector_factor_10,discovery,202007,-0.018601981657662168,0.010096432977487618,0.05621680409677376,-0.08150916797102224
sector_factor_10,discovery,202008,-0.037600089634923714,-0.04150542098643547,0.035796134411930566,-0.04323251870307204
sector_factor_10,discovery,202009,-0.004498765094195975,-0.007441595483690358,0.04558597182565853,0.0009924486309734887
sector_factor_10,discovery,202010,-0.0008624842315747363,-0.011618590369607773,0.07920950285888358,-0.013927579771599394
sector_factor_10,discovery,202011,0.009828723051251934,0.013549907870418836,0.08509508510370188,0.00011169362110864469
sector_factor_10,discovery,202012,0.05882746281671874,0.03564736099000109,0.25864496471349324,0.024778830296334653
sector_factor_10,discovery,202101,0.018540411718616766,-0.0006643468100810415,0.18620294048038272,-0.03558492145848965
sector_factor_10,discovery,202102,-0.010422521835666214,0.02248591033586611,0.08382729739443777,0.058861738943556244
sector_factor_10,discovery,202103,-0.015530401934823867,-0.0075833123218414945,0.07995251846547015,0.009201539274483824
sector_factor_10,discovery,202104,0.02533580876202428,0.03170670144331996,0.27986320128172393,0.09436335305457921
sector_factor_10,discovery,202105,0.006703317503985588,0.03871072700777505,0.21614631543549237,0.048201347989210004
sector_factor_10,discovery,202106,-0.007699913385009668,0.004030105187779381,0.11657124103707484,0.0026197576443268166
sector_factor_10,discovery,202107,0.029783322065378467,0.04030880393851972,0.24549619705870515,0.08293577935275992
sector_factor_10,discovery,202108,0.012826653960890826,0.04017257122871921,0.1857498117633021,0.016818699619817138
sector_factor_10,discovery,202109,-0.04515662067665304,-0.06366742305894149,0.07352411852122673,-0.12202269422563168
sector_factor_10,discovery,202110,-0.030582962446193337,-0.03275628047558712,0.16039769338569826,-0.08982930942477721
sector_factor_10,discovery,202111,-0.010917228551929403,0.020685655902542007,0.11342954672723295,0.010162012314165114
sector_factor_10,discovery,202112,-0.04105455324334282,-0.02829459238539288,0.014917350099511529,-0.11975669838474826
sector_factor_10,discovery,202201,-0.01063962562254053,-0.04352736772606668,0.01680556233194746,0.00035043267945653115
sector_factor_10,discovery,202202,-0.009237693961544967,-0.013885838689020602,0.011293045674832048,-0.028755460748191727
sector_factor_10,discovery,202203,0.013382916119457671,-0.010441884352938201,0.07177116202586482,0.00768304349225572
sector_factor_10,discovery,202204,-0.001542518283387292,-0.045546294569871144,0.10172903004560958,-0.07270656738343366
sector_factor_10,discovery,202205,-0.010355411810760887,0.035898769584999074,0.023064318400440348,0.15470971631307961
sector_factor_10,discovery,202206,0.0022377406442149255,0.02303848002421936,0.11526800857782316,0.151604739172368
sector_factor_10,discovery,202207,0.0030468385351583188,0.014603962578136512,0.07704211453859168,0.16292692399434902
sector_factor_10,discovery,202208,-0.018786257884113693,-0.020703527094092747,0.054254979788016376,-0.0028351825897245013
sector_factor_10,discovery,202209,-0.012053341361150974,-0.04430783000861993,0.048817737964972095,-0.00943720867100494
sector_factor_10,discovery,202210,-0.01443887114162422,0.018374161930114496,0.1066437786419805,0.03980412883487242
sector_factor_10,discovery,202211,0.0100995642038758,0.027224420573111276,0.13990100878309553,-0.07472205181412393
sector_factor_10,discovery,202212,-0.027500508077246633,-0.03612608028700131,0.0389232816489867,-0.06434372942443299
sector_factor_10,discovery,202301,-0.035190501638504276,0.009523029548893192,0.01788814152710662,0.12309927038300848
sector_factor_10,discovery,202302,0.0168356304171047,0.017832694721037115,0.19393942027004188,0.0683935883716529
sector_factor_10,discovery,202303,0.044675554266186794,0.04666979817455918,0.20233798176135573,0.26487891785710854
sector_factor_10,discovery,202304,0.0012159727216871005,-0.019427828002861997,0.12176794362816311,-0.09717563661190329
sector_factor_10,discovery,202305,0.03957365747137094,0.04507817215984687,0.284749335876063,0.21680009584609858
sector_factor_10,discovery,202306,-0.02644214311169063,-0.01747952876139607,0.028483531950899994,-0.012145695148648883
sector_factor_10,discovery,202307,-0.028067384712891157,-0.029732410756350008,0.0064327962773127086,-0.12598589083431286
sector_factor_10,discovery,202308,-0.0009340533864125823,-0.010555147276381436,0.08688362300566346,0.08768347636178431
sector_factor_10,discovery,202309,-0.0010272046150546319,-0.013313540443632522,0.03484662988270337,0.007630268864375363
sector_factor_10,discovery,202310,-0.011751833134577111,0.00497831512886264,0.008059914045749026,-0.043315986704716564
sector_factor_10,discovery,202311,-0.0030494037112380437,0.0041357323996304655,0.029540157084440077,-0.03614216517959966
sector_factor_10,discovery,202312,-0.010266629084182582,-0.02797713335069905,0.011508691345221188,-0.09938413897716411
sector_factor_10,validation,202401,0.008056134830898891,-0.0859821995871078,0.025558726456557757,-0.09339543053477231
sector_factor_10,validation,202402,-0.024982681248498697,0.0718113216405618,0.022471214192246226,0.2741600085651907
sector_factor_10,validation,202403,0.0021576719522524864,0.0048271395218762335,0.009115144214763143,-0.08614539551818153
sector_factor_10,validation,202404,0.018530962619620735,0.028069610475504304,0.05039498126272855,-0.08095911415252557
sector_factor_10,validation,202405,0.014811463469306743,-0.02326730617819976,0.027335379056980098,0.034499940441014634
sector_factor_10,validation,202406,0.008020434719965486,-0.01646697421735888,0.06154558620392123,0.05453554827757334
sector_factor_10,validation,202407,-0.0019015389916221767,-0.001433802704227476,0.010062810195959377,0.025094847684976544
sector_factor_10,validation,202408,-0.006473658993952507,-0.021356333761915182,0.015056653550960548,0.13155161455725767
sector_factor_10,validation,202409,-0.02520178464454373,0.10339984107015066,0.0254904310977561,0.09822351486848903
sector_factor_10,validation,202410,-0.014310993264242698,0.05512163355920671,0.043623351101036406,0.06662146844084335
sector_factor_10,validation,202411,-0.011493529098773977,0.008975167429543077,0.007289843035230896,0.11103162456485481
sector_factor_10,validation,202412,0.010120075140929911,-0.04307964703925377,0.019940086917980614,0.118803460255582
sector_factor_10,validation,202501,-0.021293610805276617,0.02300539328061859,0.00035106801618352144,0.06115421284932573
sector_factor_10,validation,202502,-0.008137939093511456,0.01645232678234202,0.02134000000586196,0.12866209322769395
sector_factor_10,validation,202503,0.014237511487834684,-0.020799787856716042,0.014109026718128359,-0.11574724965925268
sector_factor_10,validation,202504,-0.0038890785004353132,0.029241821898107274,0.010049407163412273,0.10292328041004523
sector_factor_10,validation,202505,-0.010566040482202466,0.003186344545974862,0.003189912566924159,-0.00933120038098872
sector_factor_10,validation,202506,-0.005468717052711357,0.014910249198801467,0.014527965371011637,0.10677917021429026
sector_factor_10,validation,202507,-0.006983770549551062,0.020081457724779244,0.07378518059010407,0.08772605929544976
sector_factor_10,validation,202508,-0.00016461639591497948,0.022972890136519535,0.08772140862630204,0.030348528772738605
sector_factor_10,validation,202509,0.010796769624217235,0.013315477503634942,0.08360243667060188,0.10918444886266182
sector_factor_10,validation,202510,-0.014308975002184015,0.006219094096141977,0.05732057474642445,-0.019986596624297626
sector_factor_10,validation,202511,-0.0034102707699442255,-0.012841402678714076,0.05838203135385985,0.045699460638353596
sector_factor_10,validation,202512,-0.014349965977450266,0.018374040310205286,0.085119138208833,0.04632785739822658
sector_factor_10,observation,202601,0.01994093146831704,0.03126407485564414,0.15171148816573793,0.07997941662657497
sector_factor_10,observation,202602,0.023876942654896906,0.02514978909374414,0.28504659894098483,0.07091408357977268
sector_factor_10,observation,202603,-0.019167959325974263,-0.04164561053515751,0.07113702198686643,0.05707591162291315
sector_factor_10,observation,202604,-0.006918010525377236,0.021834947072645827,0.024035202645441685,0.16142423353631805
sector_factor_10,observation,202605,0.005051780307012779,-0.032374828002814736,0.06969785167478906,0.19616801636910602
sector_factor_11,discovery,201501,,,,
sector_factor_11,discovery,201502,0.003131044297573165,0.07396591322224898,0.18863146862071253,-0.10490035465485886
sector_factor_11,discovery,201503,-0.01358641128330021,0.1070255927640987,0.0713365794444642,-0.15869280978981373
sector_factor_11,discovery,201504,-0.02860298664194631,0.03194895692078197,0.014790743838046067,-0.1328336153584123
sector_factor_11,discovery,201505,0.009474442197869467,0.20816538910294186,0.2905309021207071,-0.0011144572250295624
sector_factor_11,discovery,201506,0.017148000861854525,-0.1685855642479423,0.1261694369300176,0.06579135917419267
sector_factor_11,discovery,201507,-0.03361946917464718,0.06566506122781783,0.05891336605686065,-0.13406709952068807
sector_factor_11,discovery,201508,-0.0012452655583400421,-0.12984112160546438,0.11521770492608294,0.08109415495172645
sector_factor_11,discovery,201509,0.019799196114059024,0.10579004503619216,0.12888905795497468,0.09219973851032466
sector_factor_11,discovery,201510,0.012155960398770456,0.09153170844896094,0.08146717915623021,-0.0018205872901648162
sector_factor_11,discovery,201511,0.004128812252021684,0.028239672443444195,0.20031349225961248,-0.020095165694750367
sector_factor_11,discovery,201512,-4.580807338006334e-05,-0.06002369135005764,0.06168306546021219,0.04332710571273596
sector_factor_11,discovery,201601,0.003563566029886631,-0.036768200711812825,0.17235179716401672,-0.07607347708727737
sector_factor_11,discovery,201602,-0.017590495602745036,-0.030252247807220557,0.028166588790093892,-0.11499978675099043
sector_factor_11,discovery,201603,0.0034628002654517273,0.07314008414623854,0.12971898211205712,-0.07515342382572003
sector_factor_11,discovery,201604,0.0031642273119360776,-0.02672601823331206,0.11820722076595128,-0.035183044178219616
sector_factor_11,discovery,201605,0.006684224857425263,0.021577786290851823,0.12146880764145773,-0.012487079401649767
sector_factor_11,discovery,201606,0.001750157058185238,0.04243353948953882,0.18456788984848385,-0.16275293576815764
sector_factor_11,discovery,201607,0.006648991866714628,-0.004297004101612228,0.11704223606026545,0.13055163068011794
sector_factor_11,discovery,201608,-0.0052885766126561425,0.012583266282182076,0.0461058329812098,-0.0013404256916000757
sector_factor_11,discovery,201609,0.00045120081124934745,0.012834279450471515,0.1163132932735624,-0.07921489312430549
sector_factor_11,discovery,201610,-0.000735773260180772,0.013522486162810309,0.06050708874590629,-0.08873748208565044
sector_factor_11,discovery,201611,0.0085550699275303,0.002291890083705023,0.21844663777652348,0.070528270921443
sector_factor_11,discovery,201612,-0.00458476128231879,-0.014617985080109393,0.07386578131318781,0.004370652691239915
sector_factor_11,discovery,201701,0.03854936777290416,0.03810126600502473,0.3464643784029963,-0.02266954347316641
sector_factor_11,discovery,201702,0.0035276570158371576,0.02562375895342686,0.07134622497108996,0.08864643553157141
sector_factor_11,discovery,201703,0.031308478376882234,0.03043013169637719,0.1790844103937154,-0.036176811214527815
sector_factor_11,discovery,201704,0.036855553034129865,-0.012547615700815286,0.2990216332445164,0.038864517052051045
sector_factor_11,discovery,201705,-0.014246908020035531,-0.03126614043474547,0.09302441773856773,-0.14471399045596373
sector_factor_11,discovery,201706,0.005843427301811313,0.027297383239849957,0.09765611442871375,0.09367937921952661
sector_factor_11,discovery,201707,0.027838467123120124,0.022931108512594143,0.24266425369161052,0.10964244068200109
sector_factor_11,discovery,201708,0.012835877923680832,0.04290550083539489,0.1695190933824772,0.11979626830703187
sector_factor_11,discovery,201709,0.009697518244634648,0.014332139638732075,0.16889091105602794,-0.0014669173088626623
sector_factor_11,discovery,201710,0.0009535507182342776,-0.008619981436726556,0.04618318185108312,0.03872299750294325
sector_factor_11,discovery,201711,0.005075447134774078,-0.028065775854404573,0.18820241833784726,0.03842291770383371
sector_factor_11,discovery,201712,0.0016950742754172684,0.009232256745564795,0.08329988651108003,-0.07685780335922854
sector_factor_11,discovery,201801,-0.0023153375876063813,-0.062043167586935774,0.07501284206015293,-0.016563828310835596
sector_factor_11,discovery,201802,0.011567711247955302,0.06863887842356538,0.05997690052851343,0.09431076548773985
sector_factor_11,discovery,201803,-0.0019748774478317655,0.00234924939802361,0.061943487275042,0.0027224064157998534
sector_factor_11,discovery,201804,0.005583256892631371,-0.0011845802319132616,0.1901367041060159,-0.011692500562362547
sector_factor_11,discovery,201805,-0.004066582989214868,-0.022792725340166894,0.03865817659330002,0.008417145240075247
sector_factor_11,discovery,201806,0.01864820177604915,-0.03990302140853601,0.21489308177859248,0.05298316526370106
sector_factor_11,discovery,201807,-0.0035610462776804468,-0.014390386707964354,0.007106172434186381,0.0028608007969602093
sector_factor_11,discovery,201808,0.007390374257765175,-0.011483350273148204,0.11273575539269427,-0.030547566931106135
sector_factor_11,discovery,201809,0.0001685081739327,-0.052306851249886675,0.04087554787302492,-0.09620189260395001
sector_factor_11,discovery,201810,-0.005422532243616092,0.027453624186778647,0.04125935945343295,0.000113883929756133
sector_factor_11,discovery,201811,0.003840156093403859,0.015158419853965328,0.11672905130768649,0.007957781290440336
sector_factor_11,discovery,201812,-0.0026581855319648684,-0.017227423080621522,0.07056601737415186,-0.09489864396651444
sector_factor_11,discovery,201901,0.008549431873238615,0.03199542393085721,0.08532746007748401,-0.023955820367048793
sector_factor_11,discovery,201902,0.005074081411526351,0.12448748808354139,0.019615930943579586,0.0159900851347699
sector_factor_11,discovery,201903,-0.004995445128649217,0.0401763569835263,0.024512235596218915,0.03675048573125944
sector_factor_11,discovery,201904,0.032237853095616546,-0.029368619858074194,0.2027025307969667,0.006882634277512936
sector_factor_11,discovery,201905,0.007569160054908483,-0.0011824100528610867,0.07727872158306501,0.08370281853214588
sector_factor_11,discovery,201906,-0.006956657492204827,0.011572729617488987,0.0647701489068691,-0.14422065314420485
sector_factor_11,discovery,201907,-0.0007747148471076773,-0.02987810399727491,0.07354912142105126,-0.04074785065955415
sector_factor_11,discovery,201908,-0.006770099946721822,0.03711776899872348,0.09370934449254742,-0.044565458621479453
sector_factor_11,discovery,201909,-0.00554912324765156,-0.01781569898070302,0.07800638041819516,-0.04201254656529889
sector_factor_11,discovery,201910,0.007490443445766474,-0.004562254650146416,0.14077084796938547,0.00040014951372804283
sector_factor_11,discovery,201911,-0.0026610388761731047,-0.0012649680755982577,0.07285396471548597,-0.01611991377799126
sector_factor_11,discovery,201912,-0.005447921837726882,0.040313668599893306,0.049335989883100284,-0.029450883050882115
sector_factor_11,discovery,202001,0.02633623533543669,-0.021578916827274953,0.1302898816778899,0.01500976703582682
sector_factor_11,discovery,202002,-0.02100136430479023,0.028205916873703246,0.060529658743569546,-0.10597366026751473
sector_factor_11,discovery,202003,-0.0034936394282580343,-0.02808490984647175,0.010113240240949003,0.028032341484649555
sector_factor_11,discovery,202004,0.025101182882674794,0.03543723291756275,0.18130700147701506,0.004274875103319861
sector_factor_11,discovery,202005,0.0032133873412466293,0.021332069646369845,0.020668920350923856,0.002686485207467295
sector_factor_11,discovery,202006,-0.008288813967888203,0.05445579698140819,0.02731872758365459,-0.1237349165457389
sector_factor_11,discovery,202007,0.007636668737157203,0.03648213111863816,0.09215752990159165,0.04958520433088889
sector_factor_11,discovery,202008,-0.0012601166420118791,-0.0050339844670989325,0.04471970611038867,-0.06466083625945787
sector_factor_11,discovery,202009,0.0019334849083179069,-0.0011354020712050527,0.06398874305125216,-0.10334595952434605
sector_factor_11,discovery,202010,-0.007802217281955946,-0.018549836190140924,0.036155462475667956,-0.04758513189457965
sector_factor_11,discovery,202011,0.01968596981898023,0.023470064150595653,0.12488103246604992,0.047592686950278296
sector_factor_11,discovery,202012,0.01196684243919406,-0.01113543182784823,0.08813637313637933,-0.04223200497160241
sector_factor_11,discovery,202101,-0.006284801627512308,-0.025445378038857595,0.06616777649055221,-0.1544082590386221
sector_factor_11,discovery,202102,-0.009688581574423977,0.02341879362987432,0.09047010715748126,0.026184706125092314
sector_factor_11,discovery,202103,0.005440114700447346,0.013403973460576115,0.0688490990817213,-0.019055144609183467
sector_factor_11,discovery,202104,0.020997204293239053,0.027404015911174827,0.14293013983432662,0.035928858223995885
sector_factor_11,discovery,202105,-0.007249202082629441,0.024692995868907826,0.04039966128393212,-0.026308050737300383
sector_factor_11,discovery,202106,0.0003820529152168778,0.011928329825154616,0.039981302304381856,0.024855808562100574
sector_factor_11,discovery,202107,0.01575823461708775,0.026101172782835583,0.13777174767999797,0.018406660777256514
sector_factor_11,discovery,202108,0.0040288242935215155,0.031439750383354045,0.05692877597697938,0.09665967004021496
sector_factor_11,discovery,202109,-0.0013780445934028652,-0.019571570608804906,0.08601509645587498,0.04117343829624331
sector_factor_11,discovery,202110,0.018543086206646117,0.015682999349883174,0.10436276768056968,0.08962264345924562
sector_factor_11,discovery,202111,0.01866023697737434,0.050269727007782254,0.08824043041983486,-0.004091404602397649
sector_factor_11,discovery,202112,-0.0011246670928916048,0.011905223651568953,0.017185040380865893,0.06017467442606259
sector_factor_11,discovery,202201,-0.0014697713948641246,-0.03408049233364995,0.08450855526550885,-0.09497845100257023
sector_factor_11,discovery,202202,0.007003055896802718,0.002198165317349776,0.06343328016111824,0.047955015387737665
sector_factor_11,discovery,202203,0.011753341942661637,-0.011802377301184764,0.040931816178469076,-0.01258738782340678
sector_factor_11,discovery,202204,0.003391355538222515,-0.04035455450694395,0.11719903440212043,0.034708137999412615
sector_factor_11,discovery,202205,0.011242654568009765,0.05775248030013723,0.049771117756245126,0.1897152716695469
sector_factor_11,discovery,202206,-0.01032362335264407,0.010524480204358476,0.049461105672116146,-0.09180219475768447
sector_factor_11,discovery,202207,-0.01564509982423794,-0.0045594261795659325,0.007181403897046087,-0.21619023910025184
sector_factor_11,discovery,202208,-0.0026009425894744074,-0.004418832537687749,0.054756313119093444,0.059431270015293525
sector_factor_11,discovery,202209,0.013596539059140303,-0.018732935320752275,0.16581755342591553,0.017639070625777433
sector_factor_11,discovery,202210,0.008411827671232736,0.041110791161554514,0.022504559798468615,0.129117727588949
sector_factor_11,discovery,202211,0.012426688409086084,0.029659343707945398,0.13628881155639336,0.01521719365387137
sector_factor_11,discovery,202212,0.0045696694671892015,-0.004125223028214268,0.10114761740434056,0.014184628384577142
sector_factor_11,discovery,202301,0.0029899454782640984,0.0477861483785091,0.04851071772520133,0.13417799436742778
sector_factor_11,discovery,202302,-0.00048290741773428307,0.0004906201232006427,0.03455732810440278,-0.006422712286205964
sector_factor_11,discovery,202303,0.004535796742526212,0.006344939064254741,0.048956847900735775,0.09256440866654343
sector_factor_11,discovery,202304,-0.009552992912926352,-0.030034595611964747,0.04638188327694981,-0.07127142183983505
sector_factor_11,discovery,202305,-0.006066217843229646,-0.0007641232987953116,0.001953013948732996,-0.01789833936963294
sector_factor_11,discovery,202306,-0.0019983878188232075,0.007165600183361676,0.026842707896472234,-0.09861534899864605
sector_factor_11,discovery,202307,0.016077576806353626,0.014468056583774298,0.0865187141405222,0.10924873589051656
sector_factor_11,discovery,202308,-0.0030279831849912954,-0.012642038351876416,0.03239182315878992,-0.01255610646256467
sector_factor_11,discovery,202309,-0.006373687292093659,-0.018816070869506804,0.06465735277695765,-0.09110891972113393
sector_factor_11,discovery,202310,-0.02212477563457967,-0.005381392773843426,0.002125605108620581,-0.18224889449920934
sector_factor_11,discovery,202311,-0.0019757398353743706,0.0051147431968605475,0.04956699641299462,-0.08547528992175635
sector_factor_11,discovery,202312,0.008268279377801304,-0.009329716713511429,0.05022053153107999,0.006050803265964165
sector_factor_11,validation,202401,0.03396432307547199,-0.06008924597898096,0.1447509134350471,0.08836740621896953
sector_factor_11,validation,202402,0.0064048859292115574,0.10302427077200263,0.04151273734592501,0.24113673659467005
sector_factor_11,validation,202403,0.013401761806259956,0.016101457907158574,0.07024584372541964,0.13899666327706015
sector_factor_11,validation,202404,-0.025870301596565275,-0.016317382537527007,0.01160347957484829,-0.12126147313841022
sector_factor_11,validation,202405,-0.0017865483246988778,-0.03982036523644637,0.1100973274243903,-0.07999908183529363
sector_factor_11,validation,202406,0.007714051561449135,-0.016730359165108222,0.08701049138976934,0.10175361794059003
sector_factor_11,validation,202407,0.0008600597651278979,0.0016074781869183819,0.04777573447184028,-0.11920077121931606
sector_factor_11,validation,202408,-0.0041468514289468026,-0.01877621663777311,0.07300386128958855,-0.06821777165766421
sector_factor_11,validation,202409,-0.02082395488737948,0.11012634166246771,0.025000639953939113,-0.048520090790470705
sector_factor_11,validation,202410,-0.018816237409009513,0.05471916149965384,0.08065671200440042,-0.10474198329785762
sector_factor_11,validation,202411,-0.004634845386873324,0.01584584699549374,0.04442407604594626,-0.12939552096236534
sector_factor_11,validation,202412,0.005426674357471457,-0.04781812254275957,0.10199485660104192,0.048870311109208475
sector_factor_11,validation,202501,0.0037885389726133242,0.04803842580747894,0.03164518108555776,-0.020775517261731376
sector_factor_11,validation,202502,0.009832123185973152,0.03443130527157337,0.07602099576214418,-0.08340840292231777
sector_factor_11,validation,202503,0.008648880789737013,-0.026358920821052272,0.0355644037173491,0.16840215146433968
sector_factor_11,validation,202504,-0.012392489235985859,0.02073232664815372,0.04625968346256422,-0.012652970548227595
sector_factor_11,validation,202505,-0.014740906708101964,-0.0009775368180462948,0.010417376517410912,-0.16821389425528055
sector_factor_11,validation,202506,-0.002566968852154817,0.017811997399358008,0.0693839366757219,-0.12347597991212367
sector_factor_11,validation,202507,-0.0009438328186376673,0.02611903173737633,0.02800364035152299,-0.14047435744285322
sector_factor_11,validation,202508,-0.017977793925011205,0.005180564071599207,0.0209474564038611,-0.012973728813857574
sector_factor_11,validation,202509,-0.003707537872659469,-0.001188829993241763,0.07276984997274807,-0.08085454686199835
sector_factor_11,validation,202510,-0.002558859542747977,0.017983929253772228,0.06906073735407688,-0.05773523083282299
sector_factor_11,validation,202511,-0.010386341993925595,-0.01981324941967614,0.04541609133704184,-0.06708637540250202
sector_factor_11,validation,202512,-0.0060596864105173535,0.026664319877138198,0.01661546214170596,0.006319884166931927
sector_factor_11,observation,202601,0.014007236260874889,0.025316480820911237,0.061908875973600806,-0.083165467604739
sector_factor_11,observation,202602,-0.023309832748629918,-0.022001617376060625,0.014422090886729326,-0.029728221635654535
sector_factor_11,observation,202603,0.006948173590311746,-0.0155294776188715,0.08461192112406889,0.05846344174684514
sector_factor_11,observation,202604,-0.012751848613260794,0.01600110898476227,0.02108065088680898,-0.040707823554381614
sector_factor_11,observation,202605,4.123919296717147e-05,-0.03738536911686034,0.06714141163930008,-0.037801812711289455
sector_factor_12,discovery,201501,-0.005988989228372682,0.005617037578194868,0.04780253399005328,-0.14593863275625255
sector_factor_12,discovery,201502,0.003591724855475203,0.08499449928756803,0.10310905235419286,0.09018639242806745
sector_factor_12,discovery,201503,0.0049242048344373115,0.12547850910500116,0.11202245316810332,0.009235767978447447
sector_factor_12,discovery,201504,0.017093105927988163,0.07764504949071645,0.10028618497344773,0.06175278983750176
sector_factor_12,discovery,201505,0.02108117558304662,0.22046015802770852,0.12850296837214015,0.08794569859703288
sector_factor_12,discovery,201506,0.021574409528237797,-0.16364842461009088,0.2138151218372894,0.013275334142680137
sector_factor_12,discovery,201507,0.0202728877109474,0.11955741811341243,0.14641849302635723,0.09632478901438062
sector_factor_12,discovery,201508,0.005333553997276098,-0.12326022171792353,0.14980773356817606,-0.01912020146361789
sector_factor_12,discovery,201509,-0.0010240473496704462,0.08472557159006101,0.07799994682598813,0.059767273166731014
sector_factor_12,discovery,201510,-0.012244056773079649,0.06683406904175011,0.0459869034169519,-0.12927384285531576
sector_factor_12,discovery,201511,-0.011382097872522175,0.012675100408627519,0.07115213597978441,-0.034993325083233814
sector_factor_12,discovery,201512,-0.004825097318996734,-0.0650137789661328,0.054246144799427895,-0.047150958049514295
sector_factor_12,discovery,201601,-0.005941391042508787,-0.04618537685310002,0.061280974022425994,-0.11096361335390115
sector_factor_12,discovery,201602,0.0066350842866443015,-0.0060266679178312185,0.10101820865793157,0.01492332908966215
sector_factor_12,discovery,201603,0.0030737994216522443,0.07278894443879835,0.14929628947005022,0.08002529158435175
sector_factor_12,discovery,201604,0.002287263109022741,-0.02783461669154349,0.11243423306937857,-0.011686402815334607
sector_factor_12,discovery,201605,0.0018151540588043585,0.0167728656356866,0.11601691174453223,0.008414950751712714
sector_factor_12,discovery,201606,-0.008960982488000705,0.03175052858132403,0.0441156921141289,-0.0706149788381554
sector_factor_12,discovery,201607,-0.006236293003995883,-0.01718228897232274,0.08698927645732653,-0.010900505759490578
sector_factor_12,discovery,201608,-0.003595470451166191,0.014276372443672027,0.11854694499951807,-0.015402565894247622
sector_factor_12,discovery,201609,-0.0014506895009338936,0.010932389138288274,0.061740297487628035,0.0073908059873687825
sector_factor_12,discovery,201610,0.002729795313520922,0.017101907533007533,0.09095241156161926,0.03510898032110357
sector_factor_12,discovery,201611,0.0020919191173224476,-0.004213617132336366,0.12114721378289571,0.03504828230514308
sector_factor_12,discovery,201612,0.002123651457747658,-0.00785907392260428,0.13464967456183402,-0.00022121596790160292
sector_factor_12,discovery,201701,0.011525958504881223,0.012796907371537398,0.13129210938772878,0.01717474268397027
sector_factor_12,discovery,201702,0.002782058995634446,0.028352900736717854,0.09407113678905804,0.03507161840656538
sector_factor_12,discovery,201703,0.02282324746519767,0.021888899362554937,0.19237011542896523,0.09007405820201012
sector_factor_12,discovery,201704,0.019019044806067944,-0.03046206650227153,0.15392201349727283,0.07927864487485697
sector_factor_12,discovery,201705,0.008180986514529826,-0.008758397698547924,0.15091079694121665,-0.002362550332403515
sector_factor_12,discovery,201706,0.0011621755418555887,0.022616131479894233,0.08824655279731076,0.039440233284847456
sector_factor_12,discovery,201707,0.0036005794156672164,-0.0014571504668787212,0.12650033620338785,0.024189417245236083
sector_factor_12,discovery,201708,0.004072852210308087,0.03428541898686925,0.1481302801352637,-0.03531911820475596
sector_factor_12,discovery,201709,0.009791670905545639,0.014329389666956904,0.12096479902543468,0.023222579071500465
sector_factor_12,discovery,201710,0.014872578741026729,0.005193856500141812,0.2234683252058149,0.08844777684993711
sector_factor_12,discovery,201711,0.0037153810149386387,-0.029421853393895702,0.10375772697602935,0.012004685316424705
sector_factor_12,discovery,201712,0.010401963680507083,0.017560557350190634,0.0890348985104226,0.06793670332662397
sector_factor_12,discovery,201801,-0.002233521887803358,-0.06180314909625766,0.09129037170727536,-0.014280712150433294
sector_factor_12,discovery,201802,0.00355720860443237,0.06040182683927318,0.13750115986291975,0.09055725127160609
sector_factor_12,discovery,201803,-0.0036885733065515065,0.0005116661377872918,0.07891275563193258,0.00042019382505863303
sector_factor_12,discovery,201804,-0.003470704907141937,-0.010452489008053413,0.07838861814967636,-0.10878782153970064
sector_factor_12,discovery,201805,0.005363169961591243,-0.013298409329366802,0.10777284533933588,0.051633636461930095
sector_factor_12,discovery,201806,0.005033503619228499,-0.053484202107356396,0.13919830252332144,-0.046252814228053676
sector_factor_12,discovery,201807,0.011399027655687106,0.000521432344976347,0.12160145839451603,0.06648451409263204
sector_factor_12,discovery,201808,0.00826813187935699,-0.01060559265155639,0.17597393618391835,0.03659273751010771
sector_factor_12,discovery,201809,0.005876048206560645,-0.0466425055879977,0.18793747034474215,0.0871789048904907
sector_factor_12,discovery,201810,-0.008504760044801107,0.02441732727909564,0.06836220317074762,-0.013246000751094984
sector_factor_12,discovery,201811,-0.0013148099233069243,0.010003453837254546,0.09992277150837657,-0.02630027295086109
sector_factor_12,discovery,201812,-0.004764940452305855,-0.019680456709465943,0.10351311763543827,0.007838501573784289
sector_factor_12,discovery,201901,0.0036519522430999195,0.027443173185879875,0.06328219066352733,0.019137416316554686
sector_factor_12,discovery,201902,-0.013473647046970723,0.10605094910444071,0.022868859467172573,0.025671760981099696
sector_factor_12,discovery,201903,-0.009014230670109922,0.03590709242733802,0.08484116653131865,-0.12829103635286948
sector_factor_12,discovery,201904,0.004262512217287133,-0.05733956793223375,0.11208342474940211,-0.0021807169992642188
sector_factor_12,discovery,201905,0.004375945175242712,-0.004427165109664202,0.09745980415660811,0.007259704310039357
sector_factor_12,discovery,201906,0.002387059071705746,0.02090765629880384,0.09941968735500871,0.021458612050097768
sector_factor_12,discovery,201907,0.008846201477246587,-0.02027857992902484,0.11896833380687358,0.039899355112791864
sector_factor_12,discovery,201908,-0.020691194289672345,0.02328576136711821,0.03118284839207114,-0.09108812921296945
sector_factor_12,discovery,201909,0.001388563974390405,-0.01090007858008903,0.11497747336896884,0.05654315478857079
sector_factor_12,discovery,201910,0.013075476504886014,0.0012194790115327375,0.16454980624915105,-0.0017508971273131012
sector_factor_12,discovery,201911,0.002357453894359106,0.003778447747962283,0.0874163604368474,-0.06013890586221587
sector_factor_12,discovery,201912,0.03255752526796778,0.07834348837151826,0.2141435433893853,0.05600482570930532
sector_factor_12,discovery,202001,0.012450692658353852,-0.03543764688074589,0.09968963444647812,0.04489395013682411
sector_factor_12,discovery,202002,-0.01488870834574706,0.03429981750407023,0.05171398464103215,-0.02153302900094935
sector_factor_12,discovery,202003,-0.012105410660867523,-0.036883130136332265,0.059551957785463044,0.015930597786968217
sector_factor_12,discovery,202004,0.012569705305427906,0.022920437139968965,0.12807515819188592,-0.06445184578129905
sector_factor_12,discovery,202005,0.012981634406587426,0.03124775740563766,0.11355678300525238,0.010200792711256764
sector_factor_12,discovery,202006,0.00845680744092016,0.07136061391414841,0.09084585643772472,-0.003110900979268906
sector_factor_12,discovery,202007,0.007505210891747882,0.03631193164872694,0.13643678717476335,-0.029483263407133486
sector_factor_12,discovery,202008,-0.011513218729889724,-0.015368836765160918,0.06602106227147275,0.009440987752144704
sector_factor_12,discovery,202009,0.0010669618907770387,-0.0018769902238504573,0.103007209282383,-0.003933129591336134
sector_factor_12,discovery,202010,0.0036406866942338277,-0.0071103414005847295,0.1022657140165751,0.03730743202475851
sector_factor_12,discovery,202011,0.012473555788429791,0.01622093231276917,0.13169013117026893,0.03368868537327959
sector_factor_12,discovery,202012,0.041570675405162925,0.0184205203374048,0.1613665346256245,0.09351530048899508
sector_factor_12,discovery,202101,0.010601320493836284,-0.008590136378534226,0.1425446870547916,0.05398310004892889
sector_factor_12,discovery,202102,-0.008596314817808644,0.024347104164141153,0.07716475088671268,0.029898856497023958
sector_factor_12,discovery,202103,-0.015542181050910429,-0.007653392967989456,0.03793042598160456,-0.04909830294955496
sector_factor_12,discovery,202104,0.0015500663145358545,0.007931252597838811,0.08074176906086666,-0.023419068189888863
sector_factor_12,discovery,202105,0.007144830861621831,0.03914150486615552,0.11633378370796763,0.00850906043989326
sector_factor_12,discovery,202106,0.02147263737279966,0.0331615766475027,0.11883422786188891,-0.010875057182698641
sector_factor_12,discovery,202107,-0.0034035395185897004,0.007119251853278416,0.07474110300582333,-0.004342138398636366
sector_factor_12,discovery,202108,-0.006547530951748732,0.02085065282312412,0.07686861164184132,-0.0029759187037801545
sector_factor_12,discovery,202109,-0.016509201751724763,-0.03492004458774318,0.08200405937717536,-0.007633817142560767
sector_factor_12,discovery,202110,-0.014826180416812978,-0.017025707158245494,0.07258114383791786,-0.0024618866361198893
sector_factor_12,discovery,202111,-0.005582264216075951,0.02603936278385597,0.058114294022467955,0.10162483481083635
sector_factor_12,discovery,202112,-0.01693173090919279,-0.004095864002390401,0.04136846276657487,-0.00404752948807218
sector_factor_12,discovery,202201,-0.001984171585962157,-0.03476334277557295,0.0737247762403404,0.02163054150166405
sector_factor_12,discovery,202202,-0.005822384754380563,-0.010598450337522537,0.03201669301915473,-0.11707225621144009
sector_factor_12,discovery,202203,0.02266080946063102,-0.000922831747194995,0.09700396644363059,0.04916574065194205
sector_factor_12,discovery,202204,0.002973941959052319,-0.041004297987207165,0.06545266217435894,-0.01831716640071724
sector_factor_12,discovery,202205,0.0019232614748656482,0.0482570461401912,0.0877634493643186,0.008163788743405011
sector_factor_12,discovery,202206,-0.020739828507137764,8.865748850872546e-05,0.027289758371771763,-0.06250193562766572
sector_factor_12,discovery,202207,-0.00854299077626244,0.0028404844326793124,0.0881387990678369,0.020462408923698848
sector_factor_12,discovery,202208,0.0031665171405522545,0.001305220344574596,0.07871460374066805,0.12303761538649134
sector_factor_12,discovery,202209,0.0014147607815073742,-0.03089423013686125,0.1333367048748263,-0.07536149723555005
sector_factor_12,discovery,202210,0.014370246689288052,0.04716929052810883,0.12991435927620085,0.07753439832776148
sector_factor_12,discovery,202211,-0.00709211712235067,0.010107366635863648,0.06311928967305783,-0.07873674384098643
sector_factor_12,discovery,202212,-0.002769526394543836,-0.01142675353489308,0.08731225849388918,0.0030165779038181305
sector_factor_12,discovery,202301,-0.004817465977784319,0.039916211906620445,0.043254646469396,0.043610113008354774
sector_factor_12,discovery,202302,-0.002634895134065785,-0.0016562421838898444,0.062433519248572454,-0.0047045225107175655
sector_factor_12,discovery,202303,0.014822685714746433,0.01680102667913003,0.13222577398450136,0.05731588883181464
sector_factor_12,discovery,202304,-0.008795784298111264,-0.029325350349321717,0.06158580109596831,0.10002513234872522
sector_factor_12,discovery,202305,0.01268321965581462,0.01819932307465933,0.09568989145541028,0.09786880887446062
sector_factor_12,discovery,202306,0.015351320019802567,0.024387267602214706,0.16154160242697388,0.14748133952680276
sector_factor_12,discovery,202307,-0.008366376559587944,-0.010031402603046791,0.09057902151264753,-0.01131724482557311
sector_factor_12,discovery,202308,-0.013968040686447428,-0.023574459016590082,0.04147540442127795,-0.12076122159531388
sector_factor_12,discovery,202309,-0.002272769975849298,-0.014583056966948787,0.08980865958431525,-0.005134242270959729
sector_factor_12,discovery,202310,-0.007880310381863475,0.008853062111815876,0.08654195288465702,-0.0006785929056469471
sector_factor_12,discovery,202311,-0.002038942759540552,0.005096553936478316,0.023835250576826082,0.00476979395897823
sector_factor_12,discovery,202312,0.004964761382267624,-0.012681996207434817,0.08611307488269342,-0.007598495725328182
sector_factor_12,validation,202401,-0.00040525693898827,-0.09444890224152584,0.09868433535568318,-0.030670862518430632
sector_factor_12,validation,202402,-0.008998703647186666,0.08777248221759995,0.011950523724811033,0.11595574498952112
sector_factor_12,validation,202403,-0.0066281018252188325,-0.003914019086542317,0.05207455520547398,0.005287747406358158
sector_factor_12,validation,202404,0.0018127769287365186,0.011377123658894562,0.07113921178225804,-0.05842655451137441
sector_factor_12,validation,202405,0.004885967767088238,-0.03317080704626278,0.05986607234472312,0.024743555226587555
sector_factor_12,validation,202406,-0.0023582831464406184,-0.026841698845505323,0.07545292735304408,-0.04861398075067122
sector_factor_12,validation,202407,0.0018674141596327885,0.002089057183247464,0.1147186136313579,-0.04617927743217668
sector_factor_12,validation,202408,-0.002085249429502778,-0.01696027995507889,0.06856405973357484,-0.05872421606304944
sector_factor_12,validation,202409,-0.022279993973793145,0.10598016953353133,0.047426147150768094,0.037966901794287494
sector_factor_12,validation,202410,-0.02423331272245276,0.04522488078218885,0.041959031280747044,-0.03797935695240928
sector_factor_12,validation,202411,-0.01906369510436461,0.0014125710840246371,0.05429162589405584,-0.027863127928355096
sector_factor_12,validation,202412,-0.015674816556938392,-0.06890646722802724,0.018854236102089268,-0.017952393586691488
sector_factor_12,validation,202501,-0.0011096467783825146,0.0431458713965387,0.06705168049529589,0.03544302113587351
sector_factor_12,validation,202502,0.002226936968227071,0.02680894143284402,0.0561758177127597,0.06191112474864784
sector_factor_12,validation,202503,-0.013565238206811872,-0.0486025375513626,0.026658095182094804,0.028583197465125852
sector_factor_12,validation,202504,-0.00776405039944988,0.025361556949792433,0.039709743358771254,-0.0022807166104132992
sector_factor_12,validation,202505,0.0018046952711619048,0.015557080299339233,0.07854070370961139,-0.027146167259359782
sector_factor_12,validation,202506,0.0017114828160571828,0.022090449067570007,0.11542696213392345,-0.027592717391368517
sector_factor_12,validation,202507,-0.00986270214975434,0.01720588766065888,0.107450758843646,-0.05661747118191084
sector_factor_12,validation,202508,0.016420297116675357,0.03955780364910987,0.1356988804079172,-0.001306002020874246
sector_factor_12,validation,202509,0.024668934495780063,0.02718764237519777,0.16722999051550833,0.04361205321604914
sector_factor_12,validation,202510,-0.01081823058853996,0.009724558207980249,0.05014785911044163,-0.13063993248505523
sector_factor_12,validation,202511,-0.0006460044247963094,-0.010077136333566158,0.06364054860704674,0.04242127210769505
sector_factor_12,validation,202512,-0.012990297994173597,0.019733708293481957,0.11900650410341972,-0.021430752604767647
sector_factor_12,observation,202601,0.002027628418592894,0.013338390903663821,0.07207407261613033,-0.015534536341222035
sector_factor_12,observation,202602,0.007919863215023899,0.009192709653871133,0.07237091305461359,-0.04552453534231409
sector_factor_12,observation,202603,-0.0032292838936392567,-0.025706935102822504,0.08099908182707855,0.016071536036734595
sector_factor_12,observation,202604,-0.016053499784569603,0.012699457813453462,0.0727372522707596,-0.051661315003432705
sector_factor_12,observation,202605,-0.026627212280785826,-0.06405382059061335,0.007119569073252396,0.14695051508384388
sector_factor_13,discovery,201501,,,,
sector_factor_13,discovery,201502,-0.016466815031024044,0.06505253176825741,0.04731601675936795,-0.15940460816364435
sector_factor_13,discovery,201503,-0.0074936297198324306,0.11306067455073142,0.08938770846561817,-0.17179199890020083
sector_factor_13,discovery,201504,-0.006832144945377834,0.05371979861735045,0.028366745603618525,-0.015019366436009925
sector_factor_13,discovery,201505,0.028986783743938833,0.2276777306490112,0.12195641065595444,0.19383041148794722
sector_factor_13,discovery,201506,0.032832512039529894,-0.1528694867841079,0.15673980695943113,0.19800631954100126
sector_factor_13,discovery,201507,0.012097192875271438,0.11138172327773645,0.09695046860908853,0.08901620327537182
sector_factor_13,discovery,201508,-0.0071310753103214644,-0.1357269313574458,0.0731166979398511,-0.004579055597215083
sector_factor_13,discovery,201509,0.017601728974746145,0.10347370900028181,0.05778952588852039,0.2777622820511667
sector_factor_13,discovery,201510,-0.005169426255069075,0.07396927384714432,0.059502612138275776,-0.1334242389256306
sector_factor_13,discovery,201511,-0.013530781727047716,0.010570786628206753,0.07952306935181329,-0.1523786105606718
sector_factor_13,discovery,201512,-0.003654311286821152,-0.06378055835907023,0.05909174294311209,-0.04854513926756964
sector_factor_13,discovery,201601,0.012810793376211878,-0.027556684690644033,0.10742044449102525,0.09839921611510931
sector_factor_13,discovery,201602,0.0032550387619623856,-0.009406713442513138,0.04151261544870641,0.0499674132084523
sector_factor_13,discovery,201603,-0.0023416746876293087,0.06734746284276732,0.042825608623560434,-0.007867037116256801
sector_factor_13,discovery,201604,0.00671712228110499,-0.023315248252448233,0.13155487583593056,0.10799864680142468
sector_factor_13,discovery,201605,0.005688127196885308,0.020567150359108513,0.11890725365428574,0.03152677704644765
sector_factor_13,discovery,201606,-0.017573322108450053,0.023138188960874686,0.015981694114932755,-0.17456886839229574
sector_factor_13,discovery,201607,0.0004931567157463009,-0.010452839252580556,0.09702750992334416,0.12210747301247474
sector_factor_13,discovery,201608,-0.0011673335941965732,0.016704509300641646,0.08862443096994281,-0.030436816122308984
sector_factor_13,discovery,201609,-0.0003309326868924274,0.01205214595232974,0.05695502702269767,-0.027205311567762992
sector_factor_13,discovery,201610,-0.009026186187361795,0.005232073235629286,0.02492466939997834,-0.14636891239980296
sector_factor_13,discovery,201611,0.0031639573451357427,-0.0031634169485683246,0.18825792624873564,-0.04559535439195981
sector_factor_13,discovery,201612,0.0010082136926316421,-0.009025010105158963,0.08650459703591865,-0.00872416838109643
sector_factor_13,discovery,201701,0.008326810490432168,0.00799103717888809,0.18196229566529282,-0.019878542927948058
sector_factor_13,discovery,201702,0.001228179793457927,0.026082721258798198,0.07413354767671011,-0.13261218468030972
sector_factor_13,discovery,201703,0.0036176613491197907,0.0027380452348987334,0.05660752899433164,0.12073075078573858
sector_factor_13,discovery,201704,0.01079223422325723,-0.03866120363268742,0.10260423965620767,0.07410501069959351
sector_factor_13,discovery,201705,0.005768591681449569,-0.011190937119972658,0.04489168818774257,0.04590506675728185
sector_factor_13,discovery,201706,0.011354713041018677,0.03280866897905732,0.1492947994385908,0.09384001481336218
sector_factor_13,discovery,201707,0.006628555347264949,0.0016625924388097794,0.13200109053494635,0.018091222583798684
sector_factor_13,discovery,201708,0.013912632913594168,0.044044369081814735,0.16410973773032128,0.1542537558160272
sector_factor_13,discovery,201709,-0.004395736967140236,0.00017177249846142914,0.025991415794247717,0.03892497174409901
sector_factor_13,discovery,201710,0.0018893172872694707,-0.007781651896520463,0.06215486494229984,-0.09766126810587047
sector_factor_13,discovery,201711,0.006285624663654349,-0.026835267430181955,0.05640445175443054,0.04799839603848341
sector_factor_13,discovery,201712,0.010995861298789242,0.01829235643072891,0.15022853499513417,-0.044064344027842525
sector_factor_13,discovery,201801,0.0038363791212851304,-0.05578533392836107,0.09996044162209229,0.02490684682379145
sector_factor_13,discovery,201802,0.021159733864029237,0.07802737458609045,0.11267786435136087,0.24352777345175955
sector_factor_13,discovery,201803,-0.0147900722426492,-0.010468556648794964,0.02729864144102637,-0.1284525802585164
sector_factor_13,discovery,201804,0.007699655308161621,0.0008026162359682432,0.12282564223865926,-0.0430283484853442
sector_factor_13,discovery,201805,-0.0013039541468256748,-0.019996446686458183,0.07323395488486267,-0.04969204105678927
sector_factor_13,discovery,201806,0.024550587698252656,-0.03396163681754842,0.20659515904392797,0.092698597751911
sector_factor_13,discovery,201807,-0.0010950818396992775,-0.011945399203250417,0.04965718708440843,0.07811404860902077
sector_factor_13,discovery,201808,0.009094776820911213,-0.009778947710002166,0.22149517233970412,0.07463288918142821
sector_factor_13,discovery,201809,0.0044322755073875715,-0.04803888005805532,0.08054847477416613,0.06872452177498815
sector_factor_13,discovery,201810,0.0003022543866152603,0.03322434171051201,0.030046683629925353,0.05650984151367714
sector_factor_13,discovery,201811,0.00030710439665500506,0.011625368157216475,0.095992918581085,0.029232938969457337
sector_factor_13,discovery,201812,-0.001915982383109673,-0.01653095519402996,0.050527282949633746,-0.09353676036145532
sector_factor_13,discovery,201901,0.003320871988670271,0.027111706849973414,0.04401159278993649,-0.027618850883278864
sector_factor_13,discovery,201902,0.014845704327589023,0.13425911099960405,0.08206476324719296,0.2561279156103008
sector_factor_13,discovery,201903,0.010079578475312137,0.05508972214523791,0.0614347344782726,0.15437879881951438
sector_factor_13,discovery,201904,0.015031670832420534,-0.04667410717645128,0.1461750410699394,0.003171267749500558
sector_factor_13,discovery,201905,0.005554850388319335,-0.0031957100373983848,0.08453187661166119,0.03112672985460006
sector_factor_13,discovery,201906,0.00096617852891261,0.019448495016120813,0.030043546094657,0.029330648919511256
sector_factor_13,discovery,201907,0.000765122630306432,-0.028338636686195334,0.07050088047588288,-0.029708870470227845
sector_factor_13,discovery,201908,0.0007051328667615376,0.044702781712641644,0.07623671509999813,0.01878957372721188
sector_factor_13,discovery,201909,-0.003344851169181188,-0.01562750104116276,0.053665422359439274,0.07343771488714139
sector_factor_13,discovery,201910,0.01628125667754686,0.0042543941328081775,0.17406560308782468,-0.0729731362117688
sector_factor_13,discovery,201911,0.00013046832593466764,0.00152387313372899,0.04499547741649201,0.08425277641886739
sector_factor_13,discovery,201912,-0.01299736132470823,0.03276422911291196,0.019430596553433224,-0.19500042104463497
sector_factor_13,discovery,202001,-0.01006492749635372,-0.057930098460929,0.019931910303302155,-0.05869568405840263
sector_factor_13,discovery,202002,-0.014612685585409447,0.034507584170296465,0.02266180885588457,-0.11946184320767983
sector_factor_13,discovery,202003,-0.01185986869014372,-0.03656112472500271,0.030289836581043103,0.08973948740106137
sector_factor_13,discovery,202004,0.006823704059853139,0.017180603826862005,0.07981837700204222,-0.00987853635786254
sector_factor_13,discovery,202005,0.0017923439493387745,0.019969871560735757,0.06879661924886742,-0.0005187310225396891
sector_factor_13,discovery,202006,-0.008501695541086924,0.054400716580385054,0.018292514889522944,0.03387740127472052
sector_factor_13,discovery,202007,0.003959299269777583,0.03278477550939778,0.05386113834824009,0.03787579823594899
sector_factor_13,discovery,202008,-0.019032068694981138,-0.02287221101522889,0.0195821400793442,-0.06020413317544448
sector_factor_13,discovery,202009,0.002539752106327042,-0.000504878370930044,0.054801264515162894,-0.06214005375277569
sector_factor_13,discovery,202010,0.0006583296042641369,-0.010088907533554448,0.05774502996108275,0.02099323529618948
sector_factor_13,discovery,202011,0.00827934975189479,0.012065974161461263,0.0738457126363402,0.08576098137416965
sector_factor_13,discovery,202012,0.017763554818012752,-0.00542836404040471,0.10174315568598279,-0.1162713885944588
sector_factor_13,discovery,202101,0.0015019568319371021,-0.017666048383325687,0.04135127584512038,0.028682385921225368
sector_factor_13,discovery,202102,-0.017313797317806003,0.015793486719430802,0.03179893695530793,0.05010388634888555
sector_factor_13,discovery,202103,0.006840566711418978,0.01476149263933463,0.10365883542139212,-0.01030530760004152
sector_factor_13,discovery,202104,0.001399814002764601,0.007767740045476655,0.018560180254422347,0.009455114862907971
sector_factor_13,discovery,202105,0.015856324266644285,0.04781272863890788,0.12040081562267435,-0.053913811228187315
sector_factor_13,discovery,202106,-0.007307353123129799,0.004265107387064269,0.024934767587429345,-0.14040440570563323
sector_factor_13,discovery,202107,-0.006370982734213589,0.004035779236900535,0.04576834388317543,-0.10030322351023772
sector_factor_13,discovery,202108,-0.004909499108495008,0.022486774824871894,0.02139842717805174,0.05154419929656701
sector_factor_13,discovery,202109,0.010781207460874702,-0.007414998288440984,0.06566893794708113,0.17810188035776067
sector_factor_13,discovery,202110,-0.04132577166568642,-0.04367624389487901,0.03571727530732258,-0.004473560536480177
sector_factor_13,discovery,202111,-0.00895423517690981,0.022615011499676093,0.08051512998316451,0.01299870217455079
sector_factor_13,discovery,202112,-0.00038737098400312985,0.012628692969598848,0.025661749979467997,0.13792430297399336
sector_factor_13,discovery,202201,-0.016462250559000836,-0.049161947877636475,0.017644481592110687,-0.06934600918788332
sector_factor_13,discovery,202202,0.02550979557669381,0.020703410375426758,0.1606883317820212,-0.02315571992767302
sector_factor_13,discovery,202203,0.013851875893858069,-0.009701499081363536,0.061644032905730846,0.0225792603428272
sector_factor_13,discovery,202204,0.028853480407771814,-0.014960567848634369,0.1592043848039314,0.23318593670040555
sector_factor_13,discovery,202205,-0.004218548699760023,0.042255896767968995,0.05727138874997316,0.024923986259243868
sector_factor_13,discovery,202206,-0.008271161813227684,0.012585021399371768,0.024031309569283787,-0.02394124263701302
sector_factor_13,discovery,202207,-0.008307941411836292,0.0028413392651903745,0.0521056028438181,-0.008537195661196076
sector_factor_13,discovery,202208,0.00818855790555785,0.0063303957119427165,0.043724143689171345,0.15768476079198523
sector_factor_13,discovery,202209,-0.002260775198146663,-0.034596282365999376,0.04509550816949388,-0.0023615832769348075
sector_factor_13,discovery,202210,0.014404788509237012,0.04709706314342839,0.157826869331821,0.10700058353583039
sector_factor_13,discovery,202211,-0.0014658217029982325,0.015738912891538347,0.056381934102872004,0.028957912802953786
sector_factor_13,discovery,202212,-0.0006838608328015077,-0.009377700651583094,0.04504085715177783,-0.010630070407743714
sector_factor_13,discovery,202301,-0.010855547904398325,0.03389570357012417,0.020683500377113747,0.022266587974122738
sector_factor_13,discovery,202302,-0.0014599703146158812,-0.0004794725136162012,0.060774433300452554,-0.05847265794907567
sector_factor_13,discovery,202303,-0.008005943145603685,-0.006077059851605039,0.023863819633299595,-0.009073178466593496
sector_factor_13,discovery,202304,0.010023445476329681,-0.0104716958964242,0.06769439480361829,0.17956414667568654
sector_factor_13,discovery,202305,0.024654330444308148,0.030059656208613887,0.08262564154760484,0.09723074287927465
sector_factor_13,discovery,202306,-0.00828499025408278,0.0008627580095628675,0.04320517176937812,0.004893060832060332
sector_factor_13,discovery,202307,0.010614865072644185,0.008967633141825597,0.10117350761231655,0.25864474421910694
sector_factor_13,discovery,202308,-0.0021255934809464886,-0.011739648647831611,0.04515089980349971,0.008869847842310983
sector_factor_13,discovery,202309,-0.0165022033700172,-0.028859574504313056,0.03587280492680843,-0.23187251869656172
sector_factor_13,discovery,202310,-0.01679418544710691,-3.5551762865746355e-05,0.03093839403272402,-0.32337731442546774
sector_factor_13,discovery,202311,-0.003632608041109275,0.003480047167778883,0.042107684926276034,-0.10778880471379494
sector_factor_13,discovery,202312,-0.00596709658190972,-0.02359343978709408,0.031711375852940586,-0.02772923441856758
sector_factor_13,validation,202401,0.017563132226519767,-0.07652151450641792,0.04618768368755963,0.19377255852544753
sector_factor_13,validation,202402,0.03410695209367885,0.1306996221638595,0.1437137528578437,0.28600396364711606
sector_factor_13,validation,202403,0.025452876685242452,0.02824893435629617,0.11844451990163404,0.23681617105035585
sector_factor_13,validation,202404,0.014636465989411842,0.02416064073164307,0.11607857398427776,-0.031182294643898722
sector_factor_13,validation,202405,0.009565990147826761,-0.028473518596874782,0.07144559187012874,0.025777070899970566
sector_factor_13,validation,202406,-0.0037113229616972023,-0.028170315093551546,0.02700585973477025,0.04090124827101236
sector_factor_13,validation,202407,0.002663966447809732,0.003306952579979501,0.08979156097474039,-0.03124912671466062
sector_factor_13,validation,202408,0.006007511092517464,-0.008869461506070696,0.06649008184424875,0.08285806589236788
sector_factor_13,validation,202409,-0.024978764483462666,0.10603276530501286,0.04196688257936985,-0.09487078607342232
sector_factor_13,validation,202410,-0.013072218717756675,0.05661090613122926,0.045997872825870305,-0.011354557050256743
sector_factor_13,validation,202411,-0.02038288521728456,9.458386630285478e-05,0.01112901684901434,-0.13870941243255272
sector_factor_13,validation,202412,0.010977019971784447,-0.042269414572299206,0.05937710168395341,0.15608616804123557
sector_factor_13,validation,202501,0.031169721811244014,0.07542531513863651,0.07262482616415843,0.17572103613905615
sector_factor_13,validation,202502,0.0029533189144917904,0.027550208084519703,0.04340257570586786,-0.005118202174337922
sector_factor_13,validation,202503,0.005560084251032143,-0.029480978410131118,0.026844970153862648,0.2550859683371799
sector_factor_13,validation,202504,0.007838532959450112,0.04096334884358969,0.05970360860337144,0.14744727714602018
sector_factor_13,validation,202505,-0.003172404615499429,0.010582139023086998,0.04276773107711671,-0.04871129342786799
sector_factor_13,validation,202506,0.006699525369701374,0.027078491621214194,0.07181584388957865,0.039126699966293185
sector_factor_13,validation,202507,-0.005509657860804536,0.02155531254348993,0.029411117346329868,-0.005130090173218526
sector_factor_13,validation,202508,-0.005221017151762471,0.017932848726541988,0.045694944605977214,0.030129728273513616
sector_factor_13,validation,202509,-0.01635866410925608,-0.013839956229838373,0.031080326095137275,-0.24210240100190034
sector_factor_13,validation,202510,-0.011365965897100583,0.009176822899419623,0.1149464328787918,-0.20160068416596882
sector_factor_13,validation,202511,-0.007616107496216322,-0.01703928827875643,0.055223541697528834,-0.08851322420399424
sector_factor_13,validation,202512,0.0020993749014798775,0.03482338118913543,0.04062347807719973,0.08744198660509347
sector_factor_13,observation,202601,-0.00792265920144786,0.0033865888590844406,0.0259659479026293,-0.012420937362375546
sector_factor_13,observation,202602,-0.040479560102637875,-0.03919457457211267,0.008776571595216269,-0.31858718780420564
sector_factor_13,observation,202603,-0.017578685350807005,-0.040056336559990253,0.08122193196848239,0.06187311029443714
sector_factor_13,observation,202604,0.002116324034522718,0.03086928163254578,0.037360068203945565,0.015933341832168234
sector_factor_13,observation,202605,-0.04999446505559685,-0.08742107336542436,0.003967498396387273,-0.177353511862426
sector_factor_14,discovery,201501,,,,
sector_factor_14,discovery,201502,-0.001030176912417937,0.06980469201225788,0.08380875350326518,-0.16512854080527098
sector_factor_14,discovery,201503,-0.013476766927412835,0.10713523711998608,0.07740207950593454,-0.13475921560196932
sector_factor_14,discovery,201504,-0.02650339871064859,0.03404854485207969,0.022246787174718636,-0.15848224861462126
sector_factor_14,discovery,201505,0.027432243795236972,0.22612319070030934,0.19806162503017025,0.0489788420719134
sector_factor_14,discovery,201506,0.03125174398425728,-0.15448182112553954,0.1372456283753973,0.1795259101011342
sector_factor_14,discovery,201507,-0.02978149073400154,0.06950303966846348,0.053706056291698966,-0.053822563490879105
sector_factor_14,discovery,201508,0.00016397399089411127,-0.12843188205623024,0.12789194563956033,-0.01919195096685821
sector_factor_14,discovery,201509,0.02197624746639603,0.10796709638852917,0.0914046909868766,0.20807451457980503
sector_factor_14,discovery,201510,0.0024430526474057126,0.0818188006975962,0.054455716451112926,0.14378169941283223
sector_factor_14,discovery,201511,0.0008459638821148103,0.024956824073537325,0.190721077983237,-0.08755393598589514
sector_factor_14,discovery,201512,0.0026499872473232187,-0.057327896029354355,0.06894249109573124,-0.006747619764468017
sector_factor_14,discovery,201601,0.006470927585731175,-0.033860839155968284,0.16736196640858012,-0.015715672510676577
sector_factor_14,discovery,201602,-0.017295509585856746,-0.029957261790332267,0.021232052714108794,-0.18072424303558438
sector_factor_14,discovery,201603,0.0008700343145704579,0.07054731819535727,0.03519420908483104,0.08819134484732485
sector_factor_14,discovery,201604,0.005741624128131766,-0.02414862141711637,0.14965074124964398,-0.10232848149922207
sector_factor_14,discovery,201605,-0.0017673220754669016,0.013126239357959656,0.0757107785485761,-0.11966127439987002
sector_factor_14,discovery,201606,-0.011947342202121122,0.028736040229232457,0.020636287319425146,-0.11866767978115152
sector_factor_14,discovery,201607,0.006803782341118656,-0.004142213627208201,0.1261506528876581,0.21803975061065262
sector_factor_14,discovery,201608,-0.0014627855134119905,0.016409057381426225,0.04475281448793805,-0.02231653160482424
sector_factor_14,discovery,201609,-6.021782582482475e-06,0.012377056856639684,0.0942323082539436,-0.13478424639830344
sector_factor_14,discovery,201610,-0.0024078859748673624,0.01185037344812372,0.038153933237098224,-0.1871622292037634
sector_factor_14,discovery,201611,0.009744743463763188,0.0034815636199379122,0.2735970609513632,-0.05417936633482539
sector_factor_14,discovery,201612,0.0028330902451957334,-0.007200133552594873,0.13449807940752284,-0.05593852388405072
sector_factor_14,discovery,201701,0.024041384515000652,0.023593282747121216,0.2961896371756453,-0.1452606741935893
sector_factor_14,discovery,201702,0.0021945742828662802,0.024290676220455984,0.033728708766009564,0.08428204355309875
sector_factor_14,discovery,201703,0.01264603696565705,0.011767690285152005,0.09691453676203453,0.02210389287053875
sector_factor_14,discovery,201704,0.010786517308655819,-0.03861665142628933,0.07965015338696467,0.013761242332509678
sector_factor_14,discovery,201705,-0.007544292324204632,-0.024563524738914565,0.03328102579149651,-0.010703641636641868
sector_factor_14,discovery,201706,0.010602955187018202,0.03205691112505685,0.1436788029717769,0.0829032185093468
sector_factor_14,discovery,201707,0.00970477989606522,0.004797421285539237,0.10448775468237971,-0.015263373743464894
sector_factor_14,discovery,201708,0.01793231087246954,0.0480019337841836,0.19268329120640468,0.2042465991685265
sector_factor_14,discovery,201709,0.006959830642702258,0.011594452036799686,0.12348484297515655,0.09618737088907865
sector_factor_14,discovery,201710,0.0006902320501540436,-0.008883300104806788,0.03622261790841956,-0.08123762602069369
sector_factor_14,discovery,201711,0.005337334752445241,-0.02780388823673341,0.09607470929100849,0.0744391477821935
sector_factor_14,discovery,201712,0.0021451607750814015,0.00968234324522893,0.10066784547318074,-0.05404842350416353
sector_factor_14,discovery,201801,0.0031236203977889304,-0.05660420960154045,0.06737884858729348,-0.03141089696477679
sector_factor_14,discovery,201802,0.010703036431892009,0.0677742036075021,0.10365678171510652,0.17455720751822337
sector_factor_14,discovery,201803,-0.011922871099337812,-0.007598744253482437,0.03398564672863931,-0.07459572911459612
sector_factor_14,discovery,201804,-0.003798653555473498,-0.01056649068001813,0.0955985755337885,-0.04710386201708963
sector_factor_14,discovery,201805,0.0004049038396148027,-0.018321238511337223,0.05740652338557339,-0.0022712898191395037
sector_factor_14,discovery,201806,0.018903177346764187,-0.03964804583782097,0.19478344475210121,-0.013826231881881423
sector_factor_14,discovery,201807,-0.003266237003021576,-0.014095577433305483,0.010597894055692026,0.013013931079816549
sector_factor_14,discovery,201808,0.002536619359029238,-0.01633710517188414,0.10251881751347654,-0.060006418595187176
sector_factor_14,discovery,201809,-0.0011650977098451292,-0.053640457133664506,0.048779401851755666,-0.015905773345614615
sector_factor_14,discovery,201810,-0.00028700471494888985,0.03258915171544585,0.057221622871455456,0.05174795758025589
sector_factor_14,discovery,201811,0.007975300651948554,0.019293564412510025,0.16111585486129273,0.03969208253977299
sector_factor_14,discovery,201812,-0.007454935834304075,-0.022024173382960727,0.052229731682912874,-0.16047748275932797
sector_factor_14,discovery,201901,0.006910972729594394,0.030356964787212993,0.04617238540372571,-0.025826256352025158
sector_factor_14,discovery,201902,0.019280727067903423,0.13869413373991846,0.06528574170687963,0.18139258591736535
sector_factor_14,discovery,201903,-0.001586160501539807,0.04358564161063571,0.03618738787874342,0.07561738905929187
sector_factor_14,discovery,201904,0.02376686714532181,-0.037839605808368926,0.17141908800246894,0.02954300972477607
sector_factor_14,discovery,201905,0.003820775980193051,-0.004930794127576518,0.06243994692303673,0.09082026838655223
sector_factor_14,discovery,201906,-0.002980414364583362,0.015548972745110454,0.09515136933653494,-0.042229816825572794
sector_factor_14,discovery,201907,5.916900611663037e-05,-0.0290442201440506,0.07357381808336218,-0.11816125871259148
sector_factor_14,discovery,201908,-0.008745914190156455,0.03514195475528885,0.08280619285550833,-0.03454158167791018
sector_factor_14,discovery,201909,-0.006524562002919093,-0.01879113773597055,0.058817215729364436,0.048534313595425815
sector_factor_14,discovery,201910,0.009087918659078155,-0.002964779436834735,0.16025928001994777,-0.07341054185636696
sector_factor_14,discovery,201911,0.0006233860851247782,0.0020194568856996263,0.057085171539372745,0.05387328315771939
sector_factor_14,discovery,201912,-0.011955198124182602,0.033806392313437586,0.027781555503738228,-0.037464101407736365
sector_factor_14,discovery,202001,0.03652998379985347,-0.011385168362858166,0.17260527294666717,-0.017393007265948168
sector_factor_14,discovery,202002,-0.021768058944232224,0.027439222234261252,0.03476792083644731,-0.14150839909079735
sector_factor_14,discovery,202003,-0.007839425041054086,-0.0324306954592678,0.003964572194631542,0.20929441229060156
sector_factor_14,discovery,202004,0.022209188295939278,0.032545238330827224,0.17850082873402184,-0.007639025427459054
sector_factor_14,discovery,202005,0.0038060949219005796,0.0219247772270238,0.038145323015568375,-0.03412345812666399
sector_factor_14,discovery,202006,-0.000985612641373066,0.06175899830792332,0.06266438697727761,-0.01893298252229813
sector_factor_14,discovery,202007,0.001500713198318626,0.030346175579799583,0.1330024664077934,0.026059011083935046
sector_factor_14,discovery,202008,-0.010013017178926812,-0.013786885004013866,0.045535264200047575,0.008429474750321523
sector_factor_14,discovery,202009,0.00023305474346873282,-0.0028358322360542264,0.04245309861165946,-0.08914421056800231
sector_factor_14,discovery,202010,-0.008172529260578284,-0.01892014816876326,0.03229179123563299,-0.09109763494851633
sector_factor_14,discovery,202011,0.01747761338336028,0.021261707714975705,0.09959030136495346,0.09663856385080061
sector_factor_14,discovery,202012,0.0063083908920703955,-0.016793883374971893,0.08242076297519257,-0.21660502010753555
sector_factor_14,discovery,202101,-0.0025263597970800328,-0.021686936208425323,0.02257258706372291,-0.042507734033839235
sector_factor_14,discovery,202102,0.014622497973660938,0.047729873177959244,0.07211701775946949,0.17874468699575316
sector_factor_14,discovery,202103,0.00755421410656832,0.01551807286669709,0.07642043877852425,0.014472028766609062
sector_factor_14,discovery,202104,0.01265992474485558,0.019066736362791353,0.09450374938168078,0.02841088486471201
sector_factor_14,discovery,202105,-0.004973231173500972,0.0269689667780363,0.04164244988116006,-0.015489919431484441
sector_factor_14,discovery,202106,-0.001696265951750745,0.009850010958186993,0.05573984405804357,-0.062386335725577495
sector_factor_14,discovery,202107,-0.00373033164689887,0.006612606518848968,0.06936398207944328,-0.17921387245437834
sector_factor_14,discovery,202108,-0.004914360871727804,0.02249656521810473,0.020881176132613356,0.04955542217908688
sector_factor_14,discovery,202109,0.015587154751446813,-0.002606371263955225,0.06737635495596232,0.19647985665527856
sector_factor_14,discovery,202110,0.009414122444523094,0.006554035587760154,0.08231122269751075,0.10720738389476038
sector_factor_14,discovery,202111,0.016450532709402024,0.048060022739809936,0.1237159873917574,0.13831807423783388
sector_factor_14,discovery,202112,0.0009360653793104464,0.013965956123771005,0.03130553079972401,0.1783803125182981
sector_factor_14,discovery,202201,-0.008232206627263549,-0.040842927566049375,0.05203033608750382,-0.05584362455674439
sector_factor_14,discovery,202202,0.019755024270398165,0.014950133690945222,0.10094965406689485,0.007955130032350762
sector_factor_14,discovery,202203,0.004220968588562048,-0.019334750655284352,0.03676459837593887,-0.13352460381413592
sector_factor_14,discovery,202204,0.025099213565818738,-0.018646696479347732,0.15499447606279262,0.1800209900101776
sector_factor_14,discovery,202205,0.008592320771933388,0.05510214650406085,0.042391025905649575,0.1816719242967627
sector_factor_14,discovery,202206,-0.018480148744876287,0.002367954812126256,0.014990530865827557,-0.0427076527074472
sector_factor_14,discovery,202207,-0.011289125701356052,-0.00020345205668404384,0.008998135001447088,-0.1765115808003203
sector_factor_14,discovery,202208,0.012457390199992188,0.010639500251778846,0.050009512684388545,0.1935138937019938
sector_factor_14,discovery,202209,0.0036984247150351796,-0.0286310496648574,0.11214349524961281,0.14928238389929843
sector_factor_14,discovery,202210,0.0097107453848078,0.042409708875129584,0.013709687907255805,0.22616706287926697
sector_factor_14,discovery,202211,0.004539301635563648,0.021771956934422965,0.13031031614975438,0.04922953567318166
sector_factor_14,discovery,202212,-0.00039212101981962337,-0.009087013515223093,0.07751964424241199,0.02354073221759453
sector_factor_14,discovery,202301,-0.0035473351492622453,0.04124886775098275,0.06302204446653552,0.22698464474184113
sector_factor_14,discovery,202302,-0.0037037485426645858,-0.0027302210017296604,0.01989080702494801,-0.03377410187451331
sector_factor_14,discovery,202303,-0.006368320018514379,-0.004559177696785849,0.040093720816262016,-0.16691152559961714
sector_factor_14,discovery,202304,-0.01209784647673973,-0.032579449175778125,0.015273466313693269,0.07983164285295043
sector_factor_14,discovery,202305,0.007958468581625088,0.013260563126059425,0.02131649693514856,-0.02642807401706331
sector_factor_14,discovery,202306,-0.0028574589698855887,0.006306529032299295,0.03819118681765491,0.02151650350769782
sector_factor_14,discovery,202307,0.015556262264743931,0.013946742042164607,0.09690433763315179,0.3293265653942501
sector_factor_14,discovery,202308,-0.0075144050725883755,-0.017128460239473498,0.03142173640936646,0.007606573671438034
sector_factor_14,discovery,202309,-0.012340581069752355,-0.0247829646471655,0.025555143938290913,-0.24316292551628046
sector_factor_14,discovery,202310,-0.021596609263266738,-0.004853226402530495,0.012355488050960952,-0.29575927515490436
sector_factor_14,discovery,202311,-0.00047134224651827593,0.006619140785716644,0.04404394818984558,-0.03720154614298865
sector_factor_14,discovery,202312,0.0036976708100915127,-0.01390032528122122,0.0467427009584896,0.16626007775072763
sector_factor_14,validation,202401,0.03159627869189153,-0.06245729036256142,0.12537494776473657,0.2663113579677805
sector_factor_14,validation,202402,0.017282234664829654,0.11390161950762073,0.055852528613600586,0.3554259273361286
sector_factor_14,validation,202403,0.013532742922100468,0.01623243902299908,0.08807557419305966,0.2106881941349345
sector_factor_14,validation,202404,-0.02080040462700302,-0.01124748556796476,0.01746878956441419,-0.10006459745707168
sector_factor_14,validation,202405,0.013017494294444851,-0.02501632261730265,0.20536322030974108,-0.027061961961838653
sector_factor_14,validation,202406,0.00346044675337437,-0.020983963973182987,0.07318693359677035,0.10788381864905833
sector_factor_14,validation,202407,0.0036078092150143098,0.0043552276368047935,0.10672760312378128,0.03448049325246253
sector_factor_14,validation,202408,-0.008699306364083552,-0.023328671572909857,0.03437667485327423,-0.019810646272745588
sector_factor_14,validation,202409,-0.03545827623675836,0.09549202031308883,0.02727568574265594,-0.12875274910127069
sector_factor_14,validation,202410,0.002989195120386138,0.07652459402904949,0.09264791028668412,0.025748362518607522
sector_factor_14,validation,202411,-0.020202464964644198,0.0002782274177228665,0.03816190657438753,-0.18403488214142733
sector_factor_14,validation,202412,0.00609012726514852,-0.04715466963508252,0.09552107355890009,0.18735264672822874
sector_factor_14,validation,202501,0.026589260248070186,0.0708391470829358,0.0881443587151794,0.011624669000611083
sector_factor_14,validation,202502,0.012216963581879443,0.036816145667479656,0.10355800399011196,0.012372990178551006
sector_factor_14,validation,202503,0.0111038070670259,-0.02390399454376339,0.031004139278760504,0.29915017368809177
sector_factor_14,validation,202504,0.0013141388453142147,0.03443895472945379,0.03469321009716736,0.11567474653677862
sector_factor_14,validation,202505,-0.016036280080078857,-0.002272910190023188,0.0074394692074831485,-0.2072838095462846
sector_factor_14,validation,202506,-0.0028130601341790976,0.017565906117333725,0.0686828175240767,-0.0004819195810095746
sector_factor_14,validation,202507,-0.015034030015161529,0.012028834540852467,0.027509630394244727,-0.09654117364408382
sector_factor_14,validation,202508,-0.006759528810086724,0.01639882918652369,0.06403277287663686,-0.01539175823582355
sector_factor_14,validation,202509,7.936376024117626e-05,0.0025980716396588827,0.06778220672261281,-0.08679342306687744
sector_factor_14,validation,202510,-0.010870952207714555,0.009671836588805651,0.038748959739114415,-0.15279774301831267
sector_factor_14,validation,202511,-0.01433017414679794,-0.023757081572548487,0.021328645509640667,-0.046777171190273525
sector_factor_14,validation,202512,-0.003969289803065765,0.028754716484589788,0.030247274895528954,0.05029748430769966
sector_factor_14,observation,202601,-0.005063116016465244,0.006246128543571103,0.03902261491860519,-0.027722239131527594
sector_factor_14,observation,202602,-0.030701762085719536,-0.029393546713150236,0.008737834111046373,-0.20027782100008815
sector_factor_14,observation,202603,0.01690283887790534,-0.005574812331277908,0.14425985300076138,0.09786490103710546
sector_factor_14,observation,202604,-0.007788553622833531,0.020964403975189533,0.03852081330852419,-0.05701526584611001
sector_factor_14,observation,202605,-0.007857601421228209,-0.04528420973105572,0.1349847288767436,-0.19801062002251002
sector_factor_15,discovery,201501,-0.017520459092578503,-0.022724540826069037,0.0013803746693174584,-0.2847437425650152
sector_factor_15,discovery,201502,0.001899030542084942,0.08326115941885898,0.08488823162225186,-0.0711273228580316
sector_factor_15,discovery,201503,-0.017645788593326807,0.10290851567723704,0.04174525628528644,-0.13103124617414608
sector_factor_15,discovery,201504,-7.833644863339395e-05,0.06047360711409489,0.07241960023728154,-0.1032376814907447
sector_factor_15,discovery,201505,0.028476668750477774,0.2273142390954308,0.24201378842779353,0.04827461411874152
sector_factor_15,discovery,201506,0.017397618787170638,-0.16782521535115805,0.16383434291288895,0.03372655585282691
sector_factor_15,discovery,201507,-0.0154813975071379,0.08380313289532712,0.11338755870433583,-0.030476524231242547
sector_factor_15,discovery,201508,0.013357728368471605,-0.11523575989690256,0.23716411882826818,0.00014486912241400604
sector_factor_15,discovery,201509,0.007067775646883888,0.09289322992834058,0.13455796257141192,0.014830477036501158
sector_factor_15,discovery,201510,-0.010544360385399885,0.06858519616261594,0.012922447119340201,-0.068973136183575
sector_factor_15,discovery,201511,-0.016925628255932346,0.007140388073942934,0.05655747679985966,-0.1546355488991
sector_factor_15,discovery,201512,2.5681949636089644e-05,-0.06016169794931319,0.05200269444401297,0.030930219963645866
sector_factor_15,discovery,201601,0.01602575254478901,-0.024329459482105447,0.16188084279788953,0.019460106055781023
sector_factor_15,discovery,201602,-0.015394695735868266,-0.028056447940343787,0.06879005079764475,-0.0690853944997229
sector_factor_15,discovery,201603,-0.006846580506999918,0.06287084651336519,0.10930743459290909,-0.0901614070820998
sector_factor_15,discovery,201604,-0.0002853658194757115,-0.030377694928756683,0.09454839695265733,-0.017577945540058905
sector_factor_15,discovery,201605,0.007470504322335256,0.02235898395828415,0.15633460157477289,-0.054766690413876065
sector_factor_15,discovery,201606,-0.0025898108319360167,0.03812170023738872,0.17254698317559813,-0.13755600563515882
sector_factor_15,discovery,201607,-0.0024365290890941645,-0.013382525057421022,0.04695406017919498,-0.04137760876892536
sector_factor_15,discovery,201608,-0.004965797592423599,0.012906045302414619,0.1307786125372682,-0.079905189821773
sector_factor_15,discovery,201609,-0.0021286411804334222,0.010254437458788745,0.09165801303933771,-0.05771468204155761
sector_factor_15,discovery,201610,0.0004183856461771337,0.014676645069168215,0.15920662173793879,0.014868621801719994
sector_factor_15,discovery,201611,0.001064216592500883,-0.0052428965696725005,0.09585246727814663,0.05347303750605492
sector_factor_15,discovery,201612,0.000167736148895329,-0.009828785759137563,0.19194713539449812,0.011835316877212183
sector_factor_15,discovery,201701,0.0424403711334366,0.043287991140540626,0.3050893347373862,0.04690321497480305
sector_factor_15,discovery,201702,0.02080576355045297,0.04637660529153638,0.18602719632141707,-0.01401245439993577
sector_factor_15,discovery,201703,0.036560363809340954,0.035663700283863446,0.2769617741327396,0.061504238145948735
sector_factor_15,discovery,201704,0.03631244297619224,-0.013181317314673733,0.2699529201070513,0.19501970711766653
sector_factor_15,discovery,201705,0.01281989094441469,-0.004119493268663063,0.23293905233817283,0.10337203233223771
sector_factor_15,discovery,201706,0.005116412501068641,0.026570368439107286,0.17644080080552785,0.05781535709329339
sector_factor_15,discovery,201707,0.017209181087694883,0.012204121925640807,0.260601995474382,0.03355841104875337
sector_factor_15,discovery,201708,-0.0032014618041544853,0.026984048537586045,0.1389992773868692,-0.04307965646370355
sector_factor_15,discovery,201709,-0.005649183247474728,-0.001089036642917476,0.0550335853929753,-0.03439057902994795
sector_factor_15,discovery,201710,0.027761835245087435,0.018073643406772616,0.2140490208104128,0.10727158403894156
sector_factor_15,discovery,201711,0.012542073219130685,-0.020615737929686226,0.19822152624746156,0.06682910582914395
sector_factor_15,discovery,201712,0.006265393632507844,0.013452209085447803,0.08197154391448148,0.03496767243125198
sector_factor_15,discovery,201801,0.0014686685367283658,-0.05815121967329601,0.08526803002265805,0.06048672794498331
sector_factor_15,discovery,201802,0.00525283816295835,0.06209745639779916,0.18517743573769702,0.017228700358082837
sector_factor_15,discovery,201803,0.002145806685850279,0.006444736530168236,0.10046360155970781,0.02619594049067064
sector_factor_15,discovery,201804,-0.004130482819089074,-0.011095605043616766,0.1780661277793389,-0.04840235007031545
sector_factor_15,discovery,201805,-0.001669596166261309,-0.02033013735225805,0.048730009152777726,0.05345024878644103
sector_factor_15,discovery,201806,0.02924326163017036,-0.02927393998368643,0.259401814258812,0.07095599501702342
sector_factor_15,discovery,201807,0.015538746287474746,0.004663595292632553,0.11841612319862146,0.005453878859205456
sector_factor_15,discovery,201808,0.015408692867322276,-0.0034650316635911026,0.29176680858512155,0.015503362961669865
sector_factor_15,discovery,201809,0.004147105610554926,-0.048348281708527605,0.12929696102459293,-0.03172367566516943
sector_factor_15,discovery,201810,-0.000796192730996455,0.0321258945929003,0.09828315814302829,-0.06447665538157155
sector_factor_15,discovery,201811,-0.0036511007924014834,0.007667162968159987,0.05600626281346141,-0.06097118734829667
sector_factor_15,discovery,201812,0.008429313659644697,-0.006475206964532844,0.12562661336897107,-0.03284633598017157
sector_factor_15,discovery,201901,0.004725450751347297,0.02851667169412725,0.05065545556740783,-0.030472438495988543
sector_factor_15,discovery,201902,-0.012972763326698793,0.10644064334531625,0.02993124972502356,-0.03535111075130166
sector_factor_15,discovery,201903,-0.010560787446028097,0.03439556757664485,0.05002597044044098,-0.024026857067624224
sector_factor_15,discovery,201904,0.00705033011303478,-0.05459742515040921,0.09537667185666596,-0.03785735982840016
sector_factor_15,discovery,201905,0.017687412828584208,0.008893563378224414,0.13638235919634836,0.0774791806435234
sector_factor_15,discovery,201906,-0.009374755390210212,0.009153966456314696,0.05110871720398777,-0.11755827664983162
sector_factor_15,discovery,201907,0.011033516457006799,-0.018072938595002558,0.1177493352677728,0.09516917762284251
sector_factor_15,discovery,201908,-0.016531955096993577,0.027459917745595287,0.02552527429306938,-0.06409422204564633
sector_factor_15,discovery,201909,-0.00784142974189935,-0.020130072296378785,0.036562233815486504,-0.0186202126532208
sector_factor_15,discovery,201910,0.005992153699465855,-0.005900682235826101,0.09849129999717669,0.07012882533124766
sector_factor_15,discovery,201911,-0.002898304606897577,-0.0014773107532944005,0.07250727547779798,-0.020262082360843897
sector_factor_15,discovery,201912,0.021354203124284012,0.06711579356190421,0.1464624970424329,-0.03060448694425981
sector_factor_15,discovery,202001,0.028847467749977724,-0.01905054575395297,0.16570360343883492,-0.0006534572923806953
sector_factor_15,discovery,202002,-0.017716831656926585,0.03138485742718331,0.02776081787168121,-0.11459305541211565
sector_factor_15,discovery,202003,-0.024660836538632772,-0.04942453387537336,0.008081373544164367,-0.08004046586503445
sector_factor_15,discovery,202004,0.00793390254289674,0.0182955733072179,0.12045973647208538,0.00046374781915611146
sector_factor_15,discovery,202005,-0.0024396657615030513,0.015818242465401353,0.08407151283334402,-0.03297755159153137
sector_factor_15,discovery,202006,0.010447032986825946,0.07337901040562429,0.08445485135726714,-0.012227070750959449
sector_factor_15,discovery,202007,0.0021086198285294767,0.03091582803969251,0.058641228919691986,0.04649623928629181
sector_factor_15,discovery,202008,-0.018091354917318253,-0.021935808125306808,0.054942345475269425,-0.11731872412553998
sector_factor_15,discovery,202009,-0.0041529582277635155,-0.00715642191356165,0.044200858350702546,-0.056645247753915086
sector_factor_15,discovery,202010,0.004408166060101811,-0.006342862034716746,0.07465471766285177,0.019706471788168617
sector_factor_15,discovery,202011,0.008416698144660204,0.012168216406765473,0.08911614742390185,0.06089583416923151
sector_factor_15,discovery,202012,0.026037475815906246,0.0028701085925011134,0.1311379242088941,0.0958973688393891
sector_factor_15,discovery,202101,0.007846748275110216,-0.0113211455007513,0.11272496236327072,-0.016795889408906157
sector_factor_15,discovery,202102,-0.002337101237036234,0.030660431640523407,0.06766221765491484,-0.02936423104763033
sector_factor_15,discovery,202103,-0.003776249654280582,0.004113382401113125,0.06747264657883224,-0.014634722730398328
sector_factor_15,discovery,202104,-0.0017674734095443141,0.004597610080738724,0.0671035340732035,0.025065821146906326
sector_factor_15,discovery,202105,-0.0119670127160892,0.02001559818790055,0.04636949360640537,-0.06504278616709176
sector_factor_15,discovery,202106,0.013374897627879351,0.02505630869224357,0.11734273714377443,-0.018076408282458028
sector_factor_15,discovery,202107,0.00233699214125693,0.012816010377045472,0.12199069452048272,0.002826757964608612
sector_factor_15,discovery,202108,0.009358665381173203,0.036760504589041045,0.07371704687635344,0.12844972410578484
sector_factor_15,discovery,202109,-0.025591716813730753,-0.0438549467377743,0.029820555521133874,-0.017598940041742683
sector_factor_15,discovery,202110,-0.01883721193675156,-0.021095809622556774,0.061943330202533696,-0.1535311444632327
sector_factor_15,discovery,202111,-0.0025262152580798735,0.02908296251539882,0.04933906284894279,-0.09465830708415707
sector_factor_15,discovery,202112,-0.0007678792739399788,0.012162503275169951,0.028628051869263094,-0.003970851981021447
sector_factor_15,discovery,202201,-0.0021072229044323296,-0.03484151554447108,0.07961235429052882,0.0014441748378611575
sector_factor_15,discovery,202202,-0.009912303029205718,-0.014736337589602045,0.02885997634193787,-0.038996938692762266
sector_factor_15,discovery,202203,0.008446226609602541,-0.015068200838425621,0.05922258273951781,0.08625271477263563
sector_factor_15,discovery,202204,0.006283147692057209,-0.03761534096686917,0.16067169542938564,0.01815396285860294
sector_factor_15,discovery,202205,0.01976242270708166,0.06616409592894151,0.17314601775430882,-0.06434625381770397
sector_factor_15,discovery,202206,-0.020299634430137985,0.0005401151293578244,0.03324049736768635,-0.0654810587441884
sector_factor_15,discovery,202207,-0.0038555992706273516,0.007405869489819104,0.05509555460526557,-0.11311102027841342
sector_factor_15,discovery,202208,-0.0030374749173435757,-0.004917567868782815,0.05743734371453115,-0.023760220444743206
sector_factor_15,discovery,202209,0.004046478373743884,-0.028290334722190717,0.11836936631315184,-0.028358370334503592
sector_factor_15,discovery,202210,0.013626391049316969,0.046383287363642015,0.1818871024157095,0.012615671148570984
sector_factor_15,discovery,202211,0.0032744586212993896,0.020472100257095668,0.0659346433910723,-0.023627435287732205
sector_factor_15,discovery,202212,0.013444101670081038,0.0047467517797485925,0.14979527592877878,-0.057392149140527704
sector_factor_15,discovery,202301,-0.01552568140650831,0.029229197505037517,0.020188970149056133,-0.08703018379677942
sector_factor_15,discovery,202302,0.00838473217558178,0.009354994328459725,0.1443230960668115,0.061881743094202614
sector_factor_15,discovery,202303,0.02450208824745767,0.02646762839602003,0.10562879397916436,0.1944596025642122
sector_factor_15,discovery,202304,0.0227509060313666,0.002249023316682341,0.09359904069951219,0.0564995028296336
sector_factor_15,discovery,202305,0.0023396695722109674,0.007835248943447368,0.12748798599252048,-0.018905126299792793
sector_factor_15,discovery,202306,0.006225458288198402,0.015315723422336305,0.08095943583018024,-0.09468659846735998
sector_factor_15,discovery,202307,-0.004159651389273188,-0.005824677432732035,0.08484216758391849,-0.06313476331468879
sector_factor_15,discovery,202308,-0.015845787151282435,-0.025451653289359378,0.0539025036347275,-0.07405632166109555
sector_factor_15,discovery,202309,-0.007242650528337602,-0.01958200849679997,0.042043746325866674,-0.08445612548966744
sector_factor_15,discovery,202310,-0.016917719310317537,-0.000166792099459118,0.016721244443980342,-0.13733383669535376
sector_factor_15,discovery,202311,-0.007891722428287564,-0.0007724257748701679,0.03641831487480417,-0.043343999094366724
sector_factor_15,discovery,202312,0.008586687010355724,-0.009044149495561473,0.06297660713597326,-0.036811421731002734
sector_factor_15,validation,202401,0.02360408107744677,-0.0704640994290292,0.126239467728297,0.09188525778519474
sector_factor_15,validation,202402,-0.006458631173300896,0.09027543407088766,0.05370919845250033,-0.008103859002190301
sector_factor_15,validation,202403,-0.012289454476852948,-0.0095362731724024,0.05889545594551449,-0.05038921211264446
sector_factor_15,validation,202404,0.003571401913308189,0.013140286820835173,0.08151402796084983,-0.04125641259077499
sector_factor_15,validation,202405,0.007610998607539665,-0.03043453968446556,0.11297230413744992,-0.0016500402238284096
sector_factor_15,validation,202406,0.01562369984224199,-0.008853657313279415,0.059426126141635914,0.01856236327804503
sector_factor_15,validation,202407,-0.001272730805187324,-0.0009368226759919622,0.04563306331164539,-0.10438235613616298
sector_factor_15,validation,202408,-0.006565826426550014,-0.02142781784204999,0.050027039364724635,-0.05724244682770468
sector_factor_15,validation,202409,-0.019483264345029366,0.10948018441895807,0.06155725142384688,-0.07870899497717604
sector_factor_15,validation,202410,0.0059099108395572085,0.07537733619505566,0.05443133704527222,-0.061273802256080735
sector_factor_15,validation,202411,-0.01963467012109709,0.0008416545532998589,0.041454633586896446,-0.09070531279102119
sector_factor_15,validation,202412,0.011033912875855622,-0.04221013306933773,0.05687139207002356,0.011513600064787561
sector_factor_15,validation,202501,-0.004606530746842209,0.03964906258055028,0.060637674255829804,-0.017533425989064336
sector_factor_15,validation,202502,0.006075218481587225,0.03066075358203509,0.10087442008969025,-0.0818599018849472
sector_factor_15,validation,202503,0.02797900497043195,-0.00705829437411878,0.0756130967206855,0.0432971501433274
sector_factor_15,validation,202504,-0.01562553967681188,0.017498186051463045,0.025587225942818252,-0.07374524065907428
sector_factor_15,validation,202505,-0.010349867487269942,0.0034025175409073873,0.02109939640378927,-0.020744434501621167
sector_factor_15,validation,202506,0.004339248765470044,0.024718215016982868,0.12475182633081916,-0.1309684480043636
sector_factor_15,validation,202507,-0.012740666303338364,0.014327338855883167,0.08576996247182209,-0.11639861361158561
sector_factor_15,validation,202508,0.01298476755399191,0.03612746740331031,0.08467722143105888,0.0006501977866645717
sector_factor_15,validation,202509,-0.002785703301420057,-0.00026699542200235067,0.11637844538484474,0.011726740582691823
sector_factor_15,validation,202510,-0.030523765280510262,-0.009980976483990055,0.004153784951773732,-0.10796814165762111
sector_factor_15,validation,202511,-0.0059048082065367895,-0.015331522904743905,0.04093990358467104,-0.037496065226912484
sector_factor_15,validation,202512,-0.0009109184460054907,0.03181308784165006,0.08781789227968043,-0.11264186081767255
sector_factor_15,observation,202601,0.004231847211341006,0.015539712175595924,0.08151951420151156,-0.03901982768003885
sector_factor_15,observation,202602,-0.006770766510245742,-0.005497920071398508,0.05465583183936048,-0.04083677389159668
sector_factor_15,observation,202603,0.0023061112480794936,-0.020171539961103754,0.07781416193643319,-0.001088506672435612
sector_factor_15,observation,202604,-0.012575385489509615,0.01617757210851345,0.03156493157104603,-0.10585304688398908
sector_factor_15,observation,202605,-0.018299011665383853,-0.05572561997521137,0.10014498129519181,-0.023388125729141805
sector_factor_16,discovery,201501,,,,
sector_factor_16,discovery,201502,-0.0002735027469936008,0.06696274222631474,0.022573068695483783,0.19745371252439803
sector_factor_16,discovery,201503,0.018407006539726174,0.13902536477808924,0.11013671202499148,0.1791414785579083
sector_factor_16,discovery,201504,0.021554100892103717,0.082106044454832,0.12440654904355244,0.006526206561121023
sector_factor_16,discovery,201505,0.020020067433696644,0.21871101433876902,0.09567894105422006,0.0672197560421412
sector_factor_16,discovery,201506,-0.00434469627403022,-0.18997554956101034,0.06177907018621046,-0.15734884338880017
sector_factor_16,discovery,201507,0.010778462440225801,0.11006299284269082,0.08505813802220849,-0.020192160921620753
sector_factor_16,discovery,201508,-0.005402050521831966,-0.13399790656895633,0.042956688107190936,-0.009461299312624457
sector_factor_16,discovery,201509,-0.008438921640052293,0.07759236865065759,0.04918525729026021,-0.09987417335085118
sector_factor_16,discovery,201510,0.011750155722552664,0.09125288242409142,0.10421431491199724,0.08517984009160558
sector_factor_16,discovery,201511,0.01977184003894611,0.04390201850772081,0.16795890182382872,0.20138848038672838
sector_factor_16,discovery,201512,0.008234570551615136,-0.05164523836751671,0.11230305634481515,0.10154677836800978
sector_factor_16,discovery,201601,0.00640672090116354,-0.03381781387084629,0.181116243340448,-0.08086327569287327
sector_factor_16,discovery,201602,0.0022576435036010525,-0.010287751412397482,0.11150596982494344,-0.005470185862654197
sector_factor_16,discovery,201603,-0.0050625939760408625,0.06461468990474595,0.08630872833880754,-0.024073985124526916
sector_factor_16,discovery,201604,0.0010137467610937946,-0.028838741953318276,0.08444124846499743,0.01443669778365524
sector_factor_16,discovery,201605,-0.0001558503963724985,0.014733370422341286,0.05187835061524345,0.01797007484706619
sector_factor_16,discovery,201606,0.009505955392916127,0.05022307760154945,0.2048387064130995,0.13540697089683704
sector_factor_16,discovery,201607,-0.009438073201832918,-0.020384069170159773,0.05234195205441294,-0.09327887450049727
sector_factor_16,discovery,201608,0.004470136975926806,0.022341979870765024,0.1097347673605901,0.09173993457707341
sector_factor_16,discovery,201609,0.0046027695678191064,0.01698584820704127,0.06058925561705643,0.11712365124726243
sector_factor_16,discovery,201610,0.008121625048965676,0.022379884471956758,0.13595929602832818,0.16090960268548687
sector_factor_16,discovery,201611,0.003206670813815988,-0.003068870167507239,0.08682023092953918,0.08030005258330306
sector_factor_16,discovery,201612,0.0048720571288079426,-0.0051611666689826636,0.07355130880673186,0.1253596918545372
sector_factor_16,discovery,201701,0.0031849039865508647,0.002771641149714318,0.08890720883585378,0.09143199044741324
sector_factor_16,discovery,201702,0.013148271114863422,0.034170031883109506,0.15151919157015742,0.1227453126857382
sector_factor_16,discovery,201703,0.020701798051578926,0.019823451371073882,0.1560157350294842,0.02072751781171498
sector_factor_16,discovery,201704,0.013906766842509102,-0.03549313049976869,0.11284395196913172,0.07358505939709443
sector_factor_16,discovery,201705,0.008443234148363055,-0.00855558790743089,0.12656285999084776,0.03204418750787673
sector_factor_16,discovery,201706,-0.006562592092660533,0.014891363845378112,0.01769373790206186,-0.07993286742599047
sector_factor_16,discovery,201707,0.0016840004148018833,-0.003223358195724099,0.09672502720265397,-0.012843399995950359
sector_factor_16,discovery,201708,-0.004680978571185995,0.025311780099392587,0.07351193384024175,-0.1370889530741011
sector_factor_16,discovery,201709,0.003684659761156088,0.008347658882641034,0.1050665085715351,0.0168347472687762
sector_factor_16,discovery,201710,0.02414106859457315,0.014594782724195872,0.17765484781334082,0.2239302356824896
sector_factor_16,discovery,201711,0.00598751429639709,-0.027150846318876244,0.20097590502217655,-0.00038875052184204515
sector_factor_16,discovery,201712,0.0029460052255176087,0.010425420292570682,0.0802307166372847,0.049392645695740915
sector_factor_16,discovery,201801,0.0017765516064794243,-0.05793626599294261,0.07599677461583708,0.08465177910401982
sector_factor_16,discovery,201802,-0.01536274121534242,0.04177419701542628,0.019248595874184662,-0.1394976793054298
sector_factor_16,discovery,201803,0.014335040881627882,0.01865372045457744,0.15529434617133783,0.14078952831141997
sector_factor_16,discovery,201804,0.010769070577258922,0.003972956210337644,0.10168820152354911,0.06951243215392287
sector_factor_16,discovery,201805,0.0040262764672920415,-0.01470379449813415,0.037964517142739414,0.039016383313462126
sector_factor_16,discovery,201806,0.006662126109637273,-0.05189947598380969,0.08080665039362053,0.012540429460370456
sector_factor_16,discovery,201807,0.007395884130683175,-0.0034302969365274873,0.11997396626886435,0.027582261437441243
sector_factor_16,discovery,201808,-0.0069512082374713164,-0.025824932768384698,0.05759692821032431,0.01581363180260443
sector_factor_16,discovery,201809,0.0031224188413451733,-0.049352940582474206,0.1515270871242376,-0.001667871267930663
sector_factor_16,discovery,201810,-0.00946763894990001,0.0234080154671877,0.031698867808835005,-0.09553706174188631
sector_factor_16,discovery,201811,-0.007827212274349684,0.0034910514862117868,0.062272303529768265,-0.0451078300914161
sector_factor_16,discovery,201812,0.006649263911912108,-0.007919973636744543,0.08520626031984282,0.1386175185733824
sector_factor_16,discovery,201901,0.006238900799845548,0.02944955244795644,0.043835643823179254,0.08571575639751565
sector_factor_16,discovery,201902,-0.010906502428368233,0.10850690424364681,0.03408504020768269,-0.13904997614010522
sector_factor_16,discovery,201903,-0.009053988365447121,0.03613518754095172,0.04117849306963749,-0.14923810150384487
sector_factor_16,discovery,201904,-0.000539123609519685,-0.06212440314176049,0.027676331532960573,-0.014051027828296082
sector_factor_16,discovery,201905,-0.01142658235505397,-0.020195593127500615,0.00863318408931749,-0.048004109554424745
sector_factor_16,discovery,201906,-0.005273056991186884,0.013250819952410987,0.03756669052669483,-0.010998380420506283
sector_factor_16,discovery,201907,0.004519033368573797,-0.024587751039982085,0.060383000391773474,0.03467436523976058
sector_factor_16,discovery,201908,-0.014877413695814917,0.028978935157515064,0.03438681614041598,0.02433105534493847
sector_factor_16,discovery,201909,0.0012274871886232236,-0.01103655854065437,0.10057879225994579,-0.023498106655705977
sector_factor_16,discovery,201910,0.008013966863772908,-0.004038731232139981,0.03932772804608851,0.10145769992024471
sector_factor_16,discovery,201911,-0.002149142818666195,-0.0007531512683185396,0.05881350715654761,-0.09693103859051481
sector_factor_16,discovery,201912,0.010743387352658786,0.05650497779027897,0.07638712674497884,0.1833134535812779
sector_factor_16,discovery,202001,0.027338227143589217,-0.02057692501912243,0.12252600220084592,0.18135890873215452
sector_factor_16,discovery,202002,0.0326269936631716,0.08177055743039545,0.14251271564993884,0.10623818462425341
sector_factor_16,discovery,202003,0.0001924729331013038,-0.024379737180160274,0.0619286945623724,-0.08742477207046252
sector_factor_16,discovery,202004,0.017851978529209396,0.02819061223031202,0.08567828165160456,0.10535864107053755
sector_factor_16,discovery,202005,0.005189110157640331,0.02330781356819595,0.07033511041033745,0.009184114265321716
sector_factor_16,discovery,202006,0.014281029826882527,0.07701001052439096,0.0928817392935104,0.026429461824642474
sector_factor_16,discovery,202007,-0.00020560762103161783,0.028607096005757542,0.0451357555389867,-0.017204551721682216
sector_factor_16,discovery,202008,0.0033552167245831906,-0.0003909098531515892,0.05110642926214658,0.04845415068702588
sector_factor_16,discovery,202009,0.003631065833036015,0.0005895942609640769,0.0350492960757104,0.09758609761844345
sector_factor_16,discovery,202010,0.002247770745517468,-0.00857103919443034,0.059001369198594375,0.03301002158041683
sector_factor_16,discovery,202011,-0.0027010830833600567,0.0010729062675853215,0.043196961616802435,-0.0192681992880999
sector_factor_16,discovery,202012,0.0345213592458736,0.011453993545792004,0.13973844058496018,0.24128009669815004
sector_factor_16,discovery,202101,0.006698793784692211,-0.012467214079224504,0.09186763620809749,-0.012592141745677552
sector_factor_16,discovery,202102,-0.0036428179481916077,0.029450899106935442,0.0854589914321834,0.025502657516214552
sector_factor_16,discovery,202103,-0.0021961449894943616,0.005788471943188874,0.08385680462333997,0.0026450990716010035
sector_factor_16,discovery,202104,0.0027392649752698566,0.00917154881400555,0.08345565438640164,-0.0031324011111226496
sector_factor_16,discovery,202105,0.010094663915621607,0.04202461642610918,0.07556973946722019,0.020437317562292317
sector_factor_16,discovery,202106,0.010839562836444019,0.02236710843350184,0.0713365886828555,0.15277579821665052
sector_factor_16,discovery,202107,0.014590528285511382,0.024929321856788277,0.12743595056494658,0.15568152119359133
sector_factor_16,discovery,202108,-0.001039240552256173,0.026427247713127145,0.09353572792602328,-0.007852744084207823
sector_factor_16,discovery,202109,-0.03141951264017528,-0.04961338389548473,0.014641217095484984,-0.1653938822462248
sector_factor_16,discovery,202110,-0.010244986094644947,-0.013170539035945695,0.04917444325747707,-0.03285484721970214
sector_factor_16,discovery,202111,-0.0036201288934701575,0.027981605630537323,0.03781806822539247,0.0013446475428995686
sector_factor_16,discovery,202112,-0.013305059532711026,-0.0002733204330307553,0.026718741413922695,-0.07962221217187529
sector_factor_16,discovery,202201,-0.003339981001056195,-0.03589579995597505,0.024629835934960695,0.01982398798867856
sector_factor_16,discovery,202202,-0.004677590795427915,-0.009488323944151488,0.021217024427868388,-0.024336667872243038
sector_factor_16,discovery,202203,0.023036286519375823,-0.0004851082856792192,0.11829128011288118,0.10266615740830591
sector_factor_16,discovery,202204,-0.001158998106544637,-0.044841625091717824,0.03551979802324692,-0.07404862565265495
sector_factor_16,discovery,202205,-0.009934286752671499,0.03662492705257855,0.016187716765488278,0.008104025111583367
sector_factor_16,discovery,202206,0.0008084539282849413,0.021667738563597334,0.07781295774376167,-0.03619578536789777
sector_factor_16,discovery,202207,-0.005275979326018816,0.005824360540108977,0.02673947867245367,0.09385340457108325
sector_factor_16,discovery,202208,-0.0009715506244258483,-0.0027386852210443268,0.06854108410594671,-0.056625491241680745
sector_factor_16,discovery,202209,-0.0007893257967652117,-0.03311361798786536,0.05459444102025683,-0.04039731402647481
sector_factor_16,discovery,202210,-0.01143617006661147,0.02127626036253787,0.05582133710555498,-0.07902948494267495
sector_factor_16,discovery,202211,-0.007255393309605001,0.009971613398887382,0.03173185209169113,-0.06370503611986979
sector_factor_16,discovery,202212,0.005608988599512128,-0.0031259250017518013,0.06598672679040879,0.028582755667246305
sector_factor_16,discovery,202301,-0.018414397613164893,0.02636860319067864,0.0201374960190726,-0.12159434747011363
sector_factor_16,discovery,202302,0.0004993427824707544,0.0014818899385136322,0.03618890651732548,0.03307505765538696
sector_factor_16,discovery,202303,0.0182775353205455,0.020020392777286875,0.1261643597934212,0.15156287202041047
sector_factor_16,discovery,202304,-0.002746250078241626,-0.023168070388361994,0.03743938554799851,-0.061421437178740726
sector_factor_16,discovery,202305,0.013246695238553114,0.01850408155078185,0.10473966311366037,0.010667295590034214
sector_factor_16,discovery,202306,0.002222119796593426,0.011382384099706542,0.0906028585364233,0.0021504442175464267
sector_factor_16,discovery,202307,-0.01568196252481929,-0.017262812623743056,0.013010396846589964,-0.09191427323731982
sector_factor_16,discovery,202308,-0.0050765838731377634,-0.014690639040022886,0.029185499267028587,-0.10272942852955202
sector_factor_16,discovery,202309,0.00491277672145202,-0.0075721726666961335,0.060846356970985525,0.18126133080056664
sector_factor_16,discovery,202310,0.004518018834747098,0.02122656152744586,0.04000398603375368,0.19974186429321375
sector_factor_16,discovery,202311,0.004778888903595353,0.011856013604254012,0.025906045345655025,0.0954892222414582
sector_factor_16,discovery,202312,-4.084147476370632e-05,-0.01760813308650367,0.04033929596056633,-0.05379383228798266
sector_factor_16,validation,202401,-0.009755212630351513,-0.10378672488480913,0.01742702927821747,-0.07911243991621336
sector_factor_16,validation,202402,-0.039568948939796574,0.05702151986188255,0.0006616762402276941,-0.3717671296030751
sector_factor_16,validation,202403,-0.0144784367756338,-0.011826963017007247,0.025303871138424666,-0.07803138506898566
sector_factor_16,validation,202404,0.011502182964221109,0.021056989738572153,0.06387991995068001,0.09652792669468649
sector_factor_16,validation,202405,0.006045228016964206,-0.03199746078200406,0.04935808848241752,0.09749129094909752
sector_factor_16,validation,202406,0.005126510487652716,-0.019318250625694512,0.08804184684129235,-0.029726650131731164
sector_factor_16,validation,202407,0.004362123845307127,0.005100848335322276,0.043239883868071004,0.026141313262651122
sector_factor_16,validation,202408,-0.00250204799489198,-0.016993052870913575,0.07441319712727389,-0.05394048413550445
sector_factor_16,validation,202409,-0.008368382876745297,0.12255519716939153,0.00883909394222176,0.06683064900613636
sector_factor_16,validation,202410,-0.0018862332108131067,0.0725568177902864,0.04604358893517261,0.07294291560352612
sector_factor_16,validation,202411,0.002879011032159629,0.02336539155654637,0.051556850868261214,0.07485316437241044
sector_factor_16,validation,202412,-0.0026369032016945013,-0.05587360761889035,0.03722655776228361,-0.14223458470692266
sector_factor_16,validation,202501,-0.00559451635056291,0.038643781217655895,0.03270238914321468,-0.05059460858765715
sector_factor_16,validation,202502,-0.0006908713830304473,0.023907318417311925,0.05089195635962582,0.05939384283035898
sector_factor_16,validation,202503,-0.018573900947502067,-0.05355286866187531,0.011646717797609406,-0.14049224287287138
sector_factor_16,validation,202504,-0.007046778815144784,0.02607803706899479,0.024500844838332408,-0.09807968915727913
sector_factor_16,validation,202505,0.010316344396857125,0.024080893882216372,0.09990262649358544,0.126649259185532
sector_factor_16,validation,202506,-0.002588307981853207,0.017790658269659615,0.03366294654553722,0.027439928966681647
sector_factor_16,validation,202507,0.0020046947129831742,0.029067559268997168,0.06761243700217393,0.09250770831856399
sector_factor_16,validation,202508,-0.0047817721273283945,0.018375791300487825,0.07862809513726912,-0.058150749325914027
sector_factor_16,validation,202509,0.011306555168793248,0.013825949169908695,0.09061846592903398,0.09028242787522586
sector_factor_16,validation,202510,0.005258178734292861,0.025800967530813068,0.06992900377334933,0.10471862922284801
sector_factor_16,validation,202511,0.006882556149689639,-0.0025450991540856196,0.045177015234105014,0.04536916361682215
sector_factor_16,validation,202512,-0.017062179150754708,0.015659663222544147,0.017736833374606697,-0.055886450260929955
sector_factor_16,observation,202601,-0.006546025968493667,0.004763218591542682,0.04426473868380536,0.017255593651642594
sector_factor_16,observation,202602,0.02030560972001676,0.02161420597237468,0.04305085101699973,0.27356162170028503
sector_factor_16,observation,202603,-0.004550773557793428,-0.027029052010964897,0.04606556601147012,-0.022894762309291775
sector_factor_16,observation,202604,0.001921266030681418,0.03067422362870448,0.07386195552409466,0.07638988545993343
sector_factor_16,observation,202605,0.01355191134827335,-0.023874696961554167,0.1064131820508384,0.22030238405015182
sector_factor_17,discovery,201501,0.012853594287134024,0.02445962109370157,0.14010529496570476,0.1174053074727961
sector_factor_17,discovery,201502,0.008507132352600569,0.08990990678469339,0.075750568083003,0.1252444198580832
sector_factor_17,discovery,201503,-0.008018561975970213,0.11253574229459362,0.0554637463678542,0.03681840454866149
sector_factor_17,discovery,201504,0.005832004529969837,0.06638394809269813,0.08694235484241149,-0.08021508302256383
sector_factor_17,discovery,201505,0.061615596383441926,0.26099457882810384,0.2777432898163885,0.2707812363114853
sector_factor_17,discovery,201506,0.0015614068086019027,-0.1836614273297268,0.1592243725773323,-0.05865188148512192
sector_factor_17,discovery,201507,-0.02313337583938101,0.07615115456308401,0.08544421793110546,-0.1210729259321063
sector_factor_17,discovery,201508,8.989550555534418e-05,-0.1285038802096443,0.1385500355345028,-0.11712998801249713
sector_factor_17,discovery,201509,0.033810955896955555,0.119560574836687,0.2809734266308996,0.3789251615608501
sector_factor_17,discovery,201510,-0.0006293366849743224,0.07844878912985544,0.04481803910482457,0.22357278701752165
sector_factor_17,discovery,201511,0.00927820241748752,0.03333540069863722,0.18138641351120924,0.205477183289899
sector_factor_17,discovery,201512,-0.0049763978927891235,-0.06516507953992519,0.046566996339348965,0.024513504048043484
sector_factor_17,discovery,201601,0.010858365177916694,-0.029385620632674542,0.14495192022059794,0.04714913186073962
sector_factor_17,discovery,201602,-0.013080705978118898,-0.02574245818259442,0.0990123422408359,-0.21882233534085674
sector_factor_17,discovery,201603,-0.007486060603576609,0.0622290844135695,0.09683897385644963,0.035486102173954974
sector_factor_17,discovery,201604,0.001069308946892842,-0.02905257085367339,0.0992597903600911,-0.06995870965182693
sector_factor_17,discovery,201605,0.0206513678379869,0.03560907941486914,0.22388716874285106,0.323609569267605
sector_factor_17,discovery,201606,0.017674038146166016,0.05838554921549075,0.39219430481934203,0.14022385006673896
sector_factor_17,discovery,201607,-0.005613176138699103,-0.01655917210702596,0.11066555570387579,-0.09063862794316924
sector_factor_17,discovery,201608,-0.005909141767915243,0.011962701126922975,0.09633893103460948,-0.012146556168533874
sector_factor_17,discovery,201609,0.0021345754913914983,0.014517654130613664,0.15647198249515384,0.11117155073013896
sector_factor_17,discovery,201610,0.010891878082041274,0.025263990301527883,0.34350708623347026,-0.004497106890385925
sector_factor_17,discovery,201611,0.010294235214123738,0.003988698964464923,0.20476241764802247,0.016373285205629615
sector_factor_17,discovery,201612,0.0018464204563321243,-0.008136304924019814,0.1744751480423978,0.04732944696817381
sector_factor_17,discovery,201701,0.050329748338888064,0.05160069720554425,0.2859634012315122,0.13665028211063504
sector_factor_17,discovery,201702,0.039547015146240996,0.0651178568873244,0.38174907349245796,0.013098582120414405
sector_factor_17,discovery,201703,0.02889798770823571,0.027963639605592977,0.20686969378857736,0.021312773839073974
sector_factor_17,discovery,201704,0.03324012007606951,-0.01624099123226996,0.40552299225899224,-0.03768113547963838
sector_factor_17,discovery,201705,-0.011760105169483543,-0.028699489382561293,0.19063992222517034,-0.1418069076177956
sector_factor_17,discovery,201706,0.009972019456704652,0.031425975394743295,0.15833413351975123,0.03031955669603602
sector_factor_17,discovery,201707,0.06202573986181602,0.05696800997927009,0.4209167007315847,0.1426847552648147
sector_factor_17,discovery,201708,0.002450534870943567,0.03266310164750472,0.25804614565831846,0.13535758775270895
sector_factor_17,discovery,201709,0.005099252391667856,0.009636971153079122,0.12108018163967775,-0.012840227677239977
sector_factor_17,discovery,201710,0.005273537269243772,-0.004405184971641146,0.10561002671974697,0.05483248873493983
sector_factor_17,discovery,201711,0.001679723578306744,-0.03145751083052759,0.20602914485957194,-0.029248987235180633
sector_factor_17,discovery,201712,-0.003519277444292403,0.0036393162253911477,0.06584965658111631,-0.10382254176015969
sector_factor_17,discovery,201801,0.0038746447098135226,-0.05569498249864079,0.09054075698236184,0.0734965960431091
sector_factor_17,discovery,201802,-0.001539116442862395,0.05530550179197841,0.15136278157091393,0.23292192415177917
sector_factor_17,discovery,201803,0.016153494338783356,0.02035373378312215,0.1581905046027219,0.26025738498860873
sector_factor_17,discovery,201804,-0.003480058379928477,-0.010461842480839954,0.22188784247237267,0.06046099349239134
sector_factor_17,discovery,201805,0.012201306455591532,-0.0064602728353665125,0.15945230419521184,0.13224393566071496
sector_factor_17,discovery,201806,0.02159294671265735,-0.03692475901392754,0.2837696607161056,0.1630766715375421
sector_factor_17,discovery,201807,0.004564523569475063,-0.006313071741235698,0.3001568751605253,-0.09253948185366206
sector_factor_17,discovery,201808,0.005851646425559841,-0.013022078105353538,0.20318785510778864,0.060084417783434436
sector_factor_17,discovery,201809,-0.0034428368710269293,-0.055961390665585274,0.11139220272204134,-0.1421059708783784
sector_factor_17,discovery,201810,-0.008167041560058956,0.02475504576383779,0.09474181612854676,0.0018813273325702805
sector_factor_17,discovery,201811,-0.004759153749439195,0.006559110011122274,0.15109174668075454,-0.08941530058439039
sector_factor_17,discovery,201812,0.012786069745188321,-0.0021294465119717646,0.18073653649768384,-0.0377820177399484
sector_factor_17,discovery,201901,-0.0037660167061171214,0.020025204236662833,0.05208953590263113,-0.06126401263311272
sector_factor_17,discovery,201902,0.010221011492442441,0.12974560764385387,0.06248492435263131,0.24893082152424986
sector_factor_17,discovery,201903,-0.019753950316263313,0.02516737278118463,0.022007089271896436,-0.16086446854984573
sector_factor_17,discovery,201904,-0.013178016549563677,-0.07478009669908456,0.09119631109028517,-0.17176844759166793
sector_factor_17,discovery,201905,0.04712721173343166,0.038324101448524744,0.3764608942264107,0.07785941963877713
sector_factor_17,discovery,201906,-0.023996927311698703,-0.005476330084600608,0.10333045587195146,-0.14358017299090223
sector_factor_17,discovery,201907,-0.0010774829657715682,-0.030202264372042997,0.09598512788679595,0.025711039971605155
sector_factor_17,discovery,201908,-0.0007610384355623834,0.04321591722122817,0.05906608574884884,0.15381691942743045
sector_factor_17,discovery,201909,-0.018984290206432792,-0.031272932760912225,0.04572622291803129,-0.13561879108473002
sector_factor_17,discovery,201910,0.016843882223117657,0.004987884729764383,0.20008069668820758,0.08018506896785851
sector_factor_17,discovery,201911,-0.014647904293821148,-0.01322691044021797,0.07783509544245507,-0.030451955924660577
sector_factor_17,discovery,201912,0.008112944071594234,0.053898907175144735,0.1347844422036758,0.12593192676927914
sector_factor_17,discovery,202001,0.016179794361028448,-0.03170854517807129,0.19922486965767439,0.208604108296434
sector_factor_17,discovery,202002,0.005277769423633375,0.05446629527345067,0.16034116864061793,0.021492784137854066
sector_factor_17,discovery,202003,-0.02539211718127604,-0.05016983665674079,0.10050621688763166,-0.17316994178083703
sector_factor_17,discovery,202004,0.0032400158852114967,0.013590747719752558,0.11945450365449564,0.0767591627642283
sector_factor_17,discovery,202005,0.0008698717234861148,0.01913599472253635,0.10105955791932206,0.06860792929168488
sector_factor_17,discovery,202006,0.025559604040130864,0.08846341051335913,0.1855334955042876,0.11819792223406685
sector_factor_17,discovery,202007,0.0035758561259259464,0.032382576882905,0.14849719859244653,0.008991537979762024
sector_factor_17,discovery,202008,-0.04649158553481425,-0.05034720357008545,0.06653292437603284,-0.24307121668943643
sector_factor_17,discovery,202009,-0.007831428402527528,-0.010775380517155023,0.0555309202281572,-0.010903065882572659
sector_factor_17,discovery,202010,0.008042911882511779,-0.002708116212306778,0.19435468606642306,0.019216915637811763
sector_factor_17,discovery,202011,-0.002956134930401889,0.0007912415939374891,0.08384434930770587,-0.03558323581169557
sector_factor_17,discovery,202012,0.03817023730985664,0.015020082242098515,0.21516659813992395,0.2269920142920483
sector_factor_17,discovery,202101,0.008293524151825295,-0.010897932720545215,0.2252825914518201,-0.07037590021788134
sector_factor_17,discovery,202102,-0.028096896637207828,0.004846522344741967,0.07959384566451244,-0.07563899751792302
sector_factor_17,discovery,202103,-0.005596303780513195,0.0022924843024077785,0.10881154644551778,-0.0783172782835302
sector_factor_17,discovery,202104,0.012736221941156159,0.019117408224459117,0.2432248260884855,0.0027709603807815806
sector_factor_17,discovery,202105,-0.008570762375659676,0.023425911628874016,0.1117191794589722,-0.025224185695576908
sector_factor_17,discovery,202106,0.00537784596929648,0.017066785243999523,0.050613557873028,0.21102792994837105
sector_factor_17,discovery,202107,0.057919990381190514,0.06844278175305864,0.29214785931534765,0.3965878503696341
sector_factor_17,discovery,202108,0.033169938356895655,0.060568122131768515,0.1758415509284329,0.08168674340453334
sector_factor_17,discovery,202109,-0.016974520924706017,-0.03538536376072443,0.14626854364884573,-0.11812855669795892
sector_factor_17,discovery,202110,-0.03387081708496288,-0.0360703438263954,0.010947801039416092,-0.05287930514139899
sector_factor_17,discovery,202111,-0.008302082024587702,0.02331954497534422,0.10411981428905462,-0.06110969875725206
sector_factor_17,discovery,202112,0.002660949787157148,0.015496816693959536,0.06757396192750056,-0.03227009065164201
sector_factor_17,discovery,202201,-0.011940839250205481,-0.04472001043981627,0.11193997178873882,-0.19064928034507586
sector_factor_17,discovery,202202,-0.0006244358049249403,-0.005400501388066914,0.08907098874771952,0.01074727739732316
sector_factor_17,discovery,202203,0.00790048337191106,-0.015683157835914955,0.06882313720204235,0.18340699439049007
sector_factor_17,discovery,202204,-0.013013139024852571,-0.05699137897111206,0.08404562125036262,-0.07021959805107643
sector_factor_17,discovery,202205,0.01362600322724429,0.059959787892569845,0.16077000424906338,0.07528131460271364
sector_factor_17,discovery,202206,-0.014260032207365915,0.006568453788280576,0.051947193259448514,0.06944257552642934
sector_factor_17,discovery,202207,-0.006688140938134592,0.00469533427080716,0.0653750332085291,0.1267802138820909
sector_factor_17,discovery,202208,-0.027330956932115843,-0.029192253728093497,0.10629340966104724,-0.1519318033877048
sector_factor_17,discovery,202209,-0.022888158421606013,-0.05519714933997463,0.05664427225700465,-0.1554068301303752
sector_factor_17,discovery,202210,0.012368552638219427,0.0451675964770402,0.11152681912989497,0.2581630323149634
sector_factor_17,discovery,202211,-0.007712988640139395,0.009486495118074922,0.11268387567061545,-0.1371174216001241
sector_factor_17,discovery,202212,0.014395055466083466,0.00573782832573422,0.22171937290709992,0.028864048003285847
sector_factor_17,discovery,202301,-0.01883781595633003,0.025895861928074734,0.024524331818406613,0.07494123417822889
sector_factor_17,discovery,202302,0.0033264119692869533,0.004305064919462894,0.1206684059092387,-0.10580510202761036
sector_factor_17,discovery,202303,0.029051023142360938,0.031029364106744534,0.1262161654123983,0.3609908166997942
sector_factor_17,discovery,202304,-0.00047114531957600305,-0.021000711370786455,0.1857246152690053,-0.2208824839621591
sector_factor_17,discovery,202305,-0.02182273643883919,-0.01630663301999448,0.03818658516044524,0.02472545347460404
sector_factor_17,discovery,202306,-0.01255966968546689,-0.0035237221030547513,0.09005087455366982,-0.13549025952317292
sector_factor_17,discovery,202307,-0.014440035129605986,-0.016105061173064834,0.030449546365019325,-0.08380662614057083
sector_factor_17,discovery,202308,-0.030606820680604704,-0.04021323901074736,0.028288642093519178,-0.10980038981897593
sector_factor_17,discovery,202309,-0.0026841857229251047,-0.014994472714024595,0.09423450861475564,-0.10539707607459278
sector_factor_17,discovery,202310,-0.018404558123696915,-0.0016711856300175632,0.007603773667331184,-0.14007397852018208
sector_factor_17,discovery,202311,-0.00022684035167993503,0.006908656344338934,0.06384339419827477,-0.023447708167690172
sector_factor_17,discovery,202312,-0.029834103939162842,-0.047480861528865284,0.06466114028884466,-0.21551368550348074
sector_factor_17,validation,202401,-0.008501175906779,-0.10254482120931656,0.03484724945228047,-0.19597435582235567
sector_factor_17,validation,202402,-0.003160054280747653,0.09361113158403896,0.049605365683359534,0.29063606455891944
sector_factor_17,validation,202403,-0.003420519739559371,-0.0007064370008828562,0.08489929986404006,-0.05618786271866936
sector_factor_17,validation,202404,-0.024214866704560457,-0.014650519974402412,0.05454046435558031,-0.2172140199342508
sector_factor_17,validation,202405,-0.009644553287751245,-0.04770132810110227,0.11564283471803707,-0.10319938739722423
sector_factor_17,validation,202406,-0.011580432329973135,-0.03606384802903784,0.03479996013728235,0.040809390585170933
sector_factor_17,validation,202407,-0.005451834195431833,-0.005230191171817158,0.10548299137681816,-0.25119424442241456
sector_factor_17,validation,202408,-0.02090593322639815,-0.03578096375197426,0.02170207947914513,-0.08086702112419021
sector_factor_17,validation,202409,0.003790009939260604,0.1320501734465851,0.07018334933345696,0.045749971279954706
sector_factor_17,validation,202410,-0.0029420357504750427,0.06651615775416657,0.04023217081839531,0.19792685838701435
sector_factor_17,validation,202411,-0.028111347797146805,-0.007635081608757553,0.04727132818633648,0.040168649810342454
sector_factor_17,validation,202412,-0.022546633288361574,-0.07577828395945041,0.028056277400915815,-0.25112960704550485
sector_factor_17,validation,202501,0.009205302766066499,0.05346082094098771,0.03779001744210952,0.40010372461998106
sector_factor_17,validation,202502,0.007470326295920542,0.03205233076053749,0.09007361172670701,0.18601961160897193
sector_factor_17,validation,202503,-0.0028734044983987506,-0.03791070384294948,0.049621318071766854,-0.14134999250787103
sector_factor_17,validation,202504,-0.030105914532336138,0.003019692816906172,0.031592656306673135,0.04197579718689728
sector_factor_17,validation,202505,-0.009512285756552255,0.004240099271625073,0.08910620737341712,-0.11055431231758629
sector_factor_17,validation,202506,-0.025298406812428797,-0.004919440560915973,0.10005951030522373,-0.0487159601455283
sector_factor_17,validation,202507,-0.010018337553451427,0.017050252256961794,0.10928678875908165,0.05552802489852998
sector_factor_17,validation,202508,-0.005951994844597507,0.01718551168783701,0.05368178021230699,0.09898104132471922
sector_factor_17,validation,202509,-0.01949384657540236,-0.016975138695984656,0.03582883104333428,-0.04759863419245969
sector_factor_17,validation,202510,-0.030102477304185072,-0.009559688507664865,0.06239184263236393,-0.1699348926036947
sector_factor_17,validation,202511,-0.013108371246069773,-0.022539503154839623,0.13885626721970892,-0.18978838719139596
sector_factor_17,validation,202512,0.021562661645201923,0.054286667932857476,0.14010842142240254,0.19666206856040247
sector_factor_17,observation,202601,-0.022926465264779882,-0.011615702779708956,0.13397464641173462,-0.06529864484918498
sector_factor_17,observation,202602,0.00788194227019882,0.009154788709046053,0.17024658536713536,0.11693750554116768
sector_factor_17,observation,202603,-0.02749011139432591,-0.04996776260350915,0.05921575429149959,-0.13121395748411116
sector_factor_17,observation,202604,0.016945804260419358,0.045698761858442426,0.11824407700453833,0.28443115340884145
sector_factor_17,observation,202605,0.10081558944778439,0.06338898113795689,0.3227819666492479,0.3747875681668482
sector_factor_18,discovery,201501,,,,
sector_factor_18,discovery,201502,-0.010919876978247381,0.05956535081146286,0.09981845838326865,-0.12974899901039555
sector_factor_18,discovery,201503,0.0018391718272653507,0.12245844387110662,0.08084357566683438,0.01028079871020604
sector_factor_18,discovery,201504,0.02082458744270891,0.0813765310054372,0.1406333018621227,0.024750798125240676
sector_factor_18,discovery,201505,0.037090189333293055,0.23578113623836544,0.27507882913032866,0.0061798624040622805
sector_factor_18,discovery,201506,0.0074708018460018155,-0.1782349509813468,0.08543867224935543,0.003135179858785335
sector_factor_18,discovery,201507,0.011646301310185367,0.11093083171265039,0.09541354563999993,0.02392423188474941
sector_factor_18,discovery,201508,0.005177277737851267,-0.1234185783092731,0.13090370450171948,-0.006787788717582712
sector_factor_18,discovery,201509,-0.00978886578614597,0.07620723385531164,0.10161466261578303,-0.03139905562165295
sector_factor_18,discovery,201510,-0.01202617523693158,0.06739958333087355,0.02809982258291644,-0.09815731229793809
sector_factor_18,discovery,201511,0.010766351321650646,0.03488433315592374,0.2306353320414831,0.05200127963085285
sector_factor_18,discovery,201512,0.00545766399262949,-0.05450378360085028,0.15836841660317913,0.0059906864749112035
sector_factor_18,discovery,201601,0.0044879138452747335,-0.035802881268318744,0.1382848495190771,0.010855024587840613
sector_factor_18,discovery,201602,-0.00205215881545244,-0.014701558798424231,0.07873650235361049,0.012746584572470378
sector_factor_18,discovery,201603,-0.0011453180857884315,0.06853196579499839,0.17596096208909864,0.036889475353052724
sector_factor_18,discovery,201604,0.007466087345025971,-0.022406366394352516,0.1536168640834789,0.09026371761547033
sector_factor_18,discovery,201605,0.01878669972424787,0.03367766521211403,0.210969285551383,0.11650595959085211
sector_factor_18,discovery,201606,0.015925236838847823,0.056614223925280385,0.3055436110403146,0.02693967717189673
sector_factor_18,discovery,201607,0.004789030910223849,-0.006156965058103007,0.2429220540292627,0.04654854717971918
sector_factor_18,discovery,201608,0.001164417074767077,0.019036259969605295,0.15291474991907322,-0.014040445821616789
sector_factor_18,discovery,201609,-0.002008929755256193,0.010374148883965973,0.0685827631631844,-0.024238741812998336
sector_factor_18,discovery,201610,0.00805406612046189,0.02231232554345297,0.2440752081417461,0.0034406344686459204
sector_factor_18,discovery,201611,0.0020903127132788878,-0.004172660708751539,0.1561153592957801,-0.02039276241652609
sector_factor_18,discovery,201612,-0.007530267947331087,-0.017563491745121694,0.07664108664076746,-0.07773235723168216
sector_factor_18,discovery,201701,0.008254748504173313,0.007815302275573938,0.12230840806669696,0.01953100410483992
sector_factor_18,discovery,201702,0.04763847125202186,0.06949455380474522,0.5644357242754339,-0.0055858923532537165
sector_factor_18,discovery,201703,0.03310615366652739,0.032227806986022345,0.2285201970355333,0.03504724544617152
sector_factor_18,discovery,201704,0.02068343930590484,-0.028716878283820635,0.19942932215674172,0.0639338710896706
sector_factor_18,discovery,201705,0.01610848167302447,-0.0009080442378763102,0.1923572693010869,-0.022318921896422556
sector_factor_18,discovery,201706,-0.007974776398457336,0.01347917953958131,0.07518568639654154,-0.04927242236099349
sector_factor_18,discovery,201707,0.024416611404252584,0.0195092527937266,0.2284771340078055,0.10437789922215271
sector_factor_18,discovery,201708,0.008342658894829652,0.03840038141212932,0.2431298322682002,-0.021031090662897788
sector_factor_18,discovery,201709,0.012167388411035191,0.016809548117037464,0.16275333829048508,0.015563917100656235
sector_factor_18,discovery,201710,0.02692805961566385,0.017361609100258003,0.25040259923652863,0.02137392962103582
sector_factor_18,discovery,201711,0.00417914480087206,-0.028962624237862077,0.17857001377502943,0.010522338931272954
sector_factor_18,discovery,201712,-0.0010824881677018012,0.006431562215114658,0.0502714641200121,0.02471848340906902
sector_factor_18,discovery,201801,0.001795659519528174,-0.057932859277306396,0.07330617723063727,0.002244159094598982
sector_factor_18,discovery,201802,-0.008663562208956541,0.048435097061931935,0.14722741526967445,-0.018170926397485278
sector_factor_18,discovery,201803,0.007610619917435229,0.011934746763290606,0.09884706802608334,0.10797118436386649
sector_factor_18,discovery,201804,0.003491422147333553,-0.003278987810866359,0.12881796440653792,-0.04017281865234766
sector_factor_18,discovery,201805,0.0057970108201848,-0.012930813351820029,0.08038753819778328,0.051051818198974135
sector_factor_18,discovery,201806,-0.0008914677073868914,-0.059448289065621794,0.051210174301945355,-0.06370678016086387
sector_factor_18,discovery,201807,0.009064038760507374,-0.0017636336215549483,0.19614041439020224,0.0018113027491917422
sector_factor_18,discovery,201808,-0.0021794156793654186,-0.0210531402102788,0.053099565646075896,-0.01607744166057549
sector_factor_18,discovery,201809,0.012674383889587729,-0.03980097553423165,0.1819575738591263,0.12529870836888857
sector_factor_18,discovery,201810,-0.001367324105032205,0.0315035334277329,0.07843759885690454,0.031987701579691635
sector_factor_18,discovery,201811,-0.001300139303128623,0.010018124457432847,0.10812773150892836,0.013800893083979996
sector_factor_18,discovery,201812,-0.0013728737728354692,-0.01594211132149212,0.06530937676829507,-0.010423569254897925
sector_factor_18,discovery,201901,-0.005158747411854392,0.01824533525523642,0.0658876277065927,-0.08150243862293244
sector_factor_18,discovery,201902,0.0023221788255995716,0.12173558549761461,0.042114357034696924,-0.02881596402841408
sector_factor_18,discovery,201903,-0.00786128477178761,0.03731395551994432,0.0647262091278416,-0.04755884847383058
sector_factor_18,discovery,201904,-0.0013788223814950728,-0.06297191733250483,0.06358675474227514,0.006242549251693942
sector_factor_18,discovery,201905,-0.007263374421199825,-0.016017403000150806,0.05160756674146479,-0.014691632416363879
sector_factor_18,discovery,201906,0.0004465870793024231,0.01897487670342487,0.11949839589028484,0.04585603929310523
sector_factor_18,discovery,201907,0.003964845810104681,-0.02513669403320502,0.06572006975541812,0.03220415951371565
sector_factor_18,discovery,201908,-0.00449700770291239,0.03938050589931663,0.04365878963313747,-0.012356970233294557
sector_factor_18,discovery,201909,0.001209254748559094,-0.011055175590518046,0.1019509686248264,0.03884567867798854
sector_factor_18,discovery,201910,-0.0005035563083089787,-0.012556254404221869,0.06735849631061847,-0.0540361060828881
sector_factor_18,discovery,201911,0.004860195737005699,0.006260604964059201,0.0851216164107533,-0.013100378865715625
sector_factor_18,discovery,201912,0.01129832981428903,0.05705992025190922,0.11611978526097189,-0.0023589685036246905
sector_factor_18,discovery,202001,0.0042122810227354455,-0.043702871139976195,0.09478214543681905,-0.03046214043915882
sector_factor_18,discovery,202002,-0.011910220147556714,0.03728139213562827,0.09103799065790519,-0.07530763312970602
sector_factor_18,discovery,202003,-0.006867310128342619,-0.03145473127647578,0.07052255439289476,0.06007126661693858
sector_factor_18,discovery,202004,0.006018208048630632,0.016352857028444606,0.05141552740092653,-0.04312894576950581
sector_factor_18,discovery,202005,0.002719450075192117,0.020838950954041337,0.07934131085632856,0.04858781532694283
sector_factor_18,discovery,202006,0.022057819180880088,0.08479603248488274,0.15767093668394389,-0.025850283513979982
sector_factor_18,discovery,202007,0.0206873695346762,0.04949031668606356,0.1460042845124276,0.009251990393277424
sector_factor_18,discovery,202008,-0.0098347429182355,-0.013604042179594258,0.051105672470200696,0.007645467955714406
sector_factor_18,discovery,202009,-0.002698736824021464,-0.005759303233935498,0.06904769775793353,0.011436291217236666
sector_factor_18,discovery,202010,0.010394050605711264,-0.00037190534058026935,0.1400173395867837,0.02225629979644574
sector_factor_18,discovery,202011,0.011225764569349499,0.014999753920294876,0.07504199902487861,0.005141421189542056
sector_factor_18,discovery,202012,0.0047998776351373465,-0.01829505422957363,0.08747795914536609,-0.03738467158533511
sector_factor_18,discovery,202101,0.021649717773491544,0.0024837099095748275,0.17227790559841266,0.07869185487693611
sector_factor_18,discovery,202102,-0.021081915070480083,0.012023309152573347,0.050702112879666195,-0.03959410555296853
sector_factor_18,discovery,202103,-0.0026171979765647795,0.005348509012717682,0.04783544002447852,-0.01900447979844766
sector_factor_18,discovery,202104,0.00830512427722794,0.014719338942224915,0.08784178022282799,0.03859860044231347
sector_factor_18,discovery,202105,-0.0007368786763004592,0.031199885439127686,0.05751948411726166,-0.06615007049173198
sector_factor_18,discovery,202106,-0.008536619420301967,0.003006809317143745,0.0316882410903217,0.005418373687021134
sector_factor_18,discovery,202107,0.02098704075425412,0.031343918015905234,0.13071966402774662,0.06544511280658337
sector_factor_18,discovery,202108,0.010852805539137604,0.03826781361534482,0.08277894453048017,0.028888213166377772
sector_factor_18,discovery,202109,-0.014810334183033541,-0.0330044935355545,0.09896902930402632,-0.024543053609979056
sector_factor_18,discovery,202110,-0.014375183903140992,-0.017279514461370125,0.02344752163486227,-0.05189646831290778
sector_factor_18,discovery,202111,-0.009825879110595933,0.021794195135457398,0.06066337326324358,0.010221942304638588
sector_factor_18,discovery,202112,-0.010867342001164326,0.002162258093164343,0.02905787147149421,-0.010321160073515306
sector_factor_18,discovery,202201,0.0015551868280704482,-0.03104421493725998,0.07714415937540445,0.06207210357451496
sector_factor_18,discovery,202202,0.007402759194457359,0.002598384576890567,0.10141628040613257,-0.09021803056922045
sector_factor_18,discovery,202203,-0.005424559722268058,-0.02897270701151169,0.037506656927528345,-0.030354800279326327
sector_factor_18,discovery,202204,-0.011173387869728569,-0.05491598485478838,0.02620527690625268,-0.0723669322106242
sector_factor_18,discovery,202205,0.005541727002134901,0.052067262561084994,0.08565794344975082,0.013351114332628278
sector_factor_18,discovery,202206,-0.003714183629775477,0.017134969984181226,0.0647942330619542,0.04933489584346728
sector_factor_18,discovery,202207,-7.50543893354369e-05,0.011010829761410908,0.04288266705990846,0.023743394685452286
sector_factor_18,discovery,202208,-0.007056557162597179,-0.008865197041735013,0.032898756552496945,-0.026443238045556917
sector_factor_18,discovery,202209,-0.0005717921074258217,-0.03290316256177556,0.07991791278460579,-0.011326721590073847
sector_factor_18,discovery,202210,0.007573185735281148,0.040278578921061126,0.08987941446506505,0.022546329604867122
sector_factor_18,discovery,202211,0.0004575415004379588,0.017688514169739475,0.05490933822424186,-0.05992076811005651
sector_factor_18,discovery,202212,0.010774367984544704,0.0020691130941651696,0.11229516588936597,0.03854222661983505
sector_factor_18,discovery,202301,-0.008296624330991039,0.03649638304086693,0.04754129344178363,0.02457692278389375
sector_factor_18,discovery,202302,-0.004803105433201356,-0.003829578528445836,0.043387382776816266,-0.011670871454531601
sector_factor_18,discovery,202303,0.01594343354127603,0.01773431547072782,0.0839963533278782,0.16590632467503327
sector_factor_18,discovery,202304,-0.007234260309846467,-0.027699730501626618,0.04815135254619402,0.0070004295892312106
sector_factor_18,discovery,202305,-0.0219111637356,-0.016620569356064152,0.027108538973186203,-0.13396328230043858
sector_factor_18,discovery,202306,0.002955537142161948,0.012118521880584012,0.05273255744116678,0.0039400789475177375
sector_factor_18,discovery,202307,-0.0014734942460429888,-0.0030790288929849687,0.016184828590342242,0.04993083089542386
sector_factor_18,discovery,202308,-0.004494253785971174,-0.014108308952856296,0.07420925317861193,-0.02526718805488119
sector_factor_18,discovery,202309,-0.0039719892156659786,-0.016423312067054212,0.04434237968196743,0.0026084764222634063
sector_factor_18,discovery,202310,-0.008411327675306586,0.008322463366066053,0.044561454181165146,-0.06185522264977602
sector_factor_18,discovery,202311,-0.01178024727765678,-0.004690191733706425,0.008532858860658007,-0.11816483595420899
sector_factor_18,discovery,202312,0.004154657390872814,-0.013434025706512673,0.08064232237362974,-0.015605735602617285
sector_factor_18,validation,202401,0.03351373671985488,-0.06053389643533261,0.1203592791603584,0.04908751115272474
sector_factor_18,validation,202402,-0.04442738244197066,0.05218661971700688,0.04109251543788921,-0.047992747233051275
sector_factor_18,validation,202403,0.0039315693177245795,0.006617084257294707,0.06430048880691912,-0.03146544962212447
sector_factor_18,validation,202404,-0.006943173226999906,0.0026089088848675604,0.06901103028457381,-0.04306835712163926
sector_factor_18,validation,202405,-0.017980141111106563,-0.05601449982485065,0.03238519660425372,-0.07210532268040717
sector_factor_18,validation,202406,-0.002177372758586018,-0.026621313728116405,0.056347198767807784,-0.04053540141817832
sector_factor_18,validation,202407,-0.002772979843743248,-0.0020258857821159916,0.046515101286585106,-0.03347750044222256
sector_factor_18,validation,202408,-0.005981216960935881,-0.020561903350496572,0.07266855586510508,-0.06922454960381931
sector_factor_18,validation,202409,0.00670729440536297,0.1376510446477608,0.05502159920993528,0.09627527857919874
sector_factor_18,validation,202410,-0.02653133224138075,0.047252967209755706,0.038174019835357655,-0.16835724887680123
sector_factor_18,validation,202411,-0.0038960583072199066,0.016586436746763952,0.06625491215997543,-0.025526927643666385
sector_factor_18,validation,202412,-0.004027056458328666,-0.05726836306381632,0.04506493009196209,-0.0202821324143696
sector_factor_18,validation,202501,-0.018368510217602423,0.02587723920425762,0.016926667817913296,-0.040500978021726565
sector_factor_18,validation,202502,-0.01191616310439487,0.012682538662273955,0.04344990210358725,-0.0259193959160681
sector_factor_18,validation,202503,0.0035019620073285023,-0.03149778564249919,0.08485099996146282,0.011384335574738372
sector_factor_18,validation,202504,-0.0013920125194117551,0.03173280336472782,0.04328734426226616,-0.030269490373488715
sector_factor_18,validation,202505,-0.007089721147605836,0.006673970763949911,0.04915879008553904,0.018224560694407085
sector_factor_18,validation,202506,-0.01284060085679178,0.007538365394721041,0.028920198991308127,-0.10257912447748077
sector_factor_18,validation,202507,-0.007855118289147011,0.019207746266866985,0.0876446752146901,-0.0394038663473373
sector_factor_18,validation,202508,-0.011098593833244078,0.012059970440653463,0.023105908505522042,-0.00914865000901462
sector_factor_18,validation,202509,-0.009935488046994479,-0.007416780167576772,0.05750225444017151,-0.07180712365671905
sector_factor_18,validation,202510,-0.011417085236304402,0.009125703560215805,0.07446635399522679,-0.04093435432155363
sector_factor_18,validation,202511,-0.009328658312547328,-0.018756313616322587,0.05433971453753298,0.017467934811164633
sector_factor_18,validation,202512,-0.0003173969177948425,0.03240660936986071,0.067010243669987,0.022878418833550428
sector_factor_18,observation,202601,-0.008736564442590352,0.0025726801174459977,0.06016296207069841,-0.02421490679179063
sector_factor_18,observation,202602,0.00013873359751849574,0.0014471881073924511,0.06981457292746937,-0.0032793681225093225
sector_factor_18,observation,202603,-0.01728963027548143,-0.039766897729052945,0.044899795563373576,-0.02594362122335304
sector_factor_18,observation,202604,0.015771755583326986,0.04452471318135005,0.13888552670231188,0.08217572561270349
sector_factor_18,observation,202605,0.05229880896384885,0.01487220065402133,0.2598790670859495,0.15390487061380112
sector_factor_19,discovery,201501,0.007296277154821708,0.002092195421331174,0.05126017437424624,0.10626408650543
sector_factor_19,discovery,201502,0.001279364434222607,0.08264149331099664,0.09653068125401622,0.04138746938687086
sector_factor_19,discovery,201503,0.004380128934806862,0.1249344332053707,0.12526170468254355,-0.052913674272557436
sector_factor_19,discovery,201504,0.017873700265254096,0.07842564382798238,0.2511025516863296,-0.03942008745240826
sector_factor_19,discovery,201505,0.020838998617214898,0.21967656896216795,0.2304627415199309,-0.10491197260074578
sector_factor_19,discovery,201506,0.023280579124750688,-0.161942255013578,0.21261443237578664,-0.063854546531081
sector_factor_19,discovery,201507,-0.02276237200595625,0.07652215839650876,0.08805846846614113,-0.054179133976179676
sector_factor_19,discovery,201508,-0.01922526074456786,-0.14781874900994202,0.05638530411503276,-0.07886366034013585
sector_factor_19,discovery,201509,-0.024175778467487474,0.061649675813969226,0.020477605520028943,-0.07189906268670918
sector_factor_19,discovery,201510,-0.02009350052166169,0.05903605602635413,0.00848172313851517,-0.06168624234047681
sector_factor_19,discovery,201511,0.00829941653792722,0.0323654328678025,0.1845797752278736,-0.019961330225943548
sector_factor_19,discovery,201512,-0.0044062552020587035,-0.06459363510100799,0.07215456500713242,0.007109668081656884
sector_factor_19,discovery,201601,0.0015844409537170013,-0.03877077107317746,0.08680252998020761,0.09835256346997653
sector_factor_19,discovery,201602,0.004619772616878653,-0.00804197958759687,0.12628426129605919,0.061472325140677846
sector_factor_19,discovery,201603,-0.02215624384157787,0.04756118317878724,0.071281731482151,-0.09036562582883005
sector_factor_19,discovery,201604,0.0020036293184572318,-0.02808869979082374,0.1417625146125686,-0.07999528065981672
sector_factor_19,discovery,201605,0.0011177505633171562,0.016006230199266048,0.20584245603517912,-0.09506938994152295
sector_factor_19,discovery,201606,-9.609051757123594e-07,0.040710550164149026,0.11581192341059801,-0.06631848719021384
sector_factor_19,discovery,201607,-0.01229469121334458,-0.023240687181671438,0.032048450215798795,-0.12583184663908079
sector_factor_19,discovery,201608,-0.005257781333341593,0.012614061561496625,0.11777992283069076,0.027581282238267647
sector_factor_19,discovery,201609,0.0017935446721372688,0.014176623311359434,0.11651236469673412,0.05896127590950053
sector_factor_19,discovery,201610,-0.002125504053833915,0.012132755369157167,0.06695293305159042,-0.09516015294354249
sector_factor_19,discovery,201611,0.009953733841972248,0.0036466206797988645,0.23178325015665005,0.06240090424581484
sector_factor_19,discovery,201612,0.003501712368531082,-0.006494809539501809,0.07764234221642023,0.057670292970413324
sector_factor_19,discovery,201701,0.005577167809343635,0.006424787816447657,0.18055263380342235,0.04786376219742844
sector_factor_19,discovery,201702,0.024718950882675523,0.05028979262375893,0.26502086794253016,0.017848258671794577
sector_factor_19,discovery,201703,0.034602939743565486,0.03370627621808798,0.24509919951814393,0.04931115816984049
sector_factor_19,discovery,201704,0.021979429228696844,-0.027514331062169124,0.27730660849925803,0.080734344467218
sector_factor_19,discovery,201705,0.0093406178006664,-0.007598766412411351,0.2275974726226715,-0.0039379472535533405
sector_factor_19,discovery,201706,-0.004781398321305292,0.016672557616733353,0.026404210093386258,-0.008605991749985442
sector_factor_19,discovery,201707,0.034482946143634355,0.029477886981580277,0.22390523162506856,-0.0391342679917701
sector_factor_19,discovery,201708,0.005090563823930155,0.03527607416567068,0.07449893157914743,0.11939240992535742
sector_factor_19,discovery,201709,0.003154861298253186,0.007715007902810439,0.07392736362717182,-0.04335542522591392
sector_factor_19,discovery,201710,0.02149026528116972,0.011802073442854902,0.19426904436588743,0.04504898005236985
sector_factor_19,discovery,201711,0.004025858028744031,-0.02913195312007288,0.09534610463146839,-0.0450305082986906
sector_factor_19,discovery,201712,0.011907620496668936,0.019094435949608895,0.13023856979926723,0.10172439951972188
sector_factor_19,discovery,201801,-0.0075030806114973845,-0.06712296882152176,0.06189281937347195,0.02516606219620722
sector_factor_19,discovery,201802,0.0002701088408365605,0.057114727075677364,0.016993236949519583,-0.09029185673662525
sector_factor_19,discovery,201803,-0.012039872725338392,-0.007740942881020435,0.08965956131645242,-0.10017687664818298
sector_factor_19,discovery,201804,-0.005044660051181165,-0.012009782275708859,0.08565120993781247,-0.04583830318539802
sector_factor_19,discovery,201805,-0.010057387916840464,-0.028717929102837204,0.009905311200739423,0.06905226752459906
sector_factor_19,discovery,201806,-0.0011255101474052444,-0.059642711761262034,0.05743330018778725,0.0040543584649682714
sector_factor_19,discovery,201807,0.0028963686285794444,-0.007978782366262748,0.05355179320634432,0.032389066750585754
sector_factor_19,discovery,201808,0.006649469770267665,-0.012224254760645715,0.13371416030014682,0.013916874327056357
sector_factor_19,discovery,201809,0.0029191984981939575,-0.049576188820888566,0.08211958374862145,0.10069605982968162
sector_factor_19,discovery,201810,-0.007765396286325588,0.02515669103757116,0.029469560697302635,-0.025262626739188533
sector_factor_19,discovery,201811,-0.008875120200148606,0.0024431435604128637,0.08225247485422653,-0.08905896512288113
sector_factor_19,discovery,201812,0.001224934960292023,-0.013679585663885519,0.06514413630335578,-0.06494785069342202
sector_factor_19,discovery,201901,0.004859646513604448,0.0286508674563844,0.08280644462996006,-0.0049697391616752495
sector_factor_19,discovery,201902,-0.01820631935237972,0.10120708731963532,0.04718783332315987,-0.1627052687589368
sector_factor_19,discovery,201903,-0.017988569599356314,0.02696778542331664,0.022023359888425346,-0.10848284156279521
sector_factor_19,discovery,201904,0.0020497129323069703,-0.059598042331137024,0.09182089939274403,0.0019649103517733408
sector_factor_19,discovery,201905,0.024796958660865294,0.0160031092105055,0.16334695095023188,0.07351571776493396
sector_factor_19,discovery,201906,0.00882358014571212,0.027352301992237028,0.18498133064864672,-0.0169143143908557
sector_factor_19,discovery,201907,-0.00520376527950101,-0.03431022033151036,0.018466994073280733,-0.03124218963743049
sector_factor_19,discovery,201908,-0.01913525905715825,0.024856613785430623,0.005696204010071574,-0.18815505094970197
sector_factor_19,discovery,201909,-0.0034985934491914062,-0.01578723600367084,0.10351617321661954,-0.0028311884674752552
sector_factor_19,discovery,201910,0.004904495687795123,-0.006988340247496834,0.11104186359195081,0.04585524658689807
sector_factor_19,discovery,201911,-0.005521107514199222,-0.004100113660596046,0.049523513397559574,-0.09082896072830386
sector_factor_19,discovery,201912,-0.01129667621635653,0.03446491422126366,0.018862300337538624,-0.06691141815666034
sector_factor_19,discovery,202001,0.010152372634678317,-0.03774564086925238,0.10764800154460333,0.004538954036504993
sector_factor_19,discovery,202002,0.026018348685265015,0.0751200377693749,0.14960835181234922,0.0175369266769653
sector_factor_19,discovery,202003,-0.019100324142644384,-0.04386402147938497,0.04626916015432614,-0.02563139948621268
sector_factor_19,discovery,202004,0.009491095043921125,0.019852765808242284,0.10134120517011064,-0.0235360494592216
sector_factor_19,discovery,202005,0.001798172242672651,0.020056080469577058,0.07947736590333682,0.007628024343233054
sector_factor_19,discovery,202006,-0.004837774680877771,0.05809420273792056,0.0600327895697448,-0.14257117398258926
sector_factor_19,discovery,202007,0.0044476560702489355,0.033241731848608215,0.06116786444459412,-0.05882162577169905
sector_factor_19,discovery,202008,-0.004799342301412801,-0.008643795509401354,0.09475739100014445,-0.09954893949783965
sector_factor_19,discovery,202009,0.008051514089403689,0.005048050403605554,0.04991163766045568,-0.036799318278971885
sector_factor_19,discovery,202010,-0.005164658245667433,-0.01591568634048599,0.03703512061102457,-0.045708705546411724
sector_factor_19,discovery,202011,0.0005129722529881851,0.0042644905150934515,0.03174313483822398,0.020893430425678712
sector_factor_19,discovery,202012,0.025524031502663296,0.0023566642792581622,0.08852187590828224,0.05810943595884157
sector_factor_19,discovery,202101,-0.000775076281738662,-0.01994297005760018,0.03305155535810926,-0.019044194586037812
sector_factor_19,discovery,202102,-0.011184081767142754,0.02181345111041689,0.019402959300509903,-0.06239077237646803
sector_factor_19,discovery,202103,0.010209148290638442,0.01809878034603215,0.1356693529033411,0.07935585309396108
sector_factor_19,discovery,202104,0.008938170995750876,0.015303254486033915,0.05372602209559949,0.012325666623758561
sector_factor_19,discovery,202105,0.014486164083736089,0.046468774987725836,0.20272289103678517,0.0004847014767248257
sector_factor_19,discovery,202106,-0.010952321831016248,0.0007290892333479694,0.008371544633251812,-0.0321365067395689
sector_factor_19,discovery,202107,-0.015620497985052823,-0.00514147974926428,0.02493082361403579,-0.0877651247154812
sector_factor_19,discovery,202108,-0.029722147696428683,-0.0023203084885608407,0.010678350438645328,-0.10833092827897901
sector_factor_19,discovery,202109,-0.01340603360044727,-0.031669263524490815,0.031938859935229574,-0.03174694153516222
sector_factor_19,discovery,202110,-0.020513698969615878,-0.022772296655421086,0.03089504169228177,-0.12051345150663731
sector_factor_19,discovery,202111,0.00015756785428380424,0.031766745627762494,0.042987608848144676,-0.06392613626011912
sector_factor_19,discovery,202112,0.023695729964873208,0.036626112513983136,0.1844880441723752,-0.014266853939619281
sector_factor_19,discovery,202201,0.018223547901009007,-0.014510744739029751,0.09291956290581599,0.01746022756024189
sector_factor_19,discovery,202202,-0.0014011540292367102,-0.006225188589633035,0.018437278567049936,0.12009927018608324
sector_factor_19,discovery,202203,0.009753418477578607,-0.013761008970449556,0.05151768917677986,0.11046006420232422
sector_factor_19,discovery,202204,0.000587724828819104,-0.04331076383010728,0.05377927202164255,0.04874354651599874
sector_factor_19,discovery,202205,0.0033252064500607784,0.04972687967192063,0.0971572308980539,-0.07210055620987023
sector_factor_19,discovery,202206,-0.001052459592544731,0.019787289966951078,0.07354604700569381,-0.10648372154268544
sector_factor_19,discovery,202207,-0.020685708351070524,-0.00942423959062407,0.00935869472937163,-0.23123630547065468
sector_factor_19,discovery,202208,0.0008087126194749775,-0.0010713803319642625,0.029653651343460458,-0.042465818497771854
sector_factor_19,discovery,202209,0.007869220398969746,-0.024467592696964857,0.1665342039998618,0.01762587559544984
sector_factor_19,discovery,202210,0.006932330425612976,0.03968922673993802,0.20446367679673458,-0.015932841932927867
sector_factor_19,discovery,202211,-0.01332476068049548,0.0038728809553008016,0.02776569009752904,-0.09764270355694112
sector_factor_19,discovery,202212,0.01997074660981238,0.011273396719479934,0.06650185667329288,-0.018603314045273614
sector_factor_19,discovery,202301,-0.02497056838642632,0.01978431052511951,0.009299373241766934,-0.1874008566558321
sector_factor_19,discovery,202302,-0.0019159657955244921,-0.000945703642646549,0.052540449641757726,-0.0846842376981594
sector_factor_19,discovery,202303,0.002435484149515095,0.004401024298077455,0.054165328335730865,-0.042574400862313476
sector_factor_19,discovery,202304,0.013375168364645891,-0.007126714350038367,0.056865885173895514,0.1283624373810806
sector_factor_19,discovery,202305,0.003940601096510052,0.009436180467746452,0.039319631614393724,0.037454791436744676
sector_factor_19,discovery,202306,-0.008478170493973616,0.0006120946401642868,0.04061236755101522,-0.09933991305019134
sector_factor_19,discovery,202307,-0.012565346430468522,-0.01423037247392737,0.004204455607649552,-0.10707416777991813
sector_factor_19,discovery,202308,-0.0030376454089518358,-0.012643511547028776,0.04808971239473253,-0.10511694914622137
sector_factor_19,discovery,202309,-0.011007836576886969,-0.02334719454534934,0.008262022953969422,-0.04816558438087641
sector_factor_19,discovery,202310,0.0034233022505673846,0.020174229461425806,0.021384796847685992,-0.051095610696895166
sector_factor_19,discovery,202311,0.0026780645129862277,0.009797361166403624,0.09071302677045974,0.04518037962480863
sector_factor_19,discovery,202312,-0.004473294349617675,-0.022104130855534875,0.026246134762546034,-0.18124560417767718
sector_factor_19,validation,202401,0.015708947275546788,-0.07835923323092918,0.03181833080580166,0.08666759966684752
sector_factor_19,validation,202402,-0.012980559614856443,0.08375350562933212,0.00226416953563032,-0.1661199673389202
sector_factor_19,validation,202403,-0.001385379913197034,0.0013678013912535143,0.07639024265374555,-0.052879660727115994
sector_factor_19,validation,202404,-0.0022731629072552015,0.00729572200027178,0.10851858732227268,-0.0540967190039738
sector_factor_19,validation,202405,0.015395931352338094,-0.022649606939667135,0.08129438500031924,0.03775142144780249
sector_factor_19,validation,202406,0.007244006839866289,-0.017233350315655118,0.14368165954872744,0.012936454207893714
sector_factor_19,validation,202407,0.005401128840891507,0.005737036970086869,0.10030473373366892,-0.061014360870490524
sector_factor_19,validation,202408,-0.005391133215037745,-0.02025312463053772,0.09755041195722045,-0.10105128676600957
sector_factor_19,validation,202409,-0.03993282002315092,0.08903062874083652,0.0040774930283449876,-0.1550956742463697
sector_factor_19,validation,202410,-0.04015753196572272,0.02930989338977573,0.02692298301598406,-0.07922996691812867
sector_factor_19,validation,202411,0.0033228475488077313,0.02379917222320468,0.09831432328206222,-0.14880844098831808
sector_factor_19,validation,202412,-0.00710238623757121,-0.06034643218276456,0.085233540988602,0.057486904619375334
sector_factor_19,validation,202501,-0.011585417220587375,0.032670176106805116,0.041453891944191607,-0.15105069969716514
sector_factor_19,validation,202502,-0.017250425130859764,0.007335109969588101,0.048898119082263075,-0.08915966486723281
sector_factor_19,validation,202503,-0.0016363115457334546,-0.03667361089028418,0.020818394040088842,0.0013739958134651095
sector_factor_19,validation,202504,-0.023798913948512475,0.009324811779762448,0.011741553216849252,-0.08074701268086322
sector_factor_19,validation,202505,0.01336028752453415,0.027112672552711478,0.04705016296041365,-0.005318781499217619
sector_factor_19,validation,202506,-0.010439958749878344,0.009939007501634478,0.043562630108759035,-0.08047423157040233
sector_factor_19,validation,202507,-0.001004392019386146,0.026063613139835386,0.04943279061804894,-0.004743898330550909
sector_factor_19,validation,202508,0.005834100754060677,0.028976800603379076,0.06398414406929928,-0.02357966232685469
sector_factor_19,validation,202509,-0.005904565772198012,-0.0033858578927803053,0.022590095771936193,-0.09700515787186975
sector_factor_19,validation,202510,-0.001161798150959606,0.019380990645560602,0.01634305396276497,-0.05954872910246601
sector_factor_19,validation,202511,-0.0015837751467500754,-0.011010489844957191,0.021687638471432295,-0.04670613664656052
sector_factor_19,validation,202512,0.00039880513221005233,0.0331228114198656,0.035772969027159734,-0.08812149308660802
sector_factor_19,observation,202601,-0.0167580220878873,-0.00545015712363238,0.012875560970455438,-0.09266419187122124
sector_factor_19,observation,202602,-0.01971702159145423,-0.018444175152606997,0.022947234625274347,-0.08525154254060112
sector_factor_19,observation,202603,-0.002675942947173537,-0.025153594156356783,0.03368188863524336,0.03385195820234804
sector_factor_19,observation,202604,-0.000847541107712526,0.027905416490310538,0.02890393225692,-0.0920318211857185
sector_factor_19,observation,202605,-0.012190943002222603,-0.04961755131205011,0.02155703758538719,-0.2215888150783374
sector_factor_20,discovery,201501,,,,
sector_factor_20,discovery,201502,,,,
sector_factor_20,discovery,201503,,,,
sector_factor_20,discovery,201504,0.05223085483392968,0.11361077759374894,0.4307430635401155,0.1369572677178515
sector_factor_20,discovery,201505,0.018026586409877456,0.21671753331494986,0.2441279323407272,0.03694476447616345
sector_factor_20,discovery,201506,0.04175548288076142,-0.14447099948662245,0.3287939576090511,0.12559051389313527
sector_factor_20,discovery,201507,0.014339732663695301,0.11392373870273688,0.14779332692756145,0.09908042818152181
sector_factor_20,discovery,201508,-0.008311944380237935,-0.13694253413150798,0.07264207256760973,0.0073358920967301995
sector_factor_20,discovery,201509,0.0034721386121656455,0.08953029292169959,0.06975686346343232,0.06536369941157015
sector_factor_20,discovery,201510,0.007453351498558175,0.08705171612870317,0.109152268013089,0.0029247854050736995
sector_factor_20,discovery,201511,-0.015490762925712614,0.008900777602578578,0.040641398617944656,-0.07637939749339749
sector_factor_20,discovery,201512,0.010422655856248915,-0.04921616340440738,0.1668317480021311,0.045816716185458
sector_factor_20,discovery,201601,0.01292123725197537,-0.027302585240686312,0.21045649857249055,-0.04038387296629143
sector_factor_20,discovery,201602,-0.004999844325283904,-0.018288259247492535,0.014660450571602163,-0.01364013064065293
sector_factor_20,discovery,201603,0.00138741819920822,0.07150619471592465,0.13916109245317534,0.04130949087009194
sector_factor_20,discovery,201604,-0.0024759916258127483,-0.03227214533777442,0.05520085476480201,0.03907309832781188
sector_factor_20,discovery,201605,0.018821742773253942,0.03369021861182687,0.18869741837288254,0.12736832334868847
sector_factor_20,discovery,201606,0.010529756832276,0.051532668250547434,0.2705601175854796,-0.004278725626389546
sector_factor_20,discovery,201607,-0.018022415910042777,-0.028863886868653238,0.027253475042858816,-0.06373949345870986
sector_factor_20,discovery,201608,0.0031746571238393177,0.021047308815278762,0.1358001521874546,0.081949835048312
sector_factor_20,discovery,201609,-0.002273479071145065,0.0101095995680771,0.09541498452794378,0.04307670864270071
sector_factor_20,discovery,201610,-0.00123345491031197,0.013024804512679112,0.12901775547330602,-0.05117681490611078
sector_factor_20,discovery,201611,0.0008173332535809674,-0.005485523072341245,0.0836015914593084,-0.04731223019128759
sector_factor_20,discovery,201612,-0.00558117180461181,-0.015851174442385936,0.09403885163492907,-0.032094798557862354
sector_factor_20,discovery,201701,0.017960922382228198,0.017585653714680422,0.25692795160076287,-0.009882805117503467
sector_factor_20,discovery,201702,-0.003355170159194258,0.017059112493815417,0.06729725620963434,0.04518276972586688
sector_factor_20,discovery,201703,-0.004239242003131603,-0.008469846666000947,0.08329533229800828,0.024276883225974922
sector_factor_20,discovery,201704,0.028785205548539028,-0.02132797349477187,0.4168304193739899,0.02773764962865745
sector_factor_20,discovery,201705,-0.014402376616373927,-0.03133443375438219,0.13188263156411947,0.05427865184440277
sector_factor_20,discovery,201706,-0.018595653939325364,0.00295179817661516,0.012578701040863343,-0.11381336986531351
sector_factor_20,discovery,201707,0.002714888429662163,-0.0021559058638688706,0.08503842680425579,-0.05841852948114632
sector_factor_20,discovery,201708,0.01963627945530649,0.0497384845341161,0.19887609386234822,0.04855322276778128
sector_factor_20,discovery,201709,-0.025006471121264185,-0.020395440574447136,0.06115698084278985,-0.11384465735619097
sector_factor_20,discovery,201710,0.036651698266462314,0.02710151841850294,0.3126036417571494,0.14320052384378404
sector_factor_20,discovery,201711,0.002225185048713586,-0.03087538326759717,0.19433201412652548,0.06662252975779612
sector_factor_20,discovery,201712,0.0050216106607951505,0.012410946505215611,0.15225096471301863,0.05124326534946243
sector_factor_20,discovery,201801,0.009026974227161503,-0.05047579317020295,0.17560204410159094,0.09512878310105465
sector_factor_20,discovery,201802,-0.020280433225657386,0.036368717367295175,0.08162173529534414,-0.15953817397952266
sector_factor_20,discovery,201803,0.001718452816487414,0.005981259287694809,0.09353414846107623,-0.06585999931066791
sector_factor_20,discovery,201804,0.010938058001664287,0.0041192093723819,0.14033636528648114,0.09010625751678171
sector_factor_20,discovery,201805,-0.0036195396948446174,-0.022283911455253307,0.12987850730437012,-0.07662696987545387
sector_factor_20,discovery,201806,0.013155322972918802,-0.04528986673802137,0.09604516137538294,-0.001712350717954999
sector_factor_20,discovery,201807,-0.021496093162794886,-0.03223359215450976,0.03494622590612267,0.006505954336369945
sector_factor_20,discovery,201808,0.0129200395650853,-0.0059494922854526995,0.24370508550021822,0.02157547277144247
sector_factor_20,discovery,201809,-0.003417345280913773,-0.05588011516114134,0.06312792665582878,0.00986505738734503
sector_factor_20,discovery,201810,-0.01604325717577721,0.016844135238594998,0.08270552861163093,-0.09710303666562058
sector_factor_20,discovery,201811,-0.01578033331869368,-0.004407131953683512,0.04208222490336984,-0.05764910740138247
sector_factor_20,discovery,201812,-0.00270979855542503,-0.017258591897552834,0.05891110352985379,0.027644632738733382
sector_factor_20,discovery,201901,-0.0012443261182825032,0.02271240515560335,0.01746772993599994,0.01096911155133786
sector_factor_20,discovery,201902,0.005474199234827404,0.12957541963706415,0.06740124064516569,0.016108136140776736
sector_factor_20,discovery,201903,0.0001190919891471842,0.0453987971811633,0.04727046832981822,0.015194952770601813
sector_factor_20,discovery,201904,0.003919873706765945,-0.05842300548753147,0.13844303290958865,0.029798769559719253
sector_factor_20,discovery,201905,-0.010100148453922986,-0.01903889768975205,0.047069214969341876,-0.08991128327315552
sector_factor_20,discovery,201906,-0.0234186863690966,-0.0049402524259149734,0.03913664761687402,-0.03294738219608515
sector_factor_20,discovery,201907,0.008369829190307695,-0.02098870066579168,0.16280360137815736,0.0834610071623811
sector_factor_20,discovery,201908,0.005198072862725994,0.04883147584425222,0.050188296093815095,0.08912964347603687
sector_factor_20,discovery,201909,0.006701001009836252,-0.005364744771577534,0.13589425652124237,0.11025307520133099
sector_factor_20,discovery,201910,0.021435864055669787,0.00945134853358872,0.17707193951665826,0.07503516213737872
sector_factor_20,discovery,201911,0.019541553419224658,0.02093647535685228,0.16166860501646646,0.10145842386301282
sector_factor_20,discovery,201912,-0.002065396716646617,0.04370077891395671,0.05928812431838571,0.09849152193817892
sector_factor_20,discovery,202001,0.0368596067192625,-0.011066889145877213,0.1727059161737628,0.11160477347032918
sector_factor_20,discovery,202002,-0.019306624670014733,0.02991124279797077,0.1589528487583434,0.07898139141055108
sector_factor_20,discovery,202003,-0.012426063752423883,-0.03691699504693547,0.09891847406734207,-0.036004608748602146
sector_factor_20,discovery,202004,0.016368846874381622,0.026725533654219664,0.06167133178226244,0.05245532216658504
sector_factor_20,discovery,202005,-0.0022282322692480905,0.01601285759057242,0.08194712092147932,-0.07639476439947517
sector_factor_20,discovery,202006,-0.0016462848347646593,0.061121826205926474,0.04296454627260086,0.03889678286559292
sector_factor_20,discovery,202007,0.019954830731529493,0.04887650866041203,0.16225336298148643,0.02464099695466091
sector_factor_20,discovery,202008,-0.03321111964886589,-0.0367747448463065,0.031396598761679904,0.09065333664256325
sector_factor_20,discovery,202009,0.006898668739104061,0.003827798142418026,0.09457417861856827,0.02307692846240997
sector_factor_20,discovery,202010,-0.0034922585554599157,-0.014333988904036232,0.03384917174299105,0.028682327745932254
sector_factor_20,discovery,202011,0.015003671225421835,0.01883128617306024,0.14273793643816363,-0.006793526535644924
sector_factor_20,discovery,202012,0.061977131532644274,0.038960150937023375,0.24967941663575277,0.049398595057536805
sector_factor_20,discovery,202101,0.007530085308478446,-0.011863678976806114,0.14622414872958758,0.011982928222378045
sector_factor_20,discovery,202102,-0.034481195065726715,-0.0014406370030095182,0.07128027064900957,0.09877752287337396
sector_factor_20,discovery,202103,-0.009459582599675076,-0.0014994769807937858,0.09421005831580401,-0.038189584511540794
sector_factor_20,discovery,202104,1.1715128933444218e-05,0.006480547442593629,0.13821167346603705,-0.06775088918676338
sector_factor_20,discovery,202105,-0.0004849972355082625,0.03144681250689448,0.08481372129703785,0.09047210618260175
sector_factor_20,discovery,202106,-0.0021123624417443954,0.009243340700812128,0.0855572814273095,0.039024983272096025
sector_factor_20,discovery,202107,0.006414536050322255,0.016467747078488835,0.1830563473664226,-0.05013819541146534
sector_factor_20,discovery,202108,0.03571442683443509,0.06346069763239938,0.1821647523359853,0.02422064528323572
sector_factor_20,discovery,202109,-0.028458207750354736,-0.04675740581034916,0.13846886187390114,-0.009412358003731594
sector_factor_20,discovery,202110,0.0041654105992562805,0.0011739303441572696,0.20143062110919346,-0.026039685582385043
sector_factor_20,discovery,202111,-0.01700810102291064,0.0144834629683332,0.03267429018559863,0.029613698017485247
sector_factor_20,discovery,202112,-0.0025654416271971674,0.01046213266751653,0.04291986591707634,0.03762393028663514
sector_factor_20,discovery,202201,-0.0161997138779846,-0.04863676361626284,0.030033162873508826,0.008188209156678325
sector_factor_20,discovery,202202,0.01592622481688027,0.011147414936567656,0.11855173030251798,0.0257468815170659
sector_factor_20,discovery,202203,0.017905110505952462,-0.005414779636877305,0.1164713558201866,0.07052393585921891
sector_factor_20,discovery,202204,-0.00996665058218126,-0.05349089463867897,0.09364264182834604,0.06140251414835971
sector_factor_20,discovery,202205,-0.001814308931534339,0.04467911183585928,0.051274062690803944,0.0962747322894502
sector_factor_20,discovery,202206,-0.019456596318012873,0.001348629264213655,0.027661340376304945,-0.15254249120993107
sector_factor_20,discovery,202207,-0.01739566290640202,-0.006173933983137388,0.014810199750659952,0.21108996579440048
sector_factor_20,discovery,202208,-0.01250918180150615,-0.013985066291681269,0.0479455445009044,-0.044613673409461464
sector_factor_20,discovery,202209,-0.0064470727801656845,-0.038644768392675485,0.011483841078758782,0.060381497819237184
sector_factor_20,discovery,202210,-0.0016444543649464065,0.031030481168272672,0.052769160846489964,-0.027349346944191905
sector_factor_20,discovery,202211,-0.00032709642261892713,0.016959332789338078,0.08254112182232903,0.06852073706450539
sector_factor_20,discovery,202212,0.01759262135301447,0.008883765833161306,0.20761764667531526,-0.031177317295980098
sector_factor_20,discovery,202301,-0.012051405076042408,0.032593973602251934,0.056472884307510074,0.010142087604093514
sector_factor_20,discovery,202302,0.004615262865483071,0.005630964777010377,0.13731970005479463,0.10232409487203224
sector_factor_20,discovery,202303,0.03927643202410684,0.0409765636217502,0.21418752090814527,0.10514536157864521
sector_factor_20,discovery,202304,-0.01557234021089411,-0.03578909318235482,0.05505120759249461,-0.10984354406679285
sector_factor_20,discovery,202305,-0.0005576853829636897,0.004386308481334708,0.1078252144005066,0.011702439346733613
sector_factor_20,discovery,202306,-0.014585011463295428,-0.005356847748844302,0.104455805943758,-0.07441547626895592
sector_factor_20,discovery,202307,0.007812222174008711,0.0063877127313476416,0.16788078464675543,0.08784336948166088
sector_factor_20,discovery,202308,1.0747807223898645e-05,-0.009634313153187775,0.06940645902352599,-0.04065219045126467
sector_factor_20,discovery,202309,0.0022241232997584934,-0.010247853285400196,0.024715129373915092,0.0508299264196352
sector_factor_20,discovery,202310,-0.006218743181994524,0.010501761736882411,0.1293250692756886,-0.016380452048654858
sector_factor_20,discovery,202311,-0.000925034259316459,0.006250950183973394,0.05382572478207788,-0.06573709305217908
sector_factor_20,discovery,202312,0.008636251014171151,-0.008802961301435494,0.08966553478090891,0.11215991842524296
sector_factor_20,validation,202401,0.019206801244005076,-0.07474958350331608,0.17754134838538127,0.10186672630914038
sector_factor_20,validation,202402,-0.003033054467731376,0.09329138586452852,0.007995513800057726,0.1218604257881707
sector_factor_20,validation,202403,0.0012820790710371614,0.0038758964626010436,0.06213770108520862,0.1549273994985034
sector_factor_20,validation,202404,0.011718180882292636,0.021179918826528595,0.15905616272285292,0.07622182427832827
sector_factor_20,validation,202405,-0.014978549572589312,-0.05323715418155188,0.02153963614738954,-0.04168028104804447
sector_factor_20,validation,202406,-0.0006066770573497519,-0.025054815358874438,0.03972335376308132,0.029623693103575283
sector_factor_20,validation,202407,0.001159062172740419,0.001806633781930229,0.041001349795666754,0.007311066508126673
sector_factor_20,validation,202408,0.0063381804453158525,-0.008498841695208368,0.0920561325796549,0.0659240256398539
sector_factor_20,validation,202409,-0.013643502881634401,0.11659133317880332,0.02469583926983426,-0.05659278487992175
sector_factor_20,validation,202410,-0.009522195617055407,0.06637526065395731,0.06289720632963239,-0.04169543775606774
sector_factor_20,validation,202411,-0.00555144071029877,0.01899934020946689,0.006201516575287278,0.07010902135506054
sector_factor_20,validation,202412,0.011227442560424685,-0.042280577666083854,0.09968471723156945,0.1309791792905288
sector_factor_20,validation,202501,-0.0001467322783944947,0.04368247741044293,0.061321632368660936,-0.009282358679502854
sector_factor_20,validation,202502,-0.005978871934807485,0.01855016513856956,0.09583962008997947,0.09129910096429888
sector_factor_20,validation,202503,-0.02641591492987292,-0.06132407842780507,0.05066277766767918,-0.04967843461137008
sector_factor_20,validation,202504,0.009566355080598929,0.04264617519234196,0.054338885812203586,0.08352535281377811
sector_factor_20,validation,202505,-0.0059482183441201516,0.007810159637722934,0.04773170979356702,0.040228646912741
sector_factor_20,validation,202506,-0.012730109803841908,0.0076394758533569985,0.024799931488035956,0.02822515305998245
sector_factor_20,validation,202507,-0.0029723330555684853,0.02408908875602166,0.14681699801674733,0.07773346363602072
sector_factor_20,validation,202508,-0.012134353763337416,0.01102285909915476,0.04502649484382972,0.06254385439842086
sector_factor_20,validation,202509,0.002751531397778521,0.00524024999441198,0.05302976500896162,0.027749347334083362
sector_factor_20,validation,202510,-0.019209607911602554,0.0013315198741004088,0.053779372871262165,-0.03519132617481201
sector_factor_20,validation,202511,0.007421453285319306,-0.0020062020184559515,0.06918628456996373,-0.05586438148907245
sector_factor_20,validation,202512,0.00024306084261487186,0.03295210201252738,0.09428010709155336,-0.01676064812586029
sector_factor_20,observation,202601,-0.012383300376495165,-0.0010851668413670262,0.0781081783057749,-0.017044540833997375
sector_factor_20,observation,202602,0.05356731082080025,0.05487755677521428,0.20630988713381745,0.05713730593701293
sector_factor_20,observation,202603,-0.027628356239234597,-0.05010440240836364,0.04368412162268795,0.016061435350020345
sector_factor_20,observation,202604,-0.030522903028113245,-0.0017766581487930603,0.026523797068297418,0.08157259367005143
sector_factor_20,observation,202605,0.002692132243375264,-0.034734476066452254,0.08634965655784851,0.16061290517770402
sector_factor_21,discovery,201501,,,,
sector_factor_21,discovery,201502,0.01264887380471232,0.09416822060399378,0.06516495794776779,0.29351947541052714
sector_factor_21,discovery,201503,0.007150070564500622,0.12770437483506447,0.07065320560130872,0.1325185229541281
sector_factor_21,discovery,201504,-0.0075660639767831,0.052985879585945174,0.07512357122984256,-0.14262670511067774
sector_factor_21,discovery,201505,0.024709155094796258,0.22340010199986865,0.15577843438817818,0.1629917157650837
sector_factor_21,discovery,201506,-0.0024632519431295736,-0.18816525076676735,0.10508393135297076,-0.07113236183793362
sector_factor_21,discovery,201507,-0.02293331085292272,0.0763512195495423,0.053621009186969944,-0.14279188185141975
sector_factor_21,discovery,201508,-0.003611599142907305,-0.13220745519003166,0.07120051554375734,-0.010892293075935441
sector_factor_21,discovery,201509,0.0015311594755759099,0.08740313950111159,0.09899566403971899,-0.006994418022200094
sector_factor_21,discovery,201510,0.001144832878748763,0.08028353298096216,0.026441683753628667,0.14549034996075239
sector_factor_21,discovery,201511,0.00860157586167771,0.03270314421693218,0.11998878251046709,0.1640615416155861
sector_factor_21,discovery,201512,0.0035705867228512027,-0.056555660349397886,0.11313485501123202,0.006588731487317872
sector_factor_21,discovery,201601,-0.004998740956852341,-0.04536621902370826,0.18826728953876531,-0.10755484004072886
sector_factor_21,discovery,201602,-0.003368000031023952,-0.016029752235499475,0.06818587546671202,-0.1666588337327711
sector_factor_21,discovery,201603,-0.007026694479064315,0.06266244305133233,0.09307297386025398,-0.13106967755722226
sector_factor_21,discovery,201604,-0.00520250999299689,-0.03523488052655012,0.061773344678216525,-0.024543527743407303
sector_factor_21,discovery,201605,0.0042017531134847476,0.01908077627570795,0.07462494958894511,0.09933265493293478
sector_factor_21,discovery,201606,0.008309014059801587,0.04902052512912633,0.15550021482268614,0.1327821914774034
sector_factor_21,discovery,201607,0.002134471550798329,-0.008811524417528527,0.20125498669897585,0.04146019556956444
sector_factor_21,discovery,201608,0.0024782345748228856,0.020350077469661103,0.10128165696469797,0.1254579695552781
sector_factor_21,discovery,201609,0.004187289955689831,0.016570368594911997,0.15227745174534527,0.0717706670215384
sector_factor_21,discovery,201610,0.01343343314818488,0.027691692571175965,0.2263441998415531,0.15705139315711933
sector_factor_21,discovery,201611,0.0011814395935954263,-0.005145934700108642,0.07530000206451969,0.08028152820487831
sector_factor_21,discovery,201612,0.001809619931674631,-0.008223603866115975,0.07381708524727132,0.13490703332835416
sector_factor_21,discovery,201701,0.02149263682633077,0.02115686351478669,0.18462407494709496,0.12878069171795037
sector_factor_21,discovery,201702,0.011168109906910776,0.03602265137225105,0.1687217146402587,0.08248519401119538
sector_factor_21,discovery,201703,0.027837738012116756,0.0269581218978957,0.1948591589324851,0.037454012140102265
sector_factor_21,discovery,201704,0.015672202218025302,-0.033781235637919356,0.15267004729811362,0.08140817971603126
sector_factor_21,discovery,201705,0.005050048462185903,-0.011909480339236325,0.11039439158658741,0.01942569490483286
sector_factor_21,discovery,201706,0.001842534782558937,0.023296490720597585,0.07752599031585926,0.0016453127773293364
sector_factor_21,discovery,201707,0.015558794799184504,0.010592831890729335,0.16285347313815451,0.14449406185256353
sector_factor_21,discovery,201708,-0.0028361782501220272,0.02729555791809854,0.07333652164164463,-0.07809338043420905
sector_factor_21,discovery,201709,0.0021754304154141687,0.006742939881015835,0.09578290655029795,0.02567593884696778
sector_factor_21,discovery,201710,0.00857929702468171,-0.0010916721591082235,0.11764890380961619,0.1758094775581736
sector_factor_21,discovery,201711,0.010915909700390929,-0.022204982393445375,0.11863637239446553,0.03244444449660005
sector_factor_21,discovery,201712,0.0001735395321940073,0.007470034664133675,0.04986616272346879,-0.0532473106791003
sector_factor_21,discovery,201801,0.013900616591268343,-0.04572109645837785,0.11948279243384845,0.2049128419201673
sector_factor_21,discovery,201802,-0.02317501332190137,0.03369262740015984,0.020193944560157058,-0.13953751709817136
sector_factor_21,discovery,201803,0.01805920306644455,0.022380718660298785,0.1525288952586472,0.2591361557399317
sector_factor_21,discovery,201804,-0.00974772537553204,-0.016644764447725415,0.09366183462559136,-0.019663179682806012
sector_factor_21,discovery,201805,0.010722388344539617,-0.00797010419509289,0.09454464410906359,0.17852921132074434
sector_factor_21,discovery,201806,0.00895186737158221,-0.04956035714421887,0.10916183335415719,-0.013566991027709419
sector_factor_21,discovery,201807,0.008778982679973723,-0.0020713346835774167,0.11770806436559857,0.05472461874338519
sector_factor_21,discovery,201808,-0.001411500559849282,-0.020285225090762662,0.04960229057531444,-0.04096718799218728
sector_factor_21,discovery,201809,0.007715552720243772,-0.04475560284519911,0.0874056742651371,0.005414789163088633
sector_factor_21,discovery,201810,-0.004427389433843522,0.02849469789005323,0.0619475600849676,-0.11955042944222144
sector_factor_21,discovery,201811,-0.004616961549147294,0.006701302211414175,0.06655591001352616,-0.03384496973142767
sector_factor_21,discovery,201812,-0.004859187896693634,-0.01947416070761392,0.10453397728728889,0.012087879374084183
sector_factor_21,discovery,201901,-0.01015032568561481,0.013640509175688336,0.04986291475222993,-0.07232065035661531
sector_factor_21,discovery,201902,-0.012476048743566375,0.10693735792844868,0.049803699571606214,0.029678561362572242
sector_factor_21,discovery,201903,-0.0309834567541001,0.014026686915825674,0.024159132195418494,-0.1969578504126134
sector_factor_21,discovery,201904,-0.005892956121702456,-0.06759873413057427,0.07931577819091908,-0.09587014544958536
sector_factor_21,discovery,201905,0.01090504208451706,0.0021544816587993412,0.10275585541503773,0.0513271441524096
sector_factor_21,discovery,201906,-0.003924848015925454,0.01455746847128275,0.06890228440784399,-0.08874117406586439
sector_factor_21,discovery,201907,-0.007363743027772649,-0.03646750234427442,0.041488285793928256,0.06200465223499095
sector_factor_21,discovery,201908,-0.012885735216675819,0.03111191362920429,0.051333551138957295,0.06130553249823823
sector_factor_21,discovery,201909,-0.0017451416194079375,-0.014027791491389507,0.11239033836669705,-0.04439308710417002
sector_factor_21,discovery,201910,0.00140977366585245,-0.010617088878886231,0.041725973437869116,0.09493321922792654
sector_factor_21,discovery,201911,-0.008791984418788276,-0.007398579610993953,0.04161958224908253,-0.09349805590890753
sector_factor_21,discovery,201912,0.019492982209162162,0.06525457264678235,0.16115147395224816,0.13063065669108684
sector_factor_21,discovery,202001,0.027689470433767113,-0.020175700530808173,0.1150513698926037,0.2415933499370591
sector_factor_21,discovery,202002,-0.016424428075599674,0.03269584168010624,0.046580461996632364,0.04093114744288369
sector_factor_21,discovery,202003,0.011365410883461423,-0.013335845151397569,0.14311205017131978,0.050788200241430985
sector_factor_21,discovery,202004,-0.0014528383938589018,0.008904061373149965,0.07379779012466055,-0.010912311081342005
sector_factor_21,discovery,202005,0.006990126280637061,0.025167653892034042,0.11647076863979394,0.013775762941630743
sector_factor_21,discovery,202006,0.007967722113829545,0.07087013423530152,0.06441143773444781,0.13539486769202438
sector_factor_21,discovery,202007,-0.00196711453563229,0.02689362505359737,0.12892989394820656,0.025960327694659252
sector_factor_21,discovery,202008,-0.019619315053379917,-0.023459457373627673,0.04460162347990692,0.03397081346102754
sector_factor_21,discovery,202009,0.000705516457631012,-0.0023391140196260744,0.08506592123539919,-0.06989061051596707
sector_factor_21,discovery,202010,0.008413037087755211,-0.0023342000500633734,0.11624263966145541,0.07830525832918002
sector_factor_21,discovery,202011,0.011489104124349713,0.015275728533916186,0.08874506907192277,0.009539674363569065
sector_factor_21,discovery,202012,0.03284073998906547,0.009648821130648012,0.15411798033417773,0.19918599387749808
sector_factor_21,discovery,202101,0.00674441041171344,-0.01242359480354935,0.10866943057324438,0.01315406488940169
sector_factor_21,discovery,202102,-0.015669091029398823,0.01743819300783798,0.03400666140323659,0.0254775290729831
sector_factor_21,discovery,202103,-0.0076745550984054335,0.00024637082951021896,0.048319698973434494,-0.05442021860315531
sector_factor_21,discovery,202104,0.002328129510941889,0.008696055553653942,0.11582792482516686,0.06741844151401907
sector_factor_21,discovery,202105,-0.0019665606657570055,0.02998984370650659,0.0602190269885482,-0.014359725618182967
sector_factor_21,discovery,202106,0.027955938678337535,0.039528399188531606,0.14722315480846188,0.21813662043032092
sector_factor_21,discovery,202107,0.02225932747330446,0.03266608944441859,0.0752465332759384,0.28902266765908907
sector_factor_21,discovery,202108,0.03647385514210594,0.06387012907547283,0.17171034866859397,0.18296703301538866
sector_factor_21,discovery,202109,-0.030331688311219202,-0.048527894060534885,0.02457828574836358,-0.11266695855828508
sector_factor_21,discovery,202110,0.00678601361465719,0.004435541385464604,0.06519122313447664,0.05384306785326802
sector_factor_21,discovery,202111,-0.0022478582309209635,0.02932138844566494,0.04364373109395062,-0.004007548791951615
sector_factor_21,discovery,202112,0.005052966662657093,0.01806903061625907,0.10323714010092909,0.09842450071447013
sector_factor_21,discovery,202201,-0.007963072388725304,-0.04066276970736094,0.038120427497508096,0.009380741323129459
sector_factor_21,discovery,202202,-0.007157841785043625,-0.011964226986310677,0.026213725064797987,-0.039150178679911586
sector_factor_21,discovery,202203,0.014146174799884113,-0.009407200175337494,0.09582363838898077,0.15067887721272202
sector_factor_21,discovery,202204,-0.009691258755126808,-0.053505307011532985,0.03192888774465557,0.012050801351441317
sector_factor_21,discovery,202205,-0.0038683433845626944,0.04260610208316633,0.12701305216856462,0.01458892654448223
sector_factor_21,discovery,202206,-0.01416091740100862,0.0066952658115908325,0.05608298221875464,0.01957465898843503
sector_factor_21,discovery,202207,0.0042536626989372285,0.015402943375963894,0.0486535935444595,0.18659698261419164
sector_factor_21,discovery,202208,-0.01218557771744233,-0.014043739911057462,0.08138645182654262,0.027250153190060335
sector_factor_21,discovery,202209,0.002697242732204368,-0.02963826443564834,0.10673568961165371,-0.0111458548988907
sector_factor_21,discovery,202210,0.018424160214508635,0.05111643484870001,0.19367791391880265,0.051648788230913796
sector_factor_21,discovery,202211,-0.007950789625004267,0.009253944969532314,0.0608860163748789,-0.1145207948243255
sector_factor_21,discovery,202212,0.0014388824072322332,-0.00725495741154935,0.10305948939409694,0.013676464343561706
sector_factor_21,discovery,202301,0.0009097545388018721,0.045661006013324366,0.06624909589672866,0.1477869326778954
sector_factor_21,discovery,202302,-0.0006597022873101623,0.0003207955136895177,0.04636486761299506,-0.08644288748026649
sector_factor_21,discovery,202303,0.0238204626523004,0.025749345946299046,0.10264896364343434,0.2675988304723576
sector_factor_21,discovery,202304,-0.006628711281630861,-0.027123852654384745,0.08825774448246602,0.006978413312381189
sector_factor_21,discovery,202305,-0.011648028762694006,-0.006242702998388267,0.04486219209787062,-0.19098296713309315
sector_factor_21,discovery,202306,0.0019279138652690535,0.011075662128914702,0.05200791421596235,0.01635114364032538
sector_factor_21,discovery,202307,-0.0012823325802744122,-0.0029295645110930008,0.060388462235320337,0.12592427791235716
sector_factor_21,discovery,202308,-0.0268542610863807,-0.036468316253265826,0.012315672440336193,-0.15753689669926743
sector_factor_21,discovery,202309,0.000997562581634879,-0.011359808552660978,0.034912778970919586,-0.06845881994519883
sector_factor_21,discovery,202310,-0.016952084587857026,-0.00019345090361585978,0.052058735996822335,-0.13668696176486986
sector_factor_21,discovery,202311,-0.0032634539222333764,0.0038492012866547815,0.04556618519290439,0.03163211276344329
sector_factor_21,discovery,202312,0.002932788984560249,-0.014693554220624112,0.0778834767222564,-0.025821033788969477
sector_factor_21,validation,202401,0.02692507100684159,-0.0671595757260961,0.14274856634311017,0.15726353205480825
sector_factor_21,validation,202402,-0.024837189474626743,0.07175548059555391,0.016052285484413974,-0.052096392867539594
sector_factor_21,validation,202403,0.004471821410110061,0.007267879081163778,0.10538285404519784,-0.05847552070591042
sector_factor_21,validation,202404,-0.008118933938216034,0.001405240804015192,0.05163579860186118,-0.029458186675221338
sector_factor_21,validation,202405,0.0007536643753757573,-0.03728584436932579,0.06315280142216989,0.006275772688654249
sector_factor_21,validation,202406,-0.0029714815814663336,-0.027430473713320677,0.060799491038117465,-0.04520253357956355
sector_factor_21,validation,202407,-0.007731384704692916,-0.007088398572523147,0.04820648487370074,-0.17233827310595962
sector_factor_21,validation,202408,-0.013889267047821308,-0.028766239646409467,0.034381536171756884,-0.13250526637578638
sector_factor_21,validation,202409,-0.026089953557707168,0.10492157623076837,0.012146548126906201,0.032373902693410596
sector_factor_21,validation,202410,-0.0001428630838483546,0.06954026176513757,0.023377882762183992,0.199604926232228
sector_factor_21,validation,202411,-0.0061394014467400955,0.014338067636847317,0.07827674398163795,0.12193693551287979
sector_factor_21,validation,202412,-0.023524631401896826,-0.07677106594598047,0.04968394303474069,-0.13197060301495556
sector_factor_21,validation,202501,-0.011835868671181745,0.03241972465621075,0.021542722755176116,-0.05533026793693267
sector_factor_21,validation,202502,0.010308402153444519,0.034905291323472434,0.08224821023104915,0.1549099151726514
sector_factor_21,validation,202503,-0.0035246230489885716,-0.038565685710151835,0.06051727305252926,0.010163929083214325
sector_factor_21,validation,202504,-0.030769161958343862,0.002355653925795715,0.01484747070086935,-0.17122542473575111
sector_factor_21,validation,202505,-0.01435837283766626,-0.0006038291990798347,0.03449225381951389,-0.03392686863776119
sector_factor_21,validation,202506,-0.008077988541102088,0.012300977710410735,0.08213441118237107,0.0021029783548236316
sector_factor_21,validation,202507,-0.007583044014921843,0.019481926389372625,0.05377203731704413,0.06705577319777463
sector_factor_21,validation,202508,-0.004614495536346251,0.01853937034195821,0.046944580406752576,0.0460487991259496
sector_factor_21,validation,202509,0.0009255813115157669,0.0034442891909334736,0.09646962459553468,0.012059963953149493
sector_factor_21,validation,202510,-0.0025105800454959656,0.01803220875102424,0.08354486945580354,-0.0694161404978501
sector_factor_21,validation,202511,-0.015591970471943389,-0.025015151254483496,0.052489215590677075,-0.14683798832733447
sector_factor_21,validation,202512,-0.0008096538471727772,0.031914352440482775,0.12467385587247555,0.03637757636156456
sector_factor_21,observation,202601,0.0188729273531149,0.0301821754136472,0.17398836736725348,0.022225762083826282
sector_factor_21,observation,202602,-0.017197832798612655,-0.015912847268087456,0.02059402461937888,0.16987031635989705
sector_factor_21,observation,202603,-0.01024143681921878,-0.032719088028402024,0.07223906724737639,-0.07320998452056125
sector_factor_21,observation,202604,0.00392049120722517,0.03267344880524823,0.08308180878527752,0.14007118237188537
sector_factor_21,observation,202605,0.023257694254907948,-0.014168914054919565,0.05954340723928896,0.33346732534013757
sector_factor_22,discovery,201501,,,,
sector_factor_22,discovery,201502,-0.012179129418900538,0.058655739505775274,0.07399655243989713,-0.21405369885374062
sector_factor_22,discovery,201503,-0.01843163418974257,0.10218036985765634,0.016652218918848823,-0.18040463658984593
sector_factor_22,discovery,201504,-0.002766602193634798,0.05778534136909349,0.06952473514362001,0.01669826170761796
sector_factor_22,discovery,201505,0.022082885958124354,0.22077383286319674,0.18428283844344165,0.0190619121110742
sector_factor_22,discovery,201506,0.03670498706092554,-0.14902857804887132,0.2120461631242519,0.21070437651257765
sector_factor_22,discovery,201507,-0.012693377290490608,0.0865911531119744,0.09944040385455115,0.07927419279264614
sector_factor_22,discovery,201508,-1.7596347257703094e-05,-0.12861345239438204,0.20065326574642825,0.025086684669258806
sector_factor_22,discovery,201509,0.016374285720326308,0.10236513464245944,0.08046448822478988,0.21181867411780647
sector_factor_22,discovery,201510,-0.009402569962840283,0.0699731780873502,0.0367031088631142,-0.046629041560361253
sector_factor_22,discovery,201511,-0.007231661618012152,0.01687919857341036,0.1405652084327878,-0.11493705918677229
sector_factor_22,discovery,201512,-0.002006105448437039,-0.06198398872511462,0.056178395005318044,-0.01611406221038043
sector_factor_22,discovery,201601,0.007821000634619766,-0.03251076610707969,0.1647484518699386,-0.031871960127738054
sector_factor_22,discovery,201602,-0.0029003270113760323,-0.015562079215851555,0.01634618829542734,-0.05399079688534044
sector_factor_22,discovery,201603,0.0044745775023879355,0.07415186138317476,0.02955172063693364,0.16375493496184593
sector_factor_22,discovery,201604,0.0009034888025781713,-0.028986756742669966,0.11510772831358566,-0.024528435297997014
sector_factor_22,discovery,201605,-0.0014523481155015374,0.013441213317925022,0.049629630618392304,-0.034172371529398685
sector_factor_22,discovery,201606,-0.007878104159654953,0.03280527827169862,0.01776642362010457,-0.10531537086346306
sector_factor_22,discovery,201607,0.005275828762216601,-0.005670167206110256,0.10597130164416356,0.2960919465877128
sector_factor_22,discovery,201608,-0.0037689723915280524,0.014102870503310166,0.05171301066928377,-0.05203060583451388
sector_factor_22,discovery,201609,-0.001663142386941562,0.010719936252280604,0.09884040407392534,-0.09855973872663741
sector_factor_22,discovery,201610,-0.003254670792451786,0.011003588630539296,0.03553058258392633,-0.12004421675992998
sector_factor_22,discovery,201611,0.012631851885396976,0.006368672041571699,0.27855333626319634,-0.025047424144595428
sector_factor_22,discovery,201612,0.0023215725584739915,-0.007711651239316614,0.1708945030365844,-0.10827649428783355
sector_factor_22,discovery,201701,0.020768504731464396,0.020320402963584963,0.25812874458709634,-0.05939430970942218
sector_factor_22,discovery,201702,0.002294575116953927,0.024390677054543633,0.03295450332836429,0.07402876035239585
sector_factor_22,discovery,201703,0.010969651946667323,0.01009130526616228,0.08117426164566476,0.06185143816324253
sector_factor_22,discovery,201704,0.011752323914441695,-0.03765084482050345,0.09158366119631908,0.025634221591714103
sector_factor_22,discovery,201705,-0.0039666292461735956,-0.02098586166088353,0.11483035709789409,-0.11873165635125756
sector_factor_22,discovery,201706,0.014648677436646312,0.03610263337468495,0.19927918656972557,0.14473706259738103
sector_factor_22,discovery,201707,0.005246724541044553,0.00033936593051857024,0.1091282184341557,-0.023248260694261686
sector_factor_22,discovery,201708,0.012662707567530036,0.042732330479244095,0.1842391977378605,0.11839158120190853
sector_factor_22,discovery,201709,0.007568882669765147,0.012203504063862574,0.10486310946736072,0.06293222474476864
sector_factor_22,discovery,201710,-0.0008001018270433818,-0.010373633982004214,0.061903775639807875,-0.04698074222375194
sector_factor_22,discovery,201711,0.002550679385050839,-0.030590543604127808,0.032719495954769195,0.05478457440672096
sector_factor_22,discovery,201712,0.007589498418343047,0.015126680888490573,0.14538126525325962,-0.007641943558644622
sector_factor_22,discovery,201801,-0.0032976962640698104,-0.0630255262633992,0.04398541927189132,-0.08292271940685235
sector_factor_22,discovery,201802,0.019172510508495857,0.07624367768410593,0.18404468319225098,0.3719352728063339
sector_factor_22,discovery,201803,-0.011957831791647038,-0.007633704945791661,0.05120668978530112,-0.08154379409686396
sector_factor_22,discovery,201804,-0.0003241912170800984,-0.0070920283416247305,0.07867735944998852,-0.1156232320521931
sector_factor_22,discovery,201805,0.00093726753661228,-0.017788874814339745,0.07235756411589961,-0.016423094115018997
sector_factor_22,discovery,201806,0.004506489009908454,-0.0540447341746767,0.08519231711332384,0.03641986045346105
sector_factor_22,discovery,201807,-0.0024684737076037296,-0.013297814137887637,0.014175864529374117,0.07373405350940378
sector_factor_22,discovery,201808,0.0015817926042433483,-0.01729193192667003,0.10745181077888813,-0.02551981715343985
sector_factor_22,discovery,201809,0.0011323184790744466,-0.051343040944744935,0.09396464106948083,-0.054753862947922026
sector_factor_22,discovery,201810,0.0018824781897702997,0.03475863462016504,0.09610731670572942,0.09095259391374111
sector_factor_22,discovery,201811,0.0031895574997920385,0.014507821260353508,0.12537949256341688,0.09934549146920134
sector_factor_22,discovery,201812,-0.007561867637906566,-0.022131105186563218,0.06573028306721065,-0.12729089785445677
sector_factor_22,discovery,201901,0.006808812284936608,0.03025480434255521,0.06262437088817664,0.0399592341544877
sector_factor_22,discovery,201902,0.010312571781628572,0.12972597845364361,0.0303585703550236,0.11314892210579033
sector_factor_22,discovery,201903,0.0017527041875446403,0.046924506299720156,0.042789672616320495,0.1025968010667597
sector_factor_22,discovery,201904,0.022999284091923512,-0.03860718886176723,0.18831552669441914,0.0812903315093149
sector_factor_22,discovery,201905,0.003298180375486029,-0.0054533897322835406,0.07056924424211894,0.07453193850572822
sector_factor_22,discovery,201906,0.0025050070761584208,0.021034394185852234,0.07864851802220005,0.038253196374098526
sector_factor_22,discovery,201907,0.0006873584609334802,-0.028416030689233752,0.10905975552852425,-0.0556009690897871
sector_factor_22,discovery,201908,-0.013426875703332581,0.03046099324211272,0.020108201165627507,-0.07877263248543051
sector_factor_22,discovery,201909,-0.005682348449731772,-0.01794892418278323,0.04254979124432136,0.06175713382857565
sector_factor_22,discovery,201910,-0.0013946679586935016,-0.013447366054606391,0.11491271045172449,-0.11589133326326231
sector_factor_22,discovery,201911,0.003438652493794053,0.004834723294368901,0.043396768408225636,0.07345740454049457
sector_factor_22,discovery,201912,-0.003131467968585849,0.04263012246903434,0.04215885250365018,-0.06370098848899677
sector_factor_22,discovery,202001,0.009325923208196222,-0.03858922895451542,0.09457019493989796,-0.07511563996459798
sector_factor_22,discovery,202002,-0.024655804547316338,0.024551476631177137,0.03967202642898715,-0.04649395945072873
sector_factor_22,discovery,202003,-0.006115242899654355,-0.03070651331786807,0.017673918306558487,0.12465614796323156
sector_factor_22,discovery,202004,0.019283620380064804,0.029619670414952757,0.23032530090357656,-0.031475050165896856
sector_factor_22,discovery,202005,0.006248125363773485,0.024366807668896703,0.052089163402732806,0.0011840623056126166
sector_factor_22,discovery,202006,-0.004599240294746963,0.05814537065454942,0.04896276505754112,-0.0554263709260979
sector_factor_22,discovery,202007,0.0043332516705127475,0.03321197350919449,0.11182947607665232,0.04747883685121199
sector_factor_22,discovery,202008,-0.0014377193103933962,-0.00521158713548045,0.0743176624518669,0.09423571377507448
sector_factor_22,discovery,202009,0.008106541257693152,0.005037654278170192,0.07952358237044951,-0.041027953015847225
sector_factor_22,discovery,202010,-0.0043258700224627486,-0.015073488930647727,0.08333361826457271,-0.1105771520751889
sector_factor_22,discovery,202011,0.016784894712827274,0.020568989044442702,0.09897030537745734,0.06892157702929388
sector_factor_22,discovery,202012,0.002935537718001347,-0.020166736549040946,0.047478054086687524,-0.19996357050022065
sector_factor_22,discovery,202101,-0.0008379590262805433,-0.019998535437625833,0.022210177191047092,0.012126275120852736
sector_factor_22,discovery,202102,0.013136696269161379,0.04624407147345967,0.07414347622979166,0.20077177165484744
sector_factor_22,discovery,202103,0.0013194138730626543,0.009283272633191423,0.05721766665845328,-0.02427288877151322
sector_factor_22,discovery,202104,0.010795150363407505,0.017201961981343283,0.10422146262722769,0.02588592914163757
sector_factor_22,discovery,202105,-0.001891581814707186,0.030050616136830084,0.03929607332505956,0.045065693024781715
sector_factor_22,discovery,202106,-0.008580558169964026,0.0029657187399737134,0.048488034268513724,-0.11702944305454788
sector_factor_22,discovery,202107,-0.017305272194052795,-0.006962334028304957,0.054241816083983325,-0.2849651545254743
sector_factor_22,discovery,202108,-0.008144158133346728,0.0192667679564858,0.0173674888862402,0.017420473229052068
sector_factor_22,discovery,202109,0.021899464778088896,0.0037059387626868557,0.07433022524526596,0.20102661149905385
sector_factor_22,discovery,202110,-0.0006124529475890423,-0.003472539804351982,0.06203904281381084,0.109541173390676
sector_factor_22,discovery,202111,0.015495450287237329,0.04710494031764525,0.12117577869794093,0.20777620619689036
sector_factor_22,discovery,202112,-0.003585529537061202,0.009444361207399355,0.04076139421751508,0.1102594152088899
sector_factor_22,discovery,202201,-0.007941759843115384,-0.04055248078190121,0.0590735282455429,-0.0705849266212635
sector_factor_22,discovery,202202,0.0221808266163747,0.017375936036921755,0.12978471119284635,-0.017610204499039633
sector_factor_22,discovery,202203,-3.565352028137226e-05,-0.02359137276412777,0.0403351003267171,-0.1283245709200418
sector_factor_22,discovery,202204,0.031516474981261776,-0.012229435063904693,0.16253685906039553,0.12616069900263505
sector_factor_22,discovery,202205,-0.003903575688916551,0.04260625004321092,0.02591401869249796,0.14995462932824624
sector_factor_22,discovery,202206,-0.01167656650801257,0.009171537048989974,0.02351836290547325,-0.056857921650986375
sector_factor_22,discovery,202207,-0.01701815834266603,-0.005932484697994022,0.02416794435053482,-0.15416834216455128
sector_factor_22,discovery,202208,0.017820777636947425,0.016002887688734084,0.08352878386456962,0.24659169015934915
sector_factor_22,discovery,202209,0.00885305338352008,-0.0234764209963725,0.10785352679962992,0.08064544599238682
sector_factor_22,discovery,202210,0.015286683866878141,0.04798564735719992,0.06982224064705406,0.29701162425000904
sector_factor_22,discovery,202211,0.0026788481622244203,0.019911503461083738,0.10941364805444455,0.07336101190652314
sector_factor_22,discovery,202212,0.0008761594260615433,-0.007818733069341928,0.0917508914308995,0.06305939652648014
sector_factor_22,discovery,202301,-0.0035192851788745892,0.04127691772137041,0.04913487946447951,0.2142486542206793
sector_factor_22,discovery,202302,-0.005666574190634608,-0.004693046649699681,0.024579690309209503,0.026500894973447923
sector_factor_22,discovery,202303,0.001400554987160859,0.003209697308889388,0.07496796024360652,-0.18013200156858014
sector_factor_22,discovery,202304,-0.0066378463430096495,-0.02711944904204804,0.018307279577693854,0.1334137024553318
sector_factor_22,discovery,202305,0.003918886971793433,0.009220981516227767,0.06065128399746243,0.07625995645318376
sector_factor_22,discovery,202306,0.0022057126074632514,0.011369700609648134,0.06998684649020073,0.11376074689102478
sector_factor_22,discovery,202307,0.009771274213233495,0.008161753990654169,0.13767410474585196,0.3012289551187908
sector_factor_22,discovery,202308,-0.0074619027234086215,-0.017075957890293744,0.029122164220053225,-0.008750177151634547
sector_factor_22,discovery,202309,-0.004815678392938119,-0.017258061970351263,0.0447575786830979,-0.09210481969104686
sector_factor_22,discovery,202310,-0.014862142750849728,0.001881240109886515,0.030284951408109287,-0.1687949838415574
sector_factor_22,discovery,202311,0.0028375212934077542,0.009928004325642673,0.05203331157852358,-0.037628681827265996
sector_factor_22,discovery,202312,0.000676006269655682,-0.016921989821657053,0.04678583286523124,0.10698953703781704
sector_factor_22,validation,202401,0.014718559536516367,-0.07933500951793658,0.09294261643359021,0.0914733803325034
sector_factor_22,validation,202402,0.02120250348170308,0.11782188832449415,0.03967981443900251,0.4270919719265568
sector_factor_22,validation,202403,0.013986040152182896,0.016685736253081514,0.10868827045223292,0.22602265520746392
sector_factor_22,validation,202404,-0.014448743447333559,-0.004895824388295295,0.05613374536163551,-0.034424045389881475
sector_factor_22,validation,202405,0.010651978467476375,-0.027381838444271122,0.19592122397007322,0.025647942225921
sector_factor_22,validation,202406,-0.004767305023048495,-0.029211715749605852,0.032082560436196075,0.0573828709220573
sector_factor_22,validation,202407,-0.00023759090834693676,0.0005098275134435469,0.05968761559778314,0.058601149987220456
sector_factor_22,validation,202408,-0.0005380711599794704,-0.01516743636880578,0.04615169747299996,-0.0060044035761226055
sector_factor_22,validation,202409,-0.024645145804557688,0.1063051507452895,0.05459797398256662,-0.08511574270316484
sector_factor_22,validation,202410,-0.011136160446504458,0.06239923846215889,0.06651182911228558,-0.18619948743587525
sector_factor_22,validation,202411,-0.021235983098362367,-0.0007552907159953022,0.04229886882160439,-0.13344094339504048
sector_factor_22,validation,202412,0.0069014657432763535,-0.04634333115695468,0.06017907430393716,0.1518019845867888
sector_factor_22,validation,202501,0.014624282553757036,0.05887416938862265,0.09112031202348178,0.11099266941916693
sector_factor_22,validation,202502,0.004232031691928913,0.028831213777529126,0.09062850979875445,-0.0033991251400405497
sector_factor_22,validation,202503,0.016728831156723717,-0.018278970454065572,0.04846652265431883,0.36925683906424983
sector_factor_22,validation,202504,0.006715286837409369,0.039840102721548955,0.0579369904626181,0.17135650670974248
sector_factor_22,validation,202505,-0.012175740398420808,0.0015876294916348627,0.02480179953815667,-0.183454165838093
sector_factor_22,validation,202506,-0.0030376162643306393,0.017341349987182182,0.06343162007629193,0.010086202124262419
sector_factor_22,validation,202507,-0.020435515511863244,0.0066273490441507545,0.022609894298049743,-0.16120134218072862
sector_factor_22,validation,202508,-0.0034240858077725076,0.019734272188837904,0.07759303606336901,-0.03846574168483185
sector_factor_22,validation,202509,-0.0007245620634833763,0.0017941458159343301,0.06135238796597126,-0.025828890907631376
sector_factor_22,validation,202510,-0.0028687451580293156,0.01767404363849089,0.042518628440934514,-0.12359985760877878
sector_factor_22,validation,202511,-0.0064347806755352885,-0.015861688101285836,0.024081929033843964,0.09409478888844781
sector_factor_22,validation,202512,-0.0018625786552662206,0.030861427632389332,0.061096551350168886,0.03932716468088111
sector_factor_22,observation,202601,-0.0038424533943020285,0.007466791165734321,0.029081745434437478,-0.016856376681915166
sector_factor_22,observation,202602,-0.01725618545071312,-0.015947970078143824,0.0256727285254717,-0.19164959105219204
sector_factor_22,observation,202603,0.00651882294576458,-0.015958828263418667,0.08829643005253347,0.12955980133617653
sector_factor_22,observation,202604,-0.023371803010113563,0.0053811545879095014,0.008361155587936495,-0.10659870994105097
sector_factor_22,observation,202605,-0.021901601724713206,-0.05932821003454072,0.051192095232091846,-0.19262953439838165
sector_factor_23,discovery,201501,0.003933962858117432,0.015539989664684981,0.16157078987197412,0.07456625758049117
sector_factor_23,discovery,201502,0.012394973228335457,0.0937977476604283,0.10136946786461833,0.22993985642643924
sector_factor_23,discovery,201503,0.001439506219781399,0.12199381049034524,0.10941176393544652,0.06005328517005466
sector_factor_23,discovery,201504,0.004573249122318927,0.06512519268504721,0.12211418022069714,-0.04972668729469618
sector_factor_23,discovery,201505,0.056313730503413574,0.2556927129480755,0.2704463361091853,0.24675382306929
sector_factor_23,discovery,201506,0.0007828422234730101,-0.1844399919148557,0.14403369405784755,-0.0614572644084647
sector_factor_23,discovery,201507,-0.008997406727543402,0.09028712367492162,0.08896323014177959,-0.06301807873942597
sector_factor_23,discovery,201508,-0.00302293979568618,-0.1316167155108858,0.10382209709787305,-0.06969138997534455
sector_factor_23,discovery,201509,0.01507079483334032,0.10082041377307178,0.1965163333132906,0.25794566958121307
sector_factor_23,discovery,201510,-0.008917030372469822,0.07016109544235993,0.05108650960460514,0.10594304581457409
sector_factor_23,discovery,201511,0.004634855219069338,0.02869205350021903,0.20709923934477226,0.143528501187824
sector_factor_23,discovery,201512,0.0023896357671449836,-0.05779904587999107,0.1448290396052804,-0.008368660063804503
sector_factor_23,discovery,201601,0.014548501361784854,-0.025695484448806382,0.25939559782335453,0.047697651637188615
sector_factor_23,discovery,201602,-0.005949806468252758,-0.01861155867272828,0.07112998637725954,-0.16848266219538732
sector_factor_23,discovery,201603,-0.004039638249384944,0.06567550676776115,0.12213134998708482,0.11306388569894935
sector_factor_23,discovery,201604,0.004641523583116931,-0.025480356217449297,0.15083356682183768,-0.01732936212533635
sector_factor_23,discovery,201605,0.025490802724443453,0.04044851430132569,0.2828100661405931,0.28941800980636
sector_factor_23,discovery,201606,0.01798885144706775,0.05870036251639249,0.29042323498814177,0.12954938309098923
sector_factor_23,discovery,201607,0.002534203562878269,-0.008411792405448587,0.2669513497058863,-0.10473058191544615
sector_factor_23,discovery,201608,-0.0006608386614809637,0.017211004233357256,0.15472681378006933,0.03163409275923122
sector_factor_23,discovery,201609,-0.0009711081790004558,0.01141197046022171,0.14674084312578256,0.0578675129990658
sector_factor_23,discovery,201610,0.009735953329230084,0.024108065548716695,0.279244312855448,0.056549860970421945
sector_factor_23,discovery,201611,0.014899204775271367,0.008593668525612552,0.256391421025392,0.040504785901781165
sector_factor_23,discovery,201612,-0.0013238761305392436,-0.011306601510891183,0.18796529870892995,0.0004141879860817067
sector_factor_23,discovery,201701,0.05626626684312065,0.05753721570977683,0.31440148019547914,0.15708230248701668
sector_factor_23,discovery,201702,0.08862881844508087,0.11419966018616429,0.5771320779254535,0.10995661693773782
sector_factor_23,discovery,201703,0.03679899225760975,0.03586464415496701,0.2573062609967869,0.060255638724262484
sector_factor_23,discovery,201704,0.024282144763247845,-0.02519896654509163,0.2560358908933468,0.06384284967363713
sector_factor_23,discovery,201705,-0.010362229430862322,-0.02730161364394007,0.16323644926818295,-0.0980674735113158
sector_factor_23,discovery,201706,0.0077270463555171535,0.0291810022935558,0.2090871072614286,0.03590737096530619
sector_factor_23,discovery,201707,0.03676177523130231,0.03170404534875637,0.28051929431614403,0.08234988730298998
sector_factor_23,discovery,201708,0.0011680009299427053,0.03138056770650387,0.20545387603339615,0.03691447976174765
sector_factor_23,discovery,201709,0.010685315989674699,0.015223034751085964,0.1327851834481427,0.038039277721290586
sector_factor_23,discovery,201710,0.027057293207098616,0.017378570966213695,0.20996631502209928,0.16703831601464145
sector_factor_23,discovery,201711,0.003089659664268892,-0.030047574744565445,0.19010245409686008,-0.03451599381318781
sector_factor_23,discovery,201712,0.005736722206436175,0.012895315876119726,0.11985393319044144,-0.004486033444088926
sector_factor_23,discovery,201801,0.01077047143667171,-0.0487991557717826,0.1290477637344822,0.06346076436697753
sector_factor_23,discovery,201802,0.0016534482162492744,0.05849806645109008,0.15102085029833662,0.1957339611282947
sector_factor_23,discovery,201803,0.012442694194443486,0.016642933638782283,0.17508526595284818,0.23160764477235307
sector_factor_23,discovery,201804,-0.00417715900466,-0.011158943105571476,0.11184703100912682,0.02789016314203405
sector_factor_23,discovery,201805,0.008151025097470737,-0.010510554193487308,0.1242852571792898,0.13342382968604158
sector_factor_23,discovery,201806,0.010519107214963073,-0.04799859851162182,0.19302991187851573,0.13768245027120302
sector_factor_23,discovery,201807,0.007008256599159382,-0.0038693387115513785,0.18378457230080575,-0.013791885630062228
sector_factor_23,discovery,201808,0.004431337725056556,-0.014442386805856824,0.21066122112485813,0.07575546477849372
sector_factor_23,discovery,201809,0.00043084127045495206,-0.052087712524103394,0.11318540968607033,-0.07288118732248404
sector_factor_23,discovery,201810,-0.016585235386116334,0.016336851937780415,0.06851585223825811,-0.05248570982563696
sector_factor_23,discovery,201811,-0.0015932115585204202,0.00972505220204105,0.12425857754955921,-0.07547175389388981
sector_factor_23,discovery,201812,0.003348126896880313,-0.011567389360279774,0.16337642218540963,-0.04735618472411897
sector_factor_23,discovery,201901,-0.005306816381076129,0.018484404561703825,0.042662218443027526,-0.012238949546078933
sector_factor_23,discovery,201902,-0.000892985556566366,0.11863161059484506,0.07733363877266068,0.11638305804855668
sector_factor_23,discovery,201903,-0.02317228329986994,0.02174903979757801,0.022239011890948405,-0.18278962955187936
sector_factor_23,discovery,201904,-0.013158772264218951,-0.07476085241373982,0.0843105195801405,-0.13765391513543945
sector_factor_23,discovery,201905,0.0322651093697365,0.023461999084829585,0.30319263375430616,0.02994035428319682
sector_factor_23,discovery,201906,-0.010585770801909667,0.007934826425188429,0.08686793958721588,-0.07622178871934336
sector_factor_23,discovery,201907,-0.004085015044284948,-0.03320979645055638,0.06545924550274551,0.05121597862615419
sector_factor_23,discovery,201908,-0.01346254009489698,0.030514415561893573,0.034494498980733417,0.11281858502634536
sector_factor_23,discovery,201909,-0.008809568579605995,-0.021098211134085432,0.10436549428736763,-0.07142491069939388
sector_factor_23,discovery,201910,0.013527041705119355,0.001671044211766078,0.12825847795725498,0.06836126624424708
sector_factor_23,discovery,201911,-0.008126703017518996,-0.00670570916391582,0.07507519924790589,-0.051823261329115876
sector_factor_23,discovery,201912,0.023861369022279713,0.0696473321258302,0.17956302017225287,0.16078647070615099
sector_factor_23,discovery,202001,0.03187210759108469,-0.016016231948015047,0.22340978081128843,0.17937963750277158
sector_factor_23,discovery,202002,-0.04275343860811924,0.0064350872416980565,0.07532801773605415,-0.03951082213834077
sector_factor_23,discovery,202003,-0.017385619517195278,-0.04216333899266002,0.10402955621303885,-0.11510533395053744
sector_factor_23,discovery,202004,-0.007259411963182875,0.0030913198713581856,0.09245138425553727,0.045080330804955576
sector_factor_23,discovery,202005,0.009400302904377773,0.027666425903428007,0.12143617910740062,0.078969802126929
sector_factor_23,discovery,202006,0.01884444335442305,0.0817482498276513,0.13451476412472743,0.09414609974607924
sector_factor_23,discovery,202007,0.0015377613424204396,0.030344482099399498,0.1468916782305449,-0.01994437202650223
sector_factor_23,discovery,202008,-0.030731725089445924,-0.03458734312471712,0.05234588997041898,-0.15580717653168152
sector_factor_23,discovery,202009,-0.00384559931635229,-0.006789551430979784,0.0701488482322758,-0.006483346436007433
sector_factor_23,discovery,202010,0.009504119370978479,-0.0012469087238400787,0.14963211228005943,0.04328349834499842
sector_factor_23,discovery,202011,0.0010711370066545452,0.004818513530993922,0.07836527520400072,-0.011524437911978113
sector_factor_23,discovery,202012,0.04979646916726003,0.0266463140995019,0.21622093704015763,0.20776960762873808
sector_factor_23,discovery,202101,0.012182863310893481,-0.007008593561477028,0.16035561817925365,0.005112619404354227
sector_factor_23,discovery,202102,-0.032002882647615236,0.000940536334334562,0.04654079162834572,-0.02917213306228424
sector_factor_23,discovery,202103,0.001814146137679292,0.009702934220600265,0.09101455759183166,-0.09112111141842351
sector_factor_23,discovery,202104,0.008911722892652865,0.015292909175955823,0.20336948071546534,0.05967923244029531
sector_factor_23,discovery,202105,-5.625168912611056e-05,0.031940422315407585,0.1434018848112104,0.001140054100473518
sector_factor_23,discovery,202106,-0.005564631586742583,0.006124307687960459,0.04048585175719001,0.15839031387606003
sector_factor_23,discovery,202107,0.030262605776746273,0.04078539714861439,0.19092540979074135,0.32028518184189353
sector_factor_23,discovery,202108,0.018236874936653467,0.045635058711526316,0.12276984362956468,0.0966254829114937
sector_factor_23,discovery,202109,-0.016309287391778785,-0.0347201302277972,0.12841400689397398,-0.12888582429910722
sector_factor_23,discovery,202110,-0.03290484701573468,-0.0351043737571672,0.044005467391091506,-0.029919557373463072
sector_factor_23,discovery,202111,-0.0038133569203329114,0.027808270079599007,0.08952647335494004,-0.020834966467252844
sector_factor_23,discovery,202112,0.0022414007670613183,0.015077267673863705,0.0818776950175444,-0.020512658145997294
sector_factor_23,discovery,202201,-0.0009852864180555296,-0.033764457607666325,0.14738259213291463,-0.11199067628201947
sector_factor_23,discovery,202202,-0.009312405192317453,-0.014088470775459428,0.06619714552852111,-0.018717980927264254
sector_factor_23,discovery,202203,0.010373786894451155,-0.01320985431337486,0.10778127154127966,0.11602957864026302
sector_factor_23,discovery,202204,-0.026078176439991444,-0.07005641638625093,0.02204022834847906,-0.03336437826923627
sector_factor_23,discovery,202205,0.0017050638888385277,0.04803884855416408,0.14032814084595194,0.07795822910343635
sector_factor_23,discovery,202206,-0.026544612157368204,-0.005716126161721712,0.0550949591941476,0.016947243390003995
sector_factor_23,discovery,202207,-0.00823514208183029,0.0031483331271114625,0.062367330062387163,0.14714601032355498
sector_factor_23,discovery,202208,-0.01664229114336859,-0.018503587939346252,0.08493185614268059,-0.07301618504592113
sector_factor_23,discovery,202209,-0.012587301041953209,-0.044896291960321834,0.09364765612792039,-0.1463296556225834
sector_factor_23,discovery,202210,0.016334826712665545,0.049133870551486325,0.16192637832897502,0.20857710132653484
sector_factor_23,discovery,202211,-0.012280083583995962,0.004919400174218358,0.08469260106130823,-0.20415382945035737
sector_factor_23,discovery,202212,0.002379271242355456,-0.0062779558979937896,0.15069195305074068,0.003982903315296415
sector_factor_23,discovery,202301,-0.018775206496583575,0.025958471387821192,0.03752976778590977,0.03143113514582993
sector_factor_23,discovery,202302,-0.00347038830982977,-0.0024917353596538303,0.10220403463787109,-0.09732696979095509
sector_factor_23,discovery,202303,0.026352527402028064,0.02833086836641166,0.12556114306871616,0.330061703605686
sector_factor_23,discovery,202304,-0.0029657462314090534,-0.023495312282619505,0.1585608245626412,-0.1269263906184382
sector_factor_23,discovery,202305,-0.011131153616510991,-0.005615050197666278,0.03909093110158107,0.03278141982365178
sector_factor_23,discovery,202306,-0.0013633957458265137,0.007672551836585625,0.10214588302680264,-0.057191050155116184
sector_factor_23,discovery,202307,-0.0078104044772083145,-0.009475430520667162,0.04586366772919146,-0.1227001352350201
sector_factor_23,discovery,202308,-0.030652104358916396,-0.04025852268905905,0.022394560361404327,-0.06803526440399434
sector_factor_23,discovery,202309,-0.009693709839508739,-0.02200399683060823,0.06529938247036846,-0.05882099853955165
sector_factor_23,discovery,202310,-0.014984064183613713,0.0017493083100656374,0.04023827766458399,-0.07498050692945524
sector_factor_23,discovery,202311,-0.0008152463121512432,0.0063202503838676255,0.059877484559747465,0.024036019144000623
sector_factor_23,discovery,202312,-0.021096137121065353,-0.03874289471076779,0.019548802797233394,-0.2086464240862079
sector_factor_23,validation,202401,-0.008035792989672174,-0.10207943829220972,0.0637678213971795,-0.12890676325702757
sector_factor_23,validation,202402,0.003131193172540674,0.0999023790373273,0.049612954573588094,0.36285425569179947
sector_factor_23,validation,202403,-0.007929818072978038,-0.005215735334301523,0.12185130976711629,-0.0565509904878302
sector_factor_23,validation,202404,-0.01353037738384058,-0.003966030653682538,0.06003601172082029,-0.0935953064771142
sector_factor_23,validation,202405,-0.006472563875093094,-0.044529338688444116,0.11159273708972148,-0.037414754961711184
sector_factor_23,validation,202406,-0.005948587633730505,-0.030432003332795207,0.09515763326836656,-0.01746643804158417
sector_factor_23,validation,202407,-0.0013293264476224704,-0.0011076834240077956,0.13624122499973443,-0.1694699809600979
sector_factor_23,validation,202408,-0.016890520340734207,-0.03176555086631032,0.022389002811543955,-0.05984187202633456
sector_factor_23,validation,202409,-0.010904181291886635,0.11735598221543785,0.02543952925903692,0.0601312418233722
sector_factor_23,validation,202410,-0.0039062444845027727,0.06555194902013883,0.06797903732732533,0.15668172140983488
sector_factor_23,validation,202411,-0.018571170749877516,0.0019050954385117318,0.05491395370476216,0.08161280949908926
sector_factor_23,validation,202412,-0.02703789677812436,-0.0802695474492132,0.04267309901223154,-0.19485566606505353
sector_factor_23,validation,202501,0.0014448525341623597,0.045700370709083574,0.05817103845710874,0.2893321566765892
sector_factor_23,validation,202502,0.015620758426222998,0.040202762890839946,0.1357060842021018,0.18885589218615392
sector_factor_23,validation,202503,-0.0003736928632086291,-0.035410992207759354,0.048760030002320646,-0.0844389782405959
sector_factor_23,validation,202504,-0.037571549900544586,-0.00444594255130228,0.03529069844156395,0.058507396290252776
sector_factor_23,validation,202505,-0.010632333555686626,0.0031200514724907024,0.04876505797130387,-0.051863860952740946
sector_factor_23,validation,202506,-0.02051728943776928,-0.00013832318625645637,0.08404664463865943,0.007352019476627525
sector_factor_23,validation,202507,-0.00733096283692804,0.01973762697348518,0.0791754544666068,0.034993232231041636
sector_factor_23,validation,202508,-0.0002594266638253409,0.022878079868609173,0.05629484630061212,0.10476329025449889
sector_factor_23,validation,202509,-0.013496256977362942,-0.010977549097945237,0.04638834166319819,-0.04226486496566669
sector_factor_23,validation,202510,-0.007413893928405132,0.013128894868115071,0.10147724959016066,-0.14211245688883437
sector_factor_23,validation,202511,-0.00895418983832159,-0.01838532174709144,0.11312241880760747,-0.1263657946562161
sector_factor_23,validation,202512,-0.004568664126921325,0.028155342160734228,0.10513150708731037,0.14156898553419672
sector_factor_23,observation,202601,-0.005404826024012483,0.005905936461058444,0.1322427359344529,-0.01800783400654176
sector_factor_23,observation,202602,-0.029192572543356055,-0.02791972610450882,0.0794317360174731,0.019837273017210645
sector_factor_23,observation,202603,-0.024768067302722997,-0.04724571851190624,0.10392068547970305,-0.0941896856309285
sector_factor_23,observation,202604,0.014235253489099983,0.04298821108712304,0.14001839193504728,0.19665838328762092
sector_factor_23,observation,202605,0.062238442869071216,0.024811834559243705,0.22267108253692322,0.34615230616498177
sector_factor_24,discovery,201501,-0.010008695902429338,0.037007870775414634,0.00828224801590475,-0.044358918992154515
sector_factor_24,discovery,201502,-0.03711944329477715,0.0443657757958863,0.001768653435064304,-0.2799681658253824
sector_factor_24,discovery,201503,-0.014937184189597679,0.10561712008096617,0.05598910096602861,-0.02104153232033072
sector_factor_24,discovery,201504,0.02411404633898144,0.08466598990170973,0.17752889464360735,0.07331915519267991
sector_factor_24,discovery,201505,-0.017247303302529795,0.18144364360254256,0.031649198743667964,0.03672004346321557
sector_factor_24,discovery,201506,-0.005916063488027325,-0.19158149268921643,0.12850801996022185,-0.10119098694751856
sector_factor_24,discovery,201507,0.024827203608300076,0.12411173401076508,0.14053299478205336,0.17478209737122977
sector_factor_24,discovery,201508,0.0002151653923846112,-0.12838069065473973,0.13630285030870856,-0.10652690892770933
sector_factor_24,discovery,201509,0.017533382077253058,0.10336269492123391,0.10024380948482021,0.3420927112790219
sector_factor_24,discovery,201510,0.016950058767219816,0.0961236715905697,0.10818885722621718,0.23886668430393854
sector_factor_24,discovery,201511,-0.0017802632392337847,0.02232042863782096,0.12653220810788599,0.07150173841041986
sector_factor_24,discovery,201512,0.006521904362893877,-0.05364072523165225,0.09020948290442915,0.008564053581548318
sector_factor_24,discovery,201601,0.021497221013347747,-0.018871517965162638,0.1983433804666483,0.18170357454005875
sector_factor_24,discovery,201602,-0.029680995885023105,-0.04234274808949863,0.03286886151709543,-0.2204059992999889
sector_factor_24,discovery,201603,0.01777054883805239,0.08746311462271716,0.04284730126285521,0.35072944220734076
sector_factor_24,discovery,201604,-0.006546985992521878,-0.03658846578279281,0.0843474804894728,-0.16022804674147548
sector_factor_24,discovery,201605,0.014316502244071596,0.029198883699219937,0.2351883034369043,0.1539576078214931
sector_factor_24,discovery,201606,0.0025562840312578494,0.04326779510058259,0.031773938319460876,0.07324562436878804
sector_factor_24,discovery,201607,-0.006272003397175402,-0.017217999365502258,0.051792730573406845,-0.1521086642190917
sector_factor_24,discovery,201608,-0.0011838157383820469,0.016688027156456172,0.24819694620191574,-0.1216965605856094
sector_factor_24,discovery,201609,-0.0021012809766119776,0.010281797662610188,0.11965242685038113,-0.024356056897562175
sector_factor_24,discovery,201610,-0.011562556167026438,0.0026957032559646434,0.018925404328312617,-0.22380334167851762
sector_factor_24,discovery,201611,-0.012860290506213908,-0.019188930935342796,0.04403440654940977,-0.12958956540391864
sector_factor_24,discovery,201612,0.001223585116554666,-0.008793269200859042,0.23558952388068538,-0.1283028206935896
sector_factor_24,discovery,201701,0.017980178457608836,0.017644405146064752,0.2893248403919409,-0.1426409688748187
sector_factor_24,discovery,201702,0.010451502524062036,0.03568156113878002,0.11053389500654251,0.04273423655047745
sector_factor_24,discovery,201703,0.01621005005288938,0.015329163304467448,0.16919676957800975,-0.07404641675734744
sector_factor_24,discovery,201704,0.024068974660666875,-0.025394293850856935,0.2775740383748638,-0.09925104981369394
sector_factor_24,discovery,201705,-0.016703136497565236,-0.03364925824629609,0.08234995820310914,-0.22852863460282782
sector_factor_24,discovery,201706,0.009886651872764564,0.03134060781080321,0.20185058319059423,0.09638093256221335
sector_factor_24,discovery,201707,-0.011647779655893883,-0.016615259480091654,0.22378511557478242,-0.23629795714987734
sector_factor_24,discovery,201708,0.02338424166016435,0.05351967094187706,0.2189498605262509,0.3547817127904081
sector_factor_24,discovery,201709,-0.016715328549723303,-0.012149932174707787,0.10565238514234625,-0.11102562224823757
sector_factor_24,discovery,201710,0.013311667135171424,0.0036367259192047648,0.23431793253974784,-0.15505872128119555
sector_factor_24,discovery,201711,0.0043904989605780785,-0.028733653423709756,0.1636241398283136,-0.07073821517414978
sector_factor_24,discovery,201712,0.0076297443253376595,0.014902690588080855,0.1776984603606708,-0.050789559725271695
sector_factor_24,discovery,201801,-0.02445273503660815,-0.08407274630074178,0.03155338526122998,-0.3019874127819546
sector_factor_24,discovery,201802,0.043947853388740896,0.10079463274373363,0.42655168968246665,0.4854206850055223
sector_factor_24,discovery,201803,0.016472471775162385,0.020795565972432747,0.19896890073806583,-0.02402646920773612
sector_factor_24,discovery,201804,-0.001531442691724715,-0.008442616032127462,0.11412756694616902,-0.055463142589090485
sector_factor_24,discovery,201805,-0.004337036947552702,-0.023019551406632612,0.05611491256736705,-0.16063701020529278
sector_factor_24,discovery,201806,0.028056682601776555,-0.03045418915513437,0.19983197986387755,0.16647436988547618
sector_factor_24,discovery,201807,-0.005943396698596537,-0.016798154098333642,0.05073047877969175,-0.1260896010272163
sector_factor_24,discovery,201808,0.000328635328111412,-0.018545089202801967,0.11209359199746648,0.04731418623284265
sector_factor_24,discovery,201809,0.006654881929405654,-0.045815844036559084,0.17203568519866527,-0.21634235476968033
sector_factor_24,discovery,201810,0.0003046207493013475,0.033226708073198094,0.0587380883147352,0.21393224637324257
sector_factor_24,discovery,201811,0.010487610594207452,0.02180587435476892,0.25270891968341663,0.054382853965211135
sector_factor_24,discovery,201812,-0.00015584364701970321,-0.014793957275430892,0.088206360511734,-0.037625507366579186
sector_factor_24,discovery,201901,0.00729068902693841,0.031081687544461934,0.06491691037329811,0.08577137898019867
sector_factor_24,discovery,201902,0.024079101858601716,0.14349250853061676,0.09860402837915114,0.3258253836807222
sector_factor_24,discovery,201903,-0.009440256313580076,0.03554645013226989,0.0789925603974123,-0.14165603610856248
sector_factor_24,discovery,201904,0.007571390627017756,-0.05412584399316637,0.10379527398324355,-0.02531861274077119
sector_factor_24,discovery,201905,-0.01513545588381921,-0.023898439907697553,0.023714742959534692,0.026176766232170235
sector_factor_24,discovery,201906,0.008678404248810273,0.02717256384570838,0.08843042739642692,0.02375218765618842
sector_factor_24,discovery,201907,0.01739906143114652,-0.011704646174241688,0.24932921746020953,-0.055022421752583865
sector_factor_24,discovery,201908,-0.0034699991558249867,0.04052890252007108,0.06705917288105787,0.022072238956200654
sector_factor_24,discovery,201909,-0.01220630010138293,-0.024491640823544002,0.09512640370562389,-0.15903675004413703
sector_factor_24,discovery,201910,-0.00019531146989873807,-0.01220105366406238,0.13165459798112442,-0.07634986389654815
sector_factor_24,discovery,201911,0.01763641641959015,0.019036957785387394,0.1481532258021651,0.08576894237846686
sector_factor_24,discovery,201912,0.0033355389387203834,0.04909712937634058,0.08181404621873672,0.09156221791203646
sector_factor_24,discovery,202001,0.003674843988224823,-0.044197613119831655,0.10258125745862091,-0.04345272037748484
sector_factor_24,discovery,202002,0.011712778530852072,0.06082840125309304,0.11552943455924292,0.1313383024358738
sector_factor_24,discovery,202003,-0.004916942418130505,-0.029633101770410907,0.10690276472770353,-0.2069123028060874
sector_factor_24,discovery,202004,0.04908916314259428,0.059447363494490715,0.30293791839894724,0.05266392825455339
sector_factor_24,discovery,202005,0.0032276862915329874,0.021421115469355653,0.053635928586332655,-0.01615079815909003
sector_factor_24,discovery,202006,0.008303061187774973,0.0712125751961139,0.08846016455014802,-0.009474739628704019
sector_factor_24,discovery,202007,0.0011735943507237597,0.030038729296496095,0.10896661468298231,-0.12381659763152318
sector_factor_24,discovery,202008,-0.043499349789044184,-0.047334805650947,0.020718573717773858,-0.14410017446461693
sector_factor_24,discovery,202009,0.017530670200412244,0.01449262704799449,0.15061207943180013,0.09643475768649358
sector_factor_24,discovery,202010,-0.005373312089432638,-0.016124340184251195,0.1230822910998584,-0.18041787176140012
sector_factor_24,discovery,202011,-0.0005669352293624723,0.003216405248531373,0.09124544133999864,-0.08035087601334058
sector_factor_24,discovery,202012,0.004649283975124211,-0.0185457075188068,0.05296380627341812,-0.057458370628504694
sector_factor_24,discovery,202101,-0.00798837206738207,-0.027156722184154203,0.014278359960007531,-0.08201512773799724
sector_factor_24,discovery,202102,-0.014262308109527465,0.01883007033922089,0.03260577879344147,0.05064217552361989
sector_factor_24,discovery,202103,0.006071550219635578,0.013989771121566224,0.1413550042893781,-0.07783317273843418
sector_factor_24,discovery,202104,0.024608076204460545,0.030975084035058637,0.11453310590265382,-0.07408713368113184
sector_factor_24,discovery,202105,-0.005771997206986344,0.02618467681103438,0.0848241658190923,0.0886988241351689
sector_factor_24,discovery,202106,-0.01151024420199714,8.077196654908005e-05,0.0797675612500057,-0.08731255428123132
sector_factor_24,discovery,202107,0.003549152834855318,0.01397040536526633,0.06270206565813796,-0.06081555246341261
sector_factor_24,discovery,202108,-0.03236985106011017,-0.0049714358425593345,0.02471955805248508,-0.3266053636698923
sector_factor_24,discovery,202109,0.006645882937088871,-0.011556673192826565,0.14873578626879994,-0.03836178046112641
sector_factor_24,discovery,202110,-0.002882165549352349,-0.005199368931062052,0.22456846399682986,0.033736803115185246
sector_factor_24,discovery,202111,0.006887931979268192,0.03845857537288049,0.15369098367519654,0.11479381717458206
sector_factor_24,discovery,202112,-0.04305177364649617,-0.030042699800864995,0.023037798348060162,-0.2479835322774507
sector_factor_24,discovery,202201,-0.0008232399199116384,-0.03353281997222343,0.09136709168888693,-0.1727791790613153
sector_factor_24,discovery,202202,0.004604356269519196,-0.00020760567131219466,0.06806093700528722,0.09634829808048861
sector_factor_24,discovery,202203,0.013516080818530712,-0.010041432998411398,0.1049289984982792,-0.04638664192782158
sector_factor_24,discovery,202204,-0.008329424244265183,-0.052141003437205465,0.09824951153804133,0.028723492629891018
sector_factor_24,discovery,202205,0.004103201520013027,0.050570663889084246,0.04637174944063386,0.2747752199200719
sector_factor_24,discovery,202206,-0.0019934443885769515,0.018858651830981083,0.07092989489901169,0.025092805710189105
sector_factor_24,discovery,202207,-0.030650129125932728,-0.01948574411383431,0.000845678835310348,0.0034539107728248425
sector_factor_24,discovery,202208,0.014119150545608935,0.012257493133074603,0.11649605011426263,-0.07676010672332696
sector_factor_24,discovery,202209,-0.008467663608921018,-0.04080936996005697,0.009954899872396032,-0.0959919860952947
sector_factor_24,discovery,202210,0.024700352477801408,0.057399436949708615,0.20764317489647327,0.24941671910415023
sector_factor_24,discovery,202211,-0.009609493225150704,0.007592396852851379,0.04062776301541517,-0.1475394444763903
sector_factor_24,discovery,202212,-0.0004282520137951119,-0.009122644975551257,0.03387461307291162,0.06337258152122444
sector_factor_24,discovery,202301,-0.013826000763240706,0.030923020010868642,0.0827099474749467,0.1816313797869792
sector_factor_24,discovery,202302,0.00852977545641912,0.009512598389410414,0.17371746125799672,0.05738484348338672
sector_factor_24,discovery,202303,0.009556953515968388,0.011497515896284628,0.11769037702585708,-0.12244712444517818
sector_factor_24,discovery,202304,-0.017605599395102704,-0.03810037261033645,0.08009878359640443,-0.10161709725021424
sector_factor_24,discovery,202305,0.05164329196637048,0.05707028238573002,0.3359566701564347,0.3916715373649435
sector_factor_24,discovery,202306,-0.009506547267723094,-0.00036554947299009653,0.055746100045334444,0.00576530369536921
sector_factor_24,discovery,202307,-0.002846564178383204,-0.004494677989021598,0.05693035633125497,-0.09323335054499425
sector_factor_24,discovery,202308,0.002958838700057318,-0.006655216466827805,0.11391392042597835,0.08100858686491756
sector_factor_24,discovery,202309,-0.008081056387117532,-0.02043093713960843,0.06434521602213182,-0.012921154283939251
sector_factor_24,discovery,202310,0.0007744413502102238,0.017531868798473356,0.12984273122878034,0.07530022143529634
sector_factor_24,discovery,202311,-0.0007614951008742249,0.006347149397730722,0.09982924743255227,0.011273274805748783
sector_factor_24,discovery,202312,-0.005461068449037152,-0.023082552928618886,0.05141844782838949,-0.11465542468421042
sector_factor_24,validation,202401,-0.00042578760829411403,-0.0945109222751026,0.0648160958913281,-0.319036159944218
sector_factor_24,validation,202402,0.04905317621330098,0.14566862650060405,0.11271165771476911,0.5756204728214782
sector_factor_24,validation,202403,-0.008357202203712732,-0.005569047898911994,0.03235148329672893,-0.008518751463924366
sector_factor_24,validation,202404,-0.010562058428974728,-0.001031832657608901,0.04044718053114797,-0.13175602590997623
sector_factor_24,validation,202405,-0.01690440084149531,-0.05494441131129861,0.01143511610573521,-0.013063421203427083
sector_factor_24,validation,202406,-0.0013251718397879317,-0.025786566358721372,0.09905990173233505,0.0948918131896856
sector_factor_24,validation,202407,0.016497518914220088,0.017086988188447835,0.08230008044688925,0.09827421717067794
sector_factor_24,validation,202408,-0.006625001508690553,-0.021499551367279227,0.055127990216856215,0.09569628343417401
sector_factor_24,validation,202409,0.010457906899567802,0.1414719223565618,0.08547634030798158,0.10943131536349601
sector_factor_24,validation,202410,0.0034754946648882326,0.07294440636243155,0.03634882273911593,0.26768975347812457
sector_factor_24,validation,202411,-0.011796686215069395,0.00868207688437819,0.044520059882311794,-0.023929750825492042
sector_factor_24,validation,202412,-0.0055488448573905854,-0.058794777622899176,0.020955566147129547,-0.14155832666469484
sector_factor_24,validation,202501,0.005806568119083745,0.05006216144647624,0.044721849804349074,0.3466379915281845
sector_factor_24,validation,202502,-0.002205046379184554,0.022388602567338642,0.02266294817570491,0.037854732295944306
sector_factor_24,validation,202503,-0.013563620247597033,-0.04860132791024322,0.03563967122584411,-0.2765023843436095
sector_factor_24,validation,202504,0.023390013115794674,0.05651482899993425,0.08018019893121894,0.35274390130101885
sector_factor_24,validation,202505,-0.014374482271885189,-0.00062100650205761,0.0037868282050505264,-0.14559635882960356
sector_factor_24,validation,202506,-0.006415972986208575,0.013962993265304249,0.028946707736605293,0.15382505821736306
sector_factor_24,validation,202507,-0.020093129332435643,0.006972475389871444,0.0408121166688909,0.02680145277686593
sector_factor_24,validation,202508,-0.006689070925573955,0.016463014253947354,0.09532737210381818,-0.05790150114749817
sector_factor_24,validation,202509,0.017260816615560805,0.019779524494978516,0.13408894178281183,0.032036490374491695
sector_factor_24,validation,202510,0.004692970343376219,0.025235759139896424,0.11138297123664485,-0.0544316061783111
sector_factor_24,validation,202511,-0.00030037553553540955,-0.009723519427570864,0.05639353467047027,0.05775540193575013
sector_factor_24,validation,202512,0.012034035271848832,0.044758041559504386,0.1324774025481352,0.11689814895635874
sector_factor_24,observation,202601,-0.01078082368870675,0.0005287903254793492,0.03244980196447887,-0.028246300873677122
sector_factor_24,observation,202602,0.026446670954398666,0.027728375173007535,0.09138246744068822,-0.07639488900238353
sector_factor_24,observation,202603,-0.018891028893673247,-0.04136868010285649,0.025256544640096835,-0.030283404383977842
sector_factor_24,observation,202604,-0.01280477796211361,0.015948179635909453,0.03496992459162325,-0.00461766139795999
sector_factor_24,observation,202605,-0.05709839488391707,-0.09452500319374459,0.01533159858809865,-0.31956867512842607
sector_factor_25,discovery,201501,0.0008976668141036881,-0.003740613229040589,0.04868514750105111,-0.04853188192917795
sector_factor_25,discovery,201502,0.003287846736962725,0.08466485612715284,0.06501642048424541,0.07176585866395278
sector_factor_25,discovery,201503,-0.010311577104522112,0.11024272716604173,0.02095384983043656,-0.02284243915659699
sector_factor_25,discovery,201504,0.003461445570776265,0.06401338913350454,0.07666004214333905,-0.02232778329889589
sector_factor_25,discovery,201505,0.015545505450730588,0.2145373217971064,0.0607092245738675,0.08310025139270796
sector_factor_25,discovery,201506,0.015435849349986078,-0.1697869847883426,0.15679713787178087,0.0699071271795565
sector_factor_25,discovery,201507,0.002548795494311553,0.10183332589677656,0.10658717640340463,0.014138267403187766
sector_factor_25,discovery,201508,0.00028843335018695446,-0.12829466817700969,0.0881057023298996,-0.029883107873974937
sector_factor_25,discovery,201509,0.005201687136886225,0.09102560353690933,0.07111096697684315,0.10533242626612219
sector_factor_25,discovery,201510,-0.01302997373234585,0.0660718714548506,0.0269989656472935,-0.09654372241560834
sector_factor_25,discovery,201511,-0.0055472498839492165,0.01852532606849092,0.08776697605228578,-0.04458553511147835
sector_factor_25,discovery,201512,-0.004775334150909106,-0.06496872494184493,0.0868401604059473,-0.06440036487460572
sector_factor_25,discovery,201601,0.0021351969075021843,-0.03819514600909315,0.13270490497450366,-0.0035980293644578137
sector_factor_25,discovery,201602,0.0047028088613289935,-0.007958943343146528,0.03091151342936328,0.05450654387045258
sector_factor_25,discovery,201603,0.004411696642783002,0.074137490042789,0.08977529989304614,0.04871273424684574
sector_factor_25,discovery,201604,-0.006216434761805681,-0.036322527612792324,0.08825711121875388,-0.029503366991338525
sector_factor_25,discovery,201605,0.0018634221523168635,0.016763689125876963,0.10455652221282168,0.07859925102182819
sector_factor_25,discovery,201606,-0.003036027170777638,0.0376754838985471,0.06946887327112566,0.022594225951627012
sector_factor_25,discovery,201607,0.004866948119094104,-0.006079047849232753,0.16091707430915644,0.053099926091850665
sector_factor_25,discovery,201608,0.001792910432920401,0.01966475332775862,0.07914904110982772,0.030254707066782585
sector_factor_25,discovery,201609,0.0024889568334316406,0.014872035472653805,0.08180313973029069,0.01912999504107433
sector_factor_25,discovery,201610,0.0045866167707658435,0.018866576548134617,0.0972292172509088,0.018751657290483968
sector_factor_25,discovery,201611,0.0033087769801465323,-0.0029970855917120145,0.13214434943406222,-0.002357951343882296
sector_factor_25,discovery,201612,0.004329281762012641,-0.005664294329538031,0.10477180828086889,0.016340930645979832
sector_factor_25,discovery,201701,0.018995686393373977,0.020000559461510015,0.1327646485857625,0.11747018381603319
sector_factor_25,discovery,201702,0.020124904359760575,0.04569574610084399,0.14405911152018594,0.06777909565175452
sector_factor_25,discovery,201703,0.028762094514913197,0.027857105520999303,0.158803066224964,0.0764489158509693
sector_factor_25,discovery,201704,0.018867712424536397,-0.030623859762110645,0.14144277173340464,0.11167033896867827
sector_factor_25,discovery,201705,0.002546002108214629,-0.014393382104863123,0.11119715183501236,-0.001796642241049564
sector_factor_25,discovery,201706,0.006054965293255343,0.02750892123129399,0.11133896186299524,0.0747782656859546
sector_factor_25,discovery,201707,0.0064654535178601405,0.0014423888571660163,0.08775775082100867,0.04750753094823847
sector_factor_25,discovery,201708,0.0016407935975531044,0.03183874205848121,0.09860475300229668,0.024573045882756245
sector_factor_25,discovery,201709,0.0011010477757820802,0.005655491313562033,0.06633151041504425,-0.018674433991527534
sector_factor_25,discovery,201710,0.0072379018979042125,-0.0024465331901892032,0.05102099262056215,0.08879730797555965
sector_factor_25,discovery,201711,0.007791481413412846,-0.025374046606521008,0.12320032622851794,0.02956262244441417
sector_factor_25,discovery,201712,0.007361569715050826,0.014540971387066833,0.10677861005137623,0.01886392510106101
sector_factor_25,discovery,201801,0.010187523015451132,-0.04942838324853008,0.10062789850984104,0.06702451091730217
sector_factor_25,discovery,201802,-0.003710545412166937,0.05313407282267387,0.08294616225994714,0.04953856150089817
sector_factor_25,discovery,201803,0.0026103248900120305,0.006893563507111882,0.052571686265557215,0.1232799561147289
sector_factor_25,discovery,201804,-0.007690905234318797,-0.014659355373320674,0.04260126481288008,-0.09074588360813757
sector_factor_25,discovery,201805,0.004340816274555134,-0.014316520708433183,0.055292986963411665,0.06574038813344894
sector_factor_25,discovery,201806,0.0072033518433345795,-0.05131384977052221,0.10740343010155709,0.013844577911805777
sector_factor_25,discovery,201807,0.008180340047126505,-0.002697255263584256,0.04945572503759972,0.07707308658377442
sector_factor_25,discovery,201808,0.004241616187412009,-0.014632108343501371,0.10393199200818432,0.04555290380173251
sector_factor_25,discovery,201809,-2.8714053261790306e-05,-0.05253001277420768,0.0315659715814499,0.08651303441049633
sector_factor_25,discovery,201810,0.007628346737739778,0.040550434061636526,0.0909005312096022,0.028231792818958615
sector_factor_25,discovery,201811,-0.00019159317657411456,0.011126670583987355,0.0816367240755996,-0.025723309203987833
sector_factor_25,discovery,201812,-0.005145765743333246,-0.02004498685739236,0.055693685000916704,-0.014175421481360483
sector_factor_25,discovery,201901,-0.00021145267073064013,0.023579768272049315,0.0452931614060825,-0.010749108145698833
sector_factor_25,discovery,201902,-0.0056140058227270905,0.11381891374476254,0.00896586541062978,0.051051844000630855
sector_factor_25,discovery,201903,-0.009630856899764107,0.035311736407900404,0.05386406218901379,-0.12520527894242675
sector_factor_25,discovery,201904,0.007299994247967645,-0.05433865492232144,0.10231736400958769,-0.018459787754235794
sector_factor_25,discovery,201905,0.0028284103179869046,-0.005969576882635011,0.08421502106901246,0.023484431362085282
sector_factor_25,discovery,201906,0.0007708404889741734,0.01929727267369775,0.057364912792363575,0.010202563144475138
sector_factor_25,discovery,201907,0.0032830072625169536,-0.025829295560201304,0.08413012252432385,0.036200945942798185
sector_factor_25,discovery,201908,-0.018090764607340104,0.0258975708503964,0.007423931567177648,-0.014377055262769169
sector_factor_25,discovery,201909,-0.0010497472174819395,-0.013338389771961372,0.03371849131918704,-0.02238853747798068
sector_factor_25,discovery,201910,-0.00039368292772552923,-0.012269504731132959,0.07544342457758484,-0.011365583996031853
sector_factor_25,discovery,201911,0.0016806284757342564,0.0031016223293374333,0.05242859711803559,0.007023117948268499
sector_factor_25,discovery,201912,0.005672959466247323,0.05143454990386751,0.05457747838465406,-0.011386409728845737
sector_factor_25,discovery,202001,0.013964951314878911,-0.03392673703560831,0.07423321844289445,0.12418549194341766
sector_factor_25,discovery,202002,-0.018165855023130666,0.030952087792684324,0.03517839024752305,0.05200248104709164
sector_factor_25,discovery,202003,0.00555241330297506,-0.019212127007829788,0.05983659210877155,0.010674226909616771
sector_factor_25,discovery,202004,-0.008419270876947807,0.0019406628284611678,0.03488448820893081,-0.007190699988788876
sector_factor_25,discovery,202005,0.01498905127807785,0.03325360490723849,0.12140375226770536,0.008024238948322129
sector_factor_25,discovery,202006,0.005945883547681547,0.06887247730330273,0.0427301508936925,0.07532075844203362
sector_factor_25,discovery,202007,0.0051609285558096045,0.03403633937199155,0.06041006799764372,0.025586261716707498
sector_factor_25,discovery,202008,-0.007209601403964155,-0.011055220771647459,0.029501913244937075,0.0009695410799079278
sector_factor_25,discovery,202009,0.005687559067639087,0.002711062845297751,0.08886840828683878,-0.07166035006602813
sector_factor_25,discovery,202010,0.003951994286762291,-0.006799033808056266,0.059279163712921495,0.06407748959155089
sector_factor_25,discovery,202011,0.005704939577822641,0.009453529714595616,0.040375874411995014,0.08059725835660857
sector_factor_25,discovery,202012,0.0158897050073068,-0.007270070189438032,0.047968014043348675,0.02337199740307453
sector_factor_25,discovery,202101,0.004264842667578594,-0.014908668852294795,0.05360420125321656,0.042719289858254385
sector_factor_25,discovery,202102,0.009318105138100472,0.04229933878597877,0.03950174645150278,0.08703573652526705
sector_factor_25,discovery,202103,-0.009804819283953038,-0.0019159040870600503,0.018772170120130972,-0.08063770495599144
sector_factor_25,discovery,202104,-0.003881427053604749,0.00248896629602227,0.03885328500948165,0.05136217397662074
sector_factor_25,discovery,202105,-0.0005235422470864105,0.03146247872727044,0.014280488975165376,0.028822113102044744
sector_factor_25,discovery,202106,0.0028011093291223977,0.014491534722869152,0.06295800126999665,0.009762585032918348
sector_factor_25,discovery,202107,-0.010953399632048258,-0.00045966273993888767,0.0188750366780206,-0.022780260064649324
sector_factor_25,discovery,202108,0.017729946337380436,0.04513173451414332,0.05873294792351587,0.10598933080368365
sector_factor_25,discovery,202109,-0.007215258845644635,-0.025511485910683408,0.027259097298957098,0.013812697369752481
sector_factor_25,discovery,202110,0.0015143794286990087,-0.0007369807965005755,0.06580170626465051,-0.029576138521515773
sector_factor_25,discovery,202111,0.001607362734838312,0.03322296579360475,0.035146746154542746,0.0532805077981034
sector_factor_25,discovery,202112,0.004664655279560268,0.017572393103340724,0.03800858604833836,0.046564619168685956
sector_factor_25,discovery,202201,-0.0018935072917880766,-0.03463619126391438,0.048088467960560155,-0.06604965814044068
sector_factor_25,discovery,202202,0.002416104889135333,-0.002401176273087913,0.05978686259015228,-0.05691476601508033
sector_factor_25,discovery,202203,0.01805073101093831,-0.005467732274479679,0.09598679665108205,0.11750314927281909
sector_factor_25,discovery,202204,0.01038815861202843,-0.033533408952644096,0.0829469159193112,0.10611821995040442
sector_factor_25,discovery,202205,-0.008327002730996026,0.03805781935761364,0.1084869869379439,-0.0568623177960801
sector_factor_25,discovery,202206,-0.010074104822211362,0.010763116127262558,0.006622467233486011,0.0037110114276883233
sector_factor_25,discovery,202207,0.00023518392808874583,0.011524772507480173,0.03759847780190861,0.09412309577267979
sector_factor_25,discovery,202208,0.010696500453541374,0.008811839945796554,0.06914356649555271,0.15723030034112045
sector_factor_25,discovery,202209,0.006357616526869473,-0.025974732349416062,0.07960724668219579,-0.049281683678511205
sector_factor_25,discovery,202210,0.018444088494177856,0.0512141269085987,0.10170798580596406,0.16058059281907516
sector_factor_25,discovery,202211,0.0017573972467084316,0.018955502691096627,0.06116550704863602,-0.028426649678169748
sector_factor_25,discovery,202212,-0.0028629755097307865,-0.011556136367884889,0.05218102839275376,0.04056255897954106
sector_factor_25,discovery,202301,-0.005967824225213414,0.03878094039100688,0.010560762512830581,0.02224569428870565
sector_factor_25,discovery,202302,0.0018428952722842698,0.0028145604228484444,0.05619910716709755,-0.01647818579840251
sector_factor_25,discovery,202303,0.004677729751495797,0.006649439796487771,0.06558026755786912,0.11021306539996262
sector_factor_25,discovery,202304,0.014537457727241626,-0.005967042094466466,0.06572957241110168,0.12237957187334002
sector_factor_25,discovery,202305,-0.007612892477848844,-0.002107740646970342,0.013076813046824976,0.057552657607273704
sector_factor_25,discovery,202306,0.004866584670744317,0.013946438398197643,0.034390761758183674,0.06478661142730577
sector_factor_25,discovery,202307,0.012938864837477112,0.011273838794018262,0.08234612596853806,0.1669484991495476
sector_factor_25,discovery,202308,-0.016383001454973525,-0.02598679119100384,0.02765764924350637,-0.1364558978635209
sector_factor_25,discovery,202309,0.007016830207773923,-0.005319165316177532,0.07502399087690177,-0.11112978325112448
sector_factor_25,discovery,202310,-0.013697648121362602,0.003046432106844698,0.03993345023150968,-0.18381101846950137
sector_factor_25,discovery,202311,0.0007114677489798754,0.007834030008333768,0.01942650784884433,-0.03727220309497642
sector_factor_25,discovery,202312,0.0006308488362985384,-0.017004500693292356,0.0627320844580411,-0.012868129875826084
sector_factor_25,validation,202401,0.014558500208040726,-0.07950247848798013,0.10189903439668928,0.09082132765676434
sector_factor_25,validation,202402,0.0019476303766823618,0.09870155879218752,0.059292742589118645,0.2391832144308814
sector_factor_25,validation,202403,0.0013726171442697446,0.004118873657093251,0.024485354815332955,0.08318067249718249
sector_factor_25,validation,202404,0.009567885779369241,0.01913878063154698,0.09733324042524884,-0.010014232904484895
sector_factor_25,validation,202405,-0.00011314024544650872,-0.038160025964316446,0.0933076311455561,0.03417735810781552
sector_factor_25,validation,202406,-0.008689953003129792,-0.03316941208108083,0.03998709858140918,-0.013882468449388995
sector_factor_25,validation,202407,-0.005088873584141982,-0.004794279701435817,0.03889153388518297,-0.08419877312888283
sector_factor_25,validation,202408,-0.0010577393049387262,-0.015923942526635735,0.06385946894188878,-0.037344605556731365
sector_factor_25,validation,202409,-0.022266794927624275,0.10647992634729139,0.02041539074058246,-0.0409221611253718
sector_factor_25,validation,202410,-0.0009933401758458066,0.06847287035715352,0.07926926787812484,0.029896698842983134
sector_factor_25,validation,202411,-0.014683603980061865,0.005791967612166056,0.042556462570298534,0.009227769160703581
sector_factor_25,validation,202412,0.002646130114594187,-0.0505946585776242,0.07620647343258868,0.0007908041144500981
sector_factor_25,validation,202501,0.0021764564076020153,0.04643204973499451,0.04681272836842687,0.06335036350942568
sector_factor_25,validation,202502,-0.004391434526781925,0.02019450248206138,0.034880495645368,-0.015039363362774748
sector_factor_25,validation,202503,0.02687788650827745,-0.008159412836273274,0.06679930100784152,0.1197456827948242
sector_factor_25,validation,202504,-0.017614957031067108,0.015509018517054971,0.030957026685347604,0.035324082501845495
sector_factor_25,validation,202505,-0.0014503967796294457,0.012301988248547882,0.039681843913955434,-0.027187217409208434
sector_factor_25,validation,202506,0.0025009263041347062,0.02287989255564753,0.0652773222161098,-0.002801561048121198
sector_factor_25,validation,202507,-0.008363601981184991,0.018704592036500916,0.06034559706457477,-0.08517705946567919
sector_factor_25,validation,202508,0.004578045684916905,0.02771983172750056,0.05218674271190878,-0.016945234807251592
sector_factor_25,validation,202509,0.0027773451977241743,0.005296053077141881,0.07952853438065197,-0.036176694015194286
sector_factor_25,validation,202510,-0.004881998675080608,0.015660790121439595,0.03634435768040444,-0.13669086449580767
sector_factor_25,validation,202511,-0.008269714905629905,-0.01769775340177148,0.023330164128718883,-0.0379919951506421
sector_factor_25,validation,202512,-0.006920562718722193,0.025803443568933358,0.09091476496535339,0.023353009590355675
sector_factor_25,observation,202601,-0.006073588243120701,0.00523374402509944,0.05641498383701401,-0.005765088409969586
sector_factor_25,observation,202602,-0.02454957559800416,-0.023276729159156927,0.04192360092108115,-0.06172948875975336
sector_factor_25,observation,202603,0.003149592075507883,-0.01932805913367536,0.08311413180519388,-0.007167385479175889
sector_factor_25,observation,202604,-0.01039847692214822,0.018354480675874845,0.06418553536348136,0.04678861605764041
sector_factor_25,observation,202605,0.000627174282858185,-0.03679943402696933,0.05702743216963042,0.10694062003649428
sector_factor_26,discovery,201501,,,,
sector_factor_26,discovery,201502,-0.012512767381614035,0.06900657941766744,0.09380411725371066,-0.12481720870342723
sector_factor_26,discovery,201503,-0.011859057909304305,0.10869524636125955,0.038133035318358974,-0.13343673521518432
sector_factor_26,discovery,201504,0.010957942893722853,0.07150988645645114,0.06448404253076256,0.11339331148580649
sector_factor_26,discovery,201505,0.01586846183902624,0.2145594087440986,0.10671148997640445,0.14460521965048012
sector_factor_26,discovery,201506,0.03890565661005511,-0.14679634221358268,0.23194006736324005,0.1552904062012889
sector_factor_26,discovery,201507,0.02016673885743403,0.11945126925989903,0.15417196704323646,0.1720972238948544
sector_factor_26,discovery,201508,-0.00847729409086938,-0.13707315013799373,0.12146001797848716,-0.006412469111618146
sector_factor_26,discovery,201509,0.01391855637518812,0.0997905364007238,0.061564942094901175,0.25586538810104165
sector_factor_26,discovery,201510,-0.014715165936309907,0.06442353416590349,0.02909082122387255,-0.21359100760150176
sector_factor_26,discovery,201511,-0.020548840995198017,0.003552727360056451,0.09271568524287747,-0.19002228229381676
sector_factor_26,discovery,201512,-0.006899849392229854,-0.06702609646447893,0.046284791402339535,-0.059585190025101105
sector_factor_26,discovery,201601,0.006424202110884585,-0.03394327595597133,0.05501035483402457,0.06016822571080562
sector_factor_26,discovery,201602,0.013852470662495068,0.0011907184580195462,0.0816895485719182,0.1064742320995662
sector_factor_26,discovery,201603,0.004122430948586176,0.07381156847898282,0.10575195671134117,0.1126965490048529
sector_factor_26,discovery,201604,0.0002509982193797295,-0.029781372314173493,0.08743652336811084,0.06564453208927876
sector_factor_26,discovery,201605,-0.00017959061540705895,0.014699432546816145,0.0743560067498171,0.025332666132001025
sector_factor_26,discovery,201606,-0.0148033748399156,0.02590813622940914,0.009708597792022353,-0.1826397298715088
sector_factor_26,discovery,201607,-0.002532619666589826,-0.013478615634916683,0.07502004622760584,0.07977004764404474
sector_factor_26,discovery,201608,-0.0010571080956569346,0.016814734799181285,0.08162865580559961,-0.034719150802062046
sector_factor_26,discovery,201609,-0.0007591507032424288,0.011623927935979737,0.048650883814273974,-0.024056283721610568
sector_factor_26,discovery,201610,-0.005684711983470758,0.008573547439520324,0.0283568687812423,-0.11919743669446722
sector_factor_26,discovery,201611,0.0053141680739748195,-0.0010132062197292478,0.195227142338973,-0.023283139973579538
sector_factor_26,discovery,201612,-0.0012094766009343857,-0.011242700398724992,0.12306438689842793,-0.052491520104598344
sector_factor_26,discovery,201701,0.01107392248157704,0.010738149170032962,0.19422991713872836,-0.010113325315003597
sector_factor_26,discovery,201702,-0.000766162580035329,0.024088378885304945,0.06145056347231718,-0.06809440151688054
sector_factor_26,discovery,201703,0.0028484106248272277,0.00196879451060617,0.055505825102271256,0.1284578023277393
sector_factor_26,discovery,201704,0.007511404730210284,-0.04194203312573437,0.10858952004997097,0.09601799335453139
sector_factor_26,discovery,201705,0.004580791757267169,-0.012378737044155059,0.10015179988266595,-0.007635988194923324
sector_factor_26,discovery,201706,0.013973134105523227,0.03542709004356187,0.18038181739956657,0.08039516785161971
sector_factor_26,discovery,201707,-0.008256076553102006,-0.013222039461557176,0.03826093564593992,-0.023822474089321345
sector_factor_26,discovery,201708,0.012704140059227036,0.0428358762274476,0.15842299269116208,0.11540610322032914
sector_factor_26,discovery,201709,-0.0056316845138889475,-0.001064175048287282,0.023615638893843344,0.04031238392573555
sector_factor_26,discovery,201710,0.0063404375262928496,-0.003330531657497084,0.13370511544153457,-0.020611383319780865
sector_factor_26,discovery,201711,0.006583506604706122,-0.02653738548913018,0.0798958483612385,0.043010871616792075
sector_factor_26,discovery,201712,0.00856612185799516,0.015862616989934828,0.12786416035005177,0.04353186363680865
sector_factor_26,discovery,201801,-0.00631968548089879,-0.06594139853054498,0.0429200975446482,-0.06465451280270923
sector_factor_26,discovery,201802,0.02618236086519186,0.08305000158725306,0.1514180896729835,0.2907259282593256
sector_factor_26,discovery,201803,-0.018680063804478484,-0.014358548210624244,0.0330529737855702,-0.16587453842852382
sector_factor_26,discovery,201804,0.0029488231623284694,-0.003948215909864909,0.07127427687636499,-0.1302521872415662
sector_factor_26,discovery,201805,-0.0037711658559136008,-0.022463658395546107,0.1028853348672323,-0.053236755373963086
sector_factor_26,discovery,201806,0.011316149892011908,-0.04719607462378918,0.11328100934437316,0.04609602701869663
sector_factor_26,discovery,201807,-0.0026199098297161145,-0.013470227193267254,0.03428445021356116,0.08844089578844051
sector_factor_26,discovery,201808,0.009977405971152502,-0.008896318559760877,0.21380541316481141,0.0756183972651704
sector_factor_26,discovery,201809,0.008865952614317473,-0.04360520295112541,0.1475898435821726,0.11616030114197641
sector_factor_26,discovery,201810,0.0024162608586941374,0.035338348182590885,0.037227810904758483,0.08886256150365006
sector_factor_26,discovery,201811,-0.006274519139118603,0.005043744621442866,0.0634168404954365,0.027747744091459046
sector_factor_26,discovery,201812,-0.007781822420113762,-0.022396795231034047,0.04314808615799562,-0.056912447453682305
sector_factor_26,discovery,201901,0.008377409193523595,0.03216824405482674,0.09245650108590832,0.01871446440989202
sector_factor_26,discovery,201902,0.013166854521200807,0.13258026119321584,0.05433278734705591,0.17372937097261476
sector_factor_26,discovery,201903,0.010492110836016718,0.0555022545059425,0.07504653883523206,0.07254534226500635
sector_factor_26,discovery,201904,0.015598706614751625,-0.04610707139412019,0.14212779607802403,0.05077265958648273
sector_factor_26,discovery,201905,-0.0012236377961806853,-0.009974198221898406,0.05949654041861533,0.03245285059966387
sector_factor_26,discovery,201906,0.002119036025386805,0.02060135251259501,0.07494772350564065,0.08215281925766348
sector_factor_26,discovery,201907,-0.001110906546153944,-0.03021466586265571,0.08701368015214861,0.0011983348978174143
sector_factor_26,discovery,201908,-0.008505735145491128,0.035491913700388976,0.02546053409755328,-0.04632777867411049
sector_factor_26,discovery,201909,-0.0006977100838547494,-0.01298035995583632,0.04692395901910173,0.09095888809532136
sector_factor_26,discovery,201910,0.004144278682797019,-0.007882583861941662,0.12527552968490685,-0.06978312847288237
sector_factor_26,discovery,201911,0.004370763796771019,0.005764168604565341,0.06276816403938631,0.05223126444279053
sector_factor_26,discovery,201912,-0.006118131968217108,0.039643458469403085,0.038879400090080715,-0.11172577805670691
sector_factor_26,discovery,202001,-0.0029960032250194633,-0.050861174189594745,0.0536953595978308,-0.06764342874672333
sector_factor_26,discovery,202002,-0.01606673558363803,0.03305353417206788,0.010756913020081268,-0.05039415191765275
sector_factor_26,discovery,202003,-0.014481646669231928,-0.039182902704090916,0.0224273971420962,0.046092178121259646
sector_factor_26,discovery,202004,0.011739321146910797,0.022096220913919665,0.13652572862168505,-0.06882066137224388
sector_factor_26,discovery,202005,0.006116583553158152,0.024294111164555137,0.08297094908857261,-0.022386736170771207
sector_factor_26,discovery,202006,-0.010976537734819835,0.05192587438665214,0.008700081762852922,0.008727837123979173
sector_factor_26,discovery,202007,0.009603648046339142,0.0384643876355688,0.08734370338310286,0.01083971454657026
sector_factor_26,discovery,202008,-0.012132524180354163,-0.015972666500601918,0.03097348478932869,-6.038739206548528e-05
sector_factor_26,discovery,202009,0.004827901230971454,0.0017832707537143678,0.06370506537172048,-0.017965099147122666
sector_factor_26,discovery,202010,-0.0016647956575092473,-0.012412032795327831,0.059781434881164,0.02210725258290995
sector_factor_26,discovery,202011,0.01135846343653377,0.015145087846100242,0.07751121161433754,0.07426118431637208
sector_factor_26,discovery,202012,0.008655173338836444,-0.014536745519581019,0.04801385359890431,-0.09355588370264536
sector_factor_26,discovery,202101,-0.002307283206307651,-0.02147528842157044,0.02964560937205975,0.07652562962324416
sector_factor_26,discovery,202102,-0.015561034719689469,0.017546249317547336,0.01634720570249766,0.0567282837882324
sector_factor_26,discovery,202103,-0.0002097444116019693,0.007711181516313683,0.0763222521132382,-0.03478068705874373
sector_factor_26,discovery,202104,-0.001090055251239121,0.005277870791472933,0.016310209369042563,-0.03539485227929445
sector_factor_26,discovery,202105,0.006140219206156098,0.03809662357841969,0.053754728507305956,-0.001579275721885028
sector_factor_26,discovery,202106,-0.007089801936692924,0.004482658573501145,0.02570286326241264,-0.15081835290114226
sector_factor_26,discovery,202107,-0.017980104056030517,-0.007573342084916393,0.04066017763708534,-0.15941396711216
sector_factor_26,discovery,202108,-0.013013936020682593,0.014382337912684307,0.02147795323225687,-0.028356056554123
sector_factor_26,discovery,202109,0.017995751334362556,-0.0002004544149531282,0.07676771175731753,0.13392653539929986
sector_factor_26,discovery,202110,-0.03580106178745898,-0.03815153401665156,0.02132748150546771,-0.019323968632672845
sector_factor_26,discovery,202111,0.006568119912763371,0.03813736658934927,0.11319401904263703,0.0890632593363359
sector_factor_26,discovery,202112,-0.00706866989952263,0.005947394054079347,0.023693475539844036,0.055390950465929054
sector_factor_26,discovery,202201,-0.013038670436391654,-0.04573836775502729,0.024317024207382906,-0.04807928821563526
sector_factor_26,discovery,202202,0.013368469564558031,0.008562084363290978,0.09276858452962082,-0.13086671484047938
sector_factor_26,discovery,202203,0.011569239905165155,-0.01198413507005645,0.04221464727819634,0.018255281653971157
sector_factor_26,discovery,202204,0.030085175064294072,-0.013728873192112108,0.138921024761498,0.17272591084822642
sector_factor_26,discovery,202205,-0.006614380240562909,0.03986006522716611,0.03332642223279216,0.017433674596798916
sector_factor_26,discovery,202206,-0.006258649001829063,0.01459753421077039,0.01108169456916907,-0.08022459933267817
sector_factor_26,discovery,202207,-0.011612336099656029,-0.0004630554226293628,0.028682164314161283,-0.02227034343355252
sector_factor_26,discovery,202208,0.010726859638389322,0.00886869744477419,0.0637508770401379,0.22288098725860253
sector_factor_26,discovery,202209,-0.004531004557669924,-0.03686651172552263,0.034496945847525065,-0.0767098799786851
sector_factor_26,discovery,202210,0.030865517627408016,0.0635577922615994,0.21285025856307413,0.13197169958354465
sector_factor_26,discovery,202211,0.005933397587265168,0.02313813218180175,0.08302781596304361,0.001613175893178368
sector_factor_26,discovery,202212,0.0007940796923648851,-0.007899760126416699,0.06076932778871327,0.021680246100384395
sector_factor_26,discovery,202301,-0.010154879006554755,0.03459637246796774,0.02014927346596373,0.0029881458292078692
sector_factor_26,discovery,202302,0.0007494791247082081,0.0017299769257078878,0.056432213349932224,-0.018854457368281712
sector_factor_26,discovery,202303,-0.004091568165100113,-0.0021626848711014685,0.07575756675422719,-0.019715075335198954
sector_factor_26,discovery,202304,0.008206988223521129,-0.012288153149232752,0.04185058637907347,0.20884131976962406
sector_factor_26,discovery,202305,0.02570929034510177,0.031114616109407505,0.11960223731630534,0.1742108447239426
sector_factor_26,discovery,202306,0.000743673502214639,0.009891421765860286,0.06226365959168549,0.10121761848880237
sector_factor_26,discovery,202307,-0.006816870321495856,-0.008464102252314445,0.08359370027107535,0.17066596671026243
sector_factor_26,discovery,202308,-0.0002551729829930028,-0.009869228149878125,0.04929678617456794,-0.023419286797077107
sector_factor_26,discovery,202309,-0.007532734079266636,-0.019890105213562492,0.0589142071026873,-0.14054223805571214
sector_factor_26,discovery,202310,-0.009111094261181549,0.007647539423059617,0.041159004404507316,-0.20783793664953512
sector_factor_26,discovery,202311,0.0022216604512344013,0.00933431566012256,0.04456359830462718,-0.08139065784545714
sector_factor_26,discovery,202312,-0.001063806165296766,-0.018690149370481128,0.03984936712554225,-0.0049209906631243845
sector_factor_26,validation,202401,0.01093679284169945,-0.08314785389123823,0.05101899595575421,0.07205452680856123
sector_factor_26,validation,202402,0.028112270252761137,0.1247049403229418,0.11658170767862311,0.33475093103828096
sector_factor_26,validation,202403,0.020746381104602054,0.02354243877565577,0.06658666555562202,0.2147710497514353
sector_factor_26,validation,202404,-0.0011090198415092544,0.008415154900721972,0.06799292256296875,0.011974166403324821
sector_factor_26,validation,202405,0.01198608654202524,-0.026053422202676303,0.07800166752725776,0.05847924935719424
sector_factor_26,validation,202406,-0.004974303042990608,-0.029433295174844953,0.007022310477918527,0.014132754170744189
sector_factor_26,validation,202407,0.002590440092177878,0.0032334262243476474,0.07532770159701818,-0.011029055278358249
sector_factor_26,validation,202408,0.007720185129237406,-0.007156787469350754,0.05608283971932346,0.05229210681061136
sector_factor_26,validation,202409,-0.019059673041990164,0.11195185674648536,0.06630084368801674,-0.0406422518184409
sector_factor_26,validation,202410,-0.01846950885461419,0.05121361599437175,0.018083624034639454,-0.10856602442720766
sector_factor_26,validation,202411,-0.016503287461567335,0.00397418162202008,0.03899007259281752,-0.11561493646608427
sector_factor_26,validation,202412,0.003581798242519006,-0.04966463630156464,0.04627058904343648,0.1325444156002959
sector_factor_26,validation,202501,0.015022255389385866,0.05927784871677836,0.05320413102973166,0.21107516328348203
sector_factor_26,validation,202502,-0.006720411830011504,0.017876477340016413,0.03908007992627764,-0.019544571032415112
sector_factor_26,validation,202503,0.01334142534956105,-0.02169963731160221,0.06182679774483005,0.17374610713869884
sector_factor_26,validation,202504,0.012000088894535552,0.04512490477867513,0.05371897700465091,0.18552114097045166
sector_factor_26,validation,202505,-0.002112230070838956,0.01164231356774747,0.023073649008174355,-0.02795013366255164
sector_factor_26,validation,202506,0.00040203248013037077,0.020780998731643192,0.06660655143311829,0.021478155915213303
sector_factor_26,validation,202507,-0.02158003108263654,0.005484939321657926,0.007599316572813782,-0.07206918007351241
sector_factor_26,validation,202508,0.0002671218690792531,0.023420987747383715,0.033852369108078165,-0.0029777128435635233
sector_factor_26,validation,202509,-0.0005425406557977105,0.0019761672236199954,0.0700576012201677,-0.10832449198397663
sector_factor_26,validation,202510,-0.02071674811365797,-0.0001739593171377614,0.05472666445039584,-0.21203901865600217
sector_factor_26,validation,202511,-0.0016200478158878504,-0.011043228598427959,0.06329095781399016,0.015525004286825118
sector_factor_26,validation,202512,0.0013672164924481622,0.034091222780103715,0.05032879436766319,0.06750967670686382
sector_factor_26,observation,202601,-0.009437390062247178,0.0018718579982851234,0.027704579503448047,-0.032302507064732804
sector_factor_26,observation,202602,-0.03400264910513145,-0.032717663574606246,0.010218564248587898,-0.3040231063729218
sector_factor_26,observation,202603,-0.010166654719342354,-0.0326443059285256,0.0667211447753072,0.08377623380984732
sector_factor_26,observation,202604,-0.005583763576730345,0.023169194021292718,0.034214020915342536,-0.0545612911794492
sector_factor_26,observation,202605,-0.04959751724011474,-0.08702412554994225,0.0012369048728889597,-0.20362296912613856
sector_factor_27,discovery,201501,0.0011219949481926937,0.026025172172096343,0.03662746126688318,0.10458402885329783
sector_factor_27,discovery,201502,0.007182682682338683,0.08864450668528055,0.04476473787501704,0.15220522514452384
sector_factor_27,discovery,201503,0.010629609638334987,0.13118391390889883,0.024685289520357145,0.10911348005467413
sector_factor_27,discovery,201504,0.003004991313495035,0.06355693487622331,0.0060509796768758,0.08248547671960312
sector_factor_27,discovery,201505,0.015062874412313002,0.21462629636749625,0.049518814557270655,0.10957143294174639
sector_factor_27,discovery,201506,-0.008582357751520057,-0.19380519188984874,0.001386820430801392,-0.012866911282813804
sector_factor_27,discovery,201507,0.004478415423839559,0.10376294582630458,0.025459171569970736,0.054125186444082006
sector_factor_27,discovery,201508,-0.0029193389039075847,-0.13148512591946027,0.004622134227083793,0.010055843422155113
sector_factor_27,discovery,201509,0.08921392348389888,0.17930919651156726,0.06997664354453965,0.13362287092486191
sector_factor_27,discovery,201510,-0.002969452407489669,0.0761086734073401,0.019864143032817392,0.07529961743668624
sector_factor_27,discovery,201511,-0.0008562581539907793,0.023159089045865194,0.014591070897343482,0.11930881389386075
sector_factor_27,discovery,201512,-0.0010469928900405812,-0.06126783562029469,0.01434400567686357,0.051786577164525706
sector_factor_27,discovery,201601,-0.00969423316342411,-0.049932848527096216,0.004916134941844055,-0.1208316014420419
sector_factor_27,discovery,201602,0.0038809264566582336,-0.008780825747817288,0.0,0.02006276842120566
sector_factor_27,discovery,201603,0.0017735377695870008,0.07145563432460893,0.004715750792471071,0.10756773629694362
sector_factor_27,discovery,201604,9.536201582937553e-05,-0.030062469709664585,0.005489038534335108,0.07872779741346694
sector_factor_27,discovery,201605,-0.0031503558755340754,0.01187451601058239,0.003887323564695574,-0.05920116269702624
sector_factor_27,discovery,201606,0.0006145337595681789,0.04132604482889292,0.0033480403756632553,0.08520086066449441
sector_factor_27,discovery,201607,0.0011277934267844843,-0.009818202541542373,0.00042987713100082976,0.17189157325234458
sector_factor_27,discovery,201608,0.0007423852174134875,0.018614228112251708,0.012067986915386983,0.11845498789443258
sector_factor_27,discovery,201609,0.0021108984969993084,0.014493977136221475,0.009136149439136855,0.019763693822870042
sector_factor_27,discovery,201610,0.004500013867646075,0.018916413374336118,0.08614323205435134,0.04110461325829434
sector_factor_27,discovery,201611,0.002324386813340864,-0.0039811494363179495,0.005737144446079109,-0.005975394266999568
sector_factor_27,discovery,201612,-0.002693733107620609,-0.012675249939705034,0.004241343345438493,-0.06144271874593413
sector_factor_27,discovery,201701,-0.0010328265580227388,0.00019291926873847893,0.0335015166610094,-0.07154689787824793
sector_factor_27,discovery,201702,0.007280978698360442,0.03285182043944385,0.13355197612479,-0.05879578926166668
sector_factor_27,discovery,201703,-0.00013857048146996426,-0.0010992103614705189,0.0584607718430993,0.008302431043461284
sector_factor_27,discovery,201704,-0.005975693943347208,-0.055445707917937806,0.0011772269043230784,-0.07439918714547972
sector_factor_27,discovery,201705,-0.0001316916722506044,-0.017071075885328357,0.0,-0.04610306253438474
sector_factor_27,discovery,201706,-0.001436023160893784,0.02001793277714486,0.0062856538012058686,0.03713660262349056
sector_factor_27,discovery,201707,-0.0003668661910407439,-0.005497976320579516,0.014363178620461124,0.10443382355960615
sector_factor_27,discovery,201708,-0.0038432002744165188,0.0263725601893384,0.0018057029262443206,-0.05838114593291825
sector_factor_27,discovery,201709,-0.0034780430900433557,0.0010335135368222835,0.0,0.0970503832336001
sector_factor_27,discovery,201710,-0.002458235515194377,-0.012136957756079297,0.006540402576790267,-0.10039096393101596
sector_factor_27,discovery,201711,0.001798691561490196,-0.03127589086996688,0.0062132157618211585,-0.0030407155055962127
sector_factor_27,discovery,201712,-0.0020551018936807394,0.005067466195872666,0.0,-0.0811236920272093
sector_factor_27,discovery,201801,0.0043522023675071205,-0.05519724027676189,0.0008294561308965959,0.024720655422719066
sector_factor_27,discovery,201802,0.0025431418615440293,0.059387760096384835,0.0020913776191794327,0.04775681569704076
sector_factor_27,discovery,201803,-0.0047363014487067055,-0.0006061543952786126,0.0,0.07851771725158058
sector_factor_27,discovery,201804,-0.001790697710647775,-0.008787717649991263,0.002443454979762063,0.03279411736303432
sector_factor_27,discovery,201805,-0.007605055914195224,-0.02627877000106144,0.0,-0.060919230117646335
sector_factor_27,discovery,201806,-0.0056825670422469615,-0.06419433246919652,0.00034288390512557886,-0.12618401132707763
sector_factor_27,discovery,201807,0.0017721995516570624,-0.009105395759053697,0.011331093629961951,0.06319010042273639
sector_factor_27,discovery,201808,-0.0018098875026839182,-0.0206836120335973,0.000870777570283809,-0.05369545909197211
sector_factor_27,discovery,201809,0.003030365063531821,-0.04950143629305929,0.0018493056414685095,-0.025048716284612315
sector_factor_27,discovery,201810,-0.00027526587161466636,0.03264682145228208,0.0026960061655422972,0.10042554306008251
sector_factor_27,discovery,201811,0.002736363998841826,0.014054627759403294,0.0043981528977003505,0.14666071067785647
sector_factor_27,discovery,201812,0.0026057361832686455,-0.012205786036793143,0.01840999155256984,0.09441045819298863
sector_factor_27,discovery,201901,0.0017713218899049416,0.025562542832684897,0.0009890968801425802,-0.02628928186585539
sector_factor_27,discovery,201902,-0.001644730754063215,0.1179226125528415,0.0029893268697582112,0.11598645879537693
sector_factor_27,discovery,201903,-0.001741874809992785,0.043230292774803405,0.006288530030698448,0.11393064249304079
sector_factor_27,discovery,201904,-0.004794739501612909,-0.06641004999456483,0.0,-0.01212658965387879
sector_factor_27,discovery,201905,-0.006378174026882763,-0.0151966664867723,0.0002847536885049209,-0.08014055758226915
sector_factor_27,discovery,201906,-0.0018805220562771207,0.016639670889555036,0.0014536846382772416,0.10380752161313234
sector_factor_27,discovery,201907,-0.00027101242481859567,-0.02940909965039717,0.0007455307608210278,-0.04469322108420092
sector_factor_27,discovery,201908,-0.0007792782430417074,0.04319536499044096,0.0004102944711112113,0.12397174764705446
sector_factor_27,discovery,201909,-0.0005594612862840849,-0.012837001116567992,0.006318534855112653,0.10957792916754464
sector_factor_27,discovery,201910,7.192244890875481e-05,-0.011776775788004873,0.010652956287182677,-0.09438821698736038
sector_factor_27,discovery,201911,0.0024219274270532005,0.0038429212806563775,0.008043890636822213,0.08639650914846705
sector_factor_27,discovery,201912,-0.001456387656396102,0.04435221482047134,0.00025886698954992807,-0.00885980980446539
sector_factor_27,discovery,202001,-0.008991330314931486,-0.05690376723441659,0.0,-0.05118048128024816
sector_factor_27,discovery,202002,0.001408701809738085,0.050668719773530026,0.0024804094126243304,0.09944048191382208
sector_factor_27,discovery,202003,-0.0041900534240284296,-0.028970164748716342,0.0,0.08328937525530523
sector_factor_27,discovery,202004,-0.000484969108289723,0.009853920796545675,0.0,-0.07997488277430206
sector_factor_27,discovery,202005,-0.004372107041188283,0.013893591416935022,0.0,-0.0014289595298769492
sector_factor_27,discovery,202006,-0.004240963385696185,0.058645879737941865,0.0,0.06586923886834864
sector_factor_27,discovery,202007,0.011675982187695643,0.0404427181639577,0.10429669591790727,0.03381359959625279
sector_factor_27,discovery,202008,0.007675673151894241,0.003809955499500142,0.005575833529702522,0.21773407928691574
sector_factor_27,discovery,202009,0.002318814056860097,-0.0006167072925150437,0.005067812915115574,-0.0373076507884704
sector_factor_27,discovery,202010,-0.0017665120351016783,-0.012517540129920235,0.0007851973935590684,0.04590115937977962
sector_factor_27,discovery,202011,-0.0022160054025392286,0.0015253765149238808,0.0018826146564260755,0.03520724758013004
sector_factor_27,discovery,202012,-0.0012928856679428951,-0.024456955130217072,0.004589726530166002,-0.1745954604354205
sector_factor_27,discovery,202101,-0.0038611708663424844,-0.023067485090869012,0.00024815734890998504,0.06310998778205137
sector_factor_27,discovery,202102,0.0018896453109900832,0.0348089169630839,0.0,0.19202735519110103
sector_factor_27,discovery,202103,-0.0008738691189102025,0.007038383947846064,0.0,0.07926480660595266
sector_factor_27,discovery,202104,0.0022683924362984155,0.008647295328494562,0.0013472528777438435,0.0448311288990734
sector_factor_27,discovery,202105,-0.002562440771042936,0.02944496873274653,0.00027573038767776117,0.021622438126281545
sector_factor_27,discovery,202106,-0.0023778994302400803,0.009313431796804902,0.0005072836327229845,0.08536539860114055
sector_factor_27,discovery,202107,0.00215522419396563,0.012679600739052561,0.05631206466978718,-0.011209982807226824
sector_factor_27,discovery,202108,0.010262646133105844,0.0376455402891059,0.011929947397593305,0.1604247253265606
sector_factor_27,discovery,202109,-0.0010143727132121854,-0.019510483991762157,0.0,0.16498206639590882
sector_factor_27,discovery,202110,0.005150521870482228,0.0029675216970645128,0.0038296866176119717,0.09049952980916799
sector_factor_27,discovery,202111,0.006164931615619289,0.03777454471247355,0.00371782008181428,0.17500707389102052
sector_factor_27,discovery,202112,0.0064821456413174106,0.019283667040409732,0.0024963134206826,0.17457414694766094
sector_factor_27,discovery,202201,0.003382917497485899,-0.029466115412192028,0.000816092361862471,0.08495425802416942
sector_factor_27,discovery,202202,-0.005737947072766077,-0.01043473982508658,0.0,-0.00595536756811675
sector_factor_27,discovery,202203,-0.0029887211634113784,-0.02668918284385733,0.0005376242014082902,-0.06255023800793041
sector_factor_27,discovery,202204,-0.003334307366877791,-0.047324842744274065,0.0,0.024653093889985562
sector_factor_27,discovery,202205,0.0031178737774094933,0.04940327080211749,0.003235734161090731,0.12214760255958207
sector_factor_27,discovery,202206,0.0038924961847945434,0.02470767219839174,0.00023634033229522384,0.059367704170326864
sector_factor_27,discovery,202207,-0.001561090638713708,0.009883865818708381,0.002769101755107899,0.12329560285184035
sector_factor_27,discovery,202208,0.0052574528987045874,0.0033767235540005415,0.016423160298053064,0.13394984691836437
sector_factor_27,discovery,202209,0.002872248122415861,-0.029403037435951688,0.0,0.09569883440406321
sector_factor_27,discovery,202210,-0.0007855265554533462,0.032019565247537685,0.001351357116823768,0.11693771817328945
sector_factor_27,discovery,202211,0.0025937503545429338,0.019758452050584973,0.0008400598011901824,0.14164057491139828
sector_factor_27,discovery,202212,-0.0025960613251982886,-0.011239008454437928,0.0005202929571008545,0.02756295319482055
sector_factor_27,discovery,202301,-0.002249578802608832,0.04246907316774014,0.0,0.1374164560654963
sector_factor_27,discovery,202302,0.0005661573348513034,0.0015507936748326754,0.0011070590535429096,0.040343251142745305
sector_factor_27,discovery,202303,-0.0038606319444608743,-0.0018757897753185597,0.004622277292442363,-0.1621928731063062
sector_factor_27,discovery,202304,0.003039649464959746,-0.017538523070834346,0.0008824360098863534,0.10555651077352601
sector_factor_27,discovery,202305,-0.0060905558207852055,-0.0005711802484074723,0.0034545470983413868,-0.13652087368216936
sector_factor_27,discovery,202306,0.0027790092524205045,0.011768421322130962,0.0,0.06569623611015596
sector_factor_27,discovery,202307,0.004881283899088292,0.0032162578556294433,0.0,0.18304529224421587
sector_factor_27,discovery,202308,-0.003171487755549582,-0.012779448402010452,0.002705838489592672,0.1126081510327189
sector_factor_27,discovery,202309,-0.0008691883412974931,-0.013161585098623618,0.0,-0.0330558125503139
sector_factor_27,discovery,202310,-0.002867880668801925,0.013853576169511893,0.0,0.04396407580138654
sector_factor_27,discovery,202311,-0.0011594813427726453,0.00601400522894189,0.0,-0.01942725175188181
sector_factor_27,discovery,202312,0.00910923195120678,-0.008570096514137862,0.015075917365653143,0.22287463227410717
sector_factor_27,validation,202401,0.0014939268467047634,-0.0925469768424095,0.000994894568430928,-0.01994535984853063
sector_factor_27,validation,202402,-0.005179286943711998,0.09160477100056595,0.004095931782235446,0.12468958917081406
sector_factor_27,validation,202403,0.0009274082854376037,0.0036207020433115153,0.0042162709012628875,0.07179188744973997
sector_factor_27,validation,202404,0.00012492654651210687,0.009675955466518643,0.0002471148994467546,0.03050064923256706
sector_factor_27,validation,202405,0.0012794950374118979,-0.036788811468172755,0.0,-0.03292276201158149
sector_factor_27,validation,202406,-0.003843780952121189,-0.028329227103064403,0.0,-0.017249597594274708
sector_factor_27,validation,202407,-0.0022216408145958448,-0.0019123695792033052,0.00020633324477445497,0.08500579109883435
sector_factor_27,validation,202408,0.0022777636209280177,-0.012603953858756128,0.0020754532152332116,0.11699345144711525
sector_factor_27,validation,202409,0.007567433115783626,0.1356275573826248,0.013568739650846344,0.07993965729739679
sector_factor_27,validation,202410,0.0030550647885902297,0.07250236862326144,0.0,0.13518406979292463
sector_factor_27,validation,202411,0.008640969730456857,0.02911292062705061,0.0011516297209121515,0.13958126375438534
sector_factor_27,validation,202412,-0.0006491275146445464,-0.05385818113467064,0.00019279026726955065,0.052485231286354676
sector_factor_27,validation,202501,-0.006549228815982482,0.03772791564665062,0.0,0.008695882645322986
sector_factor_27,validation,202502,0.000411445927483927,0.02498959295787952,0.0,0.13650868838359748
sector_factor_27,validation,202503,0.0016861468579892843,-0.03335115248656144,0.0,0.19658357347999858
sector_factor_27,validation,202504,0.00139230130227317,0.03452077342897696,0.0,0.09526027784959772
sector_factor_27,validation,202505,0.000468379734041054,0.014220764762218382,0.00023247095948908438,0.02272985286321905
sector_factor_27,validation,202506,0.0019245141452911107,0.022303480396803934,0.0,0.11931142534683045
sector_factor_27,validation,202507,0.0035564113967660954,0.030621962986238625,0.0,0.08010014284742485
sector_factor_27,validation,202508,-0.0009660895111254899,0.022171417021309026,0.00021033086810917157,0.041804777606233634
sector_factor_27,validation,202509,0.002225392656038755,0.0047441005354564615,0.0003855805345391013,0.05528286287069122
sector_factor_27,validation,202510,0.0009833904508173771,0.021518108480856477,0.002542623047328436,0.05302255663352165
sector_factor_27,validation,202511,-0.00239436374200367,-0.01182549565077352,0.0,0.05183289104813778
sector_factor_27,validation,202512,0.0008046814330072415,0.033528687720662795,0.0020812648174234165,0.13001044571959014
sector_factor_27,observation,202601,0.001409510146752954,0.012724554757473925,0.0015777018654262933,0.09411587276651251
sector_factor_27,observation,202602,0.008568365618494984,0.00984121205734222,0.0,0.12060713264214463
sector_factor_27,observation,202603,0.002240662473649842,-0.020236988735533402,0.0,0.115925026642067
sector_factor_27,observation,202604,0.0049002461530926866,0.033653203751115746,0.0,0.0999268944126636
sector_factor_27,observation,202605,0.03532535751205128,-0.002101250797776239,0.07639616826970701,0.2247845793059724
sector_factor_28,discovery,201501,,,,
sector_factor_28,discovery,201502,0.00443093206403581,0.09538876860698854,0.0920952429165025,0.05828092817400538
sector_factor_28,discovery,201503,-0.013503277525844798,0.10709487665603361,0.031185739153387425,-0.05590834789850663
sector_factor_28,discovery,201504,0.011012569638098501,0.07156451320082678,0.05449412415390815,0.041302927486817215
sector_factor_28,discovery,201505,0.013104546524454311,0.2117954934295267,0.11360960032757957,-0.013495707603088223
sector_factor_28,discovery,201506,0.006388890767283055,-0.17937291959588902,0.11815232465825887,0.05103214490027583
sector_factor_28,discovery,201507,-0.004952816326586345,0.09433171407587866,0.06131807399220514,-0.04264844074945057
sector_factor_28,discovery,201508,0.0021824698456605327,-0.1264133862014638,0.10902125999101907,-0.025341956647346148
sector_factor_28,discovery,201509,0.017245428413811412,0.10319701892323792,0.22384315691099035,0.08271971599410431
sector_factor_28,discovery,201510,-0.002429651644990376,0.07678224301102199,0.051863954790108545,0.033372703738718194
sector_factor_28,discovery,201511,0.0020090445038412888,0.026110612859095755,0.13359652507807235,0.022574868513774122
sector_factor_28,discovery,201512,-0.002684509786390149,-0.06271427556032153,0.06412051093326769,-0.031190020388657667
sector_factor_28,discovery,201601,0.0006392570381992616,-0.03976408896793146,0.12642606872802298,-0.055236110846496225
sector_factor_28,discovery,201602,-0.009376392318209366,-0.022038144522684888,0.0701367324844227,-0.12672666716019537
sector_factor_28,discovery,201603,-0.007138938391868959,0.06254128658413166,0.05754758289521271,-0.08623210589342671
sector_factor_28,discovery,201604,-0.004496935263893709,-0.03449194564833306,0.11287913676170383,-0.055231975173384726
sector_factor_28,discovery,201605,0.0069499126931429145,0.021844365394437255,0.14689070517921743,0.09521931023948722
sector_factor_28,discovery,201606,-0.004844994480225337,0.03585830839499977,0.0733538360864921,-0.002048509173667826
sector_factor_28,discovery,201607,0.0006654473095449942,-0.010280548658781863,0.08298118456524403,0.08883817601823661
sector_factor_28,discovery,201608,0.003989185610661136,0.021861028505499352,0.12542676855880758,0.0575370194451291
sector_factor_28,discovery,201609,0.0015792453283125923,0.013962323967534756,0.08326080217270294,0.02530076410207125
sector_factor_28,discovery,201610,0.003553991461489737,0.017812250884480817,0.0819872780685126,-0.02638511504116234
sector_factor_28,discovery,201611,0.008801136162432822,0.0025046713631705977,0.187856935638257,0.03629839858177012
sector_factor_28,discovery,201612,0.00227643449768668,-0.007756789300103925,0.09777164156960233,0.06985559904415406
sector_factor_28,discovery,201701,0.021082241456595773,0.020679248732954472,0.25632132137768987,0.047561568818669034
sector_factor_28,discovery,201702,0.00538268556442536,0.028820556934563986,0.142990208246124,-0.025020089111169333
sector_factor_28,discovery,201703,0.020335428204760406,0.01945708152425536,0.14533324630048472,0.07335858686942229
sector_factor_28,discovery,201704,0.029240987196730475,-0.020178515375462464,0.3115727766918024,0.12550109678523635
sector_factor_28,discovery,201705,-0.0011227898855421688,-0.018113164248352402,0.11949163210821923,-0.0018311472089938372
sector_factor_28,discovery,201706,0.004209044004103405,0.02566299994214205,0.11843899808424842,0.013423295591438882
sector_factor_28,discovery,201707,0.011703239199734013,0.006766963263085233,0.14587021663343083,0.14821846611282682
sector_factor_28,discovery,201708,-0.0010354982628067422,0.029091036319748482,0.1239426991210569,-0.023976649954212795
sector_factor_28,discovery,201709,0.008110368549718519,0.012694575324920672,0.1396863615055015,0.051162601876567265
sector_factor_28,discovery,201710,0.011762940143283367,0.002136088196472402,0.11847267462741916,0.11733150635315026
sector_factor_28,discovery,201711,0.011089196233575568,-0.022053315716377916,0.1553035880845939,0.06872142009368672
sector_factor_28,discovery,201712,0.0058086931015129736,0.013230599268960455,0.11000282107203536,0.06807170341804672
sector_factor_28,discovery,201801,-0.0019689324623731936,-0.06162960589433417,0.049671947016997335,0.06937819424944197
sector_factor_28,discovery,201802,0.0020090159773646196,0.05896527402568608,0.037250119704052315,0.05889322029782022
sector_factor_28,discovery,201803,-0.001574937134756551,0.002744604842717474,0.1195081756039742,0.12550185262277097
sector_factor_28,discovery,201804,-0.006820338664238943,-0.013644020543466064,0.08497616781339389,-0.08914198364449767
sector_factor_28,discovery,201805,0.005794686290162675,-0.012926625936630775,0.08277312613659295,0.12402062873332294
sector_factor_28,discovery,201806,0.007204434398054377,-0.05131722512625857,0.1528666586693265,-0.0256949043382596
sector_factor_28,discovery,201807,0.006831647609283398,-0.0040047643531579535,0.14162711853370177,0.07829642341380715
sector_factor_28,discovery,201808,0.006861949085993255,-0.012011775444920126,0.1445632983542337,0.05256290228591593
sector_factor_28,discovery,201809,-0.0009835959012136982,-0.05345895532503307,0.05451977881050183,0.08678449021529433
sector_factor_28,discovery,201810,-0.004326146179992935,0.028580253243368738,0.06670172869499104,-0.11031199521002812
sector_factor_28,discovery,201811,-0.0014193613566934123,0.009898902403868056,0.07894770414379823,-0.031213735586584797
sector_factor_28,discovery,201812,-0.005858175482041194,-0.02047039132106875,0.09186763752482419,-0.0468263012965567
sector_factor_28,discovery,201901,-0.004974714247643747,0.018789001681414615,0.0407335220479,-0.04244667109652526
sector_factor_28,discovery,201902,0.007675247124803065,0.1270886537968181,0.03997831779112513,0.07125931142873888
sector_factor_28,discovery,201903,-0.01248476551312342,0.03261564320216296,0.07363315363558279,-0.08782365317820104
sector_factor_28,discovery,201904,0.0008523066771815611,-0.06082394068085012,0.11217014721783672,-0.02418825615510592
sector_factor_28,discovery,201905,0.007970206874008384,-0.0007678137772018083,0.1488223843217688,0.03279082387100058
sector_factor_28,discovery,201906,-0.0023813571630166403,0.016098451518030885,0.0824212512558456,-0.05349730501727948
sector_factor_28,discovery,201907,-0.007259510761578477,-0.03636850520386993,0.05067567266132271,-0.05902784100898479
sector_factor_28,discovery,201908,-0.016151257285086398,0.02779849099768564,0.015040764083210235,0.004779639668708405
sector_factor_28,discovery,201909,-0.0032445733875243023,-0.015519471051520666,0.05964080248227961,0.029719830587392287
sector_factor_28,discovery,201910,0.0056789674134653705,-0.006389233051029603,0.11563369334666729,0.025231030727963535
sector_factor_28,discovery,201911,-0.00923752391913038,-0.007853791081219069,0.04950381764950073,-0.047613456543592246
sector_factor_28,discovery,201912,0.03318147565285219,0.07894306609047239,0.19468432744373645,0.12439076109759743
sector_factor_28,discovery,202001,0.0202083989424698,-0.027659546436802886,0.10388614807866342,0.10784363123306374
sector_factor_28,discovery,202002,-0.020827108559115744,0.028356540445911377,0.028105830557427842,0.02497235632628112
sector_factor_28,discovery,202003,0.007118487139292922,-0.017511852545960046,0.09718335055895017,0.08567634252878259
sector_factor_28,discovery,202004,-0.01618962592487842,-0.005851128873092378,0.02568502663439825,-0.04765784795904579
sector_factor_28,discovery,202005,0.010131192005964925,0.028253970582671983,0.0909219433929741,0.07514493955873106
sector_factor_28,discovery,202006,0.007828443699623372,0.07067797654191962,0.08516863305739457,0.05684707335672055
sector_factor_28,discovery,202007,0.010956159260630127,0.03984598011356866,0.0957931555978361,0.06326215909852757
sector_factor_28,discovery,202008,-0.016973465763314117,-0.02078568012331657,0.038437682350137295,0.005694612909116843
sector_factor_28,discovery,202009,-0.007624177704841187,-0.010688456672836435,0.06912496768958988,-0.05404425131209541
sector_factor_28,discovery,202010,0.008607130787064128,-0.002117199018903192,0.13407854276513698,0.026115989731535963
sector_factor_28,discovery,202011,0.007283218597200534,0.011072494699397967,0.08661831669848478,0.05055569478496117
sector_factor_28,discovery,202012,0.027463890102199663,0.004304940133158157,0.15150618207551805,0.031162437421376653
sector_factor_28,discovery,202101,0.006905557857808138,-0.012260971487849019,0.13560263686003765,0.0392904524138557
sector_factor_28,discovery,202102,-0.01459460971551647,0.0185277239275941,0.014539171939723141,0.06536708258959245
sector_factor_28,discovery,202103,0.0026696886928888404,0.010601198288033787,0.0733363679628728,0.03517260753099583
sector_factor_28,discovery,202104,-0.0011210100506112099,0.005258163097217524,0.09353785720631864,0.02324868263372999
sector_factor_28,discovery,202105,-0.005647730841137701,0.026296522186304273,0.06500715246634686,-0.010138907649045693
sector_factor_28,discovery,202106,0.010185450893158907,0.021741165760336332,0.10463142501678484,0.06483898946546843
sector_factor_28,discovery,202107,0.015427737459903813,0.02578254775931286,0.10866871386710097,0.01504920550135077
sector_factor_28,discovery,202108,0.011989856773165252,0.03939257273715074,0.07265634281237963,0.08694690306242736
sector_factor_28,discovery,202109,-0.01494041030846228,-0.03312853177638317,0.039236500511429684,-0.004659864693840136
sector_factor_28,discovery,202110,-0.00694667859522198,-0.009493818147166166,0.047047343362859144,-0.014641953063227907
sector_factor_28,discovery,202111,-0.00973793170510149,0.021817922147883192,0.03766318281109777,0.08902467348719664
sector_factor_28,discovery,202112,-0.0001985392490292759,0.012835523234515794,0.03445848369425831,0.045481645025715556
sector_factor_28,discovery,202201,-0.0037183570489045395,-0.03638956440960388,0.056124367000329876,-0.017811044164014984
sector_factor_28,discovery,202202,-0.01210501170472141,-0.01690127852943988,0.046977449679796716,-0.061816638505390945
sector_factor_28,discovery,202203,0.0111512353410751,-0.012412812678603983,0.0941909839400071,0.0489726841133227
sector_factor_28,discovery,202204,0.004124965321919806,-0.03967690791423114,0.08570988557302264,0.07024364285539746
sector_factor_28,discovery,202205,0.004478386777020363,0.05096570953089548,0.14349444782580933,0.026107513604082436
sector_factor_28,discovery,202206,-0.023674680797706404,-0.0028147277803370918,0.04288270366590725,0.02418979570503871
sector_factor_28,discovery,202207,-0.00696503150491101,0.004143497614755428,0.030692946172908492,0.09829108668602375
sector_factor_28,discovery,202208,-0.0037784226595793504,-0.005601225127896253,0.047774708320879905,0.17190324457306272
sector_factor_28,discovery,202209,-0.024868571802531953,-0.057189713349396785,0.05771888520591849,-0.09673030562453715
sector_factor_28,discovery,202210,0.00848318770437433,0.04115788445014914,0.13369258655352262,0.12324651548181784
sector_factor_28,discovery,202211,-0.008268228646370883,0.00896219122250014,0.1488257812815568,-0.14373397769203697
sector_factor_28,discovery,202212,-0.003391508046381937,-0.01207230837489161,0.10118779907906768,-0.03284905299937063
sector_factor_28,discovery,202301,-0.0031399500567420593,0.04163989062799374,0.020642789425462434,0.09391834478478693
sector_factor_28,discovery,202302,-0.0007200984855183437,0.0002565557041998543,0.09481525596957142,-0.031081092124188848
sector_factor_28,discovery,202303,0.015932685040279518,0.017825286500611465,0.08937327712249901,0.16934485620131404
sector_factor_28,discovery,202304,0.001364471270802549,-0.019134534036416687,0.12581448897285755,0.09298954372048357
sector_factor_28,discovery,202305,-0.003170230440243965,0.002183012510613481,0.03762234050212977,-0.07256588801164757
sector_factor_28,discovery,202306,0.0017639136227745329,0.010943577020252632,0.07480042768594718,0.10509604230150076
sector_factor_28,discovery,202307,0.0012657685349869022,-0.00038627076670915523,0.03972154900767203,0.2097734130180485
sector_factor_28,discovery,202308,-0.022487548360288642,-0.03210160352717377,0.025379695273540264,-0.12150306845121218
sector_factor_28,discovery,202309,0.006671928810617372,-0.005722220567986368,0.10351947062238498,-0.009702459417476814
sector_factor_28,discovery,202310,-0.00968619707736201,0.00706806609104045,0.0461899813682636,-0.19209580480305868
sector_factor_28,discovery,202311,0.00046862845815510317,0.007579220372826967,0.05153751406369867,-0.02499220897806307
sector_factor_28,discovery,202312,0.0032277361058799465,-0.014402982825066872,0.07364443429915604,0.06277266238441827
sector_factor_28,validation,202401,0.037570589428372096,-0.056508332086906934,0.19149945939924787,0.18425054917827446
sector_factor_28,validation,202402,-0.011221569661404529,0.08541080725844949,0.0967451441530766,0.11057667453248259
sector_factor_28,validation,202403,-0.026672995377608172,-0.023933594600003702,0.03646924488527497,-0.028443222379679292
sector_factor_28,validation,202404,-0.007867730530981318,0.0016620696894824503,0.03997905996231119,0.04961360651331352
sector_factor_28,validation,202405,-0.0017564463720161898,-0.03979374217189616,0.08287668911695457,0.012197567966480999
sector_factor_28,validation,202406,0.0010710495438110764,-0.023377261046583667,0.07655041569079289,-0.04552118967760021
sector_factor_28,validation,202407,-0.0034312298543183726,-0.0026860506504105966,0.07204666074329932,-0.10915712841549655
sector_factor_28,validation,202408,-0.014462415070476858,-0.029316826177819166,0.04200815104270747,-0.06995226216412674
sector_factor_28,validation,202409,-0.0074751007601733446,0.1235095769448794,0.03972959857323895,0.0365435422502395
sector_factor_28,validation,202410,-0.014636722550307738,0.057104609159675114,0.025199648499918778,-0.07000679618843018
sector_factor_28,validation,202411,-0.0022013150077350714,0.018274394073387157,0.11689039654618417,0.033953135806801246
sector_factor_28,validation,202412,-0.012906829182427358,-0.06615929637972097,0.04090525348603127,-0.003292721773746477
sector_factor_28,validation,202501,0.0020816329927335234,0.04633722632012602,0.05664243530199672,0.1027874509637079
sector_factor_28,validation,202502,0.016577517714326986,0.04117668759572553,0.1346654492073767,0.1935114482000745
sector_factor_28,validation,202503,0.006179281457017664,-0.02885876793204391,0.029923562538386805,0.187789654163674
sector_factor_28,validation,202504,-0.018422016528198876,0.014702799355940701,0.023313718015265855,-0.03510382911125696
sector_factor_28,validation,202505,-0.012112611619561245,0.0016456086761440685,0.04560237084564198,-0.05805493032370305
sector_factor_28,validation,202506,0.003107699577310056,0.02348666582882288,0.12152720502167189,0.034219477684588426
sector_factor_28,validation,202507,-0.005494483016543965,0.02156838153947003,0.07832928298627559,-0.04098998444845069
sector_factor_28,validation,202508,0.013796272585699779,0.036954606172540004,0.10826409865353386,-0.020707549372101924
sector_factor_28,validation,202509,0.012413538784089411,0.014932246663507115,0.14857915698073668,-0.025307236515738376
sector_factor_28,validation,202510,-0.015613311255511242,0.004929477541008965,0.058558604702447926,-0.20057884699958106
sector_factor_28,validation,202511,-0.0038698205708005895,-0.013294034538557754,0.08605399380245046,-0.042336689699998556
sector_factor_28,validation,202512,0.002085354037772012,0.034809360325427564,0.11237867971296957,0.07818514858121821
sector_factor_28,observation,202601,0.016326609284512926,0.027635853844549273,0.11110310564763182,0.039698357055466885
sector_factor_28,observation,202602,-0.012665816182338613,-0.011363323178583021,0.07102402356675966,-0.09295924766068187
sector_factor_28,observation,202603,-0.014123901667840265,-0.03660155287702351,0.06871533327919668,-0.02737889835628211
sector_factor_28,observation,202604,-0.00023453197002620523,0.02851842562799686,0.08386485712350636,0.07857601613492547
sector_factor_28,observation,202605,0.030519756895502532,-0.006906851414324982,0.19307146978242512,0.13751229072190763
sector_factor_29,discovery,201501,,,,
sector_factor_29,discovery,201502,-0.0029867412831903945,0.06749848650651984,0.03206702923508069,0.23904962974588922
sector_factor_29,discovery,201503,0.008615487335019528,0.12923475937886078,0.12631182669433055,0.14256747273226253
sector_factor_29,discovery,201504,0.0027938364575513684,0.06334578002027966,0.1379601020951513,-0.17117861871140597
sector_factor_29,discovery,201505,0.04665366476842708,0.24534461167349947,0.23796285815761004,0.13713086982311606
sector_factor_29,discovery,201506,-0.014887741697043462,-0.20059349452439207,0.07794390862787716,-0.16726545437276139
sector_factor_29,discovery,201507,-0.015057640117319927,0.08422689028514509,0.13384106739744053,-0.1265185845010302
sector_factor_29,discovery,201508,-0.0063736845978227385,-0.13496954064494707,0.11391702865025909,-0.0418796608850356
sector_factor_29,discovery,201509,0.0063363456625973895,0.092332445304055,0.1923866081008696,0.15217387857301362
sector_factor_29,discovery,201510,0.008573061247404647,0.0879988198152098,0.10108958468388461,0.2464414580093084
sector_factor_29,discovery,201511,0.01627351549771985,0.040391497331992945,0.25362247837328666,0.24221750157027055
sector_factor_29,discovery,201512,0.006477779859390578,-0.053483667734089184,0.18467280031378075,0.006633528110951019
sector_factor_29,discovery,201601,0.012613149081058938,-0.027677646032534538,0.2763239177233202,0.026692452216163287
sector_factor_29,discovery,201602,-0.014659774238619302,-0.02730917422159109,0.03385011017686654,-0.23522314403929598
sector_factor_29,discovery,201603,0.0007262365023918485,0.07040352038317865,0.2075058227251981,0.05862517487673056
sector_factor_29,discovery,201604,6.41132531812201e-05,-0.029808340486197266,0.052559655541995876,-0.08212788813398134
sector_factor_29,discovery,201605,0.030032355714903994,0.04492332120277015,0.3049050819188769,0.2605032572831486
sector_factor_29,discovery,201606,0.02828277482130933,0.06897176190774189,0.381436230746162,0.17542159537632254
sector_factor_29,discovery,201607,-0.0022733130356081166,-0.013219309003934972,0.261533430481419,-0.0921316891922434
sector_factor_29,discovery,201608,-0.0009810638898390645,0.016890779004999155,0.07503691681626594,0.07432691082629556
sector_factor_29,discovery,201609,-0.0007578844135417769,0.011625194225680388,0.1293693696631867,0.07356737709647584
sector_factor_29,discovery,201610,0.013851127148336296,0.028109386571327378,0.35016086255052975,0.1212396906422388
sector_factor_29,discovery,201611,0.005274616131788496,-0.0009883572902419314,0.14468386480503356,0.04207378069823904
sector_factor_29,discovery,201612,-0.006260534438392729,-0.016293758236183335,0.15590697918458118,0.06347802975159157
sector_factor_29,discovery,201701,0.0364299206776949,0.03599047444909552,0.34274334180199406,0.10384206702527736
sector_factor_29,discovery,201702,0.04198412437618033,0.06384020692890367,0.6095736573579542,0.05004256964793051
sector_factor_29,discovery,201703,0.014064564160307628,0.013186217479802587,0.15512333143906443,-0.0271482164377851
sector_factor_29,discovery,201704,0.005952451871616457,-0.04344786571810902,0.16673247257080706,-0.059856995194953494
sector_factor_29,discovery,201705,-0.018697237391873386,-0.03571376330277416,0.1804701110784364,-0.15675438238750214
sector_factor_29,discovery,201706,0.005170515340664929,0.026624471278703574,0.13905094042567961,-0.018751052396394716
sector_factor_29,discovery,201707,0.03706811097155098,0.032160752361024995,0.2935892672951273,0.11431879857448674
sector_factor_29,discovery,201708,-0.006931199123455618,0.02312652339384405,0.16457449571175237,-0.043799385049267475
sector_factor_29,discovery,201709,0.014804389810784283,0.019446549516786555,0.16139713037329592,0.06214269754332023
sector_factor_29,discovery,201710,0.014634025188460777,0.005067574673054931,0.15332229019878327,0.1191576786881855
sector_factor_29,discovery,201711,0.005066611471309022,-0.028075157567425114,0.21497678524945255,-0.04867796593250393
sector_factor_29,discovery,201712,0.0025004627553274635,0.010014513138143923,0.16619182459131995,-0.01040735142316407
sector_factor_29,discovery,201801,0.011849549934324787,-0.04787896886250978,0.1692024859793958,0.1052893737628129
sector_factor_29,discovery,201802,-0.0041626516690198,0.05293600760186867,0.11988294716351176,0.1205508684247162
sector_factor_29,discovery,201803,0.02779161941413558,0.03211574625999095,0.2525860626959027,0.3016684305469639
sector_factor_29,discovery,201804,0.004977638618610402,-0.0017927713395895094,0.19222992446151188,0.0897832856869215
sector_factor_29,discovery,201805,0.013197623615079484,-0.005530200556925345,0.13830887442167836,0.1293087454871037
sector_factor_29,discovery,201806,0.020374831054670084,-0.03818199030356482,0.25894308241737807,0.16017293057005016
sector_factor_29,discovery,201807,-0.011850573651522,-0.02267824603358432,0.16357778009280763,-0.07226816144268934
sector_factor_29,discovery,201808,-0.008491406879299971,-0.02736513141021335,0.09315743244220857,-0.019303693751338957
sector_factor_29,discovery,201809,-0.006081180340024166,-0.05855653976384354,0.10169446443493627,-0.19634943551490047
sector_factor_29,discovery,201810,-0.017776162058381784,0.015094695474383317,0.07149784215880896,-0.13672773762374277
sector_factor_29,discovery,201811,-0.01048419671165436,0.0008340670489071105,0.06441175724250472,-0.07824116523054324
sector_factor_29,discovery,201812,0.007956384006337153,-0.006612853542319499,0.24340139322550747,0.0299520525180157
sector_factor_29,discovery,201901,-0.013111024152093616,0.010293058514997193,0.03900897019567057,-0.04830846369245669
sector_factor_29,discovery,201902,-0.005304572281952206,0.11410883439006284,0.07224843614043547,0.06860761580023181
sector_factor_29,discovery,201903,-0.023417609278728352,0.02175763101300358,0.03839556098942886,-0.18074961349314284
sector_factor_29,discovery,201904,-0.017108584891048988,-0.07870167984205875,0.06192295162343732,-0.1485589423848285
sector_factor_29,discovery,201905,0.035542363075182964,0.02678833449623198,0.3633615129095483,0.026934469170251375
sector_factor_29,discovery,201906,-0.03751550620307826,-0.01898721657895581,0.06134771728432413,-0.13389600624460993
sector_factor_29,discovery,201907,-0.007308661237947285,-0.03641020108125699,0.03694375700538934,0.04577784823668002
sector_factor_29,discovery,201908,-0.012227400563002328,0.03165011303922669,0.03099784548508863,0.13866862915064682
sector_factor_29,discovery,201909,-0.005610569590840836,-0.017874999929917975,0.13068371536799284,-0.05183663127217351
sector_factor_29,discovery,201910,0.01295856503949723,0.000905866943584341,0.15233605652727364,0.11882198577235095
sector_factor_29,discovery,201911,-0.0027490097360590117,-0.001348600509005511,0.1565777435180657,-0.033327274442723646
sector_factor_29,discovery,201912,0.02816219427611688,0.07392378471373708,0.1728327247172642,0.21323788363657947
sector_factor_29,discovery,202001,0.01540412552709113,-0.03251102663562051,0.20113518341987172,0.19732048062177254
sector_factor_29,discovery,202002,-0.04413006957082925,0.005061542712355731,0.08500333471769933,-0.02971715281297399
sector_factor_29,discovery,202003,-0.006985983667174103,-0.031573404815307266,0.10701960004451383,-0.08052198012600188
sector_factor_29,discovery,202004,-0.0004093598068576105,0.009925289172956365,0.09974724384349162,0.04275421984158612
sector_factor_29,discovery,202005,0.0032533957233146452,0.021372896602163866,0.10123606244719935,0.067765599049661
sector_factor_29,discovery,202006,0.018812235730254673,0.08155044903425732,0.1991571374953143,0.06998674383558964
sector_factor_29,discovery,202007,0.0006326420287440835,0.029460812504428602,0.1293823293139821,-0.03355576061024282
sector_factor_29,discovery,202008,-0.03883622517980342,-0.04260552444116218,0.05222345670357295,-0.09104972030623575
sector_factor_29,discovery,202009,-0.012319010128828316,-0.01537957653874235,0.051396646161726796,-0.019303870116140855
sector_factor_29,discovery,202010,0.014824459139376094,0.004058503193084561,0.17810560392031272,0.0026781783229894024
sector_factor_29,discovery,202011,0.007288391589790098,0.011072485921405523,0.09497168715799728,-0.09652243871467124
sector_factor_29,discovery,202012,0.055017176259931466,0.03192224439522049,0.2620950755797486,0.22785037366591532
sector_factor_29,discovery,202101,0.029079006271006336,0.009912998407089616,0.281911181130739,-0.06663947708868719
sector_factor_29,discovery,202102,-0.02696422930452076,0.006140994918532668,0.11179876699011995,-0.09243417611832831
sector_factor_29,discovery,202103,-0.0019163120670375325,0.006049394922244929,0.08664636768071106,-0.07569306213734024
sector_factor_29,discovery,202104,0.011346876189629353,0.017761090854626325,0.18705374384066628,0.05404796871690245
sector_factor_29,discovery,202105,-0.0018198491628403923,0.03011691495258775,0.14907687007798048,0.0076109433410227545
sector_factor_29,discovery,202106,0.01269832785134033,0.024241756588786044,0.0627084256078525,0.2122392913070837
sector_factor_29,discovery,202107,0.0574550226870024,0.06781189994865351,0.2914097441002206,0.3689274367244447
sector_factor_29,discovery,202108,0.038987924267101445,0.06640293234330867,0.14266734491496091,0.08624389535783257
sector_factor_29,discovery,202109,-0.015799681471593198,-0.033993840824114156,0.14444770504138357,-0.17749250923005616
sector_factor_29,discovery,202110,-0.01796541249907196,-0.020869743057301094,0.041468934756539726,0.08991602616336086
sector_factor_29,discovery,202111,-0.006246742234050444,0.025373332012002883,0.11204387225283835,-0.09232642861880311
sector_factor_29,discovery,202112,-0.0008487589145565508,0.012180841179772117,0.08462782302251354,-0.0007731668069653197
sector_factor_29,discovery,202201,0.0009721197149090557,-0.031627282050421375,0.13042633985784335,-0.05938520313028348
sector_factor_29,discovery,202202,-0.01650086693752513,-0.021305241555091926,0.055678863433298205,0.04147708448972143
sector_factor_29,discovery,202203,-0.004156560959831703,-0.027704708249075338,0.06159569399115882,0.059558732652287956
sector_factor_29,discovery,202204,-0.024587818910862726,-0.06833041589592254,0.03147916596353248,-0.1022302304377641
sector_factor_29,discovery,202205,0.00044952827019348476,0.04697506382914358,0.09627287959306803,0.10987376734597123
sector_factor_29,discovery,202206,0.0012351151912427779,0.02208426880519948,0.11479462653844336,0.059726349662074976
sector_factor_29,discovery,202207,-0.00420754279413245,0.006878341356613894,0.03896279637242631,0.15685682573417004
sector_factor_29,discovery,202208,-0.030547456899190334,-0.03235609677832817,0.051151745174503535,-0.19730977154330037
sector_factor_29,discovery,202209,-0.02190016355501722,-0.05423153400936696,0.054937388700019796,-0.0863027054285181
sector_factor_29,discovery,202210,0.009664576776093742,0.04236996996187372,0.1154911231382978,0.1520642651165874
sector_factor_29,discovery,202211,-0.004172446353786842,0.013058526315514674,0.08976542644370761,-0.13790677223378617
sector_factor_29,discovery,202212,-0.003868395031367315,-0.01257364992174685,0.1173885841851856,-0.007094978956811279
sector_factor_29,discovery,202301,-0.0346549745566462,0.010138032815211773,0.016624871279435724,0.07738486650392193
sector_factor_29,discovery,202302,0.006945433038662056,0.007918959943417576,0.051822906250497805,-0.04004780328674855
sector_factor_29,discovery,202303,0.02893043928599575,0.030721321215447538,0.11235406558134088,0.3017939406456041
sector_factor_29,discovery,202304,0.009698308087054706,-0.010767162104725444,0.1842656675282512,-0.21683994190169026
sector_factor_29,discovery,202305,-0.0276748670045945,-0.022384272625058658,0.05334657102195713,-0.07544100221724273
sector_factor_29,discovery,202306,-0.006799833007015958,0.002363151731406106,0.12631881082604357,-0.07926777590703385
sector_factor_29,discovery,202307,-0.011494318451492085,-0.013099853098434063,0.03646240829753351,-0.16946268234024273
sector_factor_29,discovery,202308,-0.02788008773936928,-0.0374941429062544,0.01953972967280857,-0.007292026265444373
sector_factor_29,discovery,202309,-0.010330146864312717,-0.02278146971570095,0.06302548816382027,0.001766412850722003
sector_factor_29,discovery,202310,-0.009204929261516089,0.007528861779856551,0.020671374902684895,0.06871064641849257
sector_factor_29,discovery,202311,0.004969495764944259,0.012059551308894613,0.08089592036444616,0.1060781270944707
sector_factor_29,discovery,202312,-0.02198597991367789,-0.039574663011063375,0.0495831374328621,-0.2072687654664046
sector_factor_29,validation,202401,-0.00987774392716732,-0.10392537708235482,0.06154365414848391,-0.22987757720041294
sector_factor_29,validation,202402,-0.0004819525208204588,0.09613204963815708,0.08998879822818587,0.3452581800314771
sector_factor_29,validation,202403,-0.010999506135491513,-0.008313991195921386,0.040294529239943894,-0.13025266181653836
sector_factor_29,validation,202404,-0.015991069987457567,-0.006438987875590099,0.04836916511123833,-0.024123922660922247
sector_factor_29,validation,202405,-0.021389955049412452,-0.05942431376315653,0.04804308195887896,-0.0749440125886206
sector_factor_29,validation,202406,-0.004049486812632859,-0.028493427782163246,0.08632773326701768,0.013750373799541535
sector_factor_29,validation,202407,-0.003957716819938274,-0.003210622758311018,0.1477414317492382,-0.1378807657793387
sector_factor_29,validation,202408,-0.02281205180894096,-0.03739273819850165,0.018529634589583257,-0.0717747193121475
sector_factor_29,validation,202409,0.008897145529631483,0.13984089577202932,0.061389102683992385,0.0765124573193895
sector_factor_29,validation,202410,-0.014793252156442453,0.058991047294694,0.022342656005415643,0.1356944943586805
sector_factor_29,validation,202411,-0.014156805933250149,0.006325689120733711,0.06420002653279346,0.14267983850557733
sector_factor_29,validation,202412,-0.023677938339466385,-0.07691924494495404,0.021141949626015413,-0.22134516403586912
sector_factor_29,validation,202501,0.001477959386245136,0.04572370880810518,0.0471942065129655,0.2801604320250742
sector_factor_29,validation,202502,0.0047512405436951595,0.02934994231036399,0.056252215093137097,0.23497478960508034
sector_factor_29,validation,202503,-0.008715862726931074,-0.043715610376758765,0.03944360239112293,-0.1324388799552449
sector_factor_29,validation,202504,-0.04065501385257288,-0.0075301979684332925,0.04068541061706733,-0.057726978494532795
sector_factor_29,validation,202505,-0.011381836743249047,0.002381855168306701,0.06200653919258679,-0.0175582286841173
sector_factor_29,validation,202506,-0.030976313460044397,-0.010597347208531572,0.03702737070224237,-0.00034230337850513215
sector_factor_29,validation,202507,-0.01611944740673569,0.010943417149278305,0.06028821944602756,0.09823393306516007
sector_factor_29,validation,202508,-0.006950736309742982,0.01620782796415456,0.025833919690667343,0.08161311317710472
sector_factor_29,validation,202509,-0.011557538531178479,-0.009038830651760775,0.04689012453784507,0.07185407363164727
sector_factor_29,validation,202510,-0.00042117014160573214,0.020121618654914474,0.11271311829869149,0.04909733982881741
sector_factor_29,validation,202511,-0.011034847934238336,-0.020462503238013595,0.10817242043856523,-0.1435076912579118
sector_factor_29,validation,202512,0.03118408024599253,0.06390808653364809,0.18215103053693643,0.102327331097523
sector_factor_29,observation,202601,-0.02200941796422052,-0.010700173404184169,0.1352947757893651,-0.014345995506105994
sector_factor_29,observation,202602,0.05008743733225901,0.05139589184213297,0.2497005804597876,0.24954306752054764
sector_factor_29,observation,202603,-0.029823106661589573,-0.052300374115161086,0.07099570653887922,-0.12253874772196559
sector_factor_29,observation,202604,0.03729290315385266,0.06604586075187571,0.20323593767934664,0.2465616154757503
sector_factor_29,observation,202605,0.08229124235176803,0.04486463404194053,0.27818991968612766,0.3865375909705537
sector_factor_30,discovery,201501,,,,
sector_factor_30,discovery,201502,,,,
sector_factor_30,discovery,201503,,,,
sector_factor_30,discovery,201504,0.021742655591739615,0.08511379143197297,0.0950457544050183,0.06940866548511243
sector_factor_30,discovery,201505,0.03803015194634016,0.23672109885141251,0.11385166135931117,0.2005109703448773
sector_factor_30,discovery,201506,0.026235748140925812,-0.1599017004415925,0.1264803554820356,0.12976960498684448
sector_factor_30,discovery,201507,-0.0023503705384689943,0.09722398989909813,0.08979637732387685,-0.10752021184461703
sector_factor_30,discovery,201508,-0.006395581195335545,-0.13499875838308417,0.0809387684872049,-0.019645873855002473
sector_factor_30,discovery,201509,0.01298395007118065,0.09904210438071459,0.11878044993402914,0.07093992488395989
sector_factor_30,discovery,201510,0.004912724841074315,0.08451108947121933,0.07604227798823227,0.11258146032037165
sector_factor_30,discovery,201511,0.006827923227323222,0.03125775570931312,0.11845646922827119,0.07997865532927328
sector_factor_30,discovery,201512,-0.006146012987985817,-0.06581437261623291,0.07097677931557005,-0.10245301254272648
sector_factor_30,discovery,201601,0.002111385703041203,-0.03813063856621739,0.13601072607272838,-0.14311568373750203
sector_factor_30,discovery,201602,-0.01263617530950234,-0.025868161377729848,0.006911966883636582,-0.1882957274424553
sector_factor_30,discovery,201603,-0.011694447260398812,0.05843737608824006,0.01673872324491057,-0.18060151349654624
sector_factor_30,discovery,201604,-0.004549291650307276,-0.034345445362268946,0.05421513922704461,-0.08752415414250773
sector_factor_30,discovery,201605,0.010531100068590708,0.025427820845028953,0.16648510775246925,0.15107336240780697
sector_factor_30,discovery,201606,-0.005105833882905409,0.03584459987228911,0.019887883566014973,0.12069651255222853
sector_factor_30,discovery,201607,0.0028614325156012172,-0.007984798400346854,0.03868786383085292,0.14059299025724237
sector_factor_30,discovery,201608,0.003452165692484426,0.021324008587322644,0.10658049795173069,0.052538868812749225
sector_factor_30,discovery,201609,-0.002178574515627932,0.010204504123594233,0.05688737112619842,0.04366979261257411
sector_factor_30,discovery,201610,0.0006287363559413576,0.01506113261630162,0.06740148310161671,-0.020906691048647386
sector_factor_30,discovery,201611,0.0030773805047691035,-0.0032123800784492314,0.12212405280013243,0.005382024419885869
sector_factor_30,discovery,201612,-0.0007473156434143737,-0.011049889280018927,0.04664448302869419,0.06551010700452939
sector_factor_30,discovery,201701,0.04011346661895093,0.03970542986062356,0.2836391021520057,0.03624948650738538
sector_factor_30,discovery,201702,0.00929154840826613,0.029705831061275802,0.08565172597611043,0.06035063774386307
sector_factor_30,discovery,201703,0.0031453938344615157,-0.0010778765306104496,0.05768735180449909,-0.010767387973764345
sector_factor_30,discovery,201704,0.01800205387038142,-0.03162900542698076,0.2480441062058677,0.08366279670930947
sector_factor_30,discovery,201705,-0.003922564192336879,-0.020853535623755307,0.09574337642195171,-0.02394160846683734
sector_factor_30,discovery,201706,0.006323754488776866,0.028223917167236903,0.1511365583676122,-0.031962121369609055
sector_factor_30,discovery,201707,0.004848595076153414,0.0002201353253223629,0.10190288025182138,0.12083188222725963
sector_factor_30,discovery,201708,0.005193935940843868,0.035296141019653476,0.09469379244692896,-0.02938357808915632
sector_factor_30,discovery,201709,0.0020115676863178443,0.006568851014890242,0.05197869101545195,0.08093222870813033
sector_factor_30,discovery,201710,0.006100632482651372,-0.0034067990941420083,0.09066595293517027,0.12536296920788684
sector_factor_30,discovery,201711,0.009398853445454144,-0.023710719272052795,0.11021331367818173,0.08175104237501374
sector_factor_30,discovery,201712,0.003277507388995248,0.010682482453124802,0.10307635072539854,-0.014782954668282307
sector_factor_30,discovery,201801,-0.0020709198125596936,-0.061548086640951544,0.04979851603729628,0.09785792479330757
sector_factor_30,discovery,201802,0.010397379231545413,0.0674031786977624,0.06402921751213428,0.0344525441326065
sector_factor_30,discovery,201803,0.004430916579857633,0.00879823542438151,0.06749145640911301,0.2434766082855143
sector_factor_30,discovery,201804,-0.011050825850537202,-0.017865775451476416,0.06760695718138321,-0.07111833926688983
sector_factor_30,discovery,201805,0.0030668703404372467,-0.015596414179096674,0.04073083088423672,0.16400051655941772
sector_factor_30,discovery,201806,0.016113512534951475,-0.04235037793114316,0.1614893068934195,-0.009047585466393369
sector_factor_30,discovery,201807,0.0050723368842844445,-0.005683498580765445,0.05063213458469911,0.011452054362170155
sector_factor_30,discovery,201808,-0.001932014244568632,-0.020813948257733327,0.026830836671207337,0.032493129478035176
sector_factor_30,discovery,201809,-0.0008023236951725195,-0.05327567365219645,0.04003148541567887,0.053331940817886364
sector_factor_30,discovery,201810,-0.0024442896475607725,0.030443102766811433,0.07555417953545959,-0.15974213332586826
sector_factor_30,discovery,201811,0.00269071999039938,0.014063921355409547,0.07496661607862348,-0.021738240215883213
sector_factor_30,discovery,201812,-0.00048732023284292665,-0.015056557781499577,0.09465992435711752,-0.06569866860021412
sector_factor_30,discovery,201901,-0.0018597080236153038,0.02209702325027055,0.06669148657284135,-0.025015084712455515
sector_factor_30,discovery,201902,0.0025940691820751805,0.12670534381022056,0.049299708876526176,0.018177848889665782
sector_factor_30,discovery,201903,0.0033821155077490245,0.048660587224488454,0.07041570171063379,0.011889421841025337
sector_factor_30,discovery,201904,-0.0046290972387849376,-0.06697197643308235,0.0706579189589472,-0.0756497299772247
sector_factor_30,discovery,201905,0.013490993439632348,0.004710421311901881,0.14064703109400645,0.032494239498839936
sector_factor_30,discovery,201906,-0.005029469067449352,0.013461578687144394,0.04862179841765132,-0.15625039062556148
sector_factor_30,discovery,201907,-0.004568709101639364,-0.03390725780896584,0.0831716031389652,-0.0857119737985447
sector_factor_30,discovery,201908,-0.0013960296467654455,0.04225606114077064,0.03503114879228286,0.03771187497867253
sector_factor_30,discovery,201909,-0.0023697535191339633,-0.014493538986644124,0.04297988788624586,0.007965644540372456
sector_factor_30,discovery,201910,-0.007098631582306913,-0.01908140731296347,0.02891541143935535,0.026041499005953803
sector_factor_30,discovery,201911,-0.005538328586229553,-0.00413437963274884,0.043854845548803964,-0.038249661105121235
sector_factor_30,discovery,201912,0.02092906742904407,0.06669979613189671,0.1234402258507373,0.10769116985086948
sector_factor_30,discovery,202001,0.006023703480646239,-0.0418914486820654,0.09054189629382732,0.14588133996046093
sector_factor_30,discovery,202002,-0.017586513042068125,0.03163135442591738,0.022634031524190433,-0.07650511881102762
sector_factor_30,discovery,202003,0.003264197118994632,-0.021255634604445236,0.03805468148342559,0.14053270179726401
sector_factor_30,discovery,202004,-0.00774511666641063,0.002638139594637323,0.0855556824303075,-0.05199273204038862
sector_factor_30,discovery,202005,0.0053167137539290935,0.023520572782662282,0.05644310460113363,0.11967581326278082
sector_factor_30,discovery,202006,0.002096049304141362,0.06486655565939145,0.049754590582014244,0.08788008451656495
sector_factor_30,discovery,202007,0.007732644663965468,0.036665296280736344,0.08396157166749098,0.08296331486004957
sector_factor_30,discovery,202008,-0.0053422627869985344,-0.008939392577823517,0.03215454965160384,0.006357355693488472
sector_factor_30,discovery,202009,-0.008003953670330998,-0.01114082670373219,0.02389584312198648,-0.09374975443183843
sector_factor_30,discovery,202010,-0.004059315038704621,-0.014915827853110386,0.029436613588078087,0.0401040225071446
sector_factor_30,discovery,202011,0.013447815049531894,0.01725822927137848,0.09610691121609982,0.015141899443849185
sector_factor_30,discovery,202012,0.0031541118500562054,-0.01986748796532489,0.052670075964687924,0.03914727049210314
sector_factor_30,discovery,202101,-0.01106620312993387,-0.03043631865439238,0.009405560517770271,-0.01806007829464313
sector_factor_30,discovery,202102,-0.0017730323195933356,0.031229768779400424,0.06269458105675418,0.03437580668684532
sector_factor_30,discovery,202103,0.005104776541036218,0.013072990030986662,0.03805208522128643,0.04632997445824703
sector_factor_30,discovery,202104,-0.0004561253050980534,0.005995139159009948,0.05994680797742108,0.0546371556091921
sector_factor_30,discovery,202105,-0.007388502234670441,0.024539019863166485,0.032543926572316965,0.042127727539865406
sector_factor_30,discovery,202106,-0.004082935883077575,0.007298526466564951,0.03565994833993577,0.09649924309940641
sector_factor_30,discovery,202107,-0.009788302579683964,0.0003170565766181827,0.04846884945833587,0.09354395593267141
sector_factor_30,discovery,202108,0.0012603253565990054,0.028973540687002242,0.02610748134509796,0.1557450897067494
sector_factor_30,discovery,202109,0.014579400229528996,-0.0037338335068125166,0.043357658591763645,0.06874564343560059
sector_factor_30,discovery,202110,0.0030207518769845283,3.434229583945073e-05,0.03778749793942428,0.022899796482468093
sector_factor_30,discovery,202111,0.004087317643461684,0.035565066822825675,0.031162103156926167,0.04502264225797734
sector_factor_30,discovery,202112,0.0004894275331180962,0.013503236808996321,0.025709722006464607,0.08374271664280132
sector_factor_30,discovery,202201,0.00957188448469592,-0.022872016924099483,0.05521327982084493,0.004369891769408157
sector_factor_30,discovery,202202,0.015365911619227254,0.01059056264712126,0.12609656669709934,0.05402888596606492
sector_factor_30,discovery,202203,-0.0057518736309874864,-0.029126478455145845,0.07003031920433941,0.022164693836382643
sector_factor_30,discovery,202204,0.00419254042436071,-0.039298425374497466,0.08842115505453382,0.0495287782852343
sector_factor_30,discovery,202205,0.0024023726314114312,0.04890657819361973,0.06817324201765133,-0.014502507034978416
sector_factor_30,discovery,202206,-0.019822226523634794,0.0009561981635800166,0.015114347884583375,0.06028736198925041
sector_factor_30,discovery,202207,-0.00639218236552163,0.004815675434240672,0.008756576326441163,0.11353914067714757
sector_factor_30,discovery,202208,0.012057733865491175,0.010589529126857247,0.07055311282189063,0.14743471497688074
sector_factor_30,discovery,202209,-0.005223762077642068,-0.037409834531579346,0.11557664319225798,-0.04653158831759761
sector_factor_30,discovery,202210,0.008772604361738177,0.041466512555780356,0.06776626396464148,0.0599803712890178
sector_factor_30,discovery,202211,-0.011533026518421268,0.005748591450107845,0.05107107933627151,-0.1951646095712049
sector_factor_30,discovery,202212,-0.003225984214683024,-0.011921254930414514,0.037003930688007926,-0.07254506109006537
sector_factor_30,discovery,202301,-0.003879407014744043,0.0407462759887494,0.04985307628856601,0.11642266985134042
sector_factor_30,discovery,202302,-0.004932809420989369,-0.003929122446861584,0.020140440822374282,-0.08944483917323326
sector_factor_30,discovery,202303,-0.004921582227231874,-0.003206973139680011,0.03510227677146234,0.24179780679154095
sector_factor_30,discovery,202304,0.004505200288812741,-0.015699721784748315,0.060645163416417174,0.005695756795044676
sector_factor_30,discovery,202305,-0.006099045921611755,-0.0010743441028535018,0.01866354267067272,-0.1714110550202188
sector_factor_30,discovery,202306,0.004999899704744101,0.014234861011209432,0.05312135317862241,0.07322851427303592
sector_factor_30,discovery,202307,0.006009715995662516,0.004533954072584968,0.06406971966125967,0.19432932755607157
sector_factor_30,discovery,202308,-0.017614634180905194,-0.02721960872168774,0.02428079844459675,-0.20441947107783315
sector_factor_30,discovery,202309,0.0020423559438718574,-0.010434787266422062,0.015708282402027908,0.02008914119538978
sector_factor_30,discovery,202310,-0.015749353765550676,0.0009711511533262581,0.05021011275324999,-0.1653979462878417
sector_factor_30,discovery,202311,0.002014761427077204,0.009181920432423463,0.04769732899709851,-0.01811910570446697
sector_factor_30,discovery,202312,0.0022094495360194194,-0.015235174001316496,0.043139357405153296,0.012907238266239216
sector_factor_30,validation,202401,0.02859847466480816,-0.06536250443975654,0.20338387290484838,0.26607691782904547
sector_factor_30,validation,202402,0.027415678890333955,0.12375844082125695,0.038973165046754396,0.040795891194424054
sector_factor_30,validation,202403,-0.014870903334431893,-0.012288163467746924,0.03773666562415055,-0.11091755426320209
sector_factor_30,validation,202404,0.0012785014240559228,0.010741216785972937,0.05580052216599396,0.0005019933186938549
sector_factor_30,validation,202405,0.011186673095671774,-0.02705132458067965,0.11573111783098496,-0.08540442666727516
sector_factor_30,validation,202406,0.006189933919248257,-0.018227892021470897,0.06578844215450501,0.016877946912703033
sector_factor_30,validation,202407,-0.007221116578742109,-0.00655312506233199,0.037703786157925516,-0.10384703948074477
sector_factor_30,validation,202408,-0.007447190099532448,-0.02228831018093677,0.032082690977499495,-0.07519082420315003
sector_factor_30,validation,202409,-0.016841563071546262,0.11344537253607996,0.012432843998939786,0.036105373579285734
sector_factor_30,validation,202410,-0.0016691567844401023,0.07422254303302098,0.05143023881530822,-0.15475162145716137
sector_factor_30,validation,202411,-0.007795176964128772,0.01673275269027467,0.03279219887192084,0.0129377758692392
sector_factor_30,validation,202412,-0.011594432893440688,-0.06490875398078721,0.045412513416671865,-0.017381254522621185
sector_factor_30,validation,202501,0.0012699786780694389,0.04517915602587487,0.055555028181168545,-0.046248061933714474
sector_factor_30,validation,202502,0.008643964675565724,0.03319056496871377,0.09222164779241869,0.14081473272826728
sector_factor_30,validation,202503,0.012324689687684732,-0.02258235111883204,0.039097381378844734,0.23151419575548277
sector_factor_30,validation,202504,-0.0045692240918652404,0.02851510166545354,0.06260611398460447,-0.16328340283155712
sector_factor_30,validation,202505,-0.006994192130096627,0.0067634367350317345,0.03257353287260951,-0.04185318666632969
sector_factor_30,validation,202506,0.003460286581585541,0.023829872238784446,0.07585528262811583,0.005143494766446238
sector_factor_30,validation,202507,-0.01005885077143434,0.017002917910829873,0.023678232166812366,-0.009909045096561842
sector_factor_30,validation,202508,0.0033001591239650817,0.026457371986457257,0.046021438507849156,0.04800460881935491
sector_factor_30,validation,202509,-0.004849145070110221,-0.002345153158239555,0.03680635355286599,-0.12161740277336973
sector_factor_30,validation,202510,-0.004493775649474875,0.016047488819116124,0.030535196458465037,-0.1500660582028067
sector_factor_30,validation,202511,-0.002845527787535526,-0.012273183091310784,0.0697289986642756,-0.1444549139308534
sector_factor_30,validation,202512,0.0015902884375218072,0.034299329607434315,0.05195722374540661,0.10803590847108283
sector_factor_30,observation,202601,0.0005718896576624706,0.011872244259684521,0.04525630888888723,0.027577908182767813
sector_factor_30,observation,202602,-0.02991996073122376,-0.02860971477680973,0.004542030160128373,-0.08407519904031586
sector_factor_30,observation,202603,-0.0001211146657836993,-0.02259551793395076,0.06388182401403028,-0.0884706595198708
sector_factor_30,observation,202604,-0.0048894749022457525,0.023861586851680404,0.02770681260688583,0.14996945597728958
sector_factor_30,observation,202605,-0.016014500089144387,-0.0534167050383985,0.060510769610864545,0.2107292905690576
