strategy_id,universe,score_name,top_k,rebalance_days,hold_days,val_days,val_total_ret,val_ann_ret,val_ann_vol,val_sharpe,val_max_drawdown,val_win_rate,val_bench_ann_ret,val_excess_ann_ret,val_excess_sharpe,val_avg_turnover,val_rebalance_count,observation_days,observation_total_ret,observation_ann_ret,observation_ann_vol,observation_sharpe,observation_max_drawdown,observation_win_rate,observation_bench_ann_ret,observation_excess_ann_ret,observation_excess_sharpe,observation_avg_turnover,observation_rebalance_count
industry_concept__score_breakout__top5__rb1,industry_concept,score_breakout,5,1,1,483,0.2427992552134024,0.12008940045850314,0.32327400030659903,0.51117237663047,-0.303493753058099,0.4906832298136646,0.18784006684587706,-0.08470989757074376,-0.2156494879328152,0.6501304955089041,483,93,0.5119231042505794,2.0652618794352646,0.40108048809713553,2.999131196890259,-0.17359128611087404,0.6021505376344086,0.05468683869726565,1.8808737330995071,3.0319144587262286,0.7096830043205422,93
tradable_theme__score_low_vol_mom__top20__rb1,tradable_theme,score_low_vol_mom,20,1,1,483,0.2118463064999263,0.10544680496580239,0.28540266290647676,0.4922247778332817,-0.26357625301824117,0.494824016563147,0.19005875999688016,-0.09584233991128255,-0.4183308359701006,0.3527468151940051,483,93,0.09652547970111303,0.28362404239915606,0.24843523829999767,1.130112762851379,-0.1006590038886781,0.5591397849462365,0.06018190415199798,0.2017909384013794,1.0597704154363294,0.37570188604578775,93
industry__score_pullback_trend__top20__rb5,industry,score_pullback_trend,20,5,5,483,0.22520209895536847,0.11178657476652498,0.31870808356461594,0.4900107941639053,-0.3178796199190229,0.5320910973084886,0.17183939229863743,-0.05478614695975348,-0.3241059842151097,0.9193616370934555,97,93,0.2317619631206287,0.759131866142396,0.30526201080465026,2.0050888213983598,-0.09102164781126965,0.5913978494623656,0.022428170864180474,0.7361248788949841,2.8310935013874587,0.9563916787258187,19
industry_concept__score_low_vol_mom__top20__rb1,industry_concept,score_low_vol_mom,20,1,1,483,0.20278942176478165,0.10112862350775664,0.2883985803716965,0.4766397492161985,-0.2496538206481611,0.4968944099378882,0.18784006684587706,-0.09690419683492846,-0.43027303336476325,0.3479438869993117,483,93,0.0918451437062704,0.2688320109574003,0.254728015111407,1.062840379705793,-0.10461307697442368,0.5591397849462365,0.05468683869726565,0.194580067623346,1.00405683617127,0.3644216642366634,93
tradable_theme__score_breakout__top5__rb1,tradable_theme,score_breakout,5,1,1,483,0.21568647574010447,0.10727307659658236,0.32210637853550983,0.4761237819396222,-0.306878674722339,0.4906832298136646,0.19005875999688016,-0.09646318360967276,-0.26962747766853573,0.6534279775692983,483,93,0.5085603093197102,2.0468232016934196,0.4013457235421312,2.982302533374809,-0.17359128611087415,0.6021505376344086,0.06018190415199798,1.849804486617165,3.005705080104445,0.7160933086418261,93
tradable_theme__score_low_vol_mom__top3__rb1,tradable_theme,score_low_vol_mom,3,1,1,483,0.20556629267269955,0.10245424029257788,0.30475308808827073,0.47067351040935207,-0.21601383489286297,0.505175983436853,0.19005875999688016,-0.10765720509237542,-0.2957227802885302,0.448574395484462,483,93,-0.09530116189354554,-0.23767535676167884,0.2860018410882209,-0.8046750066964755,-0.23094661712192976,0.4838709677419355,0.06018190415199798,-0.2837376274375899,-1.3925312853645058,0.4846214748473619,93
tradable_theme__score_pullback_trend__top20__rb5,tradable_theme,score_pullback_trend,20,5,5,483,0.19995771154177855,0.09977531944457319,0.324859779216232,0.45290759357387556,-0.33874857113690804,0.5093167701863354,0.19005875999688016,-0.08207466235209715,-0.5147316808375442,0.9524472363450672,97,93,0.27092476277001865,0.9148342355817418,0.3119153025677601,2.2412867808315906,-0.09242978972433824,0.5913978494623656,0.06018190415199798,0.820211240195645,3.042951382570587,0.9717918004695425,19
industry_concept__score_risk_adj__top10__rb10,industry_concept,score_risk_adj,10,10,10,483,0.15388687343501917,0.07753898329834441,0.2748765957606724,0.40672725782250146,-0.2689341739193869,0.5196687370600414,0.18784006684587706,-0.11805994208069526,-0.5943555782773449,0.9367346938775512,49,93,0.04207920051496572,0.11816320625929033,0.259272326875864,0.5608189821849829,-0.13992239893002645,0.5483870967741935,0.05468683869726565,0.05948948049282632,0.4299337924058612,0.93,10
tradable_theme__score_risk_adj__top10__rb10,tradable_theme,score_risk_adj,10,10,10,483,0.15338346663796765,0.07729368894056154,0.2750411562634211,0.40582220857917667,-0.26699223076448586,0.5238095238095238,0.19005875999688016,-0.11950058969168798,-0.6044403693256035,0.9387755102040817,49,93,0.0413048632522135,0.1159132383908843,0.2597303117154223,0.5525102358941792,-0.13491640172808794,0.5483870967741935,0.06018190415199798,0.05183278843771588,0.3843534903216182,0.93,10
tradable_theme__score_low_vol_mom__top10__rb1,tradable_theme,score_low_vol_mom,10,1,1,483,0.14607445307507883,0.07372644957173535,0.2818344452454923,0.39166015786417613,-0.26603669113171313,0.4989648033126294,0.19005875999688016,-0.12674468644787318,-0.5122228649728731,0.38347826969981463,483,93,0.04307537605554179,0.12106196966124871,0.25368786303635366,0.5777806130355568,-0.12557887673958168,0.5483870967741935,0.06018190415199798,0.04858459110050806,0.33604375407068626,0.39944397735311776,93
industry__score_risk_adj__top3__rb1,industry,score_risk_adj,3,1,1,483,0.14023525359157007,0.0708687427115684,0.30542306771854194,0.37508507974927646,-0.22657221066386157,0.5010351966873706,0.17183939229863743,-0.11424646473170319,-0.3385650374944045,0.4856062845113873,483,93,-0.02639371904352239,-0.06991493264352355,0.32254868744967763,-0.06264025538570168,-0.1973076173296222,0.5268817204301075,0.022428170864180474,-0.09002154106447136,-0.22685166188726927,0.5099910848008874,93
industry_concept__score_pullback_trend__top20__rb5,industry_concept,score_pullback_trend,20,5,5,483,0.14313902614109786,0.07229072293941008,0.3276531558709401,0.3747845353275452,-0.3588425050257522,0.5113871635610766,0.18784006684587706,-0.10244819474898292,-0.6843039829980586,0.952367695840003,97,93,0.26737985001728326,0.900396521934727,0.3113860520964192,2.220213564864791,-0.09242978972433846,0.5913978494623656,0.05468683869726565,0.8150080902472854,3.015359248396456,0.9691720749738968,19
industry__score_pullback_trend__top20__rb1,industry,score_pullback_trend,20,1,1,483,0.14144265137012457,0.07146021667749602,0.33683901417664064,0.3720147452319352,-0.3530343762948597,0.5113871635610766,0.17183939229863743,-0.08532144399316877,-0.4952610324747547,0.544261593257961,483,93,-0.10909333550037315,-0.2687574304241426,0.32946474279225174,-0.7816505062957002,-0.23704247818822488,0.4838709677419355,0.022428170864180474,-0.2813157987413262,-1.1712280938290724,0.5639581567889401,93
industry_concept__score_pullback_trend__top20__rb1,industry_concept,score_pullback_trend,20,1,1,483,0.13842313616294932,0.06998046928180801,0.35135261757679626,0.36612591006832945,-0.36980941042073623,0.5093167701863354,0.18784006684587706,-0.09898309450305443,-0.5890403843316862,0.597724191304803,483,93,-0.1009723197068696,-0.25055474550142987,0.3342365359265472,-0.6921653883836855,-0.24491786471753374,0.4731182795698925,0.05468683869726565,-0.2880753218601285,-1.1800248611051414,0.5951822915901855,93
industry_concept__score_breakout__top20__rb1,industry_concept,score_breakout,20,1,1,483,0.127528936273259,0.06462597718596808,0.30435041695376264,0.3562159978853289,-0.23408124631542315,0.494824016563147,0.18784006684587706,-0.12267715164123227,-0.5832364266314074,0.496122768340577,483,93,0.2697524783440608,0.9100521270144146,0.3258600890098563,2.1511922084956128,-0.14294043254601752,0.5806451612903226,0.05468683869726565,0.8014675949117969,2.2720046978079234,0.4987303391063924,93
industry_concept__score_low_vol_mom__top10__rb1,industry_concept,score_low_vol_mom,10,1,1,483,0.12199830923705224,0.0618982088222948,0.28263332072223907,0.3522870749195684,-0.2636366719285411,0.5072463768115942,0.18784006684587706,-0.1346917644990051,-0.5570190851058864,0.3796413848762884,483,93,0.019423382040505865,0.053508988722773765,0.2570676210265187,0.33189162804810884,-0.15055348215237396,0.5591397849462365,0.05468683869726565,-0.008943738097433984,0.057594527160471316,0.3941726552831787,93
tradable_theme__score_pullback_trend__top20__rb1,tradable_theme,score_pullback_trend,20,1,1,483,0.12613351467410494,0.06393834404312049,0.350162248654435,0.3499675949203101,-0.37257033279289165,0.5113871635610766,0.19005875999688016,-0.10594759174508206,-0.6334458719409238,0.60236127613997,483,93,-0.10114257134874338,-0.25093925355797764,0.33409494654632604,-0.6941366711928193,-0.24476280420997298,0.4838709677419355,0.06018190415199798,-0.29201086116328856,-1.2038663091844841,0.5994253290545882,93
tradable_theme__score_low_vol_mom__top20__rb5,tradable_theme,score_low_vol_mom,20,5,5,483,0.11848547454292957,0.06016229828090203,0.2727306760571414,0.34865653961680404,-0.2833131303913533,0.4968944099378882,0.19005875999688016,-0.13333870503401757,-0.7100708240678419,0.7213076681688384,97,93,0.03195105281915844,0.08895955680746659,0.2652273459147167,0.45465888187438686,-0.16256168582289932,0.5376344086021505,0.06018190415199798,0.025565410825744816,0.22973222861543358,0.7608540481294118,19
industry_concept__score_breakout__top20__rb5,industry_concept,score_breakout,20,5,5,483,0.12019915741840381,0.06100946102250404,0.291138824832293,0.3472960848487351,-0.2735858551073719,0.5134575569358178,0.18784006684587706,-0.12626927502722374,-0.6817867596491863,0.7506143726779807,97,93,0.16691899211874772,0.5193530194574387,0.3599582381102849,1.3444548814192532,-0.18032239729890798,0.5376344086021505,0.05468683869726565,0.4326988825493592,1.3010014889316348,0.7331952363547597,19
industry_concept__score_risk_adj__top20__rb10,industry_concept,score_risk_adj,20,10,10,483,0.11952323368337137,0.060675390773758275,0.2931454515347738,0.34396026160847964,-0.291281082474248,0.5134575569358178,0.18784006684587706,-0.12424927153901533,-0.7488893235128943,0.9317189366632415,49,93,0.1506998168379725,0.46280849570430593,0.25942104586673914,1.5974030824531444,-0.09891186667656648,0.5591397849462365,0.05468683869726565,0.3899230118936552,2.267607687021102,0.9,10
industry_concept__score_risk_adj__top3__rb10,industry_concept,score_risk_adj,3,10,10,483,0.1157492208549733,0.05880833753108461,0.2764087024541649,0.3431419189862935,-0.23641029519508416,0.515527950310559,0.18784006684587706,-0.14507148425383554,-0.5053596712095876,0.9523809523809523,49,93,0.010556947679721373,0.028864720744006922,0.2805450578112431,0.24184251070199006,-0.18454080402738748,0.4946236559139785,0.05468683869726565,-0.030518251803564378,-0.025736543352114758,0.9668368652641732,10
tradable_theme__score_risk_adj__top20__rb1,tradable_theme,score_risk_adj,20,1,1,483,0.11726783206223956,0.059559976852053165,0.29263841108186045,0.3422657457329447,-0.25522686805353323,0.5279503105590062,0.19005875999688016,-0.12995161690137114,-0.6584607668035752,0.41389095416678434,483,93,0.0344150047844094,0.09601929347421745,0.2591858904844957,0.48377955040104276,-0.15674937740516603,0.5376344086021505,0.06018190415199798,0.026914794532434616,0.23299092700150537,0.42064747238003664,93
industry_concept__score_breakout__top20__rb10,industry_concept,score_breakout,20,10,10,483,0.11824016721186137,0.06004097930832297,0.30028723149736847,0.3406479220100104,-0.3124698211026894,0.505175983436853,0.18784006684587706,-0.12376299023566084,-0.7147043143367826,0.8827155497833625,49,93,0.24524435461887428,0.811795549883493,0.2963969191737072,2.1554521285477612,-0.12618674270327912,0.5161290322580645,0.05468683869726565,0.7099995299072317,2.381199951746663,0.806018245182526,10
tradable_theme__score_risk_adj__top20__rb10,tradable_theme,score_risk_adj,20,10,10,483,0.11607570269124623,0.058969971564089674,0.2928346313824306,0.338516669368633,-0.2942971481158636,0.515527950310559,0.19005875999688016,-0.12692107641189276,-0.7734013745159569,0.9317189366632415,49,93,0.14408822182450542,0.44014568258699627,0.25817567173540096,1.5433418539825194,-0.10027999395516873,0.5483870967741935,0.06018190415199798,0.36172166572604336,2.1770563213490806,0.9100000000000001,10
industry__score_volume_confirm__top20__rb10,industry,score_volume_confirm,20,10,10,483,0.11769398500765482,0.05977081420175678,0.3306160046405825,0.33702535628852953,-0.302525077717095,0.505175983436853,0.17183939229863743,-0.09741433710849878,-0.6003685356403133,0.9143347393847657,49,93,0.2486227157232639,0.8251456633279797,0.30849056451983586,2.1064419495046445,-0.1633697184800793,0.5806451612903226,0.022428170864180474,0.7941102839651397,2.714467648342007,0.8951414087203965,10
industry_concept__score_pullback_trend__top10__rb1,industry_concept,score_pullback_trend,10,1,1,483,0.11135114191777618,0.056628735704217226,0.35966545963132546,0.33105627231617996,-0.3289391476964715,0.5134575569358178,0.18784006684587706,-0.11228011953339223,-0.5428762253742535,0.6446313654077811,483,93,-0.09594374014970308,-0.23914163308092384,0.3615105934898528,-0.5709106090551548,-0.2451834051333498,0.5268817204301075,0.05468683869726565,-0.2781541811784759,-0.9419528999784569,0.6591281092467975,93
tradable_theme__score_breakout__top20__rb1,tradable_theme,score_breakout,20,1,1,483,0.10553135037297179,0.053738209787089986,0.3040296675320076,0.32249649056519,-0.23347287572581343,0.494824016563147,0.19005875999688016,-0.13294853201725765,-0.6466034420794113,0.4984825228706668,483,93,0.2599026357917791,0.8701690318748143,0.32523796473827515,2.0896299942846106,-0.1431599395319847,0.5913978494623656,0.06018190415199798,0.75454055520387,2.1758567864892555,0.5024752244860359,93
tradable_theme__score_volume_confirm__top20__rb10,tradable_theme,score_volume_confirm,20,10,10,483,0.09999784311049176,0.05098311624761309,0.3349990665445094,0.3125167301858753,-0.32256631833857907,0.5175983436853002,0.19005875999688016,-0.12218694992244727,-0.7349881523223297,0.9500519235762563,49,93,0.2190707291603986,0.7104507649940215,0.30341836928787086,1.9221645413668997,-0.14902091220388514,0.5483870967741935,0.06018190415199798,0.6228438142347621,2.530538493404262,0.9500000000000002,10
tradable_theme__score_low_vol_mom__top10__rb5,tradable_theme,score_low_vol_mom,10,5,5,483,0.09593548313105682,0.04895627475637254,0.265834026456573,0.3112107014609629,-0.2696845731175518,0.5113871635610766,0.19005875999688016,-0.14823125358684308,-0.6800521668731324,0.7488811226601316,97,93,0.002095941291214043,0.005689505432898478,0.2672572011942855,0.15554539957833843,-0.17971875139743876,0.5268817204301075,0.06018190415199798,-0.055565667884291625,-0.1856120184478261,0.7790681890389168,19
industry__score_breakout__top3__rb1,industry,score_breakout,3,1,1,483,0.08899529084941049,0.04548525939215464,0.36177328774521594,0.30225424277667606,-0.3197874532161522,0.4968944099378882,0.17183939229863743,-0.12838904076789748,-0.3124657827710125,0.6689985095557551,483,93,0.535425648870473,2.196096989820896,0.46061727391995544,2.7584836570969107,-0.1987654084790922,0.6021505376344086,0.022428170864180474,2.0996942280470985,2.781468444364551,0.7907713249495454,93
tradable_theme__score_breakout__top20__rb5,tradable_theme,score_breakout,20,5,5,483,0.09224522811336477,0.047111971544826936,0.2922613778213301,0.3018358952889361,-0.2704104623761979,0.5031055900621118,0.19005875999688016,-0.1384918683803411,-0.7718094869587241,0.750078798572356,97,93,0.1634592422254968,0.507177739676173,0.358854422100475,1.3250617349048912,-0.17983270551676245,0.5483870967741935,0.06018190415199798,0.4136158001555794,1.259291375392383,0.7358568093906017,19
industry_concept__score_risk_adj__top20__rb1,industry_concept,score_risk_adj,20,1,1,483,0.08978322843560216,0.045879863877854365,0.29190352967702854,0.2979826093262898,-0.25645829085632155,0.525879917184265,0.18784006684587706,-0.14014515563162666,-0.7195226962955396,0.41418750715672387,483,93,0.05082647274206753,0.14377889430072743,0.2590100833399886,0.6486241418036092,-0.14315327096161468,0.5483870967741935,0.05468683869726565,0.07684976573161983,0.46842758963856734,0.4238866346167804,93
industry_concept__score_low_vol_mom__top3__rb1,industry_concept,score_low_vol_mom,3,1,1,483,0.08361945230784706,0.04278935083241864,0.3111905052100542,0.2890677002131265,-0.25596124971184575,0.484472049689441,0.18784006684587706,-0.15404606097227413,-0.4820232823937985,0.45066748675661084,483,93,-0.07025279282502839,-0.17912120632099648,0.28703047992533975,-0.5432033079690606,-0.2127327920516935,0.4838709677419355,0.05468683869726565,-0.22463766878886782,-1.0324368940959476,0.46336681408189645,93
industry_concept__score_low_vol_mom__top20__rb5,industry_concept,score_low_vol_mom,20,5,5,483,0.08361137203772628,0.04278529388051866,0.27495857273410107,0.2879881901282472,-0.27963917437341934,0.4989648033126294,0.18784006684587706,-0.14557163265312,-0.7958875105512895,0.712168841531404,97,93,0.04638793261161567,0.13073523527139064,0.27289286461379164,0.5874644962398556,-0.16367755853123045,0.5376344086021505,0.05468683869726565,0.07080430432343054,0.453575212430429,0.7505832730606201,19
tradable_theme__score_breakout__top20__rb10,tradable_theme,score_breakout,20,10,10,483,0.08460252072060559,0.04328282311292564,0.30036757169745837,0.28761758073518384,-0.31984299848244646,0.4968944099378882,0.19005875999688016,-0.1387025490875331,-0.8263308372688529,0.8878153990658859,49,93,0.2524569435359272,0.8403722010868138,0.2931241765546229,2.2297767903014516,-0.12230659820242462,0.5268817204301075,0.06018190415199798,0.7271827536000639,2.4380363038622113,0.8060182451825261,10
tradable_theme__score_pullback_trend__top5__rb5,tradable_theme,score_pullback_trend,5,5,5,483,0.0795688203810252,0.040753786944480286,0.35111741847451156,0.2866409259858487,-0.3822278668797756,0.5093167701863354,0.19005875999688016,-0.13199047518797347,-0.605876249159908,0.9711687823645431,97,93,0.3070258127392136,1.065820463677802,0.37018193217638584,2.147956524138549,-0.14947833494020757,0.5591397849462365,0.06018190415199798,0.9623445708081715,2.490415022548115,1.0,19
industry__score_low_vol_mom__top20__rb1,industry,score_low_vol_mom,20,1,1,483,0.08303392167289325,0.042495329422934436,0.29833719215704874,0.28663174827283583,-0.21087304987761957,0.4968944099378882,0.17183939229863743,-0.12421607189330963,-0.6599646965689575,0.3239609579490182,483,93,0.06943966897368403,0.19951073533220343,0.24647797339605304,0.8620726628220285,-0.0958120666629163,0.5806451612903226,0.022428170864180474,0.16828861174123744,0.9261759282412166,0.34749384836745373,93
industry_concept__score_risk_adj__top3__rb5,industry_concept,score_risk_adj,3,5,5,483,0.0817354410838027,0.041843032246672296,0.2716431986585291,0.2851292340718218,-0.22206796952684404,0.5175983436853002,0.18784006684587706,-0.15927933824140506,-0.5821922376766112,0.8936444508039427,97,93,0.10608545424136095,0.314174997596012,0.2916824988991887,1.0832636275694416,-0.14358601501116475,0.5268817204301075,0.05468683869726565,0.23893351204603452,1.0244001604370783,0.9131219924564555,19
industry__score_risk_adj__top20__rb10,industry,score_risk_adj,20,10,10,483,0.0822630074093662,0.042108102546503545,0.2864461486209971,0.28375693356814313,-0.2652546357263087,0.515527950310559,0.17183939229863743,-0.1240508010883733,-0.8060261509049951,0.8990105796826692,49,93,0.1829093964103412,0.5764310577164908,0.2704781760134679,1.8198534360249996,-0.10504597608817201,0.5591397849462365,0.022428170864180474,0.548661423165204,2.6121502853730716,0.885,10
tradable_theme__score_volume_confirm__top3__rb1,tradable_theme,score_volume_confirm,3,1,1,483,0.07179920676180229,0.03683907383287477,0.3576053749866975,0.2771801520570016,-0.29343078010477686,0.5093167701863354,0.19005875999688016,-0.14547915410611556,-0.47049806833145164,0.686859855276534,483,93,0.16748177530953234,0.5213393692346373,0.33514910724638747,1.4180507636865103,-0.10707683445388916,0.5806451612903226,0.06018190415199798,0.42514045157372804,1.3614284956884175,0.7107072784537432,93
tradable_theme__score_pullback_trend__top10__rb1,tradable_theme,score_pullback_trend,10,1,1,483,0.07014818143775448,0.036005459566207376,0.36069163428319784,0.276417438181434,-0.3563358159974366,0.5093167701863354,0.19005875999688016,-0.13059545632694902,-0.6548839489585445,0.6481217259074119,483,93,-0.09971591624318266,-0.2477133462695028,0.36301107957251366,-0.5982652539385412,-0.24646274503548438,0.5053763440860215,0.06018190415199798,-0.2890860142372996,-1.002564891700537,0.6590849504353096,93
industry__score_breakout__top20__rb5,industry,score_breakout,20,5,5,483,0.07177016748591991,0.036824417006922516,0.29094794194150414,0.268065520355606,-0.2619326857078238,0.5072463768115942,0.17183939229863743,-0.13002685147182635,-0.7219722436533816,0.6834768628003414,97,93,0.1443178959199043,0.4409292043146593,0.3814422318063529,1.150633053859138,-0.19239902979467494,0.5483870967741935,0.022428170864180474,0.4088203805112507,1.1953723965625573,0.6810955229167228,19
industry__score_risk_adj__top3__rb10,industry,score_risk_adj,3,10,10,483,0.07143764054048574,0.036656569061348065,0.28189623470470326,0.2677682459508896,-0.26033956540701986,0.5113871635610766,0.17183939229863743,-0.14526491405014574,-0.5169784301185333,0.9319727891156464,49,93,-0.10845116634288521,-0.26732832635205817,0.29740540700127327,-0.8961847156233046,-0.2642104992565314,0.4731182795698925,0.022428170864180474,-0.28745285127640097,-1.1966266140822575,0.933673731033385,10
industry_concept__score_risk_adj__top3__rb1,industry_concept,score_risk_adj,3,1,1,483,0.07051330292474534,0.03618986490862541,0.2815918850108827,0.26503626411265235,-0.25222913273577785,0.4927536231884058,0.18784006684587706,-0.16342948061666018,-0.5730892430502207,0.4951071235457457,483,93,-0.060477469773335124,-0.15552412073568134,0.27219980315372017,-0.48393507369234406,-0.15716147451663343,0.5053763440860215,0.05468683869726565,-0.206246179238325,-0.9106246200900754,0.5384898993517656,93
industry__score_breakout__top3__rb5,industry,score_breakout,3,5,5,483,0.0644278596422021,0.033112460863530035,0.33795869494593306,0.2645964137315648,-0.3254228309451669,0.5093167701863354,0.17183939229863743,-0.14435346467278287,-0.3858994973692082,0.8391015642704595,97,93,0.1772312976809467,0.5560108409079245,0.4638110701626121,1.1863639164361297,-0.2740136586778408,0.5698924731182796,0.022428170864180474,0.5218245826252725,1.2041846535363427,0.9122807017543859,19
tradable_theme__score_risk_adj__top3__rb10,tradable_theme,score_risk_adj,3,10,10,483,0.06764514183879466,0.03474048329898527,0.27519425473741904,0.259874241214096,-0.2563947285836585,0.515527950310559,0.19005875999688016,-0.16584093014477086,-0.6076370130083474,0.9523809523809523,49,93,0.010556947679721373,0.028864720744006922,0.2805450578112431,0.24184251070199006,-0.18454080402738748,0.4946236559139785,0.06018190415199798,-0.035452018417071796,-0.048379856181717036,0.9668368652641732,10
industry__score_risk_adj__top3__rb5,industry,score_risk_adj,3,5,5,483,0.06266170153453876,0.03221774161274227,0.2900387975564169,0.2526996993789192,-0.24478451782030386,0.5072463768115942,0.17183939229863743,-0.14805390216258507,-0.5167922141081278,0.8901096511830908,97,93,-0.03708869631742584,-0.09734014721918927,0.3199029538509885,-0.1590748342378398,-0.1945675347301038,0.5268817204301075,0.022428170864180474,-0.11903843010361626,-0.33535060803255584,0.895147725577964,19
tradable_theme__score_risk_adj__top5__rb10,tradable_theme,score_risk_adj,5,10,10,483,0.06231934963147112,0.032044227058554586,0.2648007410559852,0.249433780201505,-0.263078237872833,0.5196687370600414,0.19005875999688016,-0.1642182078402089,-0.7231609705940526,0.9469800789270342,49,93,0.011632464520911157,0.031834521592626785,0.264132407726398,0.2505403302174283,-0.16439135807702365,0.5053763440860215,0.06018190415199798,-0.03215419610302872,-0.062420728897111824,0.9401652959942816,10
industry_concept__score_volume_confirm__top20__rb10,industry_concept,score_volume_confirm,20,10,10,483,0.05585759351398245,0.02876417804175513,0.3379417441489984,0.2493265392761561,-0.32651444799561147,0.5134575569358178,0.18784006684587706,-0.13851029047574837,-0.8596150576758229,0.9510358258584658,49,93,0.20132028393907353,0.6438026600482467,0.3042191104958289,1.7870458314574367,-0.1507443825939223,0.5591397849462365,0.05468683869726565,0.5672965032419928,2.334402553939811,0.9450000000000001,10
industry_concept__score_risk_adj__top5__rb10,industry_concept,score_risk_adj,5,10,10,483,0.059576532988014685,0.030653116005639136,0.26440788228247997,0.2443088358363157,-0.2609535920244167,0.5113871635610766,0.18784006684587706,-0.16417706362813,-0.7230222967486283,0.9551020408163267,49,93,0.011632464520911157,0.031834521592626785,0.264132407726398,0.2505403302174283,-0.16439135807702365,0.5053763440860215,0.05468683869726565,-0.02719106286967332,-0.03712487838624654,0.9401652959942816,10
industry_concept__score_volume_confirm__top3__rb1,industry_concept,score_volume_confirm,3,1,1,483,0.046260807740690746,0.02387498884130812,0.3589691507457284,0.24241790915997824,-0.3084689086573631,0.5093167701863354,0.18784006684587706,-0.1556502173789035,-0.5010610211502703,0.6752304267017961,483,93,0.16941250744128133,0.5281663609758787,0.3363514168067552,1.427579505028984,-0.11387718492062093,0.5806451612903226,0.05468683869726565,0.43604939462108394,1.3572797191179455,0.7141442884298734,93
industry__score_breakout__top20__rb10,industry,score_breakout,20,10,10,483,0.05629717270639034,0.028987616431525476,0.2928013626501847,0.24069287701838504,-0.32449157865510725,0.5010351966873706,0.17183939229863743,-0.1347240872124308,-0.8263047924590704,0.8491064653948889,49,93,0.27737747446558636,0.9412920692386844,0.30632375551996693,2.3213320434842784,-0.13544374708940765,0.5376344086021505,0.022428170864180474,0.895881371174589,2.689463474669334,0.7510105408252155,10
industry_concept__score_pullback_trend__top5__rb5,industry_concept,score_pullback_trend,5,5,5,483,0.045779417326181626,0.023629175405629033,0.35031152973766866,0.23914333401278481,-0.38805951984664955,0.5134575569358178,0.18784006684587706,-0.1450669540755123,-0.6858909430918235,0.9691069266944401,97,93,0.3070258127392136,1.065820463677802,0.37018193217638584,2.147956524138549,-0.14947833494020757,0.5591397849462365,0.05468683869726565,0.972022028424135,2.5034981153158484,1.0,19
tradable_theme__score_risk_adj__top3__rb1,tradable_theme,score_risk_adj,3,1,1,483,0.0534556148871157,0.027542464208051287,0.28125478147305544,0.2352278068939961,-0.2587018949443102,0.494824016563147,0.19005875999688016,-0.1718209054647325,-0.6113754503730195,0.49510089324838974,483,93,-0.05101669209526338,-0.13228307186102917,0.265429808653376,-0.4010936347628075,-0.1477090289453712,0.5161290322580645,0.06018190415199798,-0.18944521873657783,-0.8329313316746572,0.5348442339135487,93
industry_concept__score_low_vol_mom__top10__rb5,industry_concept,score_low_vol_mom,10,5,5,483,0.05390275205217887,0.02776999157557225,0.2688290230809335,0.23481763840994685,-0.2750314627740661,0.5093167701863354,0.18784006684587706,-0.16330156233636095,-0.7737246434106567,0.7551010654777558,97,93,0.030701239569662864,0.08538957801929259,0.2764747626178522,0.43543453000371385,-0.16072244107719658,0.5483870967741935,0.05468683869726565,0.02625476732270493,0.2290724572193109,0.7636664766725595,19
industry__score_low_vol_mom__top20__rb5,industry,score_low_vol_mom,20,5,5,483,0.05327030718474601,0.027448156174995963,0.275775165956587,0.2345988212741561,-0.2595748766462126,0.5217391304347826,0.17183939229863743,-0.14055054095272534,-0.8313215820782495,0.6691250396161075,97,93,0.06082798837563019,0.17351756542125707,0.2521341833904709,0.7616356576718606,-0.10609261428153482,0.5483870967741935,0.022428170864180474,0.14749056916033432,0.881700202486383,0.7267630116726053,19
tradable_theme__score_breakout__top10__rb1,tradable_theme,score_breakout,10,1,1,483,0.04694959156896905,0.02422660998018733,0.3044720319150197,0.2296113894364495,-0.2789734638750694,0.4886128364389234,0.19005875999688016,-0.16176884099448696,-0.6939421182675543,0.5789367218438178,483,93,0.49538773173530903,1.9752705393287937,0.3411755246365863,3.3728625352823904,-0.1336467492092871,0.6451612903225806,0.06018190415199798,1.7825875066008696,3.49867865470162,0.5897068113366083,93
industry_concept__score_mom_5_10__top20__rb10,industry_concept,score_mom_5_10,20,10,10,483,0.031391903338265026,0.01625730138532422,0.3572387073830676,0.22000458341972395,-0.3038815096281,0.515527950310559,0.18784006684587706,-0.14565029130213492,-0.8144528979634422,0.9357142857142859,49,93,0.4306282278673845,1.638927328700614,0.3733184204756253,2.790470089091654,-0.20029130682112473,0.6021505376344086,0.05468683869726565,1.5240438395714078,3.3950589655490617,0.8450376678001378,10
industry__score_pullback_trend__top10__rb5,industry,score_pullback_trend,10,5,5,483,0.0345432788558675,0.017876188515041136,0.33149949457204203,0.21690045869189625,-0.35627347316793667,0.4968944099378882,0.17183939229863743,-0.13484125164812288,-0.7692379170644791,0.9600368101154377,97,93,0.32379131259938343,1.138413171235125,0.3394557579501491,2.4116817732538305,-0.10342109570998648,0.5913978494623656,0.022428170864180474,1.1132762470680122,3.179941909976815,0.9848794056106085,19
tradable_theme__score_risk_adj__top3__rb5,tradable_theme,score_risk_adj,3,5,5,483,0.03941166763661297,0.020372490345740513,0.2716799528754127,0.20846849658900177,-0.23850382828196182,0.515527950310559,0.19005875999688016,-0.17766426858132545,-0.6754481329116779,0.8936444508039427,97,93,0.11879916133490531,0.35550945622010643,0.28997190092418457,1.1948443763765384,-0.1416535067007365,0.5268817204301075,0.06018190415199798,0.27091101067050305,1.1336490782006376,0.9302354448762097,19
tradable_theme__score_pullback_trend__top20__rb10,tradable_theme,score_pullback_trend,20,10,10,483,0.03346234504197487,0.017321170146666898,0.3113926946620422,0.20833806822513679,-0.31164093519964553,0.5217391304347826,0.19005875999688016,-0.1535542740165904,-1.1488267459402415,0.947012059920506,49,93,0.04966229665525157,0.1403485638762585,0.304332019449419,0.5837230048798272,-0.11740957304738142,0.5268817204301075,0.06018190415199798,0.08005107006532985,0.4714194846821467,0.9550000000000001,10
industry_concept__score_risk_adj__top20__rb5,industry_concept,score_risk_adj,20,5,5,483,0.03725060373229172,0.019265080796418532,0.27412237494328623,0.20519527903270435,-0.290178904108897,0.5134575569358178,0.18784006684587706,-0.16401301223882958,-0.961857834837074,0.8289526987837025,97,93,0.12497526607462905,0.37588128074476024,0.25639541048725906,1.3739010923046167,-0.11209482662037173,0.5268817204301075,0.05468683869726565,0.3017766051048256,1.620529353093986,0.8448522573911524,19
industry_concept__score_risk_adj__top10__rb1,industry_concept,score_risk_adj,10,1,1,483,0.03531546330487911,0.01827250602267716,0.2877672836637496,0.20481792713137373,-0.2847956512391321,0.4968944099378882,0.18784006684587706,-0.16752879030380385,-0.7772649318089753,0.4449762035146304,483,93,-0.0029974069920688517,-0.008101209790348118,0.2378873311811596,0.08508875478883507,-0.14124608654339488,0.5483870967741935,0.05468683869726565,-0.06943394597516572,-0.27728744697094887,0.47325404029907114,93
industry_concept__score_breakout__top10__rb1,industry_concept,score_breakout,10,1,1,483,0.03161561757479481,0.016372303140554934,0.30442801326580365,0.20431273049167548,-0.2841987850891964,0.4886128364389234,0.18784006684587706,-0.16707924414081377,-0.7200909951037151,0.5746062802956377,483,93,0.5023235115334039,2.012811546677093,0.34000788828515777,3.420227301796001,-0.12648368460573878,0.6344086021505376,0.05468683869726565,1.8297119742547654,3.539643368960005,0.5875743005867515,93
industry__score_breakout__top5__rb1,industry,score_breakout,5,1,1,483,0.022359277680992884,0.011604013903475874,0.332740428025097,0.1996391638855853,-0.3311368684427475,0.4886128364389234,0.17183939229863743,-0.15609917006718577,-0.5235645344919341,0.6071985754229503,483,93,0.5158661994732852,2.086971912280462,0.4036227371309104,3.000035735051665,-0.19428625187290938,0.6129032258064516,0.022428170864180474,1.9923845895385188,3.046847879941022,0.7055499819800884,93
tradable_theme__score_mom_5_10__top20__rb10,tradable_theme,score_mom_5_10,20,10,10,483,0.017391754884573896,0.00903654136381471,0.35220845250386884,0.1983332854204715,-0.3194796392142317,0.5113871635610766,0.19005875999688016,-0.15419962136198362,-0.8785111073158205,0.9387755102040818,49,93,0.43062822786738497,1.6389273287006163,0.3733184204756253,2.790470089091654,-0.2002913068211245,0.6021505376344086,0.06018190415199798,1.5113151035062011,3.377612009787459,0.8450376678001378,10
tradable_theme__score_risk_adj__top5__rb5,tradable_theme,score_risk_adj,5,5,5,483,0.034268659134185864,0.01773520803189621,0.26482447740757137,0.19669207997637894,-0.2630858174714542,0.515527950310559,0.19005875999688016,-0.1765247695071095,-0.7742020946232643,0.8722608662719432,97,93,0.09917172986931244,0.29203534267239917,0.27656693579195146,1.065102183072966,-0.1328119306946124,0.5483870967741935,0.06018190415199798,0.21216214859264348,0.9976351135742636,0.9057900316272163,19
industry_concept__score_pullback_trend__top10__rb5,industry_concept,score_pullback_trend,10,5,5,483,0.018631080248917797,0.009677649042511227,0.3357025022060658,0.19391418435977473,-0.38059547935870963,0.5093167701863354,0.18784006684587706,-0.15606200004676662,-0.9265442107220323,0.9692032302803838,97,93,0.36926123843257086,1.34333232553832,0.34910870137923156,2.6177408234459287,-0.11316952099972244,0.6344086021505376,0.05468683869726565,1.2400239606279513,3.2915224419853257,0.9796214782462302,19
tradable_theme__score_risk_adj__top10__rb5,tradable_theme,score_risk_adj,10,5,5,483,0.031800452187495276,0.01646730957493192,0.26908159136440635,0.19344714086777268,-0.29155789631392115,0.5362318840579711,0.19005875999688016,-0.17234924505486948,-0.8735582816778623,0.8505859638077999,97,93,0.009017560201275643,0.024623436971078938,0.25855783052628944,0.22364702420426,-0.17856083533472078,0.5483870967741935,0.06018190415199798,-0.03804202375820753,-0.11036480187066611,0.9108559645983897,19
industry__score_pullback_trend__top10__rb1,industry,score_pullback_trend,10,1,1,483,0.014039115296725413,0.0073003339327146755,0.34659495077483937,0.19309211205577442,-0.40345747799103904,0.5031055900621118,0.17183939229863743,-0.1407837681009826,-0.7522420343313255,0.6132064946076762,483,93,-0.14180652743018485,-0.33924975172542016,0.36499640751350354,-0.9480245586454492,-0.2627688124416653,0.5053763440860215,0.022428170864180474,-0.3497654290478658,-1.311121348882875,0.6090716998855301,93
tradable_theme__score_risk_adj__top20__rb5,tradable_theme,score_risk_adj,20,5,5,483,0.030158279700598145,0.015622934761627016,0.2733789670584676,0.1919139903477861,-0.2945897337182457,0.5113871635610766,0.19005875999688016,-0.16834671090641118,-0.9959093536597737,0.8294669657833046,97,93,0.11887783796334839,0.3557677654111584,0.25630050003845184,1.3167995768347107,-0.11702232367176191,0.5268817204301075,0.06018190415199798,0.2764563685697632,1.5147252126773618,0.847483836338521,19
tradable_theme__score_risk_adj__top10__rb1,tradable_theme,score_risk_adj,10,1,1,483,0.027958579238977377,0.0144908800079675,0.285879910967367,0.1914882702479158,-0.2852319379797321,0.5031055900621118,0.19005875999688016,-0.1722903709450081,-0.8041526650776653,0.44516799058725137,483,93,-0.004945931949494664,-0.013345283638970917,0.23944450911562026,0.06404203213832536,-0.14470866632113133,0.5376344086021505,0.06018190415199798,-0.07894783070215361,-0.3267813072572288,0.4678591022223157,93
industry__score_risk_adj__top5__rb10,industry,score_risk_adj,5,10,10,483,0.029568740264604765,0.0153196474374242,0.2647374546043495,0.18841556860355338,-0.282698976173793,0.5113871635610766,0.17183939229863743,-0.16051301011524677,-0.7188715287717505,0.9347690326791115,49,93,-0.054709534766955614,-0.14140217534247346,0.2865816853137761,-0.38820131812009284,-0.2038502595657139,0.5053763440860215,0.022428170864180474,-0.16185118804259824,-0.6631251517252508,0.9401652959942816,10
industry__score_breakout__top20__rb1,industry,score_breakout,20,1,1,483,0.020476789211681945,0.01063175015258544,0.3002528296368774,0.1839799836878814,-0.25117213419210227,0.494824016563147,0.17183939229863743,-0.1512279576175164,-0.8062112377306963,0.40865742131747546,483,93,0.2711159922780313,0.9156150353949324,0.33058771243493285,2.1342657334991935,-0.14832069221165056,0.5913978494623656,0.022428170864180474,0.8684042916705355,2.3465154775930492,0.42656666639674895,93
industry_concept__score_risk_adj__top5__rb5,industry_concept,score_risk_adj,5,5,5,483,0.027021539408450757,0.014008289591328493,0.26432007142162384,0.18267922082126706,-0.2642335425076542,0.5093167701863354,0.18784006684587706,-0.17842316634942423,-0.7847427369981929,0.8763704370419256,97,93,0.09917172986931266,0.29203534267239983,0.27656693579195146,1.0651021830729654,-0.1328119306946124,0.5483870967741935,0.05468683869726565,0.2183103650273479,1.0207164377041706,0.9057900316272163,19
industry__score_risk_adj__top20__rb5,industry,score_risk_adj,20,5,5,483,0.02273265933609747,0.011796755505473211,0.2777394505824557,0.1796075363683576,-0.26103650326673977,0.5217391304347826,0.17183939229863743,-0.1525422108192268,-0.9492126674014216,0.7934769032745925,97,93,0.070499312526064,0.2027339781479569,0.2806602767369718,0.7988215536650273,-0.13560367310435573,0.5483870967741935,0.022428170864180474,0.17875164346526784,0.91827745537946,0.7925073290868236,19
tradable_theme__score_breakout__top5__rb5,tradable_theme,score_breakout,5,5,5,483,0.010845626762085336,0.005643990125093312,0.32012691230414575,0.17583111471480867,-0.29398708441547183,0.5072463768115942,0.19005875999688016,-0.17852892219062677,-0.6691496528288357,0.8581078483456946,97,93,0.15126500062268255,0.46475616422235855,0.41290515066437594,1.1331412184718366,-0.22827936883483646,0.5591397849462365,0.06018190415199798,0.37568213081572965,1.04868456825477,0.8527938678316032,19
tradable_theme__score_breakout__top10__rb5,tradable_theme,score_breakout,10,5,5,483,0.015619352096024386,0.008119021330204701,0.2982265325461194,0.1742953967261269,-0.28435347835079605,0.4968944099378882,0.19005875999688016,-0.1733486736229708,-0.8482882004365876,0.8129107781067229,97,93,0.1139374754428577,0.339607874947206,0.3692957395572474,0.9786804261855349,-0.20179926850752639,0.5591397849462365,0.06018190415199798,0.25706742075421496,0.8697417969385992,0.7799855964328071,19
tradable_theme__score_pullback_trend__top5__rb1,tradable_theme,score_pullback_trend,5,1,1,483,-0.008752814193822678,-0.004576285482897902,0.37407835211868984,0.17223378514275825,-0.3193611412071261,0.5113871635610766,0.19005875999688016,-0.16574988775174015,-0.7265113575467452,0.692926309179432,483,93,-0.1622461184529469,-0.38102889279034824,0.431706424511603,-0.8886473879917558,-0.3119569036267723,0.4838709677419355,0.06018190415199798,-0.41323420773058095,-1.258441442834469,0.6914020278740955,93
tradable_theme__score_breakout__top3__rb1,tradable_theme,score_breakout,3,1,1,483,-0.00043893874522193954,-0.00022903556232323208,0.34631452235310933,0.17126694723340036,-0.37496386350320987,0.4906832298136646,0.19005875999688016,-0.18455444030213386,-0.567858320953433,0.6986789397755538,483,93,0.5281809114325422,2.1553985170260486,0.4582893227965283,2.7416140033372636,-0.20783938372809452,0.5806451612903226,0.06018190415199798,1.9441277058553417,2.6827406565434218,0.8118317925641093,93
industry_concept__score_breakout__top3__rb1,industry_concept,score_breakout,3,1,1,483,-0.0032004700471016667,-0.0016710904344486854,0.35009657058944404,0.1692340357343508,-0.37614043885324067,0.4906832298136646,0.18784006684587706,-0.18453116362407007,-0.5539098509211179,0.6952203858187151,483,93,0.5095908066312169,2.0524661049053363,0.4483559289135094,2.7180937068695616,-0.21031558516446658,0.5913978494623656,0.05468683869726565,1.8554421626688735,2.63595005356409,0.81182571755181,93
industry__score_risk_adj__top10__rb10,industry,score_risk_adj,10,10,10,483,0.015199869020091406,0.007901755416283684,0.2745515015646329,0.16330570641617548,-0.28335305070869077,0.5072463768115942,0.17183939229863743,-0.15820288812606076,-0.9209759994188013,0.9204468495427109,49,93,0.08775368859858701,0.2559896083454012,0.2589642860252339,1.0105169819898618,-0.12151993866751987,0.5376344086021505,0.022428170864180474,0.23028536664083887,1.2871085133067046,0.8700000000000001,10
industry_concept__score_breakout__top5__rb5,industry_concept,score_breakout,5,5,5,483,0.0003698446521462895,0.00019294536450442656,0.3206217667024593,0.15910998936933457,-0.2976307160121956,0.5072463768115942,0.18784006684587706,-0.18195172095336298,-0.6799550729043545,0.8581046987531172,97,93,0.14270203126874725,0.4354224696749891,0.41990439618335884,1.073051113100752,-0.2354766280869982,0.5591397849462365,0.05468683869726565,0.355374775551492,0.9967382960547606,0.8527938678316032,19
tradable_theme__score_volume_confirm__top20__rb5,tradable_theme,score_volume_confirm,20,5,5,483,-0.007056120214637418,-0.0036876875572513512,0.3418463350422086,0.15592599962851938,-0.31389195357952904,0.5113871635610766,0.19005875999688016,-0.166698816017136,-1.0318355189326343,0.9072322924244092,97,93,0.044514027441899806,0.12525665123426077,0.3346579214759058,0.5200865461094454,-0.2109776690850993,0.5161290322580645,0.06018190415199798,0.06225820433484608,0.3608824442105507,0.9078947368421054,19
industry_concept__score_risk_adj__top10__rb5,industry_concept,score_risk_adj,10,5,5,483,0.01234503488037575,0.006421988575247006,0.2672261080823264,0.15577566585327987,-0.29642062458698193,0.5238095238095238,0.18784006684587706,-0.17976714694832785,-0.9176680430012959,0.853678405513769,97,93,0.015573602398964548,0.04276330381022775,0.2590575676226521,0.2914715185420163,-0.17649989349860307,0.5483870967741935,0.05468683869726565,-0.015816853546092635,0.010009077783809375,0.9108559645983895,19
industry_concept__score_volume_confirm__top5__rb1,industry_concept,score_volume_confirm,5,1,1,483,-0.013633714590166601,-0.007136590370696472,0.35822137709473656,0.15461537553305807,-0.26509992830540374,0.4989648033126294,0.18784006684587706,-0.1764097415618583,-0.6888180491290506,0.656489880268036,483,93,0.14243563042052942,0.43451587454511853,0.29954595411811397,1.35412371904784,-0.09547359488827956,0.4946236559139785,0.05468683869726565,0.34712546844732906,1.2712568067711976,0.6568815831640905,93
industry_concept__score_breakout__top10__rb5,industry_concept,score_breakout,10,5,5,483,-0.00122480401293934,-0.0006392154573402475,0.29842555573044005,0.14514522666375623,-0.29079778896463127,0.4989648033126294,0.18784006684587706,-0.17949007059203903,-0.8776589721117867,0.8087942177436849,97,93,0.12346925601400116,0.37089603777549285,0.3736258767092354,1.033544168700667,-0.21191174116950007,0.5591397849462365,0.05468683869726565,0.29267065321719454,0.9449493115664371,0.7799593604953866,19
tradable_theme__score_pullback_trend__top10__rb5,tradable_theme,score_pullback_trend,10,5,5,483,-0.014040853459543645,-0.007350430956918008,0.33817109087756003,0.14465184905706627,-0.3950017231860974,0.5113871635610766,0.19005875999688016,-0.1706002895760539,-1.0433108672574014,0.9702324240187301,97,93,0.319151447049846,1.1181646654440884,0.35202040807563745,2.3110499994902347,-0.12142606473235662,0.6236559139784946,0.06018190415199798,1.0170418746802303,2.8900013163662397,0.9796214782462302,19
industry__score_risk_adj__top5__rb1,industry,score_risk_adj,5,1,1,483,-0.0015369875324982019,-0.0008022014952531187,0.29407432169391834,0.1426843345697913,-0.23969035206447675,0.4865424430641822,0.17183939229863743,-0.17043120495999775,-0.6981250762452393,0.44850298177490144,483,93,-0.05786424115247013,-0.14914431997373467,0.28731934592234826,-0.4178505494984127,-0.2123687940639294,0.5376344086021505,0.022428170864180474,-0.1689545874129178,-0.7069411205965372,0.47433739282143683,93
industry__score_pullback_trend__top3__rb5,industry,score_pullback_trend,3,5,5,483,-0.029428875912009267,-0.015463844884441413,0.3657669731670475,0.13718906261620237,-0.41432143774451735,0.484472049689441,0.17183939229863743,-0.16429420527947736,-0.6494345137668304,0.9762593490298389,97,93,0.18137055221981924,0.5708802950084988,0.42110436398988815,1.2857018910926732,-0.18697419007909633,0.5483870967741935,0.022428170864180474,0.5475907807772227,1.3974738100288413,1.0,19
industry_concept__score_pullback_trend__top20__rb10,industry_concept,score_pullback_trend,20,10,10,483,-0.013445528443561838,-0.007037764071251784,0.3160581562958465,0.13339052304603038,-0.32966625595873356,0.5196687370600414,0.18784006684587706,-0.17089274460710724,-1.3427479349487872,0.9449693129704216,49,93,0.044123504090119336,0.12411702326701901,0.3031051974208105,0.5375166323605248,-0.12062873818073994,0.5161290322580645,0.05468683869726565,0.0695716816327887,0.42440404562184253,0.9550000000000001,10
tradable_theme__score_volume_confirm__top10__rb1,tradable_theme,score_volume_confirm,10,1,1,483,-0.02631914568784377,-0.013819291114375187,0.3517018857984751,0.13159172381446155,-0.2669484950422426,0.4989648033126294,0.19005875999688016,-0.17954099907629528,-0.8396408220874998,0.6071737620838527,483,93,0.08096090989208848,0.2348498805563306,0.297991785277384,0.8566034064343663,-0.14089223930195216,0.5161290322580645,0.06018190415199798,0.15659202360189406,0.7068683949154183,0.6326086438393088,93
tradable_theme__score_risk_adj__top5__rb1,tradable_theme,score_risk_adj,5,1,1,483,-0.005995882481941384,-0.003132785144527306,0.2790689710691513,0.1263539960121473,-0.2978291936648564,0.4720496894409938,0.19005875999688016,-0.19357869824882779,-0.7852277386510229,0.4739860172597688,483,93,-0.04736196670982806,-0.12319816345204693,0.25670969962654855,-0.38325128118592133,-0.15056351386807187,0.4946236559139785,0.06018190415199798,-0.1807901233272986,-0.8399683866865563,0.4784693768807021,93
industry_concept__score_pullback_trend__top5__rb1,industry_concept,score_pullback_trend,5,1,1,483,-0.042410359404115416,-0.02235636540870467,0.374478659610611,0.12433880335031226,-0.323508449750017,0.5072463768115942,0.18784006684587706,-0.17933723562216075,-0.8013437076047297,0.6892392289225218,483,93,-0.1619759787260181,-0.3804879146923926,0.4317550788883141,-0.886479317448212,-0.31195690362677264,0.4838709677419355,0.05468683869726565,-0.4097322395972166,-1.2418222531596899,0.6935532533266794,93
tradable_theme__score_low_vol_mom__top3__rb5,tradable_theme,score_low_vol_mom,3,5,5,483,-0.012809058057212108,-0.00670358727583753,0.28989348539288007,0.12074804596027243,-0.28986926337354035,0.4824016563146998,0.19005875999688016,-0.19550199167031135,-0.7593342741118018,0.8388660857628326,97,93,0.11307849433960748,0.33681062189231326,0.2847251033345018,1.1625666915739943,-0.1145362641308647,0.5053763440860215,0.06018190415199798,0.25602906789127955,1.1450650871652386,0.8070175438596492,19
tradable_theme__score_volume_confirm__top5__rb10,tradable_theme,score_volume_confirm,5,10,10,483,-0.026016226432897027,-0.013659229255337024,0.3162888909341504,0.11237726643128033,-0.38977160414092393,0.494824016563147,0.19005875999688016,-0.18660906306656222,-0.9369003273200364,0.9836734693877551,49,93,0.21860735572822132,0.7086896436873127,0.3467622486253771,1.718104833913542,-0.12522614004992116,0.5161290322580645,0.06018190415199798,0.6176739903738215,1.9307138512944575,0.9600000000000002,10
industry_concept__score_volume_confirm__top5__rb10,industry_concept,score_volume_confirm,5,10,10,483,-0.025652037502228553,-0.013466824151526002,0.31292815087165865,0.1111312881507704,-0.3787333732608983,0.494824016563147,0.18784006684587706,-0.1861487677104412,-0.9294076625679448,0.9877551020408164,49,93,0.18427313065667583,0.5813605109250242,0.3471050205691108,1.4932224845283997,-0.14011406607369636,0.5161290322580645,0.05468683869726565,0.5033385233766603,1.6362390131218314,0.9600000000000002,10
tradable_theme__score_pullback_trend__top3__rb5,tradable_theme,score_pullback_trend,3,5,5,483,-0.050058160611336056,-0.026437895897062802,0.3714651826032977,0.11098028813516686,-0.4236144526040506,0.484472049689441,0.19005875999688016,-0.18870050008757644,-0.7608717843617651,0.9794429185484088,97,93,0.19440711384914167,0.6182963911605694,0.3960846582928192,1.414972879855162,-0.17312604727213154,0.5591397849462365,0.06018190415199798,0.5344521198381851,1.4759154741797744,1.0,19
tradable_theme__score_volume_confirm__top5__rb1,tradable_theme,score_volume_confirm,5,1,1,483,-0.04173868293910077,-0.02199864653628536,0.3534707007825594,0.10917752942660076,-0.28569503228984217,0.484472049689441,0.19005875999688016,-0.19100176718721984,-0.7708666795219107,0.6597962950908731,483,93,0.12612702344637694,0.3797015730749904,0.2967164156164776,1.232730775710765,-0.10476569659800417,0.4838709677419355,0.06018190415199798,0.2914430050565959,1.1473409459324997,0.6719233157002642,93
industry__score_pullback_trend__top5__rb1,industry,score_pullback_trend,5,1,1,483,-0.050322828758078586,-0.02657942660168544,0.36727763593289414,0.10840441364141494,-0.3568236997177616,0.4906832298136646,0.17183939229863743,-0.1695177021174714,-0.7543133317069044,0.6667645775125802,483,93,-0.19922625365839342,-0.4522999824178111,0.43278637230357686,-1.1674897115558789,-0.3175985194037503,0.4946236559139785,0.022428170864180474,-0.460074201297735,-1.4728702934301745,0.6702039638495294,93
industry__score_low_vol_mom__top20__rb10,industry,score_low_vol_mom,20,10,10,483,-0.016801452569414455,-0.008801489302990517,0.28203952546535027,0.10634283387332998,-0.32097703115806364,0.505175983436853,0.17183939229863743,-0.16803881394456033,-1.1363543817932462,0.874540364196201,49,93,0.1443182137985175,0.440930288928042,0.26306068179468683,1.5216879105481083,-0.09573584590217277,0.5591397849462365,0.022428170864180474,0.4106921804394321,1.9834004926318611,0.9000255051599648,10
industry__score_risk_adj__top5__rb5,industry,score_risk_adj,5,5,5,483,-0.01760208789209794,-0.009222692990008219,0.2741877191006916,0.10180759677298562,-0.2864646238818608,0.5072463768115942,0.17183939229863743,-0.1808584849365139,-0.7794717050284039,0.841305264233607,97,93,-0.03061934978319536,-0.0808126566227706,0.2978029538078327,-0.13343126040095984,-0.17808598049334312,0.5268817204301075,0.022428170864180474,-0.10196185570601435,-0.3326328928781592,0.863438507479834,19
industry_concept__score_volume_confirm__top10__rb10,industry_concept,score_volume_confirm,10,10,10,483,-0.03735167160493236,-0.019665172212453785,0.32314143997123895,0.09802131963414033,-0.3590037401294124,0.515527950310559,0.18784006684587706,-0.184926911286586,-1.0781801710073424,0.9735075987236264,49,93,0.14086147602529464,0.4291662062096113,0.3211079831270187,1.272500046496144,-0.1571006061828738,0.5376344086021505,0.05468683869726565,0.36253290854853093,1.4824205244459079,0.97,10
industry_concept__score_pullback_trend__top3__rb5,industry_concept,score_pullback_trend,3,5,5,483,-0.06120837832333759,-0.032416885268288564,0.3709917521429932,0.09406645424516835,-0.4209341298641287,0.4824016563146998,0.18784006684587706,-0.19223119204382633,-0.7879116903714825,0.9794429185484088,97,93,0.19440711384914167,0.6182963911605694,0.3960846582928192,1.414972879855162,-0.17312604727213154,0.5591397849462365,0.05468683869726565,0.5419624230627065,1.488768996869058,1.0,19
tradable_theme__score_mom_10_20__top20__rb10,tradable_theme,score_mom_10_20,20,10,10,483,-0.05486934271979127,-0.029013616980252954,0.35657982578890657,0.0917987265273388,-0.3366802758779579,0.494824016563147,0.19005875999688016,-0.18549344150887803,-1.0733398386431376,0.9193877551020411,49,93,0.48567637548780174,1.9232043071602551,0.39246227290857333,2.934860303159819,-0.1993577488114704,0.5591397849462365,0.06018190415199798,1.7824694933644887,3.4721215021127243,0.8050583016783154,10
tradable_theme__score_low_vol_mom__top20__rb10,tradable_theme,score_low_vol_mom,20,10,10,483,-0.025988662482022917,-0.01364466570699363,0.2801723949198841,0.08782588876231769,-0.3308668119328685,0.4968944099378882,0.19005875999688016,-0.19083495168381448,-1.1743558196174961,0.9183682461986951,49,93,0.10134954416225517,0.29898370682586495,0.24759104541073837,1.1811462679245432,-0.10890451049675842,0.5161290322580645,0.06018190415199798,0.22335064744708144,1.3769685578631201,0.945,10
industry_concept__score_risk_adj__top5__rb1,industry_concept,score_risk_adj,5,1,1,483,-0.026324395460037064,-0.013822065292229624,0.2778586492811851,0.08689459154894794,-0.3043191743674607,0.4699792960662526,0.18784006684587706,-0.20145873922112634,-0.8227281232384597,0.47523746764603186,483,93,-0.03755988448650993,-0.09853652441792027,0.25205296404683347,-0.28506327036158635,-0.14173643809314096,0.4946236559139785,0.05468683869726565,-0.15351704801413735,-0.7075335917297408,0.4742014614960137,93
industry_concept__score_volume_confirm__top20__rb5,industry_concept,score_volume_confirm,20,5,5,483,-0.05369049964226147,-0.028381931022402163,0.34642954512184426,0.08564490250592668,-0.3179883050272253,0.5010351966873706,0.18784006684587706,-0.18508185110093145,-1.1605826837873696,0.909285275461272,97,93,0.02702558308749725,0.07493321845522694,0.3354429569983047,0.38323818041864116,-0.2144526435644294,0.5268817204301075,0.05468683869726565,0.019568513435503698,0.20621716243213312,0.9105263160603816,19
tradable_theme__score_breakout__top10__rb10,tradable_theme,score_breakout,10,10,10,483,-0.03711969297971407,-0.01954192329114457,0.3049394577242236,0.08386862037269815,-0.2944571318611584,0.4720496894409938,0.19005875999688016,-0.1927785298304464,-1.0502194909844462,0.9347869592942204,49,93,0.19992338024460232,0.6386284609366819,0.31121844632105955,1.7436615692759259,-0.13584959331752278,0.5698924731182796,0.06018190415199798,0.5429526068921617,1.8974984911613226,0.8704816721242732,10
industry_concept__score_mom_10_20__top20__rb10,industry_concept,score_mom_10_20,20,10,10,483,-0.061077552504512966,-0.03234653731350723,0.35866809849680065,0.0835826980604281,-0.3245915041844778,0.4886128364389234,0.18784006684587706,-0.18650518733040466,-1.0810560666618199,0.9153061224489798,49,93,0.475672735958095,1.8701760223220618,0.39159352805802683,2.8935552042254256,-0.1993577488114704,0.5591397849462365,0.05468683869726565,1.7453371985682944,3.433386800834622,0.8000497872750113,10
industry__score_risk_adj__top10__rb5,industry,score_risk_adj,10,5,5,483,-0.026501615342801044,-0.013915719167138851,0.2678256770279668,0.08022387989574409,-0.30574938891598347,0.5072463768115942,0.17183939229863743,-0.18043190297970846,-0.9531843623919569,0.8247602842441331,97,93,-0.06364421001098475,-0.1632146803333283,0.26783955350195965,-0.530019833287427,-0.21467914115884967,0.5268817204301075,0.022428170864180474,-0.1817118348564073,-0.9317436095848193,0.8421841683352954,19
industry_concept__score_breakout__top3__rb5,industry_concept,score_breakout,3,5,5,483,-0.06022258556529769,-0.03188691793676457,0.3462156689352353,0.07777016798943762,-0.3642343048781317,0.505175983436853,0.18784006684587706,-0.21057833303051632,-0.6638781937706659,0.866253637675441,97,93,0.19979467341098323,0.638152242336236,0.46650275606801844,1.2926803998905863,-0.2801229240982045,0.5376344086021505,0.05468683869726565,0.5493687840760921,1.245151199387276,0.8604183578034832,19
industry_concept__score_volume_confirm__top10__rb1,industry_concept,score_volume_confirm,10,1,1,483,-0.06177609430400233,-0.03272221312035184,0.3522249795650736,0.07742140706431462,-0.2818322019571706,0.4968944099378882,0.18784006684587706,-0.19425435117564294,-0.9118340440026523,0.6000321686826778,483,93,0.07684970462608498,0.2221652469981863,0.29967441032969827,0.8190454730986364,-0.144567066911086,0.5268817204301075,0.05468683869726565,0.15107224147481046,0.6874736917054329,0.6261681954456975,93
industry__score_low_vol_mom__top10__rb5,industry,score_low_vol_mom,10,5,5,483,-0.032776152130227,-0.01723684144080906,0.27851426492398546,0.0753947263074193,-0.3090386516889766,0.5031055900621118,0.17183939229863743,-0.18188427237833593,-0.9234835282205259,0.7161057884922662,97,93,0.040813102647581534,0.11448582910272243,0.272379206196894,0.5348937498153078,-0.14724111171747656,0.5053763440860215,0.022428170864180474,0.08929539287320898,0.5222244435529614,0.7375769315640229,19
tradable_theme__score_low_vol_mom__top5__rb5,tradable_theme,score_low_vol_mom,5,5,5,483,-0.03280897441024444,-0.017254241372849588,0.27293702243492424,0.07163213745255753,-0.2980248879208254,0.5010351966873706,0.19005875999688016,-0.20397945170170306,-0.8972488822407488,0.8065520266296061,97,93,0.023921202801770347,0.06615169421632205,0.2816713025851081,0.3686730665791084,-0.1579026831612821,0.4946236559139785,0.06018190415199798,0.00302070062671822,0.11942873614008477,0.7684210526315791,19
tradable_theme__score_volume_confirm__top10__rb10,tradable_theme,score_volume_confirm,10,10,10,483,-0.05154243362540456,-0.027231851485234437,0.31865999667878087,0.07065579712969754,-0.36195174974251665,0.5134575569358178,0.19005875999688016,-0.19268502799725418,-1.1823929184943514,0.9735075987236266,49,93,0.21614283802618517,0.6993420933014025,0.3232255189967082,1.8028394401943395,-0.1509353649124091,0.5591397849462365,0.06018190415199798,0.6132296590808675,2.235647673820014,0.9700000000000001,10
industry__score_mom_5_10__top20__rb10,industry,score_mom_5_10,20,10,10,483,-0.06511619459109363,-0.03452037111549622,0.3361471396694968,0.06086240325233894,-0.3049508595830691,0.5072463768115942,0.17183939229863743,-0.17731635843149585,-1.1236828800554906,0.916326530612245,49,93,0.4093461980568318,1.5339022952399453,0.36721204175931865,2.7196622134831725,-0.17918692716705253,0.5806451612903226,0.022428170864180474,1.505302814125117,3.4204239485578225,0.8300683397662164,10
industry_concept__score_low_vol_mom__top20__rb10,industry_concept,score_low_vol_mom,20,10,10,483,-0.043014805129316214,-0.02267838139122824,0.2822329631343894,0.056690151714692445,-0.32284522929735104,0.4989648033126294,0.18784006684587706,-0.19669587010464784,-1.2105391975520539,0.9102086967837493,49,93,0.10406683197269717,0.3076862721945215,0.2496324916272949,1.2003310414754647,-0.11292044263532619,0.5161290322580645,0.05468683869726565,0.2382344783926742,1.4454830528049496,0.9400000000000001,10
industry_concept__score_breakout__top10__rb10,industry_concept,score_breakout,10,10,10,483,-0.05247989855258539,-0.027733619024867262,0.30463969715083306,0.05613736602216999,-0.2908678919381076,0.474120082815735,0.18784006684587706,-0.19845685353937703,-1.0849175685002908,0.9327461429676898,49,93,0.2178354876028079,0.7057585823211718,0.311880677657922,1.8695940726576765,-0.13584959331752278,0.5698924731182796,0.05468683869726565,0.6137469906872379,2.0639515171878253,0.8704816721242732,10
industry__score_breakout__top5__rb5,industry,score_breakout,5,5,5,483,-0.059279180986365976,-0.031379987625234085,0.3153190069504458,0.05557207827585298,-0.34103191378194964,0.5010351966873706,0.17183939229863743,-0.19478162238063357,-0.7343891421947712,0.8191716249971873,97,93,0.17887956004213423,0.5619212073738606,0.4295960102795979,1.256880535064686,-0.2786593285963801,0.6236559139784946,0.022428170864180474,0.5311957812383719,1.3160487610224283,0.8323414738338312,19
tradable_theme__score_breakout__top3__rb5,tradable_theme,score_breakout,3,5,5,483,-0.07334772885550922,-0.03896501643943118,0.3431070452972008,0.053986094415867956,-0.37311355194164453,0.5031055900621118,0.19005875999688016,-0.21772331671586553,-0.7047358621852157,0.866253637675441,97,93,0.24319272707248119,0.8037183865490203,0.468771341245165,1.4945150350897038,-0.2801229240982045,0.5591397849462365,0.06018190415199798,0.6992052067427079,1.4629554529338322,0.8779622174526059,19
tradable_theme__score_low_vol_mom__top10__rb10,tradable_theme,score_low_vol_mom,10,10,10,483,-0.039650349401589624,-0.02088721522018666,0.26658793591817614,0.052144703801206276,-0.3102218894877812,0.5196687370600414,0.19005875999688016,-0.20307605363738868,-1.0762378878248813,0.9163356358068002,49,93,0.09514566355100551,0.2792519366954569,0.24439201372930333,1.1305856340654197,-0.12091369526297147,0.5591397849462365,0.06018190415199798,0.1997070039272857,1.123988507073181,0.9400000000000001,10
industry__score_volume_confirm__top10__rb10,industry,score_volume_confirm,10,10,10,483,-0.07030651279524192,-0.03732071034919959,0.33132046405138166,0.0479664060415005,-0.340767137012593,0.494824016563147,0.17183939229863743,-0.1841945843749715,-1.0118067323761701,0.9551020408163267,49,93,0.20872673954309517,0.6714087601470731,0.3293963012125326,1.7246274580939271,-0.1531616637544585,0.5591397849462365,0.022428170864180474,0.6484255288618708,2.2133527300495346,0.93,10
industry__score_pullback_trend__top5__rb5,industry,score_pullback_trend,5,5,5,483,-0.08039653932346591,-0.04278607665509526,0.3447774686418701,0.04256606385748598,-0.3799514314430642,0.4906832298136646,0.17183939229863743,-0.18681425926396056,-0.958218820704089,0.9673456752526073,97,93,0.2570603618183791,0.858758929996549,0.37243437059118834,1.8530600256662462,-0.15439327367798428,0.5913978494623656,0.022428170864180474,0.835018630390749,2.2224126267628033,0.9898734172836395,19
tradable_theme__score_low_vol_mom__top5__rb10,tradable_theme,score_low_vol_mom,5,10,10,483,-0.046158225373467476,-0.024354596259151262,0.2668480222454924,0.0400914798183605,-0.26780496184369995,0.5113871635610766,0.19005875999688016,-0.21066698552150387,-0.9440221826479905,0.9143013775747489,49,93,0.07178235765839425,0.2066440755369101,0.26016135142007335,0.8523871316774986,-0.10863497478474582,0.5053763440860215,0.06018190415199798,0.13159011082199035,0.7256842469159038,0.9600460372106255,10
industry__score_pullback_trend__top20__rb10,industry,score_pullback_trend,20,10,10,483,-0.0692058773325912,-0.0367262596285437,0.307945310189544,0.029929676781016903,-0.3700430218600943,0.515527950310559,0.17183939229863743,-0.18190704943810565,-1.5735726026519983,0.9236135985387331,49,93,0.06252368549401455,0.1786074009821994,0.2991061395682349,0.6992533446955558,-0.10874198912521715,0.5268817204301075,0.022428170864180474,0.15980714891385106,0.8180036384042572,0.94500973096322,10
industry__score_low_vol_mom__top10__rb1,industry,score_low_vol_mom,10,1,1,483,-0.0625581225105648,-0.0331429466640325,0.2878799834376262,0.0260684752394731,-0.26303210356393936,0.4865424430641822,0.17183939229863743,-0.1945763743706258,-0.9424076453553336,0.36829965357803107,483,93,0.07763576873422884,0.22458416618523458,0.24688311435521434,0.9446707617682522,-0.09731095322636663,0.5483870967741935,0.022428170864180474,0.18876786868245077,0.9491078970276664,0.3877699934591088,93
industry__score_volume_confirm__top20__rb5,industry,score_volume_confirm,20,5,5,483,-0.08890182427013738,-0.04741536830783777,0.3318924815840166,0.016142242847869116,-0.3254996218464197,0.5010351966873706,0.17183939229863743,-0.18943996157568876,-1.228769505470031,0.8639312227467529,97,93,0.06826128430005496,0.1959327103407924,0.3414170716283215,0.6953722637491914,-0.22092438776049106,0.5483870967741935,0.022428170864180474,0.1715566868657168,0.7062744302587993,0.8711089649760881,19
industry__score_breakout__top10__rb1,industry,score_breakout,10,1,1,483,-0.07827926238829297,-0.04163686351597762,0.3044598096835611,0.01176947748346074,-0.28180961227375134,0.4824016563146998,0.17183939229863743,-0.19943237804245684,-0.9182936985067865,0.5171100940905963,483,93,0.5007964976469594,2.0045208379920147,0.35295263191257464,3.2997125001221193,-0.14390896918596385,0.6021505376344086,0.022428170864180474,1.9258462019054345,3.5695708611062384,0.530690525101967,93
industry_concept__score_pullback_trend__top10__rb10,industry_concept,score_pullback_trend,10,10,10,483,-0.08852251745779194,-0.04720847844241549,0.320297833129987,0.006636724067649748,-0.32699952646028196,0.5175983436853002,0.18784006684587706,-0.20634114551730975,-1.3845918044239567,0.9633236685350534,49,93,0.08394398335623898,0.24410558975728325,0.34512331838438853,0.8053945922401423,-0.11954755102372983,0.5376344086021505,0.05468683869726565,0.18319598522521474,0.7586913014298963,0.9600000000000002,10
industry_concept__score_volume_confirm__top3__rb10,industry_concept,score_volume_confirm,3,10,10,483,-0.09454943357387036,-0.05050069882614705,0.3254109902900694,0.0007859006632605025,-0.4193541403171481,0.4865424430641822,0.18784006684587706,-0.21796725700826647,-0.9784690061255569,1.0,49,93,0.06968038162900925,0.20024246038462068,0.34973422591348374,0.6958000361818363,-0.1762633280197946,0.5161290322580645,0.05468683869726565,0.1420053823376033,0.6228829331284432,0.9333333333333333,10
tradable_theme__score_volume_confirm__top20__rb1,tradable_theme,score_volume_confirm,20,1,1,483,-0.10619227816648646,-0.056890454850274996,0.3464725434914702,-1.6239950144407686e-05,-0.2903566497480883,0.4886128364389234,0.19005875999688016,-0.21333641185750596,-1.1841314473336064,0.5514179082886239,483,93,0.10549591333390729,0.3122778629264906,0.3143086908198229,1.0221211927073555,-0.15774341394824198,0.5376344086021505,0.06018190415199798,0.23273039255066097,0.9387189297788646,0.5644778059229939,93
industry__score_risk_adj__top10__rb1,industry,score_risk_adj,10,1,1,483,-0.07624307810748965,-0.04053285608178925,0.2885872567434666,-0.0001338193566527487,-0.27392791977327846,0.494824016563147,0.17183939229863743,-0.19996397339426664,-0.9985568940165407,0.43194985516012,483,93,-0.01880852830137314,-0.0501492662044819,0.2936200264891749,-0.0279270339812983,-0.20197656065321246,0.5268817204301075,0.022428170864180474,-0.07341149494641153,-0.19937624721974603,0.4243148738975204,93
tradable_theme__score_pullback_trend__top10__rb10,tradable_theme,score_pullback_trend,10,10,10,483,-0.0963947521342653,-0.051510803729869714,0.3223183844190347,-0.005418481245016652,-0.3254484799694044,0.515527950310559,0.19005875999688016,-0.21032131253749808,-1.4384853783045786,0.9714406644312958,49,93,0.08233018699440176,0.23909298060350204,0.3460656282662442,0.7924635169603749,-0.12076305527129039,0.5376344086021505,0.06018190415199798,0.17279299704985052,0.7256267771147479,0.9600000000000002,10
industry__score_mom_10_20__top10__rb10,industry,score_mom_10_20,10,10,10,483,-0.1214258553514701,-0.06531128147679932,0.3568314165417837,-0.014245931152017048,-0.3383497590202881,0.5134575569358178,0.17183939229863743,-0.20415774482779203,-1.0211224472868532,0.9204081632653063,49,93,0.5732499542869047,2.413959456392652,0.4632088296777705,2.8883919505288485,-0.19859563783023515,0.5913978494623656,0.022428170864180474,2.3784250479789795,3.2804949107515737,0.8301056193527027,10
industry_concept__score_volume_confirm__top20__rb1,industry_concept,score_volume_confirm,20,1,1,483,-0.11836344968116252,-0.0636128689395733,0.34871927674581116,-0.018406541598025686,-0.30033209499406643,0.4824016563146998,0.18784006684587706,-0.21731953691694372,-1.204889969310042,0.5435932553703993,483,93,0.0916947630367777,0.2683585310521175,0.3152648915986896,0.9119069942036899,-0.16960697643913836,0.5376344086021505,0.05468683869726565,0.19745432111269867,0.8232883801173435,0.5601722340672766,93
industry__score_mom_10_20__top20__rb10,industry,score_mom_10_20,20,10,10,483,-0.11525258501042646,-0.06189046736552539,0.3391100141703114,-0.02189192771876898,-0.33587693425380427,0.4927536231884058,0.17183939229863743,-0.2007145380712677,-1.2521017177292575,0.892857142857143,49,93,0.43125538443562017,1.642063190706093,0.3808102472001965,2.7461375048586656,-0.1904460521539333,0.5913978494623656,0.022428170864180474,1.6099544017761995,3.345033746918511,0.7803643439869243,10
industry__score_risk_adj__top20__rb1,industry,score_risk_adj,20,1,1,483,-0.09364742643094648,-0.050007309361472685,0.29616133634453295,-0.02638429772952714,-0.25072402416474493,0.4989648033126294,0.17183939229863743,-0.20239784588740495,-1.1829942388852415,0.3898657697864025,483,93,0.09885354970973337,0.29102214995859255,0.3064432518544991,0.9871336728911699,-0.14427378962832915,0.5913978494623656,0.022428170864180474,0.26209121752917763,1.0702539896383647,0.40193831817440057,93
tradable_theme__score_low_vol_mom__top3__rb10,tradable_theme,score_low_vol_mom,3,10,10,483,-0.09144710362642516,-0.0488047375797932,0.28360952432848496,-0.035697297512271575,-0.2834114088326919,0.494824016563147,0.19005875999688016,-0.2298435215190474,-0.9664700632472019,0.9591836734693877,49,93,0.14050411677350572,0.42795349847090125,0.290406383577053,1.372434157242257,-0.11328298202499709,0.5053763440860215,0.06018190415199798,0.34232964575966407,1.4216191736477455,0.933673731033385,10
industry_concept__score_low_vol_mom__top10__rb10,industry_concept,score_low_vol_mom,10,10,10,483,-0.08591239389178684,-0.04578592254817393,0.27246456868655994,-0.038224939937552806,-0.30617339253531006,0.5196687370600414,0.18784006684587706,-0.22104849540131732,-1.1955718155175565,0.9183673469387755,49,93,0.10137606056486348,0.29906845291438655,0.24826916389141349,1.1787820204361865,-0.12091369526297135,0.5483870967741935,0.05468683869726565,0.22519461911249405,1.2303265508123828,0.9400364644877353,10
industry__score_mom_5_10__top10__rb10,industry,score_mom_5_10,10,10,10,483,-0.1448758894279567,-0.07841170810276865,0.36374572462935606,-0.045508525489958165,-0.3408662642109197,0.4968944099378882,0.17183939229863743,-0.21228990786603774,-1.1100237282839138,0.9346938775510204,49,93,0.6191874875433911,2.690861357539524,0.4273436314777485,3.27663512591347,-0.19093995080399795,0.6236559139784946,0.022428170864180474,2.648498529889116,3.818152981309401,0.8601363068980976,10
industry_concept__score_low_vol_mom__top5__rb1,industry_concept,score_low_vol_mom,5,1,1,483,-0.10221051487254762,-0.054700752894722426,0.2932040672633146,-0.046181121408569524,-0.28972834822620763,0.4906832298136646,0.18784006684587706,-0.2321460450045464,-0.9567877259052721,0.4365635460848379,483,93,-0.01696234570564603,-0.04529870343885811,0.2749585730341124,-0.030751992881527985,-0.1694276744818507,0.5161290322580645,0.05468683869726565,-0.10072135683488148,-0.37412059379107276,0.4423612435550942,93
tradable_theme__score_pullback_trend__top3__rb1,tradable_theme,score_pullback_trend,3,1,1,483,-0.16461901101507137,-0.08957508828420702,0.39063149769855693,-0.047250715245489495,-0.36315772189494533,0.4782608695652174,0.19005875999688016,-0.23821993688164667,-0.9572601393495452,0.737765944062897,483,93,-0.25400871123787705,-0.5479884496415469,0.41346976891597353,-1.707880052079482,-0.34781728483514873,0.4838709677419355,0.06018190415199798,-0.5731607949168722,-2.1992303792831622,0.6909625667330828,93
tradable_theme__score_low_vol_mom__top5__rb1,tradable_theme,score_low_vol_mom,5,1,1,483,-0.11132600138999649,-0.05972055417250244,0.29352186179326767,-0.06410265012184523,-0.2952092527746416,0.4803312629399586,0.19005875999688016,-0.23748529624263037,-0.9809580600064008,0.44189516133750645,483,93,-0.02853353681921733,-0.07544356102209859,0.26995115815822834,-0.15511179184520799,-0.1830869511306198,0.4946236559139785,0.06018190415199798,-0.1328099897451891,-0.576343517992522,0.42502970056628603,93
industry_concept__score_low_vol_mom__top5__rb5,industry_concept,score_low_vol_mom,5,5,5,483,-0.10408309725909748,-0.055729967460391605,0.2730050209325543,-0.07433056170018877,-0.3288937716362551,0.4989648033126294,0.18784006684587706,-0.23462846913751545,-1.0497488925676317,0.8065406004748034,97,93,0.044403600388560616,0.12493432835213514,0.2927606189232995,0.5489576774849625,-0.13691027145183898,0.5161290322580645,0.05468683869726565,0.06280096652534728,0.38047022233372096,0.7583020892609365,19
tradable_theme__score_volume_confirm__top3__rb10,tradable_theme,score_volume_confirm,3,10,10,483,-0.13735216578840304,-0.07419004777777982,0.3173302322664462,-0.08593328552642113,-0.4297904318160315,0.4824016563146998,0.19005875999688016,-0.2389892361111029,-1.1499660246769545,1.0,49,93,0.18188042909932278,0.5727181027667576,0.38547432645711094,1.3659204746319122,-0.14998461306412103,0.5053763440860215,0.06018190415199798,0.4972973986649185,1.5046441463662,0.9333333333333333,10
industry_concept__score_volume_confirm__top10__rb5,industry_concept,score_volume_confirm,10,5,5,483,-0.14924612454442332,-0.08087206313296624,0.3337522764405575,-0.08832648743933093,-0.34385178271986416,0.5031055900621118,0.18784006684587706,-0.23405988566541425,-1.3850620479776825,0.9402198214773441,97,93,-0.022067331583979444,-0.058673267860052336,0.3406081539434174,-0.007591861723110789,-0.19960475617641993,0.4946236559139785,0.05468683869726565,-0.1057959468030667,-0.2853644016223352,0.9421147767526312,19
industry__score_low_vol_mom__top5__rb5,industry,score_low_vol_mom,5,5,5,483,-0.11728468846999474,-0.0630152593378136,0.2803154402912598,-0.09320633257273878,-0.3441996780540816,0.4927536231884058,0.17183939229863743,-0.22494889353549896,-0.9969275363781795,0.7694987885448434,97,93,0.12098585906565607,0.36270033733039475,0.2892192611063992,1.2152514110565928,-0.1372194668393919,0.5268817204301075,0.022428170864180474,0.3307638318932351,1.3652429340432028,0.7581234265001499,19
tradable_theme__score_breakout__top3__rb10,tradable_theme,score_breakout,3,10,10,483,-0.16114446165317065,-0.08760139274142009,0.344697478441113,-0.09834901557473921,-0.3423419771268461,0.4906832298136646,0.19005875999688016,-0.25223567911487943,-0.9752901721139006,0.9524042684582261,49,93,0.21583713698343665,0.6981848693463171,0.43223185238170875,1.441202275032033,-0.13625581073752768,0.5376344086021505,0.06018190415199798,0.6116478527232505,1.4898434662453592,0.9666666666666666,10
industry__score_low_vol_mom__top5__rb10,industry,score_low_vol_mom,5,10,10,483,-0.11530750317371252,-0.06192084892814598,0.2735036620532613,-0.09855270419096203,-0.29956166969233833,0.5217391304347826,0.17183939229863743,-0.22412962903804834,-1.037815658293719,0.9102650367707792,49,93,0.05990532983037711,0.17075393302669295,0.29058646800378146,0.6880494789247168,-0.14475876415263056,0.5161290322580645,0.022428170864180474,0.1436378903087021,0.7003095368804874,0.9600460372106255,10
industry_concept__score_low_vol_mom__top3__rb5,industry_concept,score_low_vol_mom,3,5,5,483,-0.12757039044079788,-0.06872760701329894,0.2862213204285309,-0.10629102926450149,-0.3156055912750243,0.4720496894409938,0.18784006684587706,-0.24571087585348284,-1.0114740320625233,0.8389588502741123,97,93,0.007453925536100803,0.020326658542650478,0.28888040649050556,0.21450985472406822,-0.1295241842068785,0.5161290322580645,0.05468683869726565,-0.036706253750088624,-0.05131337197083639,0.8070175438596492,19
industry_concept__score_breakout__top3__rb10,industry_concept,score_breakout,3,10,10,483,-0.16700731778401756,-0.0909340283142579,0.34501776685954705,-0.10853959701959434,-0.342341977126846,0.4886128364389234,0.18784006684587706,-0.25405955799052093,-0.9774295014434283,0.9524042684582261,49,93,0.21583713698343665,0.6981848693463171,0.43223185238170875,1.441202275032033,-0.13625581073752768,0.5376344086021505,0.05468683869726565,0.619673193544588,1.5025817929984309,0.9666666666666666,10
industry_concept__score_mom_5_10__top10__rb10,industry_concept,score_mom_5_10,10,10,10,483,-0.18188548725135556,-0.09944197077493455,0.36261910424417676,-0.10959481500235496,-0.3442403121764921,0.5010351966873706,0.18784006684587706,-0.2441964282386001,-1.325838404208312,0.9612244897959183,49,93,0.5851455142577149,2.4843584017346485,0.42176174097847463,3.1773113146966487,-0.18679821801566376,0.6236559139784946,0.05468683869726565,2.3275446914841353,3.608362690430472,0.8800000000000001,10
industry__score_low_vol_mom__top3__rb5,industry,score_low_vol_mom,3,5,5,483,-0.13102418899478419,-0.07065295169800878,0.28608414130601545,-0.11375331694129383,-0.3331642500129727,0.4906832298136646,0.17183939229863743,-0.23326433282435532,-0.9488094944583946,0.8112900854599124,97,93,0.1805702463358716,0.5679983942568958,0.32541664287929545,1.5461790688359756,-0.16531347226179238,0.5053763440860215,0.022428170864180474,0.531477009435424,1.7020941986346418,0.7546085643797967,19
industry_concept__score_low_vol_mom__top5__rb10,industry_concept,score_low_vol_mom,5,10,10,483,-0.12588960623279222,-0.06779196058078951,0.272959742119979,-0.12148453154251654,-0.3185651526797485,0.515527950310559,0.18784006684587706,-0.24450701441967027,-1.1032262972872526,0.9224719193379712,49,93,0.10824261463898543,0.32113145804417975,0.26938523282083565,1.1690423886710777,-0.12819034331566947,0.5161290322580645,0.05468683869726565,0.24570170367242228,1.163116122942183,0.9600460372106255,10
industry_concept__score_pullback_trend__top3__rb1,industry_concept,score_pullback_trend,3,1,1,483,-0.21142861507897115,-0.11655824851493002,0.3921573268380056,-0.12218013660400678,-0.3671768733657117,0.4803312629399586,0.18784006684587706,-0.25951208214143395,-1.0626576147591498,0.7329779227711968,483,93,-0.22317997575646487,-0.49556676015297785,0.4217050675994705,-1.4071995592192987,-0.3350174474294568,0.4838709677419355,0.05468683869726565,-0.520715538868557,-1.835264643801031,0.6910015099362239,93
industry_concept__score_mom_10_20__top20__rb5,industry_concept,score_mom_10_20,20,5,5,483,-0.18821991257261184,-0.10308669500482948,0.3604939715840522,-0.12416288974197952,-0.3453262568137502,0.4886128364389234,0.18784006684587706,-0.24896318740427992,-1.3074355537203084,0.8191535227864225,97,93,0.173084353337718,0.5412031289654802,0.46364180297437096,1.1671702272209905,-0.27321501176495533,0.5698924731182796,0.05468683869726565,0.46950418092079893,1.1591009953208948,0.7474246320909488,19
tradable_theme__score_volume_confirm__top10__rb5,tradable_theme,score_volume_confirm,10,5,5,483,-0.16600631318410786,-0.09036423289354278,0.3285174886526673,-0.1262318693118037,-0.32328641909781786,0.4968944099378882,0.19005875999688016,-0.2436594386373414,-1.5009933357122354,0.9391858987379927,97,93,0.010106356562319396,0.027622118445583155,0.3421117222425771,0.25024650291980094,-0.19298654161207796,0.5053763440860215,0.06018190415199798,-0.02865838219469774,0.025740259836214446,0.9421052631578947,19
tradable_theme__score_mom_10_20__top20__rb5,tradable_theme,score_mom_10_20,20,5,5,483,-0.19310929659361975,-0.10590927690921526,0.3586204101741013,-0.13545580737661977,-0.35597746249109663,0.4865424430641822,0.19005875999688016,-0.2529770049073241,-1.3326092073431415,0.8201783136271227,97,93,0.17222212388412061,0.5381355328861266,0.4642067718950759,1.1620185762304338,-0.2756040875072383,0.5698924731182796,0.06018190415199798,0.45956917670603215,1.1423883385769402,0.7474246320909488,19
industry_concept__score_volume_confirm__top5__rb5,industry_concept,score_volume_confirm,5,5,5,483,-0.16977894618431266,-0.09251341549855241,0.3262897438185286,-0.1360413994592322,-0.3529181500717965,0.4906832298136646,0.18784006684587706,-0.24986994267292306,-1.2553859279010984,0.952608672291681,97,93,0.03570643040061383,0.09973100109799327,0.3676881474011961,0.4412577161083861,-0.1798945043750073,0.4946236559139785,0.05468683869726565,0.043509806150504815,0.29162596622608983,0.9368421052631579,19
industry__score_breakout__top10__rb5,industry,score_breakout,10,5,5,483,-0.14735397393448135,-0.07980607994340394,0.2909081864191406,-0.14124626526681286,-0.30926900445540784,0.4927536231884058,0.17183939229863743,-0.23211586652017513,-1.2033168288476277,0.755339548165818,97,93,0.11459570664498941,0.34175388763016623,0.38869878015546566,0.9533596805833823,-0.21834104953153177,0.5376344086021505,0.022428170864180474,0.3117321162230249,0.9678332216521975,0.75348769529137,19
tradable_theme__score_breakout__top5__rb10,tradable_theme,score_breakout,5,10,10,483,-0.1651346895351099,-0.08986835050552056,0.3160637372401657,-0.14341792468415504,-0.31312638148151417,0.4803312629399586,0.19005875999688016,-0.2536063250802253,-1.1990626889699758,0.9470139322305987,49,93,0.17774856582367327,0.5578641474344879,0.35346465953358,1.4308884375813993,-0.14734002634155663,0.5483870967741935,0.06018190415199798,0.46980019360435166,1.4783924977994365,0.9600130947841301,10
tradable_theme__score_volume_confirm__top5__rb5,tradable_theme,score_volume_confirm,5,5,5,483,-0.1722650172030913,-0.09393222714432103,0.3195698067299505,-0.15015556964846077,-0.3529078381197167,0.4906832298136646,0.19005875999688016,-0.2540387264138888,-1.2670207553983888,0.9546710776987362,97,93,0.052284723424545154,0.14808491298669635,0.37108878352330277,0.5566707700637358,-0.17198126093490562,0.4946236559139785,0.06018190415199798,0.08511014047253407,0.42015395115461757,0.9368421052631579,19
industry__score_low_vol_mom__top3__rb10,industry,score_low_vol_mom,3,10,10,483,-0.14667803297804205,-0.07942554858341111,0.28366084265795055,-0.15124493129244385,-0.2924153866629847,0.4886128364389234,0.17183939229863743,-0.23956132076499337,-1.026157204972044,0.9320412464620575,49,93,0.16943624499969245,0.5282504160771031,0.3204015454624888,1.4847611161739307,-0.15374880108256128,0.4946236559139785,0.022428170864180474,0.4935945673813924,1.6529434813438442,0.933673731033385,10
tradable_theme__score_pullback_trend__top5__rb10,tradable_theme,score_pullback_trend,5,10,10,483,-0.185230761643413,-0.101365098225486,0.3330678495748653,-0.15652162744421808,-0.35303340070973077,0.5093167701863354,0.19005875999688016,-0.2523596490680532,-1.515379756423865,0.9877551020408164,49,93,-0.02099646418720258,-0.055877563948899533,0.36268291836711025,0.022998857504660106,-0.16750485683913263,0.4946236559139785,0.06018190415199798,-0.10529159311698166,-0.24609788608782637,0.9600000000000002,10
industry_concept__score_breakout__top5__rb10,industry_concept,score_breakout,5,10,10,483,-0.1725962993377057,-0.09412144511056053,0.3159733461228522,-0.15836662313833053,-0.31486650489268153,0.4824016563146998,0.18784006684587706,-0.2561308022597697,-1.20913306632402,0.9470139322305987,49,93,0.16508792923608828,0.5129015875940712,0.3575812965723684,1.336506541642613,-0.1473400263415563,0.5483870967741935,0.05468683869726565,0.4350145347905974,1.3799546082968668,0.9600130947841301,10
industry__score_low_vol_mom__top5__rb1,industry,score_low_vol_mom,5,1,1,483,-0.16057899777505213,-0.08728055479623686,0.294034738832839,-0.164213880698384,-0.2757908016154357,0.4782608695652174,0.17183939229863743,-0.24404313775003006,-1.0411261836418195,0.4219363141216609,483,93,0.07989088145838297,0.23154047860227545,0.26919712439454613,0.9081296491208954,-0.12581114818887695,0.5161290322580645,0.022428170864180474,0.1957108761330948,0.8915381525188125,0.4187256757445525,93
industry__score_pullback_trend__top3__rb1,industry,score_pullback_trend,3,1,1,483,-0.2285307456610961,-0.1266069812796956,0.3819227231265687,-0.16550644826668898,-0.4018020305229182,0.45962732919254656,0.17183939229863743,-0.25483926239380883,-1.1124593230882476,0.6980517929827647,483,93,-0.22161646218640818,-0.4928109489122412,0.4712134335637913,-1.197434122348013,-0.36288138122081326,0.4731182795698925,0.022428170864180474,-0.5011398691558955,-1.43990881058466,0.6737598987150983,93
industry_concept__score_low_vol_mom__top3__rb10,industry_concept,score_low_vol_mom,3,10,10,483,-0.1568426937878128,-0.08516320994794802,0.2841468908097824,-0.1722216340378663,-0.3074743690228192,0.474120082815735,0.18784006684587706,-0.25926358073341815,-1.092534143202789,0.9592069895466616,49,93,-0.02149384682696598,-0.057176726939998646,0.26638552241584673,-0.08768282636527762,-0.1531454597540004,0.4838709677419355,0.05468683869726565,-0.11166422583022972,-0.469011456898797,0.933673731033385,10
tradable_theme__score_mom_5_10__top5__rb10,tradable_theme,score_mom_5_10,5,10,10,483,-0.22976294509746842,-0.12733508203831134,0.377597139034787,-0.1726891861514218,-0.36129063302063,0.4824016563146998,0.19005875999688016,-0.2714658151778606,-1.1965145242619648,0.9755102040816327,49,93,0.6774272287266563,3.061738222407423,0.5281768277091895,2.9222293235737324,-0.2595277813219268,0.5806451612903226,0.06018190415199798,2.9078645610082363,3.2798677065442696,0.9800000000000001,10
industry__score_mom_5_10__top20__rb5,industry,score_mom_5_10,20,5,5,483,-0.1998824730825043,-0.10983289910484195,0.33666184864205057,-0.17829136195214787,-0.37185394718127585,0.484472049689441,0.17183939229863743,-0.2454761168628985,-1.3457330982451126,0.8376771801633548,97,93,0.06926414776546097,0.1989773585484138,0.44908013246702694,0.6305273299612534,-0.28444823985077394,0.5376344086021505,0.022428170864180474,0.18308880410588935,0.6310691855221404,0.7894747373046934,19
industry_concept__score_mom_5_10__top5__rb10,industry_concept,score_mom_5_10,5,10,10,483,-0.23596171912999897,-0.13100638853036373,0.37924096878841834,-0.1816861145119176,-0.3661477931939864,0.484472049689441,0.18784006684587706,-0.2729958511150238,-1.2076757317047913,0.9755102040816327,49,93,0.6774272287266563,3.061738222407423,0.5281768277091895,2.9222293235737324,-0.2595277813219268,0.5806451612903226,0.05468683869726565,2.927942041404194,3.2924295569206503,0.9800000000000001,10
industry_concept__score_pullback_trend__top5__rb10,industry_concept,score_pullback_trend,5,10,10,483,-0.20023037685585343,-0.11003486380491201,0.33231996171343153,-0.18676721643281585,-0.36018296849775977,0.5113871635610766,0.18784006684587706,-0.2584640986563831,-1.5739133768671714,0.9836734693877551,49,93,-0.02099646418720258,-0.055877563948899533,0.36268291836711025,0.022998857504660106,-0.16750485683913263,0.4946236559139785,0.05468683869726565,-0.10072032028623634,-0.22835811265027658,0.9600000000000002,10
industry__score_mom_10_20__top20__rb5,industry,score_mom_10_20,20,5,5,483,-0.21132376562798372,-0.11649696514066665,0.3461365293464338,-0.18710723234070625,-0.34695883656465054,0.484472049689441,0.17183939229863743,-0.24829279132437165,-1.407085220774991,0.7902778157354183,97,93,0.1458489204884812,0.44615909113295427,0.4566235919791375,1.038582577943724,-0.2609880588123369,0.5806451612903226,0.022428170864180474,0.42701479458098834,1.1006196713968954,0.7263868493345589,19
industry__score_pullback_trend__top10__rb10,industry,score_pullback_trend,10,10,10,483,-0.19227380663178273,-0.10542638043897856,0.3207352063213281,-0.18951163179113356,-0.3657258079537197,0.4927536231884058,0.17183939229863743,-0.2407195464691304,-1.694479025410957,0.9388321340680094,49,93,0.0864629579491134,0.2519553094733773,0.3439298524922749,0.8249399983553978,-0.12960930713251784,0.5268817204301075,0.022428170864180474,0.2326985432435944,0.9205746170775171,0.9600000000000002,10
tradable_theme__score_mom_5_10__top10__rb10,tradable_theme,score_mom_5_10,10,10,10,483,-0.22964819271960724,-0.12726725189395183,0.36157474649546884,-0.19770152625928492,-0.3536528061057005,0.4906832298136646,0.19005875999688016,-0.26884128732852985,-1.500177594393245,0.963265306122449,49,93,0.5851455142577149,2.4843584017346485,0.42176174097847463,3.1773113146966487,-0.18679821801566376,0.6236559139784946,0.06018190415199798,2.3108627326185114,3.594882971862036,0.8800000000000001,10
industry__score_low_vol_mom__top10__rb10,industry,score_low_vol_mom,10,10,10,483,-0.15899735177765384,-0.08638369485743469,0.2688758269585787,-0.20318639860624232,-0.31074005801914906,0.4968944099378882,0.17183939229863743,-0.2401683444633228,-1.3728899247817723,0.9020437847731917,49,93,0.06564830720413384,0.18802275664133794,0.2540376595392297,0.8057752161201666,-0.1208850181200608,0.5053763440860215,0.022428170864180474,0.1594480354839578,0.8890302389693954,0.9002465391866912,10
industry_concept__score_volume_confirm__top3__rb5,industry_concept,score_volume_confirm,3,5,5,483,-0.2089394478877974,-0.11510440738025896,0.3248395099095183,-0.21514910775855392,-0.386156651907856,0.47619047619047616,0.18784006684587706,-0.27334541827928904,-1.216572933500788,0.9656669491424785,97,93,-0.04329932704896944,-0.11302908985768356,0.3889706718537434,-0.11404825400814145,-0.23810907950620708,0.5268817204301075,0.05468683869726565,-0.15728169196041508,-0.361805197391567,0.9473684210526315,19
industry_concept__score_mom_5_10__top20__rb5,industry_concept,score_mom_5_10,20,5,5,483,-0.22885526470483963,-0.1267986840477492,0.34643705718950696,-0.21918115194879792,-0.3965090464302614,0.4865424430641822,0.18784006684587706,-0.27254034330954136,-1.4385669915495944,0.8691134260812459,97,93,0.05931020733263259,0.1689735475829055,0.4557768118520603,0.5722331897626247,-0.310206727285975,0.5698924731182796,0.05468683869726565,0.11441311471508464,0.4744194668580935,0.8026343415900293,19
industry__score_breakout__top10__rb10,industry,score_breakout,10,10,10,483,-0.18309816658884603,-0.10013867913012642,0.29059141761044877,-0.2199125151227059,-0.3416740976360162,0.4865424430641822,0.17183939229863743,-0.24657931577156844,-1.4573924757015972,0.8980340664289909,49,93,0.20407209020558148,0.6540256127879049,0.31282366850817783,1.7661743189025303,-0.13824106315432516,0.5376344086021505,0.022428170864180474,0.6192711985551771,2.0718853511313142,0.8604816721242731,10
industry__score_volume_confirm__top20__rb1,industry,score_volume_confirm,20,1,1,483,-0.22497271350685277,-0.1245076729835356,0.3382884185015361,-0.22736749742070866,-0.32696930280526926,0.4782608695652174,0.17183939229863743,-0.25608699752267294,-1.5514751478123086,0.4881009234488358,483,93,0.13072103331368456,0.3950061253663404,0.33255585000958215,1.1684928797359284,-0.17406943329984803,0.5806451612903226,0.022428170864180474,0.3617892324308396,1.2325125142380693,0.5295824274464982,93
industry_concept__score_mom_10_20__top10__rb10,industry_concept,score_mom_10_20,10,10,10,483,-0.2478678233672278,-0.13809812197709437,0.36370794357616654,-0.22858135046312444,-0.41194366541467964,0.4865424430641822,0.18784006684587706,-0.2784041969361173,-1.4449536464268995,0.9367346938775512,49,93,0.5652894571187821,2.3673538565934265,0.45981226497885663,2.876327539928377,-0.19948068699568933,0.5913978494623656,0.05468683869726565,2.2181732425970875,3.17137210759795,0.8500000000000002,10
industry_concept__score_mom_5_10__top20__rb1,industry_concept,score_mom_5_10,20,1,1,483,-0.24274657962775792,-0.1350411801601511,0.35696464531401095,-0.2290222408223102,-0.4030779535586624,0.4824016563146998,0.18784006684587706,-0.28147376675843305,-1.2836257444592647,0.40923224027418653,483,93,0.006868984517734988,0.0187222013594206,0.4489262535531074,0.2686102645091097,-0.3311332319548992,0.5483870967741935,0.05468683869726565,-0.03021075938028961,0.12041507172631256,0.391913026158498,93
tradable_theme__score_mom_10_20__top10__rb10,tradable_theme,score_mom_10_20,10,10,10,483,-0.2485660689565773,-0.13851568469481135,0.3627346733573016,-0.23140280828574536,-0.41478661864231514,0.484472049689441,0.19005875999688016,-0.2800798621303441,-1.4551266122864854,0.9367346938775512,49,93,0.5686648010402322,2.387065822805581,0.4592171257442347,2.892179066123098,-0.1977544708093707,0.5913978494623656,0.06018190415199798,2.220634354024128,3.1782736027805596,0.8500000000000002,10
industry__score_mom_10_20__top20__rb1,industry,score_mom_10_20,20,1,1,483,-0.242635611897566,-0.13497505159753898,0.35023250118267607,-0.24036140001627918,-0.3740150258225544,0.4886128364389234,0.17183939229863743,-0.2671631443474408,-1.310517263960497,0.3607082248058293,483,93,0.15758523489859178,0.48664772729286776,0.42637787873790944,1.1458071282411906,-0.2642060963438352,0.5913978494623656,0.022428170864180474,0.46479348304956125,1.2339054605597122,0.33531186354656106,93
tradable_theme__score_mom_5_10__top20__rb1,tradable_theme,score_mom_5_10,20,1,1,483,-0.2517762705092832,-0.14043783198279025,0.3562042103872194,-0.24782522233552634,-0.39823510066404855,0.4824016563146998,0.19005875999688016,-0.2873158120680771,-1.314274218958065,0.41177802936613306,483,93,0.005851766126639513,0.015935827009501358,0.4492007740356532,0.2627187158052044,-0.33351241495517103,0.5483870967741935,0.06018190415199798,-0.03781084070377916,0.10068382653911813,0.38977260880634235,93
tradable_theme__score_volume_confirm__top3__rb5,tradable_theme,score_volume_confirm,3,5,5,483,-0.23108564247480678,-0.12811727781858517,0.32938145784594497,-0.25282021841176294,-0.39043347756730407,0.474120082815735,0.19005875999688016,-0.2830136732132318,-1.3138926848549632,0.9622078009197923,97,93,0.05312490519242563,0.1505704942420789,0.4154873934831694,0.5437529396942611,-0.22220837508163216,0.5161290322580645,0.06018190415199798,0.09214391010660239,0.4271155781755822,0.9473684210526315,19
industry_concept__score_mom_5_10__top3__rb10,industry_concept,score_mom_5_10,3,10,10,483,-0.3119328120388509,-0.1772163370356139,0.4144947877139772,-0.26346576905702984,-0.39392796005258945,0.4865424430641822,0.18784006684587706,-0.31087828157518727,-1.1402377822695393,0.9931972789115647,49,93,0.45328816942726435,1.7537267216341874,0.5260070027265112,2.1907074234170896,-0.3154845890115877,0.5591397849462365,0.05468683869726565,1.6739183121980914,2.4847740279839967,0.9666666666666666,10
tradable_theme__score_mom_5_10__top3__rb10,tradable_theme,score_mom_5_10,3,10,10,483,-0.3156587020808358,-0.17954390172841372,0.41350616934042356,-0.27192705328903977,-0.3939279600525897,0.4865424430641822,0.19005875999688016,-0.3139291566897605,-1.1608909209144893,0.9931972789115647,49,93,0.45328816942726435,1.7537267216341874,0.5260070027265112,2.1907074234170896,-0.3154845890115877,0.5591397849462365,0.06018190415199798,1.6602795659444234,2.472378291606649,0.9666666666666666,10
tradable_theme__score_mom_5_10__top20__rb5,tradable_theme,score_mom_5_10,20,5,5,483,-0.2618856184568439,-0.1465168393520554,0.34508188647864324,-0.2875452374288954,-0.399721960776639,0.4782608695652174,0.19005875999688016,-0.2904325552008157,-1.5561798965894071,0.8701440073781616,97,93,0.06212871269506226,0.17742060160919348,0.456004319795549,0.5879747304066218,-0.3101451084257655,0.5698924731182796,0.06018190415199798,0.11681088681110374,0.4798478478724542,0.8026343415900293,19
industry__score_mom_5_10__top3__rb10,industry,score_mom_5_10,3,10,10,483,-0.318163963357572,-0.18111234835076495,0.40637243141498497,-0.28880032532982947,-0.4149134770232267,0.4906832298136646,0.17183939229863743,-0.30136770926242495,-1.1550768516175287,0.9863945578231293,49,93,0.3721908016658453,1.3569424474292195,0.5283947152996823,1.8874349399972237,-0.30933145282862584,0.5483870967741935,0.022428170864180474,1.363743581679516,2.1719149236790347,0.9666666666666666,10
industry__score_volume_confirm__top10__rb5,industry,score_volume_confirm,10,5,5,483,-0.2649144213013973,-0.14834587644090003,0.3468462390946347,-0.29281328870960993,-0.35388128427682985,0.484472049689441,0.17183939229863743,-0.2760204687164195,-1.568515415341299,0.9134625575324256,97,93,-0.031979360410582136,-0.08430284276224698,0.36964199061283154,-0.0534828880629473,-0.25102888248900723,0.5053763440860215,0.022428170864180474,-0.09951997317651284,-0.19598367089154153,0.9211383602690661,19
industry__score_mom_5_10__top20__rb1,industry,score_mom_5_10,20,1,1,483,-0.26825582443547114,-0.15036787347146807,0.34526792687205615,-0.3001788305421996,-0.36909981255279467,0.4865424430641822,0.17183939229863743,-0.28117621881206556,-1.4052904407865143,0.38934403257399175,483,93,0.04068976007596703,0.11412798950701752,0.4375989878593162,0.468599097409485,-0.30350428931320317,0.5591397849462365,0.022428170864180474,0.09764015047672392,0.43937062423467016,0.3708965107011337,93
industry__score_mom_10_20__top10__rb5,industry,score_mom_10_20,10,5,5,483,-0.2872647570643919,-0.16195583857547735,0.36577808870927425,-0.3015057065804619,-0.4235833506584169,0.47619047619047616,0.17183939229863743,-0.2898493476416154,-1.2927988919612416,0.8351524829210071,97,93,0.19259003356272486,0.611633964597819,0.5152699486457629,1.1863390341288935,-0.28799193307394044,0.5806451612903226,0.022428170864180474,0.5916644178391035,1.244203345239806,0.7790879476767785,19
industry__score_pullback_trend__top5__rb10,industry,score_pullback_trend,5,10,10,483,-0.25374071419015454,-0.14161601223404785,0.32844694886628356,-0.3028407744104683,-0.3588127384931564,0.4886128364389234,0.17183939229863743,-0.2721064513469812,-1.7103145281606242,0.9755102040816327,49,93,-0.011344845028336104,-0.030443545795996174,0.37111868670154663,0.10252020780085971,-0.18102013769693726,0.4946236559139785,0.022428170864180474,-0.04383858829788012,-0.004572358408104303,0.9600000000000002,10
tradable_theme__score_mom_10_20__top20__rb1,tradable_theme,score_mom_10_20,20,1,1,483,-0.2944837537132836,-0.1663952439463865,0.359110998455513,-0.3284257960669308,-0.415675548986397,0.4782608695652174,0.19005875999688016,-0.30838742089149607,-1.4326220064674084,0.38535483989089775,483,93,0.14682342275660254,0.4494941602845257,0.4456008509261983,1.058661406835657,-0.28264274815209167,0.5698924731182796,0.06018190415199798,0.3748617889703678,1.0259408928855402,0.3508051797489496,93
industry_concept__score_mom_10_20__top20__rb1,industry_concept,score_mom_10_20,20,1,1,483,-0.3060460057802158,-0.17355109830946602,0.3621600856020358,-0.3466277633885161,-0.421571404779407,0.4803312629399586,0.18784006684587706,-0.31246616455760046,-1.4635170696827886,0.38412881591361153,483,93,0.1538777965600686,0.47378133248867993,0.446056486730976,1.095319328124629,-0.2813258650577699,0.5698924731182796,0.05468683869726565,0.40552547605610845,1.0842800676490933,0.34869470177240547,93
industry__score_mom_5_10__top5__rb10,industry,score_mom_5_10,5,10,10,483,-0.32120913147961094,-0.1830225255294281,0.3779963166247938,-0.3472888632798682,-0.42430890224123474,0.4865424430641822,0.17183939229863743,-0.3021144328698063,-1.4748649990852085,0.9673469387755101,49,93,0.7387878499935125,3.4770379788727652,0.5218193573519555,3.1391309301989803,-0.2366972369244611,0.6129032258064516,0.022428170864180474,3.468301145965391,3.5975322862169588,0.9600000000000002,10
industry__score_low_vol_mom__top3__rb1,industry,score_low_vol_mom,3,1,1,483,-0.24565791423092764,-0.13677777924300205,0.2959346340958541,-0.3493882577749926,-0.31022136775213005,0.474120082815735,0.17183939229863743,-0.2884018210098023,-1.1667563956084253,0.43420626338957746,483,93,0.024316222399541232,0.06726658394623741,0.3039350627781341,0.3665138915371182,-0.18126013715091693,0.4838709677419355,0.022428170864180474,0.04184226536421587,0.28921475186664247,0.47109998380698703,93
industry__score_breakout__top5__rb10,industry,score_breakout,5,10,10,483,-0.2589990872669137,-0.14477705504427618,0.30991540115826294,-0.3520194795526101,-0.3769506588267665,0.47619047619047616,0.17183939229863743,-0.2867839230679877,-1.358186111252601,0.934698420401902,49,93,0.2595890408880279,0.8689079651833551,0.38507602218367093,1.8179787577458413,-0.16761670360317504,0.5806451612903226,0.022428170864180474,0.8400763759788821,2.0852039300821197,0.9400130947841301,10
industry__score_pullback_trend__top3__rb10,industry,score_pullback_trend,3,10,10,483,-0.30297955230457896,-0.17164775572350155,0.3503925418213615,-0.3641016238818435,-0.3954627720038866,0.4927536231884058,0.17183939229863743,-0.2991425761255112,-1.4669701447952601,0.9795918367346939,49,93,-0.1148787587551301,-0.2815532509537533,0.4259835598405659,-0.5617038247698246,-0.21845602353701843,0.46236559139784944,0.022428170864180474,-0.2954067043472919,-0.7398572540461502,0.9666738792905933,10
industry__score_volume_confirm__top3__rb1,industry,score_volume_confirm,3,1,1,483,-0.33429763823596625,-0.19127976103942856,0.37411866037060765,-0.3823898153662012,-0.4385430397925999,0.4575569358178054,0.17183939229863743,-0.3191674899192023,-1.2403054391825712,0.6711920723324442,483,93,0.17452480865082287,0.5463365133245073,0.3770298696588364,1.3437956710337753,-0.1412404444979687,0.5268817204301075,0.022428170864180474,0.5055656038259668,1.368207954908073,0.7104832456183601,93
industry_concept__score_mom_10_20__top10__rb5,industry_concept,score_mom_10_20,10,5,5,483,-0.33468494554121264,-0.1915252815326085,0.3736042305306735,-0.3831161936612338,-0.4291626364282707,0.4782608695652174,0.18784006684587706,-0.3267083584008069,-1.4557725462869604,0.8495803983651957,97,93,0.22044922400310862,0.7156967147105435,0.5205858364034988,1.3000878122905761,-0.28992793349193835,0.5698924731182796,0.05468683869726565,0.6338786995629104,1.2825449162395393,0.7791059997939075,19
tradable_theme__score_mom_10_20__top10__rb5,tradable_theme,score_mom_10_20,10,5,5,483,-0.33473531367628595,-0.19155721574700746,0.373287238334056,-0.3838216807539366,-0.4268982594023685,0.47619047619047616,0.19005875999688016,-0.32777477850689407,-1.4642370292682785,0.8506061261189981,97,93,0.22773472213800883,0.7435907483197366,0.5206859622303991,1.3309426292840583,-0.28498828158265854,0.5698924731182796,0.06018190415199798,0.6522168116477767,1.3066055447143237,0.7791059997939075,19
industry__score_mom_10_20__top5__rb10,industry,score_mom_10_20,5,10,10,483,-0.33529362666784945,-0.19191127271540165,0.367948055872759,-0.3960521251105293,-0.4093890900745669,0.47619047619047616,0.17183939229863743,-0.3148723306314537,-1.4321825887612776,0.9346938775510205,49,93,0.5603800895938726,2.338812662153732,0.46645841491877704,2.823485018222206,-0.22123907956649558,0.6129032258064516,0.022428170864180474,2.316613835778537,3.278281804229623,0.8800000000000001,10
industry_concept__score_mom_10_20__top5__rb10,industry_concept,score_mom_10_20,5,10,10,483,-0.36254279824789126,-0.20936788441146514,0.3826871219689217,-0.4234480112993158,-0.42730247202996463,0.4824016563146998,0.18784006684587706,-0.33874474001379196,-1.5540242541223772,0.9551020408163264,49,93,0.5793579253057173,2.4499937048054545,0.49334507736615707,2.761804853096388,-0.24453198066556947,0.5806451612903226,0.05468683869726565,2.32125689972691,3.1036553286278243,0.9400000000000001,10
industry__score_volume_confirm__top3__rb10,industry,score_volume_confirm,3,10,10,483,-0.3137077543887097,-0.17832439028525915,0.33295024031144727,-0.42470493851886504,-0.5141780658735573,0.4824016563146998,0.17183939229863743,-0.3091765846330956,-1.5138611425077948,0.9795918367346939,49,93,0.1731241637187515,0.5413448574571853,0.39980698767652734,1.2808416415053965,-0.17721593490754184,0.5591397849462365,0.022428170864180474,0.5211485136316978,1.4476190271807088,0.9333333333333333,10
industry_concept__score_mom_10_20__top10__rb1,industry_concept,score_mom_10_20,10,1,1,483,-0.38144220769222204,-0.22168584324521035,0.38772976275178905,-0.4531304794771071,-0.490989234631098,0.4865424430641822,0.18784006684587706,-0.35507188665050304,-1.3733453058387766,0.4090351950273153,483,93,0.17259004156241042,0.5394440200146122,0.5153251425113724,1.0972944329840888,-0.3382830262954647,0.5161290322580645,0.05468683869726565,0.46823919406766823,1.0662042848658047,0.37300047717237417,93
industry__score_volume_confirm__top10__rb1,industry,score_volume_confirm,10,1,1,483,-0.3460031316626513,-0.1987305037809035,0.3485193517150177,-0.4635069362137756,-0.3731959808676294,0.484472049689441,0.17183939229863743,-0.3213851675571925,-1.6848275468673042,0.5675571884588306,483,93,0.09656974627984383,0.28376446197350247,0.3404049259698361,0.9031980413505413,-0.16455347955983612,0.5268817204301075,0.022428170864180474,0.25024835926031197,0.8925487799945127,0.5904073399948958,93
industry__score_volume_confirm__top5__rb10,industry,score_volume_confirm,5,10,10,483,-0.32596902374652936,-0.18601654615081675,0.3208628197194049,-0.4823007318287885,-0.45072403005778505,0.484472049689441,0.17183939229863743,-0.3150433112739034,-1.7446139793692952,0.9877551020408164,49,93,0.22945514242866727,0.7502192025265526,0.3719237045490321,1.6904847304992083,-0.1320128576631675,0.5376344086021505,0.022428170864180474,0.7213230303989715,1.9410688906677491,0.9400603242054224,10
tradable_theme__score_mom_10_20__top10__rb1,tradable_theme,score_mom_10_20,10,1,1,483,-0.3993516859177645,-0.23352582222601637,0.38729859669242445,-0.49355557663402705,-0.5039579542723037,0.4803312629399586,0.19005875999688016,-0.36597597004585547,-1.431051273746125,0.4108622328370943,483,93,0.17304356049866954,0.5410579113658092,0.515546831855664,1.0990710216043136,-0.3344028424389405,0.5161290322580645,0.06018190415199798,0.4625735922160952,1.0580121276260948,0.373042615969754,93
tradable_theme__score_pullback_trend__top3__rb10,tradable_theme,score_pullback_trend,3,10,10,483,-0.3626485553117169,-0.20943632337835616,0.3473092623124614,-0.5045115928949467,-0.42654349860460805,0.4927536231884058,0.19005875999688016,-0.3454688152650608,-1.737545944399716,0.9863945578231293,49,93,-0.06601221447205574,-0.16893649685247203,0.3919523614914589,-0.2760650858163757,-0.21141423086895805,0.4838709677419355,0.06018190415199798,-0.2131975830814149,-0.5750417724551325,0.9666666666666666,10
industry__score_breakout__top3__rb10,industry,score_breakout,3,10,10,483,-0.34401240350333606,-0.1974588978444516,0.3149923560189165,-0.5419781821023878,-0.4262085828818558,0.4865424430641822,0.17183939229863743,-0.3343647650647703,-1.4389651961173502,0.9524042684582261,49,93,0.14904666535953393,0.4571209857803342,0.42193555283991446,1.1023860924095883,-0.15953111593089608,0.5483870967741935,0.022428170864180474,0.4337200311442213,1.1770834663621603,0.9666666666666666,10
tradable_theme__score_mom_10_20__top5__rb10,tradable_theme,score_mom_10_20,5,10,10,483,-0.4172810491998564,-0.24554931571598526,0.38355651640951155,-0.5434664523381728,-0.4657218635879318,0.484472049689441,0.19005875999688016,-0.36952958846240236,-1.7581226188638275,0.9591836734693877,49,93,0.5793579253057173,2.4499937048054545,0.49334507736615707,2.761804853096388,-0.24453198066556947,0.5806451612903226,0.06018190415199798,2.304532562813298,3.0916293470554317,0.9200000000000002,10
industry_concept__score_pullback_trend__top3__rb10,industry_concept,score_pullback_trend,3,10,10,483,-0.3795751721612014,-0.22046103662148786,0.3472964926514247,-0.5449143941691627,-0.42264845839951104,0.4906832298136646,0.18784006684587706,-0.3530499434204526,-1.8242358739149842,0.9863945578231293,49,93,-0.06601221447205574,-0.16893649685247203,0.3919523614914589,-0.2760650858163757,-0.21141423086895805,0.4838709677419355,0.05468683869726565,-0.20919935429639447,-0.5593145490631631,0.9666666666666666,10
industry__score_mom_5_10__top10__rb5,industry,score_mom_5_10,10,5,5,483,-0.39496576724608135,-0.23061084627517692,0.36118211876868206,-0.5457387609922366,-0.5036902829927103,0.474120082815735,0.17183939229863743,-0.34787337737339574,-1.7033848809862788,0.8732076170650157,97,93,0.12073412787390403,0.36187130497464604,0.4909388552814123,0.8760919873734382,-0.3125938011563001,0.5591397849462365,0.022428170864180474,0.34430103847714033,0.9011306588365275,0.8579194381728931,19
industry__score_mom_5_10__top10__rb1,industry,score_mom_5_10,10,1,1,483,-0.42287120862987315,-0.2493341702356736,0.3790704539169609,-0.5675109798002473,-0.5061651055313043,0.47619047619047616,0.17183939229863743,-0.3648916886661808,-1.560536848578477,0.426157723760981,483,93,0.05479039262743668,0.15550767751495398,0.5244032608086832,0.5415440152266243,-0.39291120419285364,0.5376344086021505,0.022428170864180474,0.14221664105802256,0.5229572398565924,0.41110843913667494,93
industry_concept__score_mom_5_10__top10__rb5,industry_concept,score_mom_5_10,10,5,5,483,-0.41234330035733757,-0.24222059868899126,0.3660395229998247,-0.575060590640381,-0.5091703027873333,0.47619047619047616,0.18784006684587706,-0.3689983239119058,-1.8019325150164245,0.8927943673115842,97,93,0.11319429921890212,0.3371875227889134,0.4922977065414765,0.837937614279247,-0.3165057624635308,0.5591397849462365,0.05468683869726565,0.2727436872158595,0.7700928651790273,0.8526315789473684,19
industry_concept__score_mom_5_10__top10__rb1,industry_concept,score_mom_5_10,10,1,1,483,-0.44188574365860456,-0.2623411811134513,0.39038458729671566,-0.5850240761130735,-0.5053380936260217,0.4782608695652174,0.18784006684587706,-0.38715577853623917,-1.5867630343931365,0.44143642618225565,483,93,0.07113646677483776,0.20467471344570431,0.5292805623916454,0.6200663604694863,-0.40750998323532295,0.5376344086021505,0.05468683869726565,0.14843400519815142,0.5332804311225706,0.41649386475589534,93
tradable_theme__score_mom_5_10__top3__rb5,tradable_theme,score_mom_5_10,3,5,5,483,-0.4954082162402976,-0.30013823928391203,0.4378734395740632,-0.5949107384307903,-0.5898792912590289,0.4699792960662526,0.19005875999688016,-0.41777341461478923,-1.429339415836084,0.9312714776632302,97,93,-0.0472216770276539,-0.12284824122588267,0.7256806726799206,0.1842646695973071,-0.5283324698030649,0.5161290322580645,0.06018190415199798,-0.15506192603370994,0.08263402046826061,0.8947368421052634,19
industry_concept__score_mom_5_10__top3__rb5,industry_concept,score_mom_5_10,3,5,5,483,-0.49904527295351087,-0.3027747294719937,0.4378089375675608,-0.6036709264725325,-0.5894098170025799,0.4699792960662526,0.18784006684587706,-0.4190362088973798,-1.4377457911923521,0.9278350515463918,97,93,-0.0472216770276539,-0.12284824122588267,0.7256806726799206,0.18426466959730722,-0.5283324698030649,0.5161290322580645,0.05468683869726565,-0.1506673563060067,0.09028547186267703,0.8947368421052634,19
tradable_theme__score_mom_5_10__top10__rb5,tradable_theme,score_mom_5_10,10,5,5,483,-0.4239509512669939,-0.2500672344191479,0.3649376331510041,-0.6064273521669559,-0.515324554422401,0.4658385093167702,0.19005875999688016,-0.37672246010628474,-1.8542457876193978,0.8948562229816873,97,93,0.11319429921890212,0.3371875227889134,0.4922977065414765,0.837937614279247,-0.3165057624635308,0.5591397849462365,0.06018190415199798,0.26627281611661324,0.7584922946110897,0.8526315789473684,19
tradable_theme__score_mom_10_20__top3__rb10,tradable_theme,score_mom_10_20,3,10,10,483,-0.4749311030457096,-0.2854610753221145,0.4070433268891156,-0.622733641585197,-0.533042583403811,0.484472049689441,0.19005875999688016,-0.40540824997183855,-1.6156333511630039,0.9727891156462585,49,93,0.4064240774297261,1.5196915172235195,0.5542356872602932,1.946468886649556,-0.2526607343169238,0.5483870967741935,0.06018190415199798,1.451634770982349,2.2095110940997675,1.0,10
industry_concept__score_mom_5_10__top5__rb5,industry_concept,score_mom_5_10,5,5,5,483,-0.47028679634505843,-0.28217052661237363,0.4011985052320519,-0.6255320096042638,-0.588343329653378,0.4720496894409938,0.18784006684587706,-0.4023791799856623,-1.6232905540374494,0.9030927835051548,97,93,0.12910733458513945,0.3896180865013048,0.6308135036476435,0.8380285146324354,-0.4145927909440318,0.4946236559139785,0.05468683869726565,0.34107278678969455,0.8024866044090785,0.8637900452455853,19
industry_concept__score_mom_10_20__top3__rb10,industry_concept,score_mom_10_20,3,10,10,483,-0.4769655140781024,-0.2869068635330544,0.4068302731396089,-0.628252140471666,-0.5348518380092375,0.484472049689441,0.18784006684587706,-0.4057934420851421,-1.6170512664783054,0.9727891156462585,49,93,0.4064240774297261,1.5196915172235195,0.5542356872602932,1.946468886649556,-0.2526607343169238,0.5483870967741935,0.05468683869726565,1.464196927063091,2.2212167229316617,1.0,10
tradable_theme__score_mom_5_10__top10__rb1,tradable_theme,score_mom_5_10,10,1,1,483,-0.46017508361033144,-0.27505363843099084,0.38994063150628905,-0.6306499114202287,-0.5129507664197608,0.474120082815735,0.19005875999688016,-0.39880677477235416,-1.6513698628612747,0.4450965474553402,483,93,0.07070668161130844,0.20336539577989998,0.5293342950248956,0.6180015020165884,-0.40750998323532295,0.5376344086021505,0.06018190415199798,0.14130638831737818,0.5202275644564683,0.41541732408536275,93
tradable_theme__score_mom_5_10__top5__rb5,tradable_theme,score_mom_5_10,5,5,5,483,-0.4802112834838187,-0.28921910389207794,0.40478090566520586,-0.6408018636803519,-0.5842384229164292,0.4658385093167702,0.19005875999688016,-0.4088168711421619,-1.6402436585523257,0.9051546391752577,97,93,0.12910733458513945,0.3896180865013048,0.6308135036476435,0.8380285146324354,-0.4145927909440318,0.4946236559139785,0.06018190415199798,0.3341512712290524,0.7932896606923984,0.8637900452455853,19
industry__score_volume_confirm__top5__rb5,industry,score_volume_confirm,5,5,5,483,-0.41811393129283214,-0.24611211970401348,0.34773509219731785,-0.6409224378374396,-0.46009971137323213,0.484472049689441,0.17183939229863743,-0.3619362847055456,-1.9588629819327583,0.9464438435631037,97,93,0.04221153185661719,0.11854800347506145,0.40182252656647705,0.47898313828742767,-0.18536952932020057,0.5268817204301075,0.022428170864180474,0.09848574899091145,0.44474749341815534,0.9162109823021282,19
industry_concept__score_mom_10_20__top5__rb5,industry_concept,score_mom_10_20,5,5,5,483,-0.4822250688421812,-0.290657168580133,0.4046334255395103,-0.6467113158215542,-0.5514668377253289,0.474120082815735,0.18784006684587706,-0.4100804795817804,-1.6159464499906648,0.8763955666116529,97,93,0.13542233648573276,0.41077856440882443,0.6096245493837601,0.8711766544933846,-0.35749574232064896,0.5268817204301075,0.05468683869726565,0.35057599785297633,0.8198787737692481,0.8527171739447937,19
industry__score_volume_confirm__top5__rb1,industry,score_volume_confirm,5,1,1,483,-0.4366182941388489,-0.25871700335687675,0.3550803709101449,-0.6676980279243961,-0.43816550795595655,0.4803312629399586,0.17183939229863743,-0.374603307087931,-1.813722413041359,0.6324195331097383,483,93,0.05833595625420096,0.1660626393615965,0.33040628620312773,0.629108347174745,-0.1417026255338939,0.5376344086021505,0.022428170864180474,0.13347278930795214,0.5704157134569633,0.6763848357419536,93
industry__score_mom_10_20__top10__rb1,industry,score_mom_10_20,10,1,1,483,-0.46476412151247715,-0.27827555039171736,0.37975161365025056,-0.669365807825011,-0.5352018489253885,0.4803312629399586,0.17183939229863743,-0.3902311358063747,-1.6703697808497269,0.39756293266608705,483,93,0.14644095752557162,0.4481846598458006,0.5159847334263638,0.9776342143368222,-0.3310094038757807,0.5053763440860215,0.022428170864180474,0.432735085914431,1.0181608963107132,0.3784613721225993,93
industry__score_mom_10_20__top3__rb10,industry,score_mom_10_20,3,10,10,483,-0.5006127183896826,-0.3039137873962572,0.41284567553850526,-0.6711077180829621,-0.5653392578595076,0.4803312629399586,0.17183939229863743,-0.4068394842199554,-1.6551399240557298,0.9659863945578232,49,93,0.4130128114832825,1.5518050671157697,0.5475379702549767,1.986676945148522,-0.2464311746032175,0.5591397849462365,0.022428170864180474,1.5692194431251547,2.3022997685690845,0.9666666666666668,10
industry__score_mom_5_10__top5__rb5,industry,score_mom_5_10,5,5,5,483,-0.5056630792794863,-0.3075955488042289,0.3961672766446439,-0.7294576529046418,-0.6072367191263537,0.4803312629399586,0.17183939229863743,-0.41189082712394975,-1.768488140615587,0.8989690721649485,97,93,0.13035979792284924,0.3937988400573156,0.6268747501107216,0.8442147166748794,-0.4053105825972587,0.5161290322580645,0.022428170864180474,0.3911958476550601,0.869007918416744,0.8637900452455853,19
industry__score_mom_5_10__top3__rb5,industry,score_mom_5_10,3,5,5,483,-0.5722745285768955,-0.3579565686706473,0.4382314961185146,-0.7910142089912574,-0.6718829197114919,0.4720496894409938,0.17183939229863743,-0.4554985053497681,-1.6169727263801341,0.9140893470790377,97,93,-0.08966089342952688,-0.22472847802121365,0.7266557107244771,0.014904996581100902,-0.5283324698030649,0.5053763440860215,0.022428170864180474,-0.22179822014517037,-0.042996574462377174,0.8947368421052632,19
industry_concept__score_mom_5_10__top5__rb1,industry_concept,score_mom_5_10,5,1,1,483,-0.5831938811002115,-0.3665610850131982,0.44502998298336766,-0.8041245357533408,-0.5914882729462918,0.4575569358178054,0.18784006684587706,-0.4735133671941537,-1.6434242561488805,0.4690100371253787,483,93,0.00850860144163823,0.023223596757191878,0.6264798079306565,0.35482774887471963,-0.4541072592020925,0.5268817204301075,0.05468683869726565,-0.020177473976141558,0.2584474914918988,0.4325307687792846,93
tradable_theme__score_mom_5_10__top5__rb1,tradable_theme,score_mom_5_10,5,1,1,483,-0.585192375904678,-0.3681475333517805,0.44349864413478207,-0.8138961586350032,-0.5973577053113366,0.4575569358178054,0.19005875999688016,-0.4759422260166216,-1.657284357095189,0.4723203058397203,483,93,-0.01519011474218046,-0.04062776291138481,0.621860300397696,0.2493329068151083,-0.46693506960696496,0.5268817204301075,0.06018190415199798,-0.08625938526119126,0.1337732665067061,0.4324803647062358,93
industry__score_volume_confirm__top3__rb5,industry,score_volume_confirm,3,5,5,483,-0.47542630858394774,-0.28581275436023246,0.3413119913838398,-0.8149233144988915,-0.5649733612896973,0.4699792960662526,0.17183939229863743,-0.40053298349374655,-1.9428786836297784,0.9656655918515639,97,93,0.026423998691570194,0.07322793377448389,0.4466216133877299,0.38059838698921716,-0.2594649596219072,0.5376344086021505,0.022428170864180474,0.05875142526201249,0.34007060938757544,0.9306688763594964,19
tradable_theme__score_mom_10_20__top5__rb5,tradable_theme,score_mom_10_20,5,5,5,483,-0.5478627784597865,-0.3390920045934065,0.40636583380929414,-0.8157718665448309,-0.6028935389559255,0.474120082815735,0.19005875999688016,-0.450686779852318,-1.8594646623346551,0.882592899801301,97,93,0.13542233648573276,0.41077856440882443,0.6096245493837601,0.8711766544933846,-0.35749574232064896,0.5268817204301075,0.06018190415199798,0.3437001116095857,0.8107204933133615,0.8527171739447937,19
industry_concept__score_mom_5_10__top3__rb1,industry_concept,score_mom_5_10,3,1,1,483,-0.6513652835245627,-0.4229188998099108,0.5102326939899572,-0.8223311204856538,-0.7029022853253237,0.4658385093167702,0.18784006684587706,-0.5194521645980141,-1.5015298496726748,0.506426024770673,483,93,0.1049189175292986,0.31042277234421745,0.7595395149711672,0.7358965152330393,-0.48591138340069395,0.5161290322580645,0.05468683869726565,0.26473463737044867,0.6858944149918466,0.4273206903354546,93
tradable_theme__score_mom_5_10__top3__rb1,tradable_theme,score_mom_5_10,3,1,1,483,-0.6553482373169474,-0.4263680845059339,0.5097547231496237,-0.8353224873541512,-0.6995667439446147,0.463768115942029,0.19005875999688016,-0.523660856031886,-1.5115738335596576,0.5037155766365303,483,93,0.19266141542569937,0.6118953629991135,0.7431990989089979,1.013688742092797,-0.44477972792183496,0.5161290322580645,0.06018190415199798,0.5338401979111802,0.9609197208489032,0.4272943102222221,93
industry__score_mom_10_20__top5__rb5,industry,score_mom_10_20,5,5,5,483,-0.5487159389808353,-0.33974295965631574,0.3975980352802411,-0.8452743856927999,-0.590634334475574,0.4699792960662526,0.17183939229863743,-0.44139689573908736,-1.8385352737366143,0.8639782787377316,97,93,0.13439726559736975,0.4073300052289057,0.6007085398972585,0.8710988632190476,-0.33639096411400804,0.5483870967741935,0.022428170864180474,0.3931997847183415,0.8806374823918817,0.8315789473684211,19
industry__score_mom_5_10__top3__rb1,industry,score_mom_5_10,3,1,1,483,-0.6851942948202923,-0.45284650244591584,0.5074446932379666,-0.9343477480619817,-0.7144629692160739,0.463768115942029,0.17183939229863743,-0.5367184365957482,-1.5846377288703588,0.4947376542960515,483,93,0.2896611825773743,0.9922934870189359,0.760222454924317,1.2862028951930606,-0.44477972792183484,0.5268817204301075,0.022428170864180474,0.9823494803742949,1.317488350529913,0.41676861019753003,93
tradable_theme__score_mom_10_20__top5__rb1,tradable_theme,score_mom_10_20,5,1,1,483,-0.6221541871634075,-0.3981773977842452,0.4315006476567591,-0.9605771323929285,-0.6435493053915418,0.463768115942029,0.19005875999688016,-0.5033891660943366,-1.8068650470594492,0.4400917082070275,483,93,0.11867243817575424,0.3550934671199151,0.6408818849160173,0.8013000831412964,-0.39042273076372747,0.5591397849462365,0.06018190415199798,0.28753137517875116,0.729741765995134,0.3787489882856595,93
industry_concept__score_mom_10_20__top5__rb1,industry_concept,score_mom_10_20,5,1,1,483,-0.634052361007934,-0.4081405552531049,0.4321183475589867,-0.9972224076539092,-0.6537072433065825,0.45962732919254656,0.18784006684587706,-0.5108219760970577,-1.8475367941387815,0.4408682110941032,483,93,0.10631020593910256,0.31489870085165084,0.6413728504289332,0.7541452762733623,-0.39577241757028225,0.5591397849462365,0.05468683869726565,0.2557482181243458,0.6876486088704775,0.3831316681000465,93
industry__score_mom_5_10__top5__rb1,industry,score_mom_5_10,5,1,1,483,-0.6502758066687095,-0.4219787144641469,0.4347978828672968,-1.0432464917504356,-0.6739110748737756,0.4699792960662526,0.17183939229863743,-0.5106682894809189,-1.9352912644768412,0.4558094735991823,483,93,0.01882606358880179,0.05183716831192742,0.6252912458562152,0.39837312643153955,-0.4557010420718155,0.5376344086021505,0.022428170864180474,0.04463599628651371,0.36769759216723896,0.4240708951045193,93
tradable_theme__score_mom_10_20__top3__rb5,tradable_theme,score_mom_10_20,3,5,5,483,-0.6501460771197967,-0.4218668552011229,0.4302330617594483,-1.0576866459779695,-0.7198151148317412,0.45962732919254656,0.19005875999688016,-0.5217310679395861,-1.975993980340032,0.9107941184887222,97,93,0.005553554788354953,0.015119876226465934,0.6726474340175008,0.35728267625345694,-0.45763135227528495,0.5376344086021505,0.06018190415199798,-0.016930330107376546,0.2692667510750816,0.9122807017543861,19
industry__score_mom_10_20__top3__rb5,industry,score_mom_10_20,3,5,5,483,-0.6661143856671136,-0.4357880474462211,0.44485263847266554,-1.0627947154551414,-0.7096507001240491,0.46790890269151136,0.17183939229863743,-0.5223483498102839,-1.9162381752308577,0.9107356797832815,97,93,0.06942000957984096,0.19945098659369287,0.6637852416752673,0.6047443824606787,-0.44767824993724803,0.5591397849462365,0.022428170864180474,0.20606829471301702,0.610311034249511,0.8947368421052634,19
industry_concept__score_mom_10_20__top3__rb1,industry_concept,score_mom_10_20,3,1,1,483,-0.7133284403859594,-0.47892970251019995,0.49270862456277537,-1.0754057982945626,-0.7478547302465473,0.4720496894409938,0.18784006684587706,-0.5697457892847785,-1.7604417855300816,0.4685710613308757,483,93,0.413383759147687,1.5536207043740276,0.7699900095877229,1.6021416875256227,-0.39029371638417953,0.5591397849462365,0.05468683869726565,1.468888849580949,1.6211852011040941,0.4066384289767612,93
industry_concept__score_mom_10_20__top3__rb5,industry_concept,score_mom_10_20,3,5,5,483,-0.6588667724927186,-0.4294309815807308,0.43031606330452576,-1.087948972185941,-0.7273837941644317,0.4575569358178054,0.18784006684587706,-0.5272054221382143,-2.0121340000914736,0.9107941184887222,97,93,0.005553554788354953,0.015119876226465934,0.6726474340175008,0.35728267625345694,-0.45763135227528495,0.5376344086021505,0.05468683869726565,-0.011847529397429613,0.2777810785920367,0.9122807017543861,19
tradable_theme__score_mom_10_20__top3__rb1,tradable_theme,score_mom_10_20,3,1,1,483,-0.720667214778238,-0.4859325239418444,0.4943069965173135,-1.0976713534890605,-0.7521331089028156,0.474120082815735,0.19005875999688016,-0.5763272426041874,-1.7828051313855782,0.47062578712147396,483,93,0.4133837528440172,1.5536206735132163,0.7699900100528936,1.6021416712630825,-0.39029371638417953,0.5591397849462365,0.06018190415199798,1.4559660156118297,1.613509471103879,0.4066384289609961,93
industry__score_mom_10_20__top5__rb1,industry,score_mom_10_20,5,1,1,483,-0.6749957371792268,-0.4436687940974291,0.4268108219594956,-1.1594487426444038,-0.6897910041862314,0.4554865424430642,0.17183939229863743,-0.5312821882965906,-2.0285275202455613,0.4360493480525669,483,93,0.09475987467586533,0.2780312036613035,0.6382280613165194,0.7102185740315305,-0.38931903802063195,0.5591397849462365,0.022428170864180474,0.2665574757306908,0.7033404263672179,0.37233138564295315,93
industry__score_mom_10_20__top3__rb1,industry,score_mom_10_20,3,1,1,483,-0.7421877283002307,-0.5069919113506598,0.4875019271144552,-1.2050335532555005,-0.7717205584288084,0.463768115942029,0.17183939229863743,-0.5864103533782778,-1.853794082671,0.4666338633043784,483,93,0.47305133645777686,1.8563814079535517,0.7667812770203195,1.7523675615511716,-0.3756770987908633,0.5698924731182796,0.022428170864180474,1.8592902155264812,1.833939525471838,0.40294939611902003,93
