factor,month,mean_rank_ic,valid_days
factor_01,201501,-0.20473182445561283,20
factor_01,201502,-0.03863321093812985,15
factor_01,201503,-0.11103076195628482,22
factor_01,201504,-0.1860902060690412,21
factor_01,201505,-0.05473943972779014,20
factor_01,201506,-0.24898765859562177,21
factor_01,201507,-0.10148383844119156,23
factor_01,201508,-0.13074835907017723,21
factor_01,201509,-0.16725400570366203,20
factor_01,201510,-0.07033404939883162,17
factor_01,201511,-0.03886814969322741,21
factor_01,201512,-0.15437261006751607,23
factor_01,201601,-0.1477774259773481,20
factor_01,201602,-0.0702077793261046,16
factor_01,201603,-0.11320451658654151,23
factor_01,201604,-0.11402392142754374,20
factor_01,201605,-0.009206518399260075,21
factor_01,201606,-0.017866016016115923,20
factor_01,201607,-0.2808401103986657,21
factor_01,201608,-0.11798313164834565,23
factor_01,201609,-0.06225235258313474,20
factor_01,201610,-0.07568435079325198,16
factor_01,201611,-0.166170698704362,22
factor_01,201612,-0.10345856554333861,22
factor_01,201701,-0.052488699370436154,18
factor_01,201702,-0.07303213543458541,18
factor_01,201703,-0.1116835227644546,23
factor_01,201704,-0.12416748768379719,18
factor_01,201705,-0.05457817035964947,20
factor_01,201706,-0.11991364980111313,22
factor_01,201707,-0.08806934611202555,21
factor_01,201708,-0.08436275213346009,23
factor_01,201709,-0.12731409151320147,21
factor_01,201710,-0.08257353591119924,17
factor_01,201711,-0.12400500468623034,22
factor_01,201712,-0.05055713557510145,21
factor_01,201801,-0.08219261848740142,22
factor_01,201802,-0.10139635917125357,15
factor_01,201803,-0.028446800063293608,22
factor_01,201804,-0.0893571344224599,18
factor_01,201805,-0.025450100461001414,22
factor_01,201806,-0.04597372951798319,20
factor_01,201807,-0.1484593101297459,22
factor_01,201808,-0.07461965265814642,23
factor_01,201809,-0.11684324608984295,19
factor_01,201810,-0.07282377629928222,18
factor_01,201811,-0.13192996172746851,22
factor_01,201812,-0.10533747733457999,20
factor_01,201901,-0.15622114799063852,22
factor_01,201902,0.06550972927720486,15
factor_01,201903,-0.17625165979167617,21
factor_01,201904,-0.2350893555139672,21
factor_01,201905,-0.06090907593988511,20
factor_01,201906,-0.13943853345576968,19
factor_01,201907,-0.09480280133248299,23
factor_01,201908,-0.01858288212282169,22
factor_01,201909,-0.10265994255305155,20
factor_01,201910,-0.09875653197610818,18
factor_01,201911,-0.09512316225393964,21
factor_01,201912,-0.031937160756060096,22
factor_01,202001,0.02180533200096562,16
factor_01,202002,-0.020673066407878592,20
factor_01,202003,-0.19496691154091125,22
factor_01,202004,-0.11164208969193966,21
factor_01,202005,-0.055644838964199424,18
factor_01,202006,-0.04979033327605773,20
factor_01,202007,-0.05330526127263351,23
factor_01,202008,-0.12126540219223925,21
factor_01,202009,-0.09432902168014112,22
factor_01,202010,0.024857119484453252,16
factor_01,202011,-0.13551050920081437,21
factor_01,202012,-0.0038727233910069857,23
factor_01,202101,-0.09110724019598967,20
factor_01,202102,-0.0926663281508479,15
factor_01,202103,-0.1009131510208992,23
factor_01,202104,-0.09210726680157724,21
factor_01,202105,-0.031872846056523824,18
factor_01,202106,-0.04948641304458851,21
factor_01,202107,0.08232195036333828,22
factor_01,202108,-0.06602632671766567,22
factor_01,202109,-0.18446343955020833,20
factor_01,202110,-0.049551826576050124,16
factor_01,202111,-0.09667487469339514,22
factor_01,202112,-0.15748497921905052,23
factor_01,202201,-0.10257326030345001,19
factor_01,202202,-0.011146889654550973,16
factor_01,202203,0.03650963255857802,23
factor_01,202204,-0.1205141525165715,19
factor_01,202205,-0.1258340219572054,19
factor_01,202206,-0.07778068283353134,21
factor_01,202207,-0.04678498329320613,21
factor_01,202208,-0.15312534802771505,23
factor_01,202209,-0.09597965379628318,21
factor_01,202210,-0.08904420496537294,16
factor_01,202211,-0.14831726008476542,22
factor_01,202212,-0.1164369961761774,22
factor_01,202301,-0.12671796065186633,16
factor_01,202302,-0.1254546413506204,20
factor_01,202303,0.00611907645938616,23
factor_01,202304,-0.08710055476395454,19
factor_01,202305,-0.06884506980173331,20
factor_01,202306,-0.05397295605682005,20
factor_01,202307,-0.200310997122717,21
factor_01,202308,-0.053358801749793815,23
factor_01,202309,-0.05072012847869495,20
factor_01,202310,0.001538855510239567,17
factor_01,202311,-0.044820166082452886,22
factor_01,202312,-0.024980175668267723,21
factor_01,202401,-0.10155426509794033,22
factor_01,202402,-0.14025942559180438,15
factor_01,202403,-0.149341253634101,21
factor_01,202404,-0.13804851438767152,20
factor_01,202405,-0.08660084069752108,20
factor_01,202406,0.0005666392869753473,19
factor_01,202407,-0.08373173160116561,23
factor_01,202408,-0.08339878882404714,22
factor_01,202409,-0.03911498988101802,19
factor_01,202410,-0.014924697145024417,18
factor_01,202411,-0.10095630978241707,21
factor_01,202412,-0.22118485231767016,22
factor_01,202501,-0.036415662428286324,18
factor_01,202502,-0.005880396136782371,18
factor_01,202503,-0.23987110800481296,21
factor_01,202504,-0.07899970857217928,21
factor_01,202505,-0.06390603264158477,19
factor_01,202506,-0.11377303465258884,20
factor_01,202507,-0.10616695297223055,23
factor_01,202508,-0.07511358454360291,21
factor_01,202509,-0.06800974305262689,22
factor_01,202510,-0.11774617526354986,17
factor_01,202511,-0.09967693318687838,20
factor_01,202512,-0.07922888607627038,23
factor_02,201501,-0.11524723977522636,20
factor_02,201502,-0.021348331159868835,15
factor_02,201503,-0.10208044314510531,22
factor_02,201504,-0.18879116767566342,21
factor_02,201505,-0.06509819741806849,20
factor_02,201506,-0.14779894192410892,21
factor_02,201507,-0.06461570288040834,23
factor_02,201508,-0.1266373591052657,21
factor_02,201509,0.0734416733531332,20
factor_02,201510,-0.02060948999596383,17
factor_02,201511,-0.026769841947500768,21
factor_02,201512,-0.17142703869417875,23
factor_02,201601,-0.056466517805840666,20
factor_02,201602,-0.08813623582517913,16
factor_02,201603,0.01886667186807928,23
factor_02,201604,-0.11885021913222538,20
factor_02,201605,0.028657574267395687,21
factor_02,201606,-0.04006020976937492,20
factor_02,201607,-0.27313221072708294,21
factor_02,201608,-0.13215019549387003,23
factor_02,201609,-0.071153908734198,20
factor_02,201610,-0.07431234891779828,16
factor_02,201611,-0.18084556797775175,22
factor_02,201612,-0.13569575903767853,22
factor_02,201701,-0.09461499557120585,18
factor_02,201702,-0.11055401976956988,18
factor_02,201703,-0.10903211205072211,23
factor_02,201704,-0.12724126702531463,18
factor_02,201705,-0.14012171007026658,20
factor_02,201706,-0.04254416962365636,22
factor_02,201707,-0.1120329942512673,21
factor_02,201708,-0.05257512953882587,23
factor_02,201709,-0.119135721690201,21
factor_02,201710,-0.11046951734859674,17
factor_02,201711,-0.1418247580204307,22
factor_02,201712,-0.02077435749117898,21
factor_02,201801,-0.12738441400117034,22
factor_02,201802,0.11916627998800733,15
factor_02,201803,0.012409885169911067,22
factor_02,201804,-0.11580980255086709,18
factor_02,201805,-0.039997243206313815,22
factor_02,201806,-0.0008630187955751712,20
factor_02,201807,-0.19498978362633812,22
factor_02,201808,-0.10213237254341834,23
factor_02,201809,-0.13427829429423763,19
factor_02,201810,-0.03112279356305954,18
factor_02,201811,-0.13397529890211107,22
factor_02,201812,-0.10427625817588507,20
factor_02,201901,-0.14427615004065675,22
factor_02,201902,0.13510096380379014,15
factor_02,201903,-0.18021678652932344,21
factor_02,201904,-0.23046592236408947,21
factor_02,201905,-0.059669360454411194,20
factor_02,201906,-0.10894898235241565,19
factor_02,201907,-0.11736647909619466,23
factor_02,201908,0.010630262117519964,22
factor_02,201909,-0.12397133681390977,20
factor_02,201910,-0.1315339735687414,18
factor_02,201911,-0.07884371641700076,21
factor_02,201912,-0.013301149184910226,22
factor_02,202001,0.0030314473833556142,16
factor_02,202002,0.009540409137578889,20
factor_02,202003,-0.19821988465202345,22
factor_02,202004,-0.08658264188139897,21
factor_02,202005,-0.06731725126726187,18
factor_02,202006,-0.057140098746776266,20
factor_02,202007,-0.059024688138964936,23
factor_02,202008,-0.12019367974614542,21
factor_02,202009,-0.045239926738431406,22
factor_02,202010,-0.015719441229820434,16
factor_02,202011,-0.16373009117618492,21
factor_02,202012,-0.04461846529292029,23
factor_02,202101,-0.117857327504018,20
factor_02,202102,-0.06513130773760178,15
factor_02,202103,-0.11184001133787985,23
factor_02,202104,-0.10226513511171653,21
factor_02,202105,0.009981415801878297,18
factor_02,202106,-0.05636220262952758,21
factor_02,202107,0.04426875294609965,22
factor_02,202108,-0.10511013101351295,22
factor_02,202109,-0.1899085230181938,20
factor_02,202110,0.021949038072216022,16
factor_02,202111,-0.050518451511940905,22
factor_02,202112,-0.18733723498632532,23
factor_02,202201,-0.15396005933481377,19
factor_02,202202,0.023306492531561335,16
factor_02,202203,-0.057247962492057984,23
factor_02,202204,-0.10889627551174351,19
factor_02,202205,-0.07342405079077186,19
factor_02,202206,-0.09263858867905284,21
factor_02,202207,-0.039803972415102425,21
factor_02,202208,-0.15070459786127569,23
factor_02,202209,-0.1289695488971841,21
factor_02,202210,0.021198901274056523,16
factor_02,202211,-0.15189067546744056,22
factor_02,202212,-0.08513437050363369,22
factor_02,202301,-0.094584517520893,16
factor_02,202302,-0.12682525218354015,20
factor_02,202303,-0.023983839188408195,23
factor_02,202304,-0.13884094836028898,19
factor_02,202305,0.018328729721374875,20
factor_02,202306,-0.042630251472170276,20
factor_02,202307,-0.22590411694859333,21
factor_02,202308,-0.05204033844380442,23
factor_02,202309,-0.06562630634862372,20
factor_02,202310,-0.03977637080035728,17
factor_02,202311,-0.02669503342905868,22
factor_02,202312,-0.06670527043644597,21
factor_02,202401,-0.2730353094533563,22
factor_02,202402,0.19762805114050214,15
factor_02,202403,-0.0580853845003825,21
factor_02,202404,-0.10808194018553205,20
factor_02,202405,-0.13840313119474978,20
factor_02,202406,-0.03287753656046284,19
factor_02,202407,-0.10889820256092234,23
factor_02,202408,-0.12402588202478548,22
factor_02,202409,-0.022847659631984707,19
factor_02,202410,0.010370626339531116,18
factor_02,202411,-0.08750964744083475,21
factor_02,202412,-0.23566671934316832,22
factor_02,202501,0.062196812364586435,18
factor_02,202502,0.02057544967898241,18
factor_02,202503,-0.2605859102617613,21
factor_02,202504,0.017877928960844797,21
factor_02,202505,-0.09787578922639034,19
factor_02,202506,-0.12879686949841174,20
factor_02,202507,-0.12723819670208075,23
factor_02,202508,-0.08454204593242601,21
factor_02,202509,-0.08842836271039062,22
factor_02,202510,-0.13195173966652726,17
factor_02,202511,-0.12288336287052912,20
factor_02,202512,-0.02000729792815128,23
factor_03,201501,-0.2322663751611819,20
factor_03,201502,-0.07851393067120975,15
factor_03,201503,-0.15113493932966368,22
factor_03,201504,-0.19043712016031808,21
factor_03,201505,-0.13528268689286685,20
factor_03,201506,-0.25244484187248345,21
factor_03,201507,-0.08443637738070009,23
factor_03,201508,-0.09881069825989702,21
factor_03,201509,-0.23966937533997354,20
factor_03,201510,-0.1767831093745067,17
factor_03,201511,-0.11134339577674843,21
factor_03,201512,-0.19565494146432508,23
factor_03,201601,-0.16917209941488423,20
factor_03,201602,-0.014739108597090003,16
factor_03,201603,-0.229895644851547,23
factor_03,201604,-0.17707187562122612,20
factor_03,201605,-0.0732616143879644,21
factor_03,201606,-0.05064533138109041,20
factor_03,201607,-0.25541391249360984,21
factor_03,201608,-0.15992062845509422,23
factor_03,201609,-0.14498102961367287,20
factor_03,201610,-0.13960434166158187,16
factor_03,201611,-0.17738323024486977,22
factor_03,201612,-0.13877524995389598,22
factor_03,201701,0.0026893602085931584,18
factor_03,201702,-0.0679145841495182,18
factor_03,201703,-0.06509415841273192,23
factor_03,201704,-0.03709345217301889,18
factor_03,201705,0.06996888188989629,20
factor_03,201706,-0.10761498540678929,22
factor_03,201707,0.02943572948367528,21
factor_03,201708,-0.1517729627250528,23
factor_03,201709,-0.13584190419355605,21
factor_03,201710,-0.022397920868544544,17
factor_03,201711,-0.013771284395619303,22
factor_03,201712,-0.02289346769427782,21
factor_03,201801,0.039334565724918134,22
factor_03,201802,-0.18372410229508004,15
factor_03,201803,-0.1228559643650227,22
factor_03,201804,-0.05633542745847139,18
factor_03,201805,-0.048530887157142814,22
factor_03,201806,-0.043276908036200414,20
factor_03,201807,-0.05597054226618068,22
factor_03,201808,-0.024314660802401692,23
factor_03,201809,-0.03526229063098354,19
factor_03,201810,-0.10153905316694532,18
factor_03,201811,-0.200224165796997,22
factor_03,201812,-0.12316141864855108,20
factor_03,201901,-0.05200651687986016,22
factor_03,201902,-0.0501496074550991,15
factor_03,201903,-0.19045064797035474,21
factor_03,201904,-0.2333848902246259,21
factor_03,201905,-0.08028990326449845,20
factor_03,201906,-0.12667666002558473,19
factor_03,201907,-0.0630202257510549,23
factor_03,201908,-0.012958637181447559,22
factor_03,201909,-0.12903750773157813,20
factor_03,201910,-0.043931435835918825,18
factor_03,201911,-0.07219535897885819,21
factor_03,201912,-0.054635517451560256,22
factor_03,202001,0.07531927641738079,16
factor_03,202002,-0.06176524746369131,20
factor_03,202003,-0.20423258961763444,22
factor_03,202004,-0.04268876145438007,21
factor_03,202005,-0.06746271183504492,18
factor_03,202006,0.008767857852057042,20
factor_03,202007,-0.05702602705168841,23
factor_03,202008,-0.15977949892669235,21
factor_03,202009,-0.07789809732559096,22
factor_03,202010,0.008365801122037025,16
factor_03,202011,-0.10893781255055546,21
factor_03,202012,0.10798344984930823,23
factor_03,202101,-0.020783017097167004,20
factor_03,202102,-0.13895363468746283,15
factor_03,202103,-0.10352339520825475,23
factor_03,202104,-0.07605899465723737,21
factor_03,202105,-0.05651786003338874,18
factor_03,202106,-0.07162594454041765,21
factor_03,202107,0.08701570568337992,22
factor_03,202108,-0.058739251741462356,22
factor_03,202109,-0.17251264423295207,20
factor_03,202110,-0.020493623648429694,16
factor_03,202111,-0.16379412582892663,22
factor_03,202112,-0.16914012031473663,23
factor_03,202201,-0.09054267589293934,19
factor_03,202202,-0.0673582454266552,16
factor_03,202203,0.03089725802142255,23
factor_03,202204,-0.06689463674135636,19
factor_03,202205,-0.11750106688860945,19
factor_03,202206,-0.039569814258496136,21
factor_03,202207,-0.09868800351714072,21
factor_03,202208,-0.1739253961204035,23
factor_03,202209,-0.04857642833204863,21
factor_03,202210,-0.15751456659129356,16
factor_03,202211,-0.15137866477285364,22
factor_03,202212,-0.09297213032538783,22
factor_03,202301,-0.1555731957795572,16
factor_03,202302,-0.13877704975173827,20
factor_03,202303,0.03813544288233146,23
factor_03,202304,-0.036912841025875574,19
factor_03,202305,-0.15052268205927002,20
factor_03,202306,-0.09438098852273147,20
factor_03,202307,-0.18264884737471174,21
factor_03,202308,-0.13764835704315373,23
factor_03,202309,-0.044911802276871596,20
factor_03,202310,-0.06311495033052981,17
factor_03,202311,-0.13462567137009118,22
factor_03,202312,-0.054869183610439375,21
factor_03,202401,0.11145576275801604,22
factor_03,202402,-0.18960521543643402,15
factor_03,202403,-0.21190804418354559,21
factor_03,202404,-0.10301095822633972,20
factor_03,202405,0.03591715604799797,20
factor_03,202406,-0.061914341646650495,19
factor_03,202407,-0.08432072143066786,23
factor_03,202408,-0.09394086813767126,22
factor_03,202409,-0.040462353821479786,19
factor_03,202410,-0.08188924011055264,18
factor_03,202411,-0.16748938002581418,21
factor_03,202412,-0.16548612490226228,22
factor_03,202501,-0.12568470732898038,18
factor_03,202502,-0.06549779239385162,18
factor_03,202503,-0.22756666867414319,21
factor_03,202504,-0.18443404023744311,21
factor_03,202505,-0.13086592239453002,19
factor_03,202506,-0.13828527480639424,20
factor_03,202507,-0.10114766186993529,23
factor_03,202508,-0.03651064542246228,21
factor_03,202509,-0.024871588891224226,22
factor_03,202510,-0.15165502513612922,17
factor_03,202511,-0.08063578987251001,20
factor_03,202512,-0.0426644513807291,23
factor_04,201501,-0.2165146864239939,20
factor_04,201502,-0.08768822665988131,15
factor_04,201503,-0.145196114508051,22
factor_04,201504,-0.12645717621077587,21
factor_04,201505,-0.25546713576878416,20
factor_04,201506,-0.036320209366895076,21
factor_04,201507,-0.1621851751376059,23
factor_04,201508,-0.11003277903475321,21
factor_04,201509,-0.11455541360488097,20
factor_04,201510,-0.17356433864123333,17
factor_04,201511,-0.20650356263119335,21
factor_04,201512,-0.20374742647576682,23
factor_04,201601,-0.11616150663342142,20
factor_04,201602,-0.08250852461086844,16
factor_04,201603,-0.15477904080543653,23
factor_04,201604,-0.19914729647754983,20
factor_04,201605,-0.007067170033987706,21
factor_04,201606,-0.09487173215336449,20
factor_04,201607,-0.198286182849055,21
factor_04,201608,-0.19233398723889913,23
factor_04,201609,-0.18265389091881107,20
factor_04,201610,-0.14824622785926347,16
factor_04,201611,-0.15436652188270944,22
factor_04,201612,-0.18402018068228543,22
factor_04,201701,-0.05785552328832787,18
factor_04,201702,-0.1319777887856441,18
factor_04,201703,-0.07015865203641777,23
factor_04,201704,-0.036014173004894214,18
factor_04,201705,-0.006437971135049576,20
factor_04,201706,-0.09507427047456014,22
factor_04,201707,0.01159365405488225,21
factor_04,201708,-0.13989575907026863,23
factor_04,201709,-0.14396904552878925,21
factor_04,201710,-0.04484087976578577,17
factor_04,201711,-0.022815208260038397,22
factor_04,201712,-0.027030859932648945,21
factor_04,201801,0.0037825708924647356,22
factor_04,201802,-0.04216938485799969,15
factor_04,201803,-0.1401836482808627,22
factor_04,201804,-0.08048962207466799,18
factor_04,201805,-0.08164665344867639,22
factor_04,201806,-0.0004628743441491383,20
factor_04,201807,-0.13894952859603935,22
factor_04,201808,-0.07166831154156003,23
factor_04,201809,-0.056780968204452324,19
factor_04,201810,-0.09141504733892576,18
factor_04,201811,-0.21412412112433757,22
factor_04,201812,-0.12878427336466605,20
factor_04,201901,-0.04396253464119588,22
factor_04,201902,0.008523661404472445,15
factor_04,201903,-0.17534348187309515,21
factor_04,201904,-0.16879800753868832,21
factor_04,201905,-0.09452643367887562,20
factor_04,201906,-0.09193145676894074,19
factor_04,201907,-0.056162458501704496,23
factor_04,201908,-0.004215643417646535,22
factor_04,201909,-0.14786377816634547,20
factor_04,201910,-0.060575632363060294,18
factor_04,201911,-0.08293235902974362,21
factor_04,201912,-0.02716723123068018,22
factor_04,202001,0.0624862538986308,16
factor_04,202002,-0.05027650306613766,20
factor_04,202003,-0.21596074158491269,22
factor_04,202004,-0.014219256186234349,21
factor_04,202005,-0.10831517649583369,18
factor_04,202006,0.02845433726216246,20
factor_04,202007,-0.06555441960008586,23
factor_04,202008,-0.15512395476247237,21
factor_04,202009,-0.029207042853536782,22
factor_04,202010,-0.029208678503310943,16
factor_04,202011,-0.10576303032522925,21
factor_04,202012,0.10229794520018794,23
factor_04,202101,-0.04538347101184147,20
factor_04,202102,-0.18690259806350099,15
factor_04,202103,-0.1434712551168949,23
factor_04,202104,-0.09686348762365007,21
factor_04,202105,-0.032444383625031055,18
factor_04,202106,-0.09804631980977446,21
factor_04,202107,0.02948290061877062,22
factor_04,202108,-0.11436508403808511,22
factor_04,202109,-0.14788256952163076,20
factor_04,202110,0.06233563500150678,16
factor_04,202111,-0.13005900086523806,22
factor_04,202112,-0.19050918654956628,23
factor_04,202201,-0.12644973067824694,19
factor_04,202202,-0.03354275734205107,16
factor_04,202203,-0.06836157683122222,23
factor_04,202204,-0.03974318118950473,19
factor_04,202205,-0.11885944717289039,19
factor_04,202206,-0.016975798698492445,21
factor_04,202207,-0.1475125837475761,21
factor_04,202208,-0.15682434026765757,23
factor_04,202209,-0.06538769298127416,21
factor_04,202210,-0.09079371161157117,16
factor_04,202211,-0.1299537356714673,22
factor_04,202212,-0.04264120241951349,22
factor_04,202301,-0.1155822103514152,16
factor_04,202302,-0.14056171569002335,20
factor_04,202303,0.010004161306533338,23
factor_04,202304,-0.0917974267041279,19
factor_04,202305,-0.12429291001224,20
factor_04,202306,-0.09292092967170143,20
factor_04,202307,-0.1511807677622412,21
factor_04,202308,-0.16764489218298023,23
factor_04,202309,-0.08115190874348503,20
factor_04,202310,-0.12642903519330465,17
factor_04,202311,-0.18791365234020588,22
factor_04,202312,-0.1645747631302333,21
factor_04,202401,0.08663407442893398,22
factor_04,202402,0.05476010721865607,15
factor_04,202403,-0.20165614517410077,21
factor_04,202404,-0.07782752030336401,20
factor_04,202405,0.022581949941465385,20
factor_04,202406,-0.09694972642928813,19
factor_04,202407,-0.1056077319400253,23
factor_04,202408,-0.1268356788721343,22
factor_04,202409,-0.0049108953447591615,19
factor_04,202410,-0.12659026544748786,18
factor_04,202411,-0.23799481828085453,21
factor_04,202412,-0.07421900445812075,22
factor_04,202501,-0.08751069734902334,18
factor_04,202502,-0.08182955186612634,18
factor_04,202503,-0.19847044770420982,21
factor_04,202504,-0.1721593318773838,21
factor_04,202505,-0.20521833543970278,19
factor_04,202506,-0.13204200648616893,20
factor_04,202507,-0.1349322272074892,23
factor_04,202508,0.014359413328539447,21
factor_04,202509,-0.02128395516752635,22
factor_04,202510,-0.20580410799590368,17
factor_04,202511,-0.08590963398131386,20
factor_04,202512,0.037974224893255706,23
factor_05,201501,-0.17842990396330308,20
factor_05,201502,-0.06819323465624512,15
factor_05,201503,-0.09432806104764997,22
factor_05,201504,-0.03574255789655943,21
factor_05,201505,-0.2473507431881959,20
factor_05,201506,0.09945551604059354,21
factor_05,201507,-0.12523987293038574,22
factor_05,201508,0.01706185959863324,20
factor_05,201509,-0.20726853211459653,20
factor_05,201510,-0.18420084268901094,17
factor_05,201511,-0.18353178476649412,21
factor_05,201512,-0.06406630614763605,23
factor_05,201601,-0.0502547179218273,20
factor_05,201602,0.024450689534938494,16
factor_05,201603,-0.18294156301269518,23
factor_05,201604,-0.10365860776018147,20
factor_05,201605,-0.05801646039371505,21
factor_05,201606,-0.097310725743867,20
factor_05,201607,0.09175034234551316,21
factor_05,201608,-0.08253582883012993,23
factor_05,201609,-0.10047092423932291,20
factor_05,201610,-0.11446733279064937,16
factor_05,201611,0.028313760343408132,22
factor_05,201612,0.012990594828246927,22
factor_05,201701,0.0919785890834317,18
factor_05,201702,-0.060474044052019754,18
factor_05,201703,0.06555721622712085,23
factor_05,201704,0.1014096979477849,18
factor_05,201705,0.16086708787431075,20
factor_05,201706,0.008348433228064228,22
factor_05,201707,0.1929190490101013,21
factor_05,201708,-0.1393512502105872,23
factor_05,201709,-0.0383441380347773,21
factor_05,201710,0.06259133564727785,17
factor_05,201711,0.17803805770044245,22
factor_05,201712,0.01797602382673504,21
factor_05,201801,0.15432259313293517,22
factor_05,201802,-0.12597278209701518,15
factor_05,201803,-0.16893452486095667,22
factor_05,201804,0.04045085431195675,18
factor_05,201805,-0.05243455153197608,22
factor_05,201806,0.012394140244149256,20
factor_05,201807,0.07829386171331337,22
factor_05,201808,0.04937513192525114,23
factor_05,201809,0.09803306330949552,19
factor_05,201810,-0.0342309535136138,18
factor_05,201811,-0.07610776788658155,22
factor_05,201812,-0.029197844595180045,20
factor_05,201901,0.11700923714244671,22
factor_05,201902,-0.06894286371835244,15
factor_05,201903,-0.02975322573257654,21
factor_05,201904,0.010995393255733054,21
factor_05,201905,-0.0626171423445748,20
factor_05,201906,0.007941349290320449,19
factor_05,201907,0.028772482529997617,23
factor_05,201908,0.019285810450703447,22
factor_05,201909,-0.06368076393354616,20
factor_05,201910,0.08023748479602782,18
factor_05,201911,0.020346905866096204,21
factor_05,201912,-0.015902496634350897,22
factor_05,202001,0.07266432489999607,16
factor_05,202002,-0.06476329468623422,20
factor_05,202003,-0.06386518395319281,22
factor_05,202004,0.07733763736234368,21
factor_05,202005,-0.06575640239487607,18
factor_05,202006,0.10393868867015658,20
factor_05,202007,-0.01500000382397636,23
factor_05,202008,-0.08614598262814092,21
factor_05,202009,0.02829066646928248,22
factor_05,202010,-0.025210032790955465,16
factor_05,202011,0.04457139357455889,21
factor_05,202012,0.22066661951217506,23
factor_05,202101,0.05232634295510071,20
factor_05,202102,-0.13169106916019732,15
factor_05,202103,-0.053193417378975476,23
factor_05,202104,0.02680233014200489,21
factor_05,202105,-0.05388994381956608,18
factor_05,202106,-0.032163786281670305,21
factor_05,202107,0.02600583697892552,22
factor_05,202108,-0.019441565512033868,22
factor_05,202109,-0.0029688187767794513,20
factor_05,202110,0.07858777441722839,16
factor_05,202111,-0.12695256316133008,22
factor_05,202112,-0.05797630275001782,23
factor_05,202201,0.00897617002445482,19
factor_05,202202,-0.02868364830646699,16
factor_05,202203,0.0033408669748710893,23
factor_05,202204,0.06244511746304698,19
factor_05,202205,-0.028397175603263977,19
factor_05,202206,0.060482665609685037,21
factor_05,202207,-0.12846232724237008,21
factor_05,202208,-0.020926901481639903,23
factor_05,202209,0.050211579452681634,21
factor_05,202210,-0.1103347363386275,16
factor_05,202211,0.0017878731868871526,22
factor_05,202212,0.04076711217066575,22
factor_05,202301,-0.06789051717845104,16
factor_05,202302,-0.020878008649106473,20
factor_05,202303,0.036343160736304954,23
factor_05,202304,0.03377727659258655,19
factor_05,202305,-0.1616131403326789,20
factor_05,202306,-0.04236245103753107,20
factor_05,202307,0.050189468830326434,21
factor_05,202308,-0.1250568152535585,23
factor_05,202309,0.006182613628408413,20
factor_05,202310,-0.0781209601608218,17
factor_05,202311,-0.1449974862783473,22
factor_05,202312,-0.09634976404303897,21
factor_05,202401,0.297351430318931,22
factor_05,202402,-0.07277510577524571,15
factor_05,202403,-0.11311743390797613,21
factor_05,202404,0.0377994971583112,20
factor_05,202405,0.1279990435719618,20
factor_05,202406,-0.076344041030682,19
factor_05,202407,-0.025039534186196623,23
factor_05,202408,-0.021489690706635166,22
factor_05,202409,0.016736436218436776,19
factor_05,202410,-0.11943911216343069,18
factor_05,202411,-0.17071915240352417,21
factor_05,202412,0.11117376334412267,22
factor_05,202501,-0.11782614087230787,18
factor_05,202502,-0.10568283896887389,18
factor_05,202503,0.007411669390552511,21
factor_05,202504,-0.1581240373941568,21
factor_05,202505,-0.11170941124813012,19
factor_05,202506,-0.04914638843563115,20
factor_05,202507,-0.029143689077731735,23
factor_05,202508,0.08406042759736328,21
factor_05,202509,0.05795477221462932,22
factor_05,202510,-0.1358945650840132,17
factor_05,202511,0.0021702683578240637,20
factor_05,202512,0.07761246422866099,23
factor_06,201501,-0.16481490684348252,20
factor_06,201502,-0.014414633829682149,15
factor_06,201503,-0.11666135138396001,22
factor_06,201504,-0.1801069062284569,21
factor_06,201505,-0.15568342687668432,20
factor_06,201506,-0.13042002729251553,21
factor_06,201507,-0.20083449960188868,23
factor_06,201508,-0.10103518003501699,21
factor_06,201509,-0.12556985822157915,20
factor_06,201510,-0.09933506410191453,17
factor_06,201511,-0.1222777143991109,21
factor_06,201512,-0.17659221173483036,23
factor_06,201601,-0.1629533065189225,20
factor_06,201602,-0.14196835475996356,16
factor_06,201603,-0.19443517011612393,23
factor_06,201604,-0.17559293846511576,20
factor_06,201605,-0.03476588130327756,21
factor_06,201606,-0.05923188151929661,20
factor_06,201607,-0.18460799504671782,21
factor_06,201608,-0.15742457819557165,23
factor_06,201609,-0.13156252214997327,20
factor_06,201610,-0.1499935466474242,16
factor_06,201611,-0.16324424963550685,22
factor_06,201612,-0.1293467366076741,22
factor_06,201701,-0.07527691647213525,18
factor_06,201702,-0.10820498787094314,18
factor_06,201703,-0.09045254180001142,23
factor_06,201704,-0.05005426513743205,18
factor_06,201705,-0.006642071892094934,20
factor_06,201706,-0.08512870491229779,22
factor_06,201707,0.0278229795500394,21
factor_06,201708,-0.15165514372298497,23
factor_06,201709,-0.12321748167907695,21
factor_06,201710,-0.05143179305875874,17
factor_06,201711,-0.043557686181717785,22
factor_06,201712,-0.0644792029877184,21
factor_06,201801,-0.008062679028150502,22
factor_06,201802,-0.1054945388950123,15
factor_06,201803,-0.07858213050694256,22
factor_06,201804,-0.0820628269517624,18
factor_06,201805,-0.06138243619364605,22
factor_06,201806,-0.04789446004101302,20
factor_06,201807,-0.1173410662945256,22
factor_06,201808,-0.05531236534674851,23
factor_06,201809,-0.05694197560988499,19
factor_06,201810,-0.12860521183092566,18
factor_06,201811,-0.16278593463185576,22
factor_06,201812,-0.13305465546789164,20
factor_06,201901,-0.07261070684248526,22
factor_06,201902,-0.09967451252871569,15
factor_06,201903,-0.1810724881733007,21
factor_06,201904,-0.1992498171658116,21
factor_06,201905,-0.07332522859846424,20
factor_06,201906,-0.13183333483472182,19
factor_06,201907,-0.05702454707540581,23
factor_06,201908,-0.02466150188321483,22
factor_06,201909,-0.15069161601768039,20
factor_06,201910,-0.045295675792635354,18
factor_06,201911,-0.09019805345853957,21
factor_06,201912,-0.02633429709408237,22
factor_06,202001,0.041485377627890604,16
factor_06,202002,-0.06342402383186978,20
factor_06,202003,-0.1702770446125577,22
factor_06,202004,-0.014821451498113484,21
factor_06,202005,-0.06961641781950682,18
factor_06,202006,-0.024008973331720328,20
factor_06,202007,-0.05445121309324358,23
factor_06,202008,-0.12578282316943015,21
factor_06,202009,-0.05995586211307622,22
factor_06,202010,-0.021699944204106182,16
factor_06,202011,-0.10615741243157667,21
factor_06,202012,0.07856904674130417,23
factor_06,202101,-0.05329139872299575,20
factor_06,202102,-0.11589262334426653,15
factor_06,202103,-0.11500183344770167,23
factor_06,202104,-0.07838177290481631,21
factor_06,202105,-0.027752966302140622,18
factor_06,202106,-0.06468741964257124,21
factor_06,202107,0.06764926901815028,22
factor_06,202108,-0.07289965769539906,22
factor_06,202109,-0.11063268485085254,20
factor_06,202110,0.009349182409024579,16
factor_06,202111,-0.09437794399666104,22
factor_06,202112,-0.1255295238265266,23
factor_06,202201,-0.08766013279599391,19
factor_06,202202,-0.04127395632462463,16
factor_06,202203,-0.008219756008086257,23
factor_06,202204,-0.06506702038441926,19
factor_06,202205,-0.10661372290016176,19
factor_06,202206,-0.03450422545229181,21
factor_06,202207,-0.09081512248253301,21
factor_06,202208,-0.13998180192973791,23
factor_06,202209,-0.0538503602368089,21
factor_06,202210,-0.06988531521626772,16
factor_06,202211,-0.12671763402773278,22
factor_06,202212,-0.050158416593446595,22
factor_06,202301,-0.11758344164860657,16
factor_06,202302,-0.07804326872091857,20
factor_06,202303,0.02490827392148926,23
factor_06,202304,-0.07645771266683088,19
factor_06,202305,-0.14863557098355312,20
factor_06,202306,-0.10561921033289678,20
factor_06,202307,-0.08862503477356211,21
factor_06,202308,-0.1463771073634831,23
factor_06,202309,-0.04948629035638942,20
factor_06,202310,-0.0758422425431841,17
factor_06,202311,-0.12117846197218284,22
factor_06,202312,-0.10322772294030136,21
factor_06,202401,0.09694675471055669,22
factor_06,202402,-0.10182393361406814,15
factor_06,202403,-0.1103325589979888,21
factor_06,202404,-0.1223990124202555,20
factor_06,202405,-0.004698228822327196,20
factor_06,202406,-0.07653102740049492,19
factor_06,202407,-0.08170194733967176,23
factor_06,202408,-0.11502197853276264,22
factor_06,202409,-0.04198520562916926,19
factor_06,202410,-0.10137540191085144,18
factor_06,202411,-0.19759128454914487,21
factor_06,202412,-0.08480723919471395,22
factor_06,202501,-0.13817395113386674,18
factor_06,202502,-0.056935977332527754,18
factor_06,202503,-0.15022540544878313,21
factor_06,202504,-0.2126706423823014,21
factor_06,202505,-0.15736102683019232,19
factor_06,202506,-0.12124939099212415,20
factor_06,202507,-0.12025854883218647,23
factor_06,202508,-0.035788971361779005,21
factor_06,202509,-0.030100434736012902,22
factor_06,202510,-0.16100260927821197,17
factor_06,202511,-0.06307499395128921,20
factor_06,202512,-0.02574005638635136,23
factor_07,201501,0.11948669601417958,20
factor_07,201502,0.05482304838507348,15
factor_07,201503,0.12660321804148325,22
factor_07,201504,0.1576747586784833,21
factor_07,201505,0.009114179330883111,20
factor_07,201506,0.11102698136065528,21
factor_07,201507,0.140440810513632,23
factor_07,201508,0.1478723332543935,21
factor_07,201509,-0.040547195658876864,20
factor_07,201510,0.05300529115648239,17
factor_07,201511,0.07233530707756933,21
factor_07,201512,0.13623083533736133,23
factor_07,201601,0.1387111064015854,20
factor_07,201602,0.09319270507233651,16
factor_07,201603,0.07912406905995906,23
factor_07,201604,0.09903745240534625,20
factor_07,201605,-0.01780013315024782,21
factor_07,201606,0.02532197803978368,20
factor_07,201607,0.19352784270549414,21
factor_07,201608,0.14043843996824662,23
factor_07,201609,0.032485468705356055,20
factor_07,201610,0.07864756081181551,16
factor_07,201611,0.1489346442658931,22
factor_07,201612,0.10706057561774024,22
factor_07,201701,0.09451977713833629,18
factor_07,201702,0.11136769207360242,18
factor_07,201703,0.07997232764614118,23
factor_07,201704,0.056237237184877956,18
factor_07,201705,0.08222488664123925,20
factor_07,201706,0.11345164540534712,22
factor_07,201707,0.05915424568270734,21
factor_07,201708,0.08100567466890907,23
factor_07,201709,0.14153158230660307,21
factor_07,201710,0.031231508616491155,17
factor_07,201711,0.12713630017247304,22
factor_07,201712,0.05030505021391375,21
factor_07,201801,0.06813330289483276,22
factor_07,201802,0.018626914956974414,15
factor_07,201803,-0.007000441464912446,22
factor_07,201804,0.09530505451891057,18
factor_07,201805,0.01045816750117676,22
factor_07,201806,-0.006137110411716325,20
factor_07,201807,0.1126098946834657,22
factor_07,201808,0.07570905614346937,23
factor_07,201809,0.08435955680112628,19
factor_07,201810,0.10210157553739731,18
factor_07,201811,0.1115443351464262,22
factor_07,201812,0.12616884050161778,20
factor_07,201901,0.11687913047832453,22
factor_07,201902,0.032676943516372924,15
factor_07,201903,0.1834629522316376,21
factor_07,201904,0.21378315498669154,21
factor_07,201905,0.020816038984575146,20
factor_07,201906,0.13535960431858182,19
factor_07,201907,0.06386742504512023,23
factor_07,201908,0.030511540597701337,22
factor_07,201909,0.1209727996120256,20
factor_07,201910,0.08156800519389838,18
factor_07,201911,0.09785359477593,21
factor_07,201912,0.05570180499041021,22
factor_07,202001,-0.02553283464397344,16
factor_07,202002,0.028766501665819684,20
factor_07,202003,0.15288079686404343,22
factor_07,202004,0.08113125784088607,21
factor_07,202005,0.03824871347955576,18
factor_07,202006,0.07085211130025339,20
factor_07,202007,0.027082277889207893,23
factor_07,202008,0.07227263051825374,21
factor_07,202009,0.08422639416521231,22
factor_07,202010,-0.025315732201859,16
factor_07,202011,0.10575595189135295,21
factor_07,202012,0.012193785300766277,23
factor_07,202101,0.12359559661805339,20
factor_07,202102,0.08711350764188312,15
factor_07,202103,0.10046093102867612,23
factor_07,202104,0.08919874296113499,21
factor_07,202105,0.03247210934166618,18
factor_07,202106,0.06453014202364471,21
factor_07,202107,-0.060100445165998974,22
factor_07,202108,0.0661933138538452,22
factor_07,202109,0.13146047246028153,20
factor_07,202110,0.024537976082829253,16
factor_07,202111,0.045053186503460685,22
factor_07,202112,0.14244497902630446,23
factor_07,202201,0.1425306853551454,19
factor_07,202202,-0.001879963111557002,16
factor_07,202203,-0.0024699846531397868,23
factor_07,202204,0.06708352720699713,19
factor_07,202205,0.10014441559314721,19
factor_07,202206,0.0881421664698671,21
factor_07,202207,0.02055937731399968,21
factor_07,202208,0.10017840754625443,23
factor_07,202209,0.15822903679456635,21
factor_07,202210,-0.0332333488874115,16
factor_07,202211,0.1550003886915425,22
factor_07,202212,0.10467667366402679,22
factor_07,202301,0.0732448122968496,16
factor_07,202302,0.071494024361925,20
factor_07,202303,-0.013849025930936905,23
factor_07,202304,0.09563122770151318,19
factor_07,202305,0.022668109370761864,20
factor_07,202306,0.06107961155090591,20
factor_07,202307,0.11861540517433652,21
factor_07,202308,0.11105123882238836,23
factor_07,202309,0.09228454311132964,20
factor_07,202310,0.07472502902868518,17
factor_07,202311,0.05116691421064441,22
factor_07,202312,0.055200110551344425,21
factor_07,202401,0.0927313313120644,22
factor_07,202402,0.07187519065148737,15
factor_07,202403,0.059003943592117816,21
factor_07,202404,0.11728795949638779,20
factor_07,202405,0.1157736830506145,20
factor_07,202406,0.03355232076414607,19
factor_07,202407,0.1075192515018162,23
factor_07,202408,0.10304922738991405,22
factor_07,202409,0.06343903847003991,19
factor_07,202410,0.04027081053038351,18
factor_07,202411,0.1273533173030324,21
factor_07,202412,0.16506720740822012,22
factor_07,202501,0.024732714571204056,18
factor_07,202502,0.014852045593476557,18
factor_07,202503,0.14951864055084413,21
factor_07,202504,0.045195674476648615,21
factor_07,202505,0.06264024460106947,19
factor_07,202506,0.11890760037732732,20
factor_07,202507,0.09964659583734782,23
factor_07,202508,0.07577564882513854,21
factor_07,202509,0.09077437554316864,22
factor_07,202510,0.15677003700421333,17
factor_07,202511,0.08413765337500534,20
factor_07,202512,0.048658500421816415,23
factor_08,201501,-0.04684195282038052,20
factor_08,201502,-0.021224887534781866,15
factor_08,201503,-0.08543125719656565,22
factor_08,201504,-0.1293373739933292,21
factor_08,201505,-0.0438728608034495,20
factor_08,201506,-0.14216110120095823,21
factor_08,201507,-0.08824167229050975,23
factor_08,201508,-0.054051434928070866,21
factor_08,201509,0.06958364404698264,20
factor_08,201510,-0.04063334165959426,17
factor_08,201511,-0.031279623334172196,21
factor_08,201512,-0.12453157381113873,23
factor_08,201601,-0.007240921577000919,20
factor_08,201602,-0.05934621554177967,16
factor_08,201603,0.01864399658442946,23
factor_08,201604,-0.08037234877022045,20
factor_08,201605,0.026102304592336586,21
factor_08,201606,-0.04157805588516397,20
factor_08,201607,-0.2014438684687699,21
factor_08,201608,-0.1332206813805251,23
factor_08,201609,-0.046717472966834046,20
factor_08,201610,-0.09462293896468553,16
factor_08,201611,-0.16308248238734124,22
factor_08,201612,-0.10070387207546155,22
factor_08,201701,-0.08827040424759772,18
factor_08,201702,-0.10475841269464187,18
factor_08,201703,-0.06820509791263797,23
factor_08,201704,-0.10201274595640811,18
factor_08,201705,-0.130402557402242,20
factor_08,201706,-0.04599882603053454,22
factor_08,201707,-0.1033704709183639,21
factor_08,201708,-0.05820238397439471,23
factor_08,201709,-0.09955006511043318,21
factor_08,201710,-0.06426389483316737,17
factor_08,201711,-0.10011372115171327,22
factor_08,201712,-0.027857589073612528,21
factor_08,201801,-0.11251124468843582,22
factor_08,201802,0.07665691090311451,15
factor_08,201803,0.001846126103279661,22
factor_08,201804,-0.07617809107474822,18
factor_08,201805,-0.04287556808666753,22
factor_08,201806,0.005328512137182022,20
factor_08,201807,-0.10811992429833796,22
factor_08,201808,-0.06441935080475134,23
factor_08,201809,-0.10203105523354368,19
factor_08,201810,-0.028809458882480852,18
factor_08,201811,-0.07899384534067376,22
factor_08,201812,-0.09895491875439769,20
factor_08,201901,-0.102630718812113,22
factor_08,201902,0.07234926771910292,15
factor_08,201903,-0.14024019577350896,21
factor_08,201904,-0.16656862358725946,21
factor_08,201905,-0.06286671967585919,20
factor_08,201906,-0.0988284437524712,19
factor_08,201907,-0.06950440993996933,23
factor_08,201908,-0.01598802918367469,22
factor_08,201909,-0.10336840852311872,20
factor_08,201910,-0.0866814442225779,18
factor_08,201911,-0.07842424021710098,21
factor_08,201912,-0.04159589617416964,22
factor_08,202001,0.032870088381856,16
factor_08,202002,-0.04229553187962297,20
factor_08,202003,-0.16932500193819766,22
factor_08,202004,-0.05940195870444036,21
factor_08,202005,-0.04831984086433477,18
factor_08,202006,-0.053890714632581195,20
factor_08,202007,-0.059746387040060876,23
factor_08,202008,-0.11468202556831002,21
factor_08,202009,-0.04347660145883816,22
factor_08,202010,-0.00983375345103141,16
factor_08,202011,-0.1529846824767118,21
factor_08,202012,-0.013697646573762146,23
factor_08,202101,-0.06645864765987321,20
factor_08,202102,-0.09849665068182648,15
factor_08,202103,-0.12073587620510375,23
factor_08,202104,-0.06642402815194781,21
factor_08,202105,-0.015311089612578802,18
factor_08,202106,-0.03755097717201535,21
factor_08,202107,0.040176932828845685,22
factor_08,202108,-0.12416688266931471,22
factor_08,202109,-0.1530731936663417,20
factor_08,202110,0.05399902243198353,16
factor_08,202111,-0.07436768604684184,22
factor_08,202112,-0.18789284400701325,23
factor_08,202201,-0.12977638714719067,19
factor_08,202202,-0.03394241335562709,16
factor_08,202203,-0.08264383234502479,23
factor_08,202204,-0.07872619951811766,19
factor_08,202205,-0.0471471735479989,19
factor_08,202206,-0.07615429368109504,21
factor_08,202207,-0.010267261740476055,21
factor_08,202208,-0.15633576471392088,23
factor_08,202209,-0.1051432502034726,21
factor_08,202210,0.058837831948844545,16
factor_08,202211,-0.1828701537382652,22
factor_08,202212,-0.07616160974519472,22
factor_08,202301,-0.08109567835650003,16
factor_08,202302,-0.15098612203131132,20
factor_08,202303,-0.004615892919784576,23
factor_08,202304,-0.12990449760419023,19
factor_08,202305,-0.037916815402159,20
factor_08,202306,-0.05823229358767666,20
factor_08,202307,-0.235285240522016,21
factor_08,202308,-0.06156819079063751,23
factor_08,202309,-0.07670977042601207,20
factor_08,202310,-0.05273718020524092,17
factor_08,202311,-0.05517044082470674,22
factor_08,202312,-0.05248973182722006,21
factor_08,202401,-0.24485443246887834,22
factor_08,202402,0.1658033960162384,15
factor_08,202403,-0.11278627100197139,21
factor_08,202404,-0.08773910755917712,20
factor_08,202405,-0.12839165879281894,20
factor_08,202406,-0.03796941840855081,19
factor_08,202407,-0.08394876347087146,23
factor_08,202408,-0.1053912538614357,22
factor_08,202409,0.005650787760760001,19
factor_08,202410,0.01536192404316724,18
factor_08,202411,-0.09312433176397694,21
factor_08,202412,-0.22822792874565856,22
factor_08,202501,0.04673626991207083,18
factor_08,202502,0.022970306308696002,18
factor_08,202503,-0.21966141310627776,21
factor_08,202504,0.020521328414783744,21
factor_08,202505,-0.09320986544244451,19
factor_08,202506,-0.09797022308618732,20
factor_08,202507,-0.10711929497620416,23
factor_08,202508,-0.055469971283553236,21
factor_08,202509,-0.06100790920909322,22
factor_08,202510,-0.1352173143313786,17
factor_08,202511,-0.12309886877376716,20
factor_08,202512,-0.006981097000068035,23
factor_09,201501,0.06399363191795457,20
factor_09,201502,0.028856597376196006,15
factor_09,201503,0.01586073891757774,22
factor_09,201504,-0.05055580440161217,21
factor_09,201505,0.12501133297610084,20
factor_09,201506,-0.15199791357759737,21
factor_09,201507,-0.014138637248892513,23
factor_09,201508,-0.06072214987806053,21
factor_09,201509,0.16448031041517844,20
factor_09,201510,0.11622214159022198,17
factor_09,201511,0.08911436776979245,21
factor_09,201512,-0.04251657349625511,23
factor_09,201601,-0.010888542977899505,20
factor_09,201602,-0.07694516544339115,16
factor_09,201603,0.12105100007483567,23
factor_09,201604,-0.002599110480810253,20
factor_09,201605,0.06890038580934628,21
factor_09,201606,0.03925642409325209,20
factor_09,201607,-0.20277541933213372,21
factor_09,201608,-0.02315447692199093,23
factor_09,201609,0.00715944881510029,20
factor_09,201610,0.03155350200290018,16
factor_09,201611,-0.11232161611872406,22
factor_09,201612,-0.1135020215033959,22
factor_09,201701,-0.1182075225904364,18
factor_09,201702,0.0035606439215225363,18
factor_09,201703,-0.09340965851002955,23
factor_09,201704,-0.12932719731187933,18
factor_09,201705,-0.16287864860730844,20
factor_09,201706,-0.037961903462663746,22
factor_09,201707,-0.18671750755312017,21
factor_09,201708,0.06743710417244261,23
factor_09,201709,-0.04765649670717727,21
factor_09,201710,-0.09067342481539317,17
factor_09,201711,-0.1939918340130471,22
factor_09,201712,-0.029835798848313957,21
factor_09,201801,-0.16105780889626203,22
factor_09,201802,0.12395744170803917,15
factor_09,201803,0.0983921678076065,22
factor_09,201804,-0.08920577823440726,18
factor_09,201805,0.0007680588607533265,22
factor_09,201806,-0.0045519533350168034,20
factor_09,201807,-0.16558672896532337,22
factor_09,201808,-0.08816637072767296,23
factor_09,201809,-0.14814349365808416,19
factor_09,201810,-0.006957355441807974,18
factor_09,201811,-0.03891733960626791,22
factor_09,201812,-0.04430909741962816,20
factor_09,201901,-0.15223131312858698,22
factor_09,201902,0.11693567168066732,15
factor_09,201903,-0.07620807908650395,21
factor_09,201904,-0.1333337344961808,21
factor_09,201905,0.0026068035526961826,20
factor_09,201906,-0.06942281747575449,19
factor_09,201907,-0.06551322136177685,23
factor_09,201908,-0.0066389277417219505,22
factor_09,201909,-0.04111943710656303,20
factor_09,201910,-0.12481673063378523,18
factor_09,201911,-0.0810202375607467,21
factor_09,201912,0.01648087623969181,22
factor_09,202001,-0.017433819684215923,16
factor_09,202002,0.03455526831484064,20
factor_09,202003,-0.10166931617084277,22
factor_09,202004,-0.09368756569661975,21
factor_09,202005,-0.01551195160354891,18
factor_09,202006,-0.08360935947176734,20
factor_09,202007,-0.022050620927878784,23
factor_09,202008,-0.02862147290245471,21
factor_09,202009,-0.05629397220400551,22
factor_09,202010,-0.014311383800415519,16
factor_09,202011,-0.13309116535569096,21
factor_09,202012,-0.15753344810083075,23
factor_09,202101,-0.11828929944246931,20
factor_09,202102,0.0015456412794165092,15
factor_09,202103,-0.07193960688254299,23
factor_09,202104,-0.09082548027118038,21
factor_09,202105,0.047480644254613985,18
factor_09,202106,-0.025893270123066896,21
factor_09,202107,0.01726396959297188,22
factor_09,202108,-0.08023328096654762,22
factor_09,202109,-0.15010075665631256,20
factor_09,202110,-0.02756970713774775,16
factor_09,202111,0.03663889515232032,22
factor_09,202112,-0.08565192113337618,23
factor_09,202201,-0.11239023076009454,19
factor_09,202202,0.0128104180140278,16
factor_09,202203,-0.06582203992431306,23
factor_09,202204,-0.12406918883774812,19
factor_09,202205,-0.048800015330505084,19
factor_09,202206,-0.08028308372867836,21
factor_09,202207,0.05301303389690542,21
factor_09,202208,-0.10064484412673498,23
factor_09,202209,-0.11579642049283978,21
factor_09,202210,0.08603510516651132,16
factor_09,202211,-0.11506668739694371,22
factor_09,202212,-0.09887377836801882,22
factor_09,202301,0.004858409023960586,16
factor_09,202302,-0.07554842409750115,20
factor_09,202303,-0.018990842171870706,23
factor_09,202304,-0.12681145745752812,19
factor_09,202305,0.1017751786534189,20
factor_09,202306,-0.018504961403790186,20
factor_09,202307,-0.1778495789576515,21
factor_09,202308,0.03988399228953894,23
factor_09,202309,-0.05894056905771948,20
factor_09,202310,-0.005497554028036167,17
factor_09,202311,0.059398647395789955,22
factor_09,202312,-0.0005794145619247624,21
factor_09,202401,-0.3231015828962958,22
factor_09,202402,0.1299604723767178,15
factor_09,202403,-0.010198496239738628,21
factor_09,202404,-0.09652875764662008,20
factor_09,202405,-0.14312789714523083,20
factor_09,202406,0.030081036203281175,19
factor_09,202407,-0.04191905068948442,23
factor_09,202408,-0.0680670588162792,22
factor_09,202409,-0.005034564919094669,19
factor_09,202410,0.0817484309096928,18
factor_09,202411,0.05196969591423339,21
factor_09,202412,-0.2040774336719623,22
factor_09,202501,0.1099028135642276,18
factor_09,202502,0.07352268728007205,18
factor_09,202503,-0.16377924550617562,21
factor_09,202504,0.08089598825772185,21
factor_09,202505,-0.008587874473020231,19
factor_09,202506,-0.02561932726521108,20
factor_09,202507,-0.04307106596726952,23
factor_09,202508,-0.08719123535116136,21
factor_09,202509,-0.09074998446249835,22
factor_09,202510,0.008054332895508809,17
factor_09,202511,-0.0937760155141923,20
factor_09,202512,-0.05145123407876302,23
factor_10,201501,-0.24853519506273386,20
factor_10,201502,-0.04994719732898318,15
factor_10,201503,-0.08654545174290972,22
factor_10,201504,-0.05604965364048477,21
factor_10,201505,-0.205695970348229,20
factor_10,201506,0.1124332631297677,21
factor_10,201507,-0.12135921021774716,22
factor_10,201508,-0.0010934972229317149,20
factor_10,201509,-0.20574385418791383,20
factor_10,201510,-0.17373534107021668,17
factor_10,201511,-0.16318999340055843,21
factor_10,201512,-0.10443649521715238,23
factor_10,201601,-0.11363965503408394,20
factor_10,201602,0.06651958517718433,16
factor_10,201603,-0.20648827200746317,23
factor_10,201604,-0.151775493851466,20
factor_10,201605,-0.08517240286631438,21
factor_10,201606,-0.12894883472707375,20
factor_10,201607,-0.037540062592499396,21
factor_10,201608,-0.10717635176432601,23
factor_10,201609,-0.11031237763964716,20
factor_10,201610,-0.10559086464454494,16
factor_10,201611,-0.04360745659831778,22
factor_10,201612,-0.02470961441226793,22
factor_10,201701,0.0298586734283584,18
factor_10,201702,-0.09245681420486125,18
factor_10,201703,-0.04182991640250491,23
factor_10,201704,-0.018671671783522154,18
factor_10,201705,0.022801721532959188,20
factor_10,201706,-0.07700200228552855,22
factor_10,201707,0.12872526970466264,21
factor_10,201708,-0.16098609326985366,23
factor_10,201709,-0.14065946089561446,21
factor_10,201710,-0.10643844976325158,17
factor_10,201711,0.05540604917921623,22
factor_10,201712,-0.024552062981168847,21
factor_10,201801,0.04158339015219532,22
factor_10,201802,-0.09271731981347416,15
factor_10,201803,-0.21155480769858012,22
factor_10,201804,-0.10680466725810094,18
factor_10,201805,-0.13403223180684823,22
factor_10,201806,-0.03850393559375715,20
factor_10,201807,-0.03667705448343651,22
factor_10,201808,-0.038040135296969216,23
factor_10,201809,-0.0011307580412502178,19
factor_10,201810,-0.06434463536515991,18
factor_10,201811,-0.13499477300857504,22
factor_10,201812,-0.11489483797665252,20
factor_10,201901,-0.05641636552077258,22
factor_10,201902,0.0991945877299208,15
factor_10,201903,-0.1222169846094924,21
factor_10,201904,-0.11044303053349973,21
factor_10,201905,-0.1349679781321661,20
factor_10,201906,-0.113105963184708,19
factor_10,201907,-0.1074448664258855,23
factor_10,201908,-0.044396230700431166,22
factor_10,201909,-0.16005491776051697,20
factor_10,201910,-0.06415948116904202,18
factor_10,201911,-0.034078332893677746,21
factor_10,201912,-0.028323451356194917,22
factor_10,202001,-0.08304077725382485,16
factor_10,202002,-0.04190524134426833,20
factor_10,202003,-0.14239358887475023,22
factor_10,202004,-0.11457228912758148,21
factor_10,202005,-0.1582943897704363,18
factor_10,202006,-0.030002663552683884,20
factor_10,202007,-0.03161471870135894,23
factor_10,202008,-0.06570852072577518,21
factor_10,202009,-0.037847175366105185,22
factor_10,202010,-0.02815721181198444,16
factor_10,202011,-0.00829058528656405,21
factor_10,202012,0.0715348487434068,23
factor_10,202101,-0.06874478124806546,20
factor_10,202102,-0.030723099895844024,15
factor_10,202103,-0.08245282690127338,23
factor_10,202104,-0.05181252167685566,21
factor_10,202105,-0.0999472265155426,18
factor_10,202106,-0.07843950313506778,21
factor_10,202107,0.04830208956369606,22
factor_10,202108,0.02126972898941166,22
factor_10,202109,-0.05024209544905467,20
factor_10,202110,-0.03313980846059327,16
factor_10,202111,-0.11031222536843152,22
factor_10,202112,-0.054058882591285065,23
factor_10,202201,-0.008113589009595926,19
factor_10,202202,0.001957950664606578,16
factor_10,202203,0.05383272155177904,23
factor_10,202204,-0.057326470770164104,19
factor_10,202205,-0.11856111563867153,19
factor_10,202206,-0.046835500138787754,21
factor_10,202207,-0.11417587856953341,21
factor_10,202208,-0.02332206190729631,23
factor_10,202209,-0.03864264132432164,21
factor_10,202210,-0.16750841090583868,16
factor_10,202211,0.019539240883716728,22
factor_10,202212,-0.04059667934521649,22
factor_10,202301,-0.12635780634829097,16
factor_10,202302,-0.03714325714323769,20
factor_10,202303,0.004259004743656472,23
factor_10,202304,0.010465315931528085,19
factor_10,202305,-0.15558489959096056,20
factor_10,202306,-0.06064897368381746,20
factor_10,202307,-0.001789212632092852,21
factor_10,202308,-0.13097824745619893,23
factor_10,202309,-0.04902327455528034,20
factor_10,202310,-0.05820535790541746,17
factor_10,202311,-0.11127211153496587,22
factor_10,202312,-0.09299634165310089,21
factor_10,202401,0.16629847267320655,22
factor_10,202402,-0.008224681254011493,15
factor_10,202403,-0.09226798819662163,21
factor_10,202404,-0.11015279579173683,20
factor_10,202405,-0.028322251050726638,20
factor_10,202406,-0.03383424869167815,19
factor_10,202407,-0.0373900124918266,23
factor_10,202408,-0.05439712417411722,22
factor_10,202409,0.0167438374917817,19
factor_10,202410,-0.009963186401792543,18
factor_10,202411,-0.1193049193863588,21
factor_10,202412,-0.06138157830913626,22
factor_10,202501,-0.1190885815433678,18
factor_10,202502,-0.10743703524406395,18
factor_10,202503,-0.10013290775855173,21
factor_10,202504,-0.15298712883355906,21
factor_10,202505,-0.08691059491428395,19
factor_10,202506,-0.08952843972893296,20
factor_10,202507,-0.1447834378491872,23
factor_10,202508,-0.013401304655383436,21
factor_10,202509,-0.002221060179050907,22
factor_10,202510,-0.0790223838382637,17
factor_10,202511,-0.020404923139942736,20
factor_10,202512,-0.04017267186919134,23
factor_11,201501,-0.13405736180713052,20
factor_11,201502,-0.08814918992970658,15
factor_11,201503,-0.16156241495153126,22
factor_11,201504,-0.1480993749771101,21
factor_11,201505,-0.12017021836188294,20
factor_11,201506,-0.07395057795130419,21
factor_11,201507,-0.14056096554896658,23
factor_11,201508,-0.10619475191492994,21
factor_11,201509,-0.08484079709346481,20
factor_11,201510,-0.14638380981455923,17
factor_11,201511,-0.18247453873067285,21
factor_11,201512,-0.1734824790294925,23
factor_11,201601,-0.15924711163417235,20
factor_11,201602,-0.08383201188805137,16
factor_11,201603,-0.11441874030401451,23
factor_11,201604,-0.16889647780820782,20
factor_11,201605,-0.0010649011491896709,21
factor_11,201606,-0.07920787136649327,20
factor_11,201607,-0.14477246572522526,21
factor_11,201608,-0.18063282292957708,23
factor_11,201609,-0.11139191420142666,20
factor_11,201610,-0.12826838343241942,16
factor_11,201611,-0.12118588402653022,22
factor_11,201612,-0.12912648109671465,22
factor_11,201701,-0.040231629406948306,18
factor_11,201702,-0.13288661492481543,18
factor_11,201703,-0.02717941570112673,23
factor_11,201704,0.0018650351291713645,18
factor_11,201705,0.0063251208473285945,20
factor_11,201706,-0.0863876608084804,22
factor_11,201707,0.03264169701970311,21
factor_11,201708,-0.12852913030325916,23
factor_11,201709,-0.13854185557217838,21
factor_11,201710,-0.013492124308386762,17
factor_11,201711,-0.009416792936955994,22
factor_11,201712,-0.05793387662724218,21
factor_11,201801,-0.004429812519075093,22
factor_11,201802,-0.06965262510628818,15
factor_11,201803,-0.1060216875953,22
factor_11,201804,-0.08176548475699599,18
factor_11,201805,-0.0660160948680979,22
factor_11,201806,-0.019889208275197752,20
factor_11,201807,-0.07092925558840357,22
factor_11,201808,-0.0617327362341132,23
factor_11,201809,-0.0189673835497216,19
factor_11,201810,-0.1101696964356335,18
factor_11,201811,-0.14313504319917897,22
factor_11,201812,-0.11231273410431764,20
factor_11,201901,-0.032488293495790785,22
factor_11,201902,-0.0006185454935994409,15
factor_11,201903,-0.20170947238362263,21
factor_11,201904,-0.14409337536628797,21
factor_11,201905,-0.05924585348146003,20
factor_11,201906,-0.07344235595070163,19
factor_11,201907,-0.01985006903759484,23
factor_11,201908,-0.017591554741259053,22
factor_11,201909,-0.12728336877780846,20
factor_11,201910,-0.0345919203243567,18
factor_11,201911,-0.0634042502014476,21
factor_11,201912,-0.04901294990076605,22
factor_11,202001,0.06499768027147182,16
factor_11,202002,-0.04024627775611188,20
factor_11,202003,-0.1550900659654576,22
factor_11,202004,-0.06543899778540654,21
factor_11,202005,-0.08271660986327088,18
factor_11,202006,-0.009963987867980941,20
factor_11,202007,-0.05844462523673872,23
factor_11,202008,-0.06406895845684642,21
factor_11,202009,-0.08502455251066134,22
factor_11,202010,0.01765447331448533,16
factor_11,202011,-0.053975385972724915,21
factor_11,202012,0.08313941533506623,23
factor_11,202101,-0.06316147792591595,20
factor_11,202102,-0.09612228946890636,15
factor_11,202103,-0.1167461367149192,23
factor_11,202104,-0.06071666145088377,21
factor_11,202105,-0.050580814427512916,18
factor_11,202106,-0.07808259317295402,21
factor_11,202107,0.02375378983260311,22
factor_11,202108,-0.08076929029470047,22
factor_11,202109,-0.06986098862377207,20
factor_11,202110,0.01560257759066546,16
factor_11,202111,-0.07385913757962452,22
factor_11,202112,-0.1542536518220278,23
factor_11,202201,-0.1097275626296821,19
factor_11,202202,-0.03233140629112451,16
factor_11,202203,-0.00227291688528755,23
factor_11,202204,-0.008273613406561848,19
factor_11,202205,-0.0813912975144154,19
factor_11,202206,-0.04748175565972438,21
factor_11,202207,-0.09381589878041764,21
factor_11,202208,-0.06852725531679027,23
factor_11,202209,-0.11941043995922376,21
factor_11,202210,-0.023122052545019364,16
factor_11,202211,-0.1455235649847712,22
factor_11,202212,-0.02260309199497609,22
factor_11,202301,-0.07890430311433051,16
factor_11,202302,-0.08619093119659982,20
factor_11,202303,0.023739449720213576,23
factor_11,202304,-0.009197033818996425,19
factor_11,202305,-0.07794220308090681,20
factor_11,202306,-0.05278895065495089,20
factor_11,202307,-0.0333223420553456,21
factor_11,202308,-0.18279433932211744,23
factor_11,202309,-0.054653477122681746,20
factor_11,202310,-0.10215343343126734,17
factor_11,202311,-0.16145879615378653,22
factor_11,202312,-0.10503307877436233,21
factor_11,202401,0.13560690473630965,22
factor_11,202402,-0.012265300640720669,15
factor_11,202403,-0.10846765544178946,21
factor_11,202404,-0.02954487008250885,20
factor_11,202405,-0.019203419816342167,20
factor_11,202406,-0.0873018199681826,19
factor_11,202407,-0.08647202877057962,23
factor_11,202408,-0.10267780489068806,22
factor_11,202409,-0.0033559454007722617,19
factor_11,202410,-0.12196359652043245,18
factor_11,202411,-0.23584069263000565,21
factor_11,202412,-0.041335945379530344,22
factor_11,202501,-0.1424968633483081,18
factor_11,202502,-0.09913908824292766,18
factor_11,202503,-0.11354001324046996,21
factor_11,202504,-0.1396898057758101,21
factor_11,202505,-0.11767777424430531,19
factor_11,202506,-0.1226703901149779,20
factor_11,202507,-0.10288202568820799,23
factor_11,202508,-0.01850776460942048,21
factor_11,202509,-0.024381802565477898,22
factor_11,202510,-0.19561897683985552,17
factor_11,202511,-0.04857900730820604,20
factor_11,202512,0.004879470527769885,23
factor_12,201501,-0.1395976384619486,20
factor_12,201502,-0.11488982324745664,15
factor_12,201503,-0.1614329638399208,22
factor_12,201504,-0.11689162977713849,21
factor_12,201505,-0.09910288382970778,20
factor_12,201506,-0.15828583772645233,21
factor_12,201507,-0.12135821431819656,23
factor_12,201508,-0.12046357165297243,21
factor_12,201509,-0.14803131314940404,20
factor_12,201510,-0.1836173278680906,17
factor_12,201511,-0.19024908333146884,21
factor_12,201512,-0.15242162041563226,23
factor_12,201601,-0.1313112171339706,20
factor_12,201602,-0.07256393425733167,16
factor_12,201603,-0.14498212691916873,23
factor_12,201604,-0.1608435150358583,20
factor_12,201605,-0.00939088126743495,21
factor_12,201606,-0.08895474615440017,20
factor_12,201607,-0.08493106671899027,21
factor_12,201608,-0.1613537355269362,23
factor_12,201609,-0.12965342517949788,20
factor_12,201610,-0.11813440816461551,16
factor_12,201611,-0.0832688679154787,22
factor_12,201612,-0.14456321939184055,22
factor_12,201701,-0.007178573663787654,18
factor_12,201702,-0.07067720051993917,18
factor_12,201703,0.032207826575109955,23
factor_12,201704,0.04949842317899699,18
factor_12,201705,0.04384682138884481,20
factor_12,201706,-0.08356899310562962,22
factor_12,201707,0.06936591817422688,21
factor_12,201708,-0.1319629871718639,23
factor_12,201709,-0.10924598288202929,21
factor_12,201710,0.05161951407404115,17
factor_12,201711,0.031118077143855834,22
factor_12,201712,-0.05092507753486998,21
factor_12,201801,0.05564306700122239,22
factor_12,201802,-0.10425971931434648,15
factor_12,201803,-0.13594724653604,22
factor_12,201804,-0.03112078428619764,18
factor_12,201805,-0.04427579044290773,22
factor_12,201806,-0.014809650086660126,20
factor_12,201807,-0.0209147816209212,22
factor_12,201808,-0.03685284048269714,23
factor_12,201809,0.01017005569245734,19
factor_12,201810,-0.0959431876040265,18
factor_12,201811,-0.128788824977194,22
factor_12,201812,-0.09043279623788494,20
factor_12,201901,0.029996089186130392,22
factor_12,201902,-0.05088839218704244,15
factor_12,201903,-0.15984956426207214,21
factor_12,201904,-0.08903106134860514,21
factor_12,201905,-0.045174764125512135,20
factor_12,201906,-0.04954791583257305,19
factor_12,201907,0.013937158082308375,23
factor_12,201908,-0.011207319363053962,22
factor_12,201909,-0.10921421613581198,20
factor_12,201910,0.0025130094452105456,18
factor_12,201911,-0.04243314264277997,21
factor_12,201912,-0.0503126442585392,22
factor_12,202001,0.11153161233160956,16
factor_12,202002,-0.09020098879326137,20
factor_12,202003,-0.1222419657815592,22
factor_12,202004,-0.009482020816121902,21
factor_12,202005,-0.048762729764806986,18
factor_12,202006,0.035340102674300565,20
factor_12,202007,-0.06115185227748158,23
factor_12,202008,-0.11200559738267535,21
factor_12,202009,-0.07352661756032991,22
factor_12,202010,-0.006134818387831876,16
factor_12,202011,-0.023018606875126517,21
factor_12,202012,0.13723017067809024,23
factor_12,202101,-0.003265132210479897,20
factor_12,202102,-0.1705010086058847,15
factor_12,202103,-0.1076088253607603,23
factor_12,202104,-0.03114010222186883,21
factor_12,202105,-0.03951191391127138,18
factor_12,202106,-0.06602185049245048,21
factor_12,202107,0.014036719798178842,22
factor_12,202108,-0.08787823012811578,22
factor_12,202109,-0.06446167493618644,20
factor_12,202110,0.049024536391224095,16
factor_12,202111,-0.10970668051070942,22
factor_12,202112,-0.16330784123359113,23
factor_12,202201,-0.10047545854352032,19
factor_12,202202,-0.051811161339995616,16
factor_12,202203,-0.020403135808463844,23
factor_12,202204,0.04392060681306596,19
factor_12,202205,-0.060145414051589845,19
factor_12,202206,-0.013740467228992834,21
factor_12,202207,-0.10464945180266147,21
factor_12,202208,-0.082025502734116,23
factor_12,202209,-0.07733999832136369,21
factor_12,202210,-0.026732241535833375,16
factor_12,202211,-0.15395038726145388,22
factor_12,202212,-0.016598805040288486,22
factor_12,202301,-0.07545913369605646,16
factor_12,202302,-0.084069226359302,20
factor_12,202303,0.04113463792598489,23
factor_12,202304,0.013776257308073832,19
factor_12,202305,-0.0946039314467489,20
factor_12,202306,-0.05972155698678412,20
factor_12,202307,-0.009525784674270584,21
factor_12,202308,-0.19404375749308694,23
factor_12,202309,-0.04997020052962438,20
factor_12,202310,-0.1282484510620644,17
factor_12,202311,-0.17491853394672796,22
factor_12,202312,-0.08691635389442963,21
factor_12,202401,0.24017271081594493,22
factor_12,202402,-0.06860045768473376,15
factor_12,202403,-0.1503761401709797,21
factor_12,202404,0.028348352252699605,20
factor_12,202405,0.04818701445986617,20
factor_12,202406,-0.10766932091795917,19
factor_12,202407,-0.08206674950977313,23
factor_12,202408,-0.08802937504457865,22
factor_12,202409,-0.013032853272556167,19
factor_12,202410,-0.18125219595880904,18
factor_12,202411,-0.23628934438923638,21
factor_12,202412,0.01528204551857359,22
factor_12,202501,-0.16308162603525467,18
factor_12,202502,-0.1100462934384448,18
factor_12,202503,-0.07562297328611786,21
factor_12,202504,-0.15167716013215155,21
factor_12,202505,-0.13231026146546246,19
factor_12,202506,-0.1140288962604437,20
factor_12,202507,-0.06957568281164293,23
factor_12,202508,0.01972184239783371,21
factor_12,202509,0.015603492619995813,22
factor_12,202510,-0.19721830797445442,17
factor_12,202511,-0.041729872861444584,20
factor_12,202512,0.025989050475780408,23
factor_13,201501,0.2072623922376861,20
factor_13,201502,-0.003855416534838659,15
factor_13,201503,0.070480402142825,22
factor_13,201504,0.13949456732431087,21
factor_13,201505,0.034388784555635946,20
factor_13,201506,0.21137765732887703,21
factor_13,201507,0.1100432827324558,23
factor_13,201508,0.0872442567303945,21
factor_13,201509,0.22158417112214387,20
factor_13,201510,0.10995427174732057,17
factor_13,201511,0.055921899239597464,21
factor_13,201512,0.07569931402623528,23
factor_13,201601,0.12796637369912187,20
factor_13,201602,-0.030235902814050485,16
factor_13,201603,0.21167306819623968,23
factor_13,201604,0.06810550437113944,20
factor_13,201605,0.08453081661176813,21
factor_13,201606,0.00732414219216807,20
factor_13,201607,0.18456457644017604,21
factor_13,201608,0.031252168741227986,23
factor_13,201609,-0.025460371865630587,20
factor_13,201610,0.043028321827188375,16
factor_13,201611,0.10004093995623521,22
factor_13,201612,-0.01016684278161046,22
factor_13,201701,-0.04565971155168026,18
factor_13,201702,0.01821735494859983,18
factor_13,201703,0.017404913574861198,23
factor_13,201704,-0.011942507182354577,18
factor_13,201705,-0.08721917019556542,20
factor_13,201706,0.10359577054085926,22
factor_13,201707,-0.07576960641184126,21
factor_13,201708,0.13070590734089493,23
factor_13,201709,0.05007610991612722,21
factor_13,201710,-0.03960852040262306,17
factor_13,201711,-0.012129306287519577,22
factor_13,201712,0.036537889670651066,21
factor_13,201801,-0.06484563595189421,22
factor_13,201802,0.24445047043077384,15
factor_13,201803,0.04004244972841522,22
factor_13,201804,0.003635236731605914,18
factor_13,201805,-0.013313448559084217,22
factor_13,201806,0.04394314880583908,20
factor_13,201807,-0.01823875473281388,22
factor_13,201808,-0.030112750144248572,23
factor_13,201809,-0.031082121509699426,19
factor_13,201810,0.06603463254197511,18
factor_13,201811,0.05765850889230895,22
factor_13,201812,0.03772280050847017,20
factor_13,201901,0.033781635046082156,22
factor_13,201902,0.19549980984625848,15
factor_13,201903,0.08063813315241616,21
factor_13,201904,0.14500195833779542,21
factor_13,201905,0.04144301518847611,20
factor_13,201906,0.1291446648328179,19
factor_13,201907,-0.021312015416082658,23
factor_13,201908,0.04280214389237284,22
factor_13,201909,0.07550794940085334,20
factor_13,201910,-0.02769644234003571,18
factor_13,201911,0.01641934605063317,21
factor_13,201912,0.05888682099976954,22
factor_13,202001,-0.13143709348579952,16
factor_13,202002,0.0760784903131722,20
factor_13,202003,0.11155186772904017,22
factor_13,202004,0.04474067401493947,21
factor_13,202005,0.0033262097139997674,18
factor_13,202006,-0.011839248609554535,20
factor_13,202007,0.02258040141278213,23
factor_13,202008,0.09998519889431444,21
factor_13,202009,0.07309779483789368,22
factor_13,202010,-0.08460755095881616,16
factor_13,202011,0.08436340107855071,21
factor_13,202012,-0.113268553906076,23
factor_13,202101,-0.0026699197879292203,20
factor_13,202102,0.08972696936892886,15
factor_13,202103,0.024305676066895092,23
factor_13,202104,0.028365364283973103,21
factor_13,202105,0.04686947937367378,18
factor_13,202106,-0.0061943756121593686,21
factor_13,202107,-0.11371747332401229,22
factor_13,202108,0.016187377711399567,22
factor_13,202109,0.11571746367589826,20
factor_13,202110,0.04651162809851885,16
factor_13,202111,0.1497334188266242,22
factor_13,202112,0.09032040129994214,23
factor_13,202201,0.02551993733419814,19
factor_13,202202,0.04415780917802212,16
factor_13,202203,-0.09590350417891261,23
factor_13,202204,0.06621278536578165,19
factor_13,202205,0.10090828571025585,19
factor_13,202206,0.008346586085432364,21
factor_13,202207,0.02123926503099954,21
factor_13,202208,0.13434173197715749,23
factor_13,202209,0.006425041378373411,21
factor_13,202210,0.17451700705618728,16
factor_13,202211,0.108452724973285,22
factor_13,202212,0.07581988787984889,22
factor_13,202301,0.18096359558384348,16
factor_13,202302,0.08148155967257063,20
factor_13,202303,-0.059359885182202435,23
factor_13,202304,-0.009180512952378136,19
factor_13,202305,0.1374648804857373,20
factor_13,202306,0.06718137999095417,20
factor_13,202307,0.14411156950387652,21
factor_13,202308,0.05025531632618927,23
factor_13,202309,-0.007950798346813424,20
factor_13,202310,-0.030419591609490117,17
factor_13,202311,0.020556361802563126,22
factor_13,202312,-0.01615155325659971,21
factor_13,202401,-0.08734781763682256,22
factor_13,202402,0.2140855803285168,15
factor_13,202403,0.17568527454789737,21
factor_13,202404,0.09533790170888794,20
factor_13,202405,-0.07261069311039157,20
factor_13,202406,-0.012671099105306312,19
factor_13,202407,0.022366331169805388,23
factor_13,202408,0.006786705924021998,22
factor_13,202409,0.04823008869905901,19
factor_13,202410,0.10676207539432085,18
factor_13,202411,0.13676837804493452,21
factor_13,202412,0.11111074784646903,22
factor_13,202501,0.12878350197355215,18
factor_13,202502,0.03408246582250877,18
factor_13,202503,0.15736091455655646,21
factor_13,202504,0.13279221286315554,21
factor_13,202505,-0.011790154391624815,19
factor_13,202506,0.0668553728505504,20
factor_13,202507,4.987296017249648e-05,23
factor_13,202508,0.013655336470876554,21
factor_13,202509,-0.004897775043727001,22
factor_13,202510,0.07469152576881473,17
factor_13,202511,0.03698395237165074,20
factor_13,202512,0.08928961398714357,23
factor_14,201501,-0.1802156484849772,20
factor_14,201502,-0.02648650968863211,15
factor_14,201503,-0.12381218437820155,22
factor_14,201504,-0.20130799218408196,21
factor_14,201505,0.010798545605614027,20
factor_14,201506,-0.20061317205354806,21
factor_14,201507,-0.0486922079475776,23
factor_14,201508,-0.15977859413463,21
factor_14,201509,-0.16043196293149012,20
factor_14,201510,-0.08463077762318585,17
factor_14,201511,-0.04288948149030912,21
factor_14,201512,-0.11425604382665261,23
factor_14,201601,-0.06359026257799599,20
factor_14,201602,-0.01821049714830785,16
factor_14,201603,-0.17828905085984353,23
factor_14,201604,-0.10428563580817667,20
factor_14,201605,-0.012975499871063964,21
factor_14,201606,-0.01552309435605507,20
factor_14,201607,-0.18545150166537935,21
factor_14,201608,-0.10416725188449691,23
factor_14,201609,0.0021580043546680396,20
factor_14,201610,-0.07400257321314758,16
factor_14,201611,-0.11597615966862959,22
factor_14,201612,-0.018606537284165697,22
factor_14,201701,-0.02282575237110934,18
factor_14,201702,-0.05503946125216991,18
factor_14,201703,-0.021206716109208597,23
factor_14,201704,0.01976337858351778,18
factor_14,201705,0.02756894952243749,20
factor_14,201706,-0.1199986605528041,22
factor_14,201707,0.03485522060240646,21
factor_14,201708,-0.12964948002688867,23
factor_14,201709,-0.11184727078760319,21
factor_14,201710,0.013250856204596668,17
factor_14,201711,-0.024488489915321935,22
factor_14,201712,-0.06456480301015052,21
factor_14,201801,-0.0009150581764801703,22
factor_14,201802,-0.1394172871652999,15
factor_14,201803,-0.04002239074198119,22
factor_14,201804,-0.05897385098952837,18
factor_14,201805,-0.005571753297138995,22
factor_14,201806,-0.03014289848402248,20
factor_14,201807,-0.06541465284419802,22
factor_14,201808,-0.03330312570888683,23
factor_14,201809,-0.03933509033065469,19
factor_14,201810,-0.08409505927252969,18
factor_14,201811,-0.10567212290313788,22
factor_14,201812,-0.11532520623021017,20
factor_14,201901,-0.11737542714725059,22
factor_14,201902,-0.11932182204644444,15
factor_14,201903,-0.17710115253526496,21
factor_14,201904,-0.1963276846650126,21
factor_14,201905,-0.05782274793277662,20
factor_14,201906,-0.1613453727645794,19
factor_14,201907,-0.03609086269623194,23
factor_14,201908,-0.031261896938567575,22
factor_14,201909,-0.1006566760884634,20
factor_14,201910,-0.02725337153434293,18
factor_14,201911,-0.05284091546569987,21
factor_14,201912,-0.060205496181311685,22
factor_14,202001,0.10072671909837345,16
factor_14,202002,-0.09339866394319975,20
factor_14,202003,-0.1386732576388149,22
factor_14,202004,-0.06300739169612701,21
factor_14,202005,-0.007621283067936911,18
factor_14,202006,-0.031476027723472334,20
factor_14,202007,-0.03527473780124475,23
factor_14,202008,-0.08506759419773481,21
factor_14,202009,-0.0949949164646987,22
factor_14,202010,0.06045772719634233,16
factor_14,202011,-0.07358156490373577,21
factor_14,202012,0.05589121503451505,23
factor_14,202101,-0.030778581172195237,20
factor_14,202102,-0.09883322106188168,15
factor_14,202103,-0.07998250418542385,23
factor_14,202104,-0.039326670648499006,21
factor_14,202105,-0.043903732377455255,18
factor_14,202106,-0.008568844990846794,21
factor_14,202107,0.09334559498650422,22
factor_14,202108,-0.029504177910762344,22
factor_14,202109,-0.07850553386385864,20
factor_14,202110,-0.05733678933356001,16
factor_14,202111,-0.09717136232026036,22
factor_14,202112,-0.1268661987194348,23
factor_14,202201,-0.07755925297472799,19
factor_14,202202,-0.024447129643882834,16
factor_14,202203,0.06545468262713507,23
factor_14,202204,-0.030506124808649848,19
factor_14,202205,-0.11122743333178713,19
factor_14,202206,-0.04566865817233783,21
factor_14,202207,-0.030496762226099178,21
factor_14,202208,-0.10034721808795193,23
factor_14,202209,-0.07632597578431126,21
factor_14,202210,-0.07098587960270417,16
factor_14,202211,-0.1520645507108569,22
factor_14,202212,-0.08457575331266158,22
factor_14,202301,-0.12647306673666295,16
factor_14,202302,-0.0932681406929081,20
factor_14,202303,0.027493702891608598,23
factor_14,202304,-0.009826021661178436,19
factor_14,202305,-0.10423419596432967,20
factor_14,202306,-0.07445293969066467,20
factor_14,202307,-0.07718737790315826,21
factor_14,202308,-0.1210800985282103,23
factor_14,202309,-0.05985647456378172,20
factor_14,202310,-0.055127047500553854,17
factor_14,202311,-0.04941806073612054,22
factor_14,202312,-0.02121164879372851,21
factor_14,202401,0.010225175534960758,22
factor_14,202402,-0.08780166064903602,15
factor_14,202403,-0.11664782636841509,21
factor_14,202404,-0.10659954675080101,20
factor_14,202405,-0.03885132275320917,20
factor_14,202406,-0.04119579622910141,19
factor_14,202407,-0.08821423511165392,23
factor_14,202408,-0.0725860580961888,22
factor_14,202409,-0.05195351903052403,19
factor_14,202410,-0.05962867481992176,18
factor_14,202411,-0.1393462165674941,21
factor_14,202412,-0.1351932219704262,22
factor_14,202501,-0.0700485923248405,18
factor_14,202502,-0.019300080180209605,18
factor_14,202503,-0.1425664650696102,21
factor_14,202504,-0.11859065912532649,21
factor_14,202505,-0.03828967829331371,19
factor_14,202506,-0.10720498835096681,20
factor_14,202507,-0.061687097999423436,23
factor_14,202508,-0.0467385510848214,21
factor_14,202509,-0.04684565593014822,22
factor_14,202510,-0.11652424311108757,17
factor_14,202511,-0.06948551446917603,20
factor_14,202512,-0.07991971025835955,23
factor_15,201501,-0.16562665260770817,20
factor_15,201502,-0.06819632283729428,15
factor_15,201503,-0.12404247287348488,22
factor_15,201504,-0.10446464129622669,21
factor_15,201505,-0.1892594695591611,20
factor_15,201506,-0.05907061973053794,21
factor_15,201507,-0.15912254168930956,23
factor_15,201508,-0.09663984865503318,21
factor_15,201509,-0.20848179222027596,20
factor_15,201510,-0.15801106220412597,17
factor_15,201511,-0.13532461866578288,21
factor_15,201512,-0.12718165843365722,23
factor_15,201601,-0.11969584762349086,20
factor_15,201602,-0.09251354826112526,16
factor_15,201603,-0.21986554267367373,23
factor_15,201604,-0.12631247685804387,20
factor_15,201605,-0.05252218159028669,21
factor_15,201606,-0.0792769085483377,20
factor_15,201607,-0.05777403357886122,21
factor_15,201608,-0.1209957592309714,23
factor_15,201609,-0.08987519375900463,20
factor_15,201610,-0.10179364217358353,16
factor_15,201611,-0.09809482374489012,22
factor_15,201612,-0.0697395360616642,22
factor_15,201701,-0.003761544275071027,18
factor_15,201702,-0.07732207488813657,18
factor_15,201703,0.013809347318623733,23
factor_15,201704,0.07802822277339237,18
factor_15,201705,0.0832144343510231,20
factor_15,201706,-0.09402662627661557,22
factor_15,201707,0.1026653201464567,21
factor_15,201708,-0.16372926402394314,23
factor_15,201709,-0.10152679563542939,21
factor_15,201710,0.07470565145004915,17
factor_15,201711,0.06343457785950693,22
factor_15,201712,-0.05471434294557259,21
factor_15,201801,0.0693100790471871,22
factor_15,201802,-0.187945562615758,15
factor_15,201803,-0.1416187017109745,22
factor_15,201804,-0.021763741504805784,18
factor_15,201805,-0.03221232636399504,22
factor_15,201806,-0.027704465687881975,20
factor_15,201807,-0.05902905521929089,22
factor_15,201808,-0.027090304764949977,23
factor_15,201809,0.010712372623784265,19
factor_15,201810,-0.1270554792588389,18
factor_15,201811,-0.17294713029718237,22
factor_15,201812,-0.08846959579290826,20
factor_15,201901,-0.000747334495290446,22
factor_15,201902,-0.1735459824063254,15
factor_15,201903,-0.1589376373428465,21
factor_15,201904,-0.08911944880306774,21
factor_15,201905,-0.037444997225705566,20
factor_15,201906,-0.09665121168552872,19
factor_15,201907,0.021217167409536882,23
factor_15,201908,-0.049153218318312916,22
factor_15,201909,-0.10842556650287867,20
factor_15,201910,0.020430439067633664,18
factor_15,201911,-0.031031523546421226,21
factor_15,201912,-0.06280671421381837,22
factor_15,202001,0.11099876730430394,16
factor_15,202002,-0.12976721521510132,20
factor_15,202003,-0.10801425679378318,22
factor_15,202004,0.040215064390148644,21
factor_15,202005,-0.04215618093162493,18
factor_15,202006,0.031049803625454547,20
factor_15,202007,-0.05391135732285702,23
factor_15,202008,-0.11909850844657191,21
factor_15,202009,-0.03268951017340575,22
factor_15,202010,0.013023341052347717,16
factor_15,202011,-0.05168705868655668,21
factor_15,202012,0.17644164149811042,23
factor_15,202101,0.02998882913063485,20
factor_15,202102,-0.19344340419766093,15
factor_15,202103,-0.09937642723376339,23
factor_15,202104,-0.034775179774128584,21
factor_15,202105,-0.0336683280045431,18
factor_15,202106,-0.05058455830806421,21
factor_15,202107,0.02335211146488236,22
factor_15,202108,-0.07904167884791834,22
factor_15,202109,-0.050588408307719636,20
factor_15,202110,0.04311900010315449,16
factor_15,202111,-0.15267251265690915,22
factor_15,202112,-0.14360080953551446,23
factor_15,202201,-0.04701641455018832,19
factor_15,202202,-0.07088627650025295,16
factor_15,202203,-0.008623183846029317,23
factor_15,202204,0.026007176351971986,19
factor_15,202205,-0.10300965037326901,19
factor_15,202206,-0.01824319807857949,21
factor_15,202207,-0.1305929181548009,21
factor_15,202208,-0.11747606646582515,23
factor_15,202209,-0.0006205461042426617,21
factor_15,202210,-0.1115078224505153,16
factor_15,202211,-0.11290093143154732,22
factor_15,202212,-0.015522080243703768,22
factor_15,202301,-0.11738079122491303,16
factor_15,202302,-0.09194185674322566,20
factor_15,202303,0.03029474607117834,23
factor_15,202304,-0.008268675094689362,19
factor_15,202305,-0.18782654205104493,20
factor_15,202306,-0.0985871081567103,20
factor_15,202307,-0.037452405691395504,21
factor_15,202308,-0.1635101584677005,23
factor_15,202309,-0.0668880367155977,20
factor_15,202310,-0.10696079193059059,17
factor_15,202311,-0.15886483724718137,22
factor_15,202312,-0.008876617124736363,21
factor_15,202401,0.1832813786884124,22
factor_15,202402,-0.15226735430899338,15
factor_15,202403,-0.14359339022155734,21
factor_15,202404,-0.045859057377171074,20
factor_15,202405,0.07438698110298594,20
factor_15,202406,-0.09904723449772497,19
factor_15,202407,-0.09296224465085906,23
factor_15,202408,-0.09669985753895759,22
factor_15,202409,-0.0604505103949715,19
factor_15,202410,-0.11413617407216053,18
factor_15,202411,-0.21693208069522318,21
factor_15,202412,-0.013991438862459526,22
factor_15,202501,-0.16851810889043453,18
factor_15,202502,-0.07891812973271789,18
factor_15,202503,-0.07601434012906651,21
factor_15,202504,-0.19799887394670906,21
factor_15,202505,-0.12026860168200383,19
factor_15,202506,-0.12501198374941858,20
factor_15,202507,-0.08226387826665083,23
factor_15,202508,0.001860847950213806,21
factor_15,202509,-0.004958992534903714,22
factor_15,202510,-0.14749369815395302,17
factor_15,202511,-0.033481706382583076,20
factor_15,202512,-0.002462592696224709,23
factor_16,201501,-0.023491644989597705,20
factor_16,201502,-0.007947988335177337,15
factor_16,201503,0.06676913897894173,22
factor_16,201504,0.14101634982207395,21
factor_16,201505,0.030827730513433838,20
factor_16,201506,0.17113544290031482,21
factor_16,201507,-0.15998528748820015,23
factor_16,201508,0.06465552482344264,21
factor_16,201509,-0.1358685846345691,20
factor_16,201510,0.011152810781857696,17
factor_16,201511,-0.0160012897084334,21
factor_16,201512,0.10493294041910418,23
factor_16,201601,-0.08838808911422753,20
factor_16,201602,0.03593705450051283,16
factor_16,201603,-0.11938391129187724,23
factor_16,201604,0.06040346675287618,20
factor_16,201605,-0.04674625592989675,21
factor_16,201606,0.04559331532808011,20
factor_16,201607,0.17537311588031623,21
factor_16,201608,0.10167094042574033,23
factor_16,201609,0.04994476940819382,20
factor_16,201610,0.07238563448638065,16
factor_16,201611,0.1817687682750833,22
factor_16,201612,0.07034519378244776,22
factor_16,201701,0.025844594111318717,18
factor_16,201702,0.12551454061034534,18
factor_16,201703,0.05645574293455114,23
factor_16,201704,0.06925898669860915,18
factor_16,201705,0.09682741696357938,20
factor_16,201706,0.011677335462507588,22
factor_16,201707,0.06444003127928814,21
factor_16,201708,0.04337155926185918,23
factor_16,201709,0.08401479069840051,21
factor_16,201710,0.09989732359934389,17
factor_16,201711,0.08527667138844651,22
factor_16,201712,-0.016255438260491036,21
factor_16,201801,0.10819182886526653,22
factor_16,201802,-0.20375028702946343,15
factor_16,201803,-0.05707662097053394,22
factor_16,201804,0.09182244438501698,18
factor_16,201805,0.014765207520684349,22
factor_16,201806,-0.02313139437202743,20
factor_16,201807,0.15479716532291476,22
factor_16,201808,0.03993016238470033,23
factor_16,201809,0.08008412904946559,19
factor_16,201810,-0.13971177448745745,18
factor_16,201811,0.042571004701943686,22
factor_16,201812,0.029197044270337515,20
factor_16,201901,0.03911303708101077,22
factor_16,201902,-0.15894770789362622,15
factor_16,201903,0.13126022107210616,21
factor_16,201904,0.1558394361996315,21
factor_16,201905,0.056373660861033945,20
factor_16,201906,0.06812120369059976,19
factor_16,201907,0.08025277319888305,23
factor_16,201908,-0.0354697196504286,22
factor_16,201909,0.1199379536527057,20
factor_16,201910,0.097019790507897,18
factor_16,201911,-0.010471429506109218,21
factor_16,201912,0.01096552133930037,22
factor_16,202001,-0.04429965285289248,16
factor_16,202002,-0.0024086000281186765,20
factor_16,202003,0.12024112102381034,22
factor_16,202004,0.035513763054346226,21
factor_16,202005,0.045138289448656325,18
factor_16,202006,0.04762267136237195,20
factor_16,202007,0.06579042762973959,23
factor_16,202008,0.15375177953951086,21
factor_16,202009,-0.02164824391172712,22
factor_16,202010,0.004066771708875444,16
factor_16,202011,0.14242932990027504,21
factor_16,202012,0.010138822952074049,23
factor_16,202101,0.050157932145862914,20
factor_16,202102,0.004651544002826262,15
factor_16,202103,0.04493335791002494,23
factor_16,202104,0.05755742160898055,21
factor_16,202105,-0.032175792318862834,18
factor_16,202106,0.016095462057877482,21
factor_16,202107,-0.023996529641629197,22
factor_16,202108,0.1014206348720267,22
factor_16,202109,0.11782305050154747,20
factor_16,202110,-0.0737828657440277,16
factor_16,202111,0.06281206688122792,22
factor_16,202112,0.1937395772388406,23
factor_16,202201,0.12522868063354137,19
factor_16,202202,0.035759524549123525,16
factor_16,202203,0.08691038981375136,23
factor_16,202204,0.05058451346598748,19
factor_16,202205,-0.003518782720443759,19
factor_16,202206,0.07745698822572751,21
factor_16,202207,0.038129961788404845,21
factor_16,202208,0.14779186856183124,23
factor_16,202209,0.053457284878870664,21
factor_16,202210,-0.07236153347183931,16
factor_16,202211,0.12392692412573668,22
factor_16,202212,0.003506665278225137,22
factor_16,202301,0.09125528082167099,16
factor_16,202302,0.133348729128423,20
factor_16,202303,0.03255522065105944,23
factor_16,202304,0.0950813077565472,19
factor_16,202305,-0.031324555319211606,20
factor_16,202306,0.029113445921143177,20
factor_16,202307,0.20636417635452325,21
factor_16,202308,0.03130079853459269,23
factor_16,202309,0.029559152539178252,20
factor_16,202310,0.053572439359218196,17
factor_16,202311,0.009550427474400124,22
factor_16,202312,0.07082230405234319,21
factor_16,202401,0.2655633121756915,22
factor_16,202402,-0.23130174592789896,15
factor_16,202403,-0.03817957293431293,21
factor_16,202404,0.016664130225215627,20
factor_16,202405,0.11553719561974951,20
factor_16,202406,0.03133057832649231,19
factor_16,202407,0.0740950979865067,23
factor_16,202408,0.09878428640248003,22
factor_16,202409,0.02194747216482391,19
factor_16,202410,0.010847645751730218,18
factor_16,202411,0.07717211607522456,21
factor_16,202412,0.20208545234508793,22
factor_16,202501,-0.11168419202322452,18
factor_16,202502,-0.03193177868951666,18
factor_16,202503,0.2439311312947932,21
factor_16,202504,-0.10561164589095802,21
factor_16,202505,0.06427316057999224,19
factor_16,202506,0.13185723057488893,20
factor_16,202507,0.11429441682631135,23
factor_16,202508,0.06426035301513403,21
factor_16,202509,0.03324589640586175,22
factor_16,202510,0.0789359487021408,17
factor_16,202511,0.0897025098556778,20
factor_16,202512,-0.01017202946892668,23
factor_17,201501,0.1671156982616614,20
factor_17,201502,0.07375929308907818,15
factor_17,201503,0.1410606734397131,22
factor_17,201504,0.08529957769632615,21
factor_17,201505,0.13856421284467868,20
factor_17,201506,-0.023876379358940946,21
factor_17,201507,0.16718901729340396,23
factor_17,201508,0.09084321289872843,21
factor_17,201509,0.13920629696803433,20
factor_17,201510,0.20227302521402743,17
factor_17,201511,0.20326315837616696,21
factor_17,201512,0.09423264067202598,23
factor_17,201601,0.12055701279580669,20
factor_17,201602,0.050720921718436215,16
factor_17,201603,0.20853921159209637,23
factor_17,201604,0.11989219047894,20
factor_17,201605,0.0402185009063612,21
factor_17,201606,0.09175800974400249,20
factor_17,201607,-0.051798733110866746,21
factor_17,201608,0.1130764801235433,23
factor_17,201609,0.06262996283594449,20
factor_17,201610,0.1234223223100638,16
factor_17,201611,0.023322329579311653,22
factor_17,201612,0.007555217327133504,22
factor_17,201701,-0.037872372078374336,18
factor_17,201702,0.09177481221310943,18
factor_17,201703,-0.0419454953402572,23
factor_17,201704,-0.08779961523260987,18
factor_17,201705,-0.12547387345796027,20
factor_17,201706,0.05197292473382593,22
factor_17,201707,-0.16217468253606304,21
factor_17,201708,0.17651051958067362,23
factor_17,201709,0.09477059675555954,21
factor_17,201710,-0.0933304716812527,17
factor_17,201711,-0.10745349552958929,22
factor_17,201712,0.03771732224103663,21
factor_17,201801,-0.10591926943982051,22
factor_17,201802,0.15534492453367657,15
factor_17,201803,0.14205042327008496,22
factor_17,201804,0.010413720637364964,18
factor_17,201805,0.031024041770403386,22
factor_17,201806,-0.014961963671450692,20
factor_17,201807,-0.06274098184664294,22
factor_17,201808,-0.02627187734933394,23
factor_17,201809,-0.0692993041742308,19
factor_17,201810,0.10124020768246783,18
factor_17,201811,0.07339713519313756,22
factor_17,201812,0.08876035683580415,20
factor_17,201901,-0.06381767996214427,22
factor_17,201902,0.13569422988619534,15
factor_17,201903,0.11448752526819819,21
factor_17,201904,0.07073146887629386,21
factor_17,201905,0.0343644675786521,20
factor_17,201906,0.05898487779693653,19
factor_17,201907,-0.03310780810533183,23
factor_17,201908,0.0142071523502689,22
factor_17,201909,0.10533164330915938,20
factor_17,201910,-0.057814166924182904,18
factor_17,201911,0.01589729792034874,21
factor_17,201912,0.06777680547942312,22
factor_17,202001,-0.10128949428986841,16
factor_17,202002,0.07967466441252691,20
factor_17,202003,0.08424994375360506,22
factor_17,202004,-0.027576113367439065,21
factor_17,202005,0.04979539434500945,18
factor_17,202006,-0.03934446440717347,20
factor_17,202007,0.016505717785950395,23
factor_17,202008,0.06878594970569253,21
factor_17,202009,0.04479798500733154,22
factor_17,202010,-0.017036653766098565,16
factor_17,202011,-0.0227035189636917,21
factor_17,202012,-0.17411789765433577,23
factor_17,202101,-0.01261256486142635,20
factor_17,202102,0.13757764913930481,15
factor_17,202103,0.0627759184507606,23
factor_17,202104,-0.00792863158345475,21
factor_17,202105,0.0658400919688333,18
factor_17,202106,0.03168080785713331,21
factor_17,202107,-0.060958834485894765,22
factor_17,202108,0.012339628920508239,22
factor_17,202109,-0.0005247968373539996,20
factor_17,202110,-0.02666982508964782,16
factor_17,202111,0.12362474967798814,22
factor_17,202112,0.07242349945031619,23
factor_17,202201,0.04110857193728638,19
factor_17,202202,0.04911433686350119,16
factor_17,202203,-0.0413182578966482,23
factor_17,202204,-0.05572620188300723,19
factor_17,202205,0.06037040990381772,19
factor_17,202206,-0.0009463248318771429,21
factor_17,202207,0.09604949389844689,21
factor_17,202208,0.026549857281588984,23
factor_17,202209,0.03416222059355552,21
factor_17,202210,0.05334249757982498,16
factor_17,202211,0.0769372910489417,22
factor_17,202212,0.014430291443342099,22
factor_17,202301,0.07652950635179573,16
factor_17,202302,0.012213789053047805,20
factor_17,202303,-0.051788184483432274,23
factor_17,202304,-0.022620793599918403,19
factor_17,202305,0.16044767211205962,20
factor_17,202306,0.07058920265784227,20
factor_17,202307,-0.0826117418298615,21
factor_17,202308,0.17851669666218745,23
factor_17,202309,0.040334001443681725,20
factor_17,202310,0.1115477512992791,17
factor_17,202311,0.15375316022300753,22
factor_17,202312,0.08981791737169346,21
factor_17,202401,-0.2622130650432522,22
factor_17,202402,0.13438103920192646,15
factor_17,202403,0.10314406059589976,21
factor_17,202404,-0.013101359207876395,20
factor_17,202405,-0.05939745318577657,20
factor_17,202406,0.08669085956995766,19
factor_17,202407,0.06933189131585378,23
factor_17,202408,0.05064917348892308,22
factor_17,202409,0.035227795726525596,19
factor_17,202410,0.13366451406424618,18
factor_17,202411,0.22418999194547096,21
factor_17,202412,-0.039766002262319515,22
factor_17,202501,0.14496656096774144,18
factor_17,202502,0.11172133783961057,18
factor_17,202503,-0.007779476788923659,21
factor_17,202504,0.15818499318123155,21
factor_17,202505,0.0861849251504738,19
factor_17,202506,0.08607411770419275,20
factor_17,202507,0.038694916980950664,23
factor_17,202508,-0.033361530468665405,21
factor_17,202509,-0.0035692542123940433,22
factor_17,202510,0.18099023903704897,17
factor_17,202511,0.020352109537873135,20
factor_17,202512,-0.023090139129849797,23
factor_18,201501,-0.04684195282038052,20
factor_18,201502,0.0074471129976915835,15
factor_18,201503,-0.08738084604262374,22
factor_18,201504,-0.1748315824843003,21
factor_18,201505,-0.046730066498727185,20
factor_18,201506,-0.1804283763181845,21
factor_18,201507,-0.18289494441956353,23
factor_18,201508,-0.05201725725496493,21
factor_18,201509,-0.016837419748135886,20
factor_18,201510,-0.0192129794091518,17
factor_18,201511,-0.018384790097383072,21
factor_18,201512,-0.12102841304092983,23
factor_18,201601,-0.12263104409920297,20
factor_18,201602,-0.10181069720348669,16
factor_18,201603,-0.10409545114297013,23
factor_18,201604,-0.07803985659568112,20
factor_18,201605,-0.023120165204786585,21
factor_18,201606,-0.0206727234580659,20
factor_18,201607,-0.1662488415246343,21
factor_18,201608,-0.12448447401285004,23
factor_18,201609,-0.013745863844562892,20
factor_18,201610,-0.10637456232587376,16
factor_18,201611,-0.15124800594992152,22
factor_18,201612,-0.047618691781411975,22
factor_18,201701,-0.07349923350718483,18
factor_18,201702,-0.10358500615373017,18
factor_18,201703,-0.05845515722064077,23
factor_18,201704,-0.06856114025387085,18
factor_18,201705,-0.08048943317315949,20
factor_18,201706,-0.07249221936937432,22
factor_18,201707,-0.00216351317777972,21
factor_18,201708,-0.11602574586878987,23
factor_18,201709,-0.10052597047715088,21
factor_18,201710,-0.013220254604009399,17
factor_18,201711,-0.06099222215345004,22
factor_18,201712,-0.08429342146593284,21
factor_18,201801,-0.04635448388591075,22
factor_18,201802,-0.09888653499925287,15
factor_18,201803,0.0013019326917034495,22
factor_18,201804,-0.055824065468794495,18
factor_18,201805,-0.021338350724884134,22
factor_18,201806,-0.05487160186252242,20
factor_18,201807,-0.07746467793204508,22
factor_18,201808,-0.03966304715739881,23
factor_18,201809,-0.07659224364885248,19
factor_18,201810,-0.12388319199368628,18
factor_18,201811,-0.07009994201991457,22
factor_18,201812,-0.12405048045412195,20
factor_18,201901,-0.08840239776124506,22
factor_18,201902,-0.08170990667830372,15
factor_18,201903,-0.16488485630666444,21
factor_18,201904,-0.18456950589938032,21
factor_18,201905,-0.030376567787842694,20
factor_18,201906,-0.13644061748699796,19
factor_18,201907,-0.030953123634456178,23
factor_18,201908,-0.0437785657095943,22
factor_18,201909,-0.11457025542430879,20
factor_18,201910,-0.02087300613321709,18
factor_18,201911,-0.09396411377648131,21
factor_18,201912,-0.04722111568629004,22
factor_18,202001,0.06008610021522372,16
factor_18,202002,-0.08011104123411897,20
factor_18,202003,-0.1180236214042126,22
factor_18,202004,-0.026166973222481998,21
factor_18,202005,-0.0154635040208267,18
factor_18,202006,-0.06334274398639006,20
factor_18,202007,-0.04612529520242161,23
factor_18,202008,-0.08846583387289346,21
factor_18,202009,-0.08101353559579,22
factor_18,202010,0.007553454031658774,16
factor_18,202011,-0.11617850837374062,21
factor_18,202012,0.0557608432083924,23
factor_18,202101,-0.05140868173374067,20
factor_18,202102,-0.10919816313487243,15
factor_18,202103,-0.09808468042071189,23
factor_18,202104,-0.03953910628616623,21
factor_18,202105,-0.033873276610485885,18
factor_18,202106,-0.02200914311463998,21
factor_18,202107,0.08005345571036974,22
factor_18,202108,-0.07801038412856696,22
factor_18,202109,-0.10511182608738094,20
factor_18,202110,0.010162320787758932,16
factor_18,202111,-0.07731755124866448,22
factor_18,202112,-0.13941063666370906,23
factor_18,202201,-0.08247762509653582,19
factor_18,202202,-0.03254493374220894,16
factor_18,202203,-0.0032630564756399878,23
factor_18,202204,-0.06467621052022242,19
factor_18,202205,-0.07079703345934628,19
factor_18,202206,-0.06672055573429758,21
factor_18,202207,-0.024580633868578904,21
factor_18,202208,-0.1378931947308612,23
factor_18,202209,-0.09945151721330954,21
factor_18,202210,0.02084433848279793,16
factor_18,202211,-0.17067287469065476,22
factor_18,202212,-0.07942072453588941,22
factor_18,202301,-0.09019718796558386,16
factor_18,202302,-0.09994496800191979,20
factor_18,202303,0.023484620948728874,23
factor_18,202304,-0.08572167568634596,19
factor_18,202305,-0.11249412102152005,20
factor_18,202306,-0.08633059030393721,20
factor_18,202307,-0.1494588068531198,21
factor_18,202308,-0.09140323887527435,23
factor_18,202309,-0.061511357136350475,20
factor_18,202310,-0.026782042252666723,17
factor_18,202311,-0.044126424939518245,22
factor_18,202312,-0.011230017747623463,21
factor_18,202401,-0.13708273612045152,22
factor_18,202402,-0.042057261005715975,15
factor_18,202403,-0.07322549901335333,21
factor_18,202404,-0.13420993439531823,20
factor_18,202405,-0.08665548195001961,20
factor_18,202406,-0.057868091435694394,19
factor_18,202407,-0.08744526127713632,23
factor_18,202408,-0.09907422946145897,22
factor_18,202409,-0.04010209549916243,19
factor_18,202410,-0.02196351798742748,18
factor_18,202411,-0.10367681939846377,21
factor_18,202412,-0.1751309971476225,22
factor_18,202501,-0.047069369338523494,18
factor_18,202502,0.011451266337733733,18
factor_18,202503,-0.15250038828481943,21
factor_18,202504,-0.08063041282286594,21
factor_18,202505,-0.08698322318527989,19
factor_18,202506,-0.09868616712585813,20
factor_18,202507,-0.08869053604999019,23
factor_18,202508,-0.0698378053496156,21
factor_18,202509,-0.04708138054651418,22
factor_18,202510,-0.1307963366739794,17
factor_18,202511,-0.08951707011699725,20
factor_18,202512,-0.04366000103382676,23
factor_19,201501,0.09717174167267129,20
factor_19,201502,0.049730336347117245,15
factor_19,201503,0.032257463593066256,22
factor_19,201504,-0.043327057709827574,21
factor_19,201505,0.09362162136787552,20
factor_19,201506,-0.09916372228928239,21
factor_19,201507,0.037634255094769774,23
factor_19,201508,-0.0016640852489824653,21
factor_19,201509,0.16351956645589194,20
factor_19,201510,0.12784010214989733,17
factor_19,201511,0.11160872453118989,21
factor_19,201512,-0.015643881903883744,23
factor_19,201601,0.025665792772268724,20
factor_19,201602,-0.03554643421875729,16
factor_19,201603,0.1372678204462356,23
factor_19,201604,0.02594792808636979,20
factor_19,201605,0.03593584944622343,21
factor_19,201606,0.04436766411710415,20
factor_19,201607,-0.15725125753807895,21
factor_19,201608,0.007937619517868954,23
factor_19,201609,0.04996104199344167,20
factor_19,201610,0.04275258241186647,16
factor_19,201611,-0.08009233238274954,22
factor_19,201612,-0.03913055668928394,22
factor_19,201701,-0.10566563522549764,18
factor_19,201702,0.0022025692569088776,18
factor_19,201703,-0.10784462636891046,23
factor_19,201704,-0.12127757623858543,18
factor_19,201705,-0.14434040293097128,20
factor_19,201706,-0.003016785331469606,22
factor_19,201707,-0.15866634969333632,21
factor_19,201708,0.05821796326356139,23
factor_19,201709,-0.020777763171079662,21
factor_19,201710,-0.10505603467403428,17
factor_19,201711,-0.16745914883193738,22
factor_19,201712,-0.017796429690723353,21
factor_19,201801,-0.15261499238037313,22
factor_19,201802,0.14514264234095506,15
factor_19,201803,0.09189126803683415,22
factor_19,201804,-0.07803236319941836,18
factor_19,201805,-0.006518075096668497,22
factor_19,201806,-0.002183810831480712,20
factor_19,201807,-0.10550032755886876,22
factor_19,201808,-0.07051741552395434,23
factor_19,201809,-0.11416592164126756,19
factor_19,201810,0.031437283170401314,18
factor_19,201811,0.005919046265205793,22
factor_19,201812,-0.037757244015479134,20
factor_19,201901,-0.12010559673412718,22
factor_19,201902,0.12053039652443207,15
factor_19,201903,-0.033868121989731964,21
factor_19,201904,-0.07735138073588295,21
factor_19,201905,0.010840276455831497,20
factor_19,201906,-0.0283552642471734,19
factor_19,201907,-0.06469839047148154,23
factor_19,201908,-0.0010699898522232387,22
factor_19,201909,0.0032430406209631073,20
factor_19,201910,-0.0998070973120396,18
factor_19,201911,-0.042171394936601936,21
factor_19,201912,0.023944056228574342,22
factor_19,202001,-0.05046849740238757,16
factor_19,202002,0.07584083687675201,20
factor_19,202003,-0.016875434411428396,22
factor_19,202004,-0.07508570540234842,21
factor_19,202005,0.01249213537843049,18
factor_19,202006,-0.07459764504130495,20
factor_19,202007,-0.004061032392258134,23
factor_19,202008,0.011240866873107717,21
factor_19,202009,-0.026617284256573913,22
factor_19,202010,-0.0012919156741507706,16
factor_19,202011,-0.08117388547480463,21
factor_19,202012,-0.17447872213103502,23
factor_19,202101,-0.08221465719954471,20
factor_19,202102,0.08861422784691561,15
factor_19,202103,-0.028811451148306265,23
factor_19,202104,-0.054390038571475285,21
factor_19,202105,0.049886284718189164,18
factor_19,202106,0.016282931859956412,21
factor_19,202107,-0.007129049242670946,22
factor_19,202108,-0.019981212517217586,22
factor_19,202109,-0.04545797027635936,20
factor_19,202110,-0.02907226596638276,16
factor_19,202111,0.08050193631121917,22
factor_19,202112,-0.024950187038805926,23
factor_19,202201,-0.04846781885854855,19
factor_19,202202,0.047556970271451435,16
factor_19,202203,-0.030075887417051573,23
factor_19,202204,-0.07298431384359826,19
factor_19,202205,0.009099135449983984,19
factor_19,202206,-0.05576736252897149,21
factor_19,202207,0.07685879650459862,21
factor_19,202208,-0.028553805248796544,23
factor_19,202209,-0.06926309929825077,21
factor_19,202210,0.08752257503035035,16
factor_19,202211,-0.0440359521724614,22
factor_19,202212,-0.0644213368342272,22
factor_19,202301,0.043325089348932866,16
factor_19,202302,-0.045108659408735784,20
factor_19,202303,-0.04791719568445075,23
factor_19,202304,-0.0708119757976237,19
factor_19,202305,0.13910661120366505,20
factor_19,202306,0.03377972382516731,20
factor_19,202307,-0.12275771076058518,21
factor_19,202308,0.0814746988025702,23
factor_19,202309,-0.033580988173250476,20
factor_19,202310,0.050544780282629063,17
factor_19,202311,0.1115807877216168,22
factor_19,202312,0.057015594081779426,21
factor_19,202401,-0.28990054144928473,22
factor_19,202402,0.09900231977915232,15
factor_19,202403,0.048687254951429955,21
factor_19,202404,-0.06182150857106028,20
factor_19,202405,-0.12907425037751805,20
factor_19,202406,0.04031998630602859,19
factor_19,202407,-0.011131585658616357,23
factor_19,202408,-0.021702003795449502,22
factor_19,202409,0.007877404016219489,19
factor_19,202410,0.10700078547881514,18
factor_19,202411,0.1050078885051876,21
factor_19,202412,-0.15169144376978785,22
factor_19,202501,0.11797061414485271,18
factor_19,202502,0.09212811873083132,18
factor_19,202503,-0.09222587928861972,21
factor_19,202504,0.12175338062545193,21
factor_19,202505,0.04182920053033329,19
factor_19,202506,0.005780737719301403,20
factor_19,202507,-0.01550911077805044,23
factor_19,202508,-0.07687539288078102,21
factor_19,202509,-0.0748534314974694,22
factor_19,202510,0.06708644134249575,17
factor_19,202511,-0.049300837824142005,20
factor_19,202512,-0.05124847703672473,23
factor_20,201501,0.0735634859053355,20
factor_20,201502,0.04086318554482259,15
factor_20,201503,0.11238229257650234,22
factor_20,201504,0.13648632072687458,21
factor_20,201505,0.00420351284800607,20
factor_20,201506,0.01602419977779632,21
factor_20,201507,0.042340411361011764,23
factor_20,201508,0.09224007359787342,21
factor_20,201509,0.05844808427367759,20
factor_20,201510,0.0383110683438654,17
factor_20,201511,0.0728001914390572,21
factor_20,201512,0.09303480343932502,23
factor_20,201601,0.023516180060525388,20
factor_20,201602,0.16333527010294854,16
factor_20,201603,0.10308730057504144,23
factor_20,201604,0.0944380905030504,20
factor_20,201605,0.026442805475677535,21
factor_20,201606,0.0954474902832577,20
factor_20,201607,0.06144761281870748,21
factor_20,201608,0.09406109986154629,23
factor_20,201609,-0.0017399732868122104,20
factor_20,201610,0.07634099182904455,16
factor_20,201611,0.07451596122284553,22
factor_20,201612,-0.01854986232972116,22
factor_20,201701,0.011733974029342563,18
factor_20,201702,0.11966514013631167,18
factor_20,201703,-0.027129212628534766,23
factor_20,201704,-0.05837383795976377,18
factor_20,201705,-0.07551037607089073,20
factor_20,201706,0.1186741859116886,22
factor_20,201707,-0.05460539332178786,21
factor_20,201708,0.08682977624132636,23
factor_20,201709,0.09983168840909483,21
factor_20,201710,-0.04617712054304609,17
factor_20,201711,-0.06350527619341789,22
factor_20,201712,0.09310503472927614,21
factor_20,201801,-0.0010950632555039599,22
factor_20,201802,0.10647118711532876,15
factor_20,201803,0.052625683520900246,22
factor_20,201804,0.0498506111581656,18
factor_20,201805,0.03803978087466393,22
factor_20,201806,0.03346082264664073,20
factor_20,201807,0.05611423698102692,22
factor_20,201808,0.010392096381140293,23
factor_20,201809,0.008102667710021594,19
factor_20,201810,0.056650874345728415,18
factor_20,201811,0.06775215447911835,22
factor_20,201812,0.05768742037817145,20
factor_20,201901,0.0715975527477477,22
factor_20,201902,0.0667135227141225,15
factor_20,201903,0.14391110039458774,21
factor_20,201904,0.08035056829409033,21
factor_20,201905,0.03718757630500423,20
factor_20,201906,0.11365497843420769,19
factor_20,201907,-0.01742669832774537,23
factor_20,201908,0.05823983129012445,22
factor_20,201909,0.04061828687229031,20
factor_20,201910,-0.019257606278826125,18
factor_20,201911,0.018304054524557575,21
factor_20,201912,0.08609905084877396,22
factor_20,202001,-0.06951736234548017,16
factor_20,202002,0.17315243920173712,20
factor_20,202003,-0.001833402707336537,22
factor_20,202004,0.0687549145867567,21
factor_20,202005,0.03230134724772444,18
factor_20,202006,0.05107690860256599,20
factor_20,202007,0.050748263179374954,23
factor_20,202008,0.0176722497780886,21
factor_20,202009,0.09628303019203681,22
factor_20,202010,-0.056609463740759786,16
factor_20,202011,0.014512001637720331,21
factor_20,202012,-0.083395230894858,23
factor_20,202101,0.0008737301043888673,20
factor_20,202102,0.028442577565239928,15
factor_20,202103,0.0856586583134462,23
factor_20,202104,0.029964902093160658,21
factor_20,202105,0.04796644931972342,18
factor_20,202106,0.039531988035502987,21
factor_20,202107,-0.02157285622973136,22
factor_20,202108,0.03288622485524468,22
factor_20,202109,-0.018588213511931094,20
factor_20,202110,0.043248084375495904,16
factor_20,202111,0.021136305440643852,22
factor_20,202112,0.05568219591186767,23
factor_20,202201,0.05108263211431966,19
factor_20,202202,0.06990902789384189,16
factor_20,202203,-0.022133910052304112,23
factor_20,202204,-0.052055200763596154,19
factor_20,202205,0.0921154462668888,19
factor_20,202206,0.07392867403916548,21
factor_20,202207,0.027548499605050056,21
factor_20,202208,0.0390636576471011,23
factor_20,202209,0.008223687283547535,21
factor_20,202210,0.021227247839405175,16
factor_20,202211,0.12858222968601637,22
factor_20,202212,0.013975623729163915,22
factor_20,202301,0.02743267823322711,16
factor_20,202302,0.05878507248666649,20
factor_20,202303,-0.022557259044622798,23
factor_20,202304,-0.03480545164990253,19
factor_20,202305,0.08295956004050739,20
factor_20,202306,0.0680600527861579,20
factor_20,202307,-0.029744643176642986,21
factor_20,202308,0.1820029178427082,23
factor_20,202309,0.11033686042116538,20
factor_20,202310,0.09967681565185836,17
factor_20,202311,0.0548569293254342,22
factor_20,202312,0.025646263572768134,21
factor_20,202401,-0.18253979813142285,22
factor_20,202402,0.16493224689411182,15
factor_20,202403,-0.006514117783865259,21
factor_20,202404,0.05379020199249187,20
factor_20,202405,0.0582705143665662,20
factor_20,202406,0.08283080136880457,19
factor_20,202407,0.09377851026795962,23
factor_20,202408,0.07106064174867664,22
factor_20,202409,0.027952993893123196,19
factor_20,202410,-0.00296400000528226,18
factor_20,202411,0.1735401453141978,21
factor_20,202412,-0.004498997489789022,22
factor_20,202501,0.1466420417261631,18
factor_20,202502,0.041047496405544996,18
factor_20,202503,0.013219444268748552,21
factor_20,202504,0.1031250966196122,21
factor_20,202505,0.049432622145171634,19
factor_20,202506,0.11295866476265297,20
factor_20,202507,0.06223152349380716,23
factor_20,202508,0.06060002725679957,21
factor_20,202509,0.05275975504139354,22
factor_20,202510,0.11511463133915378,17
factor_20,202511,0.04390260930584169,20
factor_20,202512,0.05030459706206719,23
