asof_date,effective_from,sector_code,sector_name,etf_code,etf_name,index_code,index_name,listing_sessions,recent_completeness,median_amount20,n_obs,score_before_tracking_penalty,eligible_before_index_gap,reject_reason,corr120,corr60,beta,r2,tracking_error,tracking_error_rank,mapping_score,selected,runner_up_index_gap,effective_to
20181031,20181101,881155.TI,银行,512800.SH,华宝中证银行ETF,399986.SZ,中证银行,303,1.0,54769.1115,120,0.8379752068901543,True,,0.9434906050952288,0.9308149042283824,0.9788467858977148,0.8901745219029611,0.05692750493940698,0.5,0.7879752068901542,True,,20181203
20190228,20190301,885700.TI,军工,512660.SH,国泰中证军工ETF,399967.SZ,中证军工,622,1.0,52363.1725,120,0.5600220954674583,True,,0.6547842094126032,0.6732745465069742,1.3090328309010053,0.42874236089608764,0.11426735786282259,0.75,0.4850220954674583,True,,20190401
20190329,20190401,881155.TI,银行,512800.SH,华宝中证银行ETF,399986.SZ,中证银行,403,1.0,121647.56450000001,120,0.7821852257206344,True,,0.8891858732128327,0.8759782461841115,0.852052576762479,0.7906515171212678,0.08624357383100537,1.0,0.6821852257206344,True,,20190506
20190329,20190401,885700.TI,军工,512660.SH,国泰中证军工ETF,399967.SZ,中证军工,643,1.0,138273.888,120,0.6306783214318427,True,,0.7086876728850778,0.8039950093376549,1.4007131683635832,0.502238217699267,0.12496717697334656,0.75,0.5556783214318426,True,,20190506
20190430,20190506,881155.TI,银行,512800.SH,华宝中证银行ETF,399986.SZ,中证银行,424,1.0,128564.3215,120,0.787902022952651,True,,0.8938728667110241,0.8844571372832453,0.8922892380549069,0.7990087018421843,0.08247872075320405,0.6666666666666666,0.7212353562859843,True,,20190603
20190430,20190506,885700.TI,军工,512660.SH,国泰中证军工ETF,399967.SZ,中证军工,664,1.0,97242.715,120,0.6508214025170511,True,,0.7569525611278937,0.745594179933571,1.4206013354110694,0.5729771797980772,0.11548821281373288,0.75,0.5758214025170512,True,,20190603
20190531,20190603,881155.TI,银行,512800.SH,华宝中证银行ETF,399986.SZ,中证银行,444,1.0,55933.1,120,0.751666301180915,True,,0.867073841196745,0.8214272946775635,0.8338848464027655,0.751817046087678,0.09116206939849032,0.6666666666666666,0.6849996345142484,True,,20190701
20190531,20190603,885700.TI,军工,512660.SH,国泰中证军工ETF,399967.SZ,中证军工,684,1.0,69089.1495,120,0.676191716544242,True,,0.7694725312619406,0.810569017833092,1.387406968033967,0.592087976366658,0.11536591906090947,0.75,0.601191716544242,True,,20190701
20190628,20190701,881155.TI,银行,512800.SH,华宝中证银行ETF,399986.SZ,中证银行,463,1.0,58055.974,120,0.7639443930682519,True,,0.8688672285068721,0.8650849587953356,0.8430563951939335,0.7549302607732133,0.0921206565636511,0.6666666666666666,0.6972777264015853,True,,20190801
20190628,20190701,885700.TI,军工,512660.SH,国泰中证军工ETF,399967.SZ,中证军工,703,1.0,74126.235,120,0.6430252886984349,True,,0.7666690590480717,0.6860941690366029,1.3887091865279158,0.5877814461016554,0.11733454410900301,0.75,0.5680252886984349,True,,20190801
20190731,20190801,881155.TI,银行,512800.SH,华宝中证银行ETF,399986.SZ,中证银行,486,1.0,55018.4445,120,0.7588254585324492,True,,0.8608053709720583,0.8690995601690747,0.8413577224832068,0.7409858866943424,0.09171629522765828,0.6666666666666666,0.6921587918657826,True,,20190902
20190731,20190801,885700.TI,军工,512660.SH,国泰中证军工ETF,399967.SZ,中证军工,726,1.0,70464.0685,120,0.6490326432966035,True,,0.7504957081794932,0.7571928720299242,1.4539920500950727,0.5632438079958388,0.11831536265217826,0.75,0.5740326432966034,True,,20190902
20190830,20190902,881155.TI,银行,512800.SH,华宝中证银行ETF,399986.SZ,中证银行,508,1.0,65518.3125,120,0.780807568406173,True,,0.8785072696017749,0.9031507207752423,0.9631527077375527,0.7717750227431662,0.06688752656436109,0.3333333333333333,0.7474742350728397,True,,20191008
20190830,20190902,885700.TI,军工,512660.SH,国泰中证军工ETF,399967.SZ,中证军工,748,1.0,111209.2825,120,0.6950392694000196,True,,0.8146602560921717,0.7526337657020372,1.4801155351777198,0.6636713328561628,0.10510947651171945,0.5,0.6450392694000195,True,,20191008
20190930,20191008,881155.TI,银行,512800.SH,华宝中证银行ETF,399986.SZ,中证银行,528,1.0,81660.106,120,0.7870187775910593,True,,0.887842476806052,0.8994315985794701,0.9725330770837243,0.7882642636211048,0.06277552756566172,0.3333333333333333,0.753685444257726,True,,20191101
20190930,20191008,885700.TI,军工,512660.SH,国泰中证军工ETF,399967.SZ,中证军工,768,1.0,166864.90649999998,120,0.6794934497819468,True,,0.7725126096823303,0.8148831404922042,1.4061666449643289,0.5967757321182041,0.09356525702484517,0.5,0.6294934497819468,True,,20191101
20191031,20191101,881155.TI,银行,512800.SH,华宝中证银行ETF,399986.SZ,中证银行,546,1.0,98920.86300000001,120,0.801410135033722,True,,0.8982959667668141,0.9248872202555446,0.907071224298726,0.8069356439095254,0.05602853205194182,0.3333333333333333,0.7680768017003887,True,,20191202
20191031,20191101,885700.TI,军工,512660.SH,国泰中证军工ETF,399967.SZ,中证军工,786,1.0,72590.44649999999,120,0.6854804979391455,True,,0.7835399009883949,0.8064813239152496,1.4304316579207184,0.6139347764409041,0.08972381887183609,0.5,0.6354804979391454,True,,20191202
20191129,20191202,881155.TI,银行,512800.SH,华宝中证银行ETF,399986.SZ,中证银行,567,1.0,95236.7695,120,0.8127778810610202,True,,0.9101598712532253,0.9337571869938177,0.94480632484073,0.8283909912396874,0.05257214697687616,0.3333333333333333,0.7794445477276869,True,,20200102
20191231,20200102,881121.TI,半导体,512480.SH,国联安中证全指半导体产品与设备ETF,H30184.CSI,中证半导体,139,1.0,61038.2635,120,0.7712308323986392,True,,0.8653660028723058,0.9048763324936302,1.2605527601244149,0.7488583189271913,0.1361282961851466,1.0,0.6712308323986392,True,,20200203
20191231,20200102,881155.TI,银行,512800.SH,华宝中证银行ETF,399986.SZ,中证银行,589,1.0,121402.375,120,0.8000063697239836,True,,0.9030676541758436,0.9045714577330508,0.8739102436076512,0.8155311880186611,0.053499566060443454,0.3333333333333333,0.7666730363906503,True,,20200203
20191231,20200102,885700.TI,军工,512660.SH,国泰中证军工ETF,399967.SZ,中证军工,829,1.0,91460.21549999999,120,0.6127848546677236,True,,0.7586653794926039,0.5884647648612926,1.4506115724702404,0.5755731580406567,0.08139549788410898,0.25,0.5877848546677236,True,,20200203
20200123,20200203,881121.TI,半导体,512480.SH,国联安中证全指半导体产品与设备ETF,H30184.CSI,中证半导体,155,1.0,120431.7975,120,0.7898170791858977,True,,0.8860083741898909,0.9162450648830416,1.3823908423331974,0.7850108391346128,0.15372670838065464,1.0,0.6898170791858977,True,,20200302
20200123,20200203,881155.TI,银行,512800.SH,华宝中证银行ETF,399986.SZ,中证银行,605,1.0,169544.164,120,0.7775706965904952,True,,0.8950695266553468,0.8394540585230713,0.8592458863879291,0.8011494575470265,0.05561058443930255,0.3333333333333333,0.7442373632571618,True,,20200302
20200228,20200302,881121.TI,半导体,512480.SH,国联安中证全指半导体产品与设备ETF,H30184.CSI,中证半导体,175,1.0,488138.0865,120,0.8154294819242871,True,,0.9169635027248831,0.9232976830496901,1.4385251402024228,0.8408220653294864,0.17159056398829536,1.0,0.7154294819242871,True,,20200401
20200228,20200302,881155.TI,银行,512800.SH,华宝中证银行ETF,399986.SZ,中证银行,625,1.0,247011.5525,120,0.8116414110510972,True,,0.9176307467851822,0.9060764381667054,0.909413171532432,0.8420461874455313,0.057031982447181384,0.6666666666666666,0.7449747443844306,True,,20200401
20200228,20200302,885700.TI,军工,512660.SH,国泰中证军工ETF,399967.SZ,中证军工,865,1.0,124430.5815,120,0.528947501926481,True,,0.6562872711775268,0.5447876759650835,1.3493846769766469,0.4307129823096446,0.11627518610782549,0.5,0.478947501926481,True,,20200401
20200331,20200401,881121.TI,半导体,512480.SH,国联安中证全指半导体产品与设备ETF,H30184.CSI,中证半导体,197,1.0,359722.0555,120,0.8253740085666418,True,,0.927146986815153,0.9314411395400106,1.438181343742921,0.8596015351604176,0.181388049546522,1.0,0.7253740085666418,True,,20200506
20200331,20200401,881129.TI,通信设备,515880.SH,国泰中证全指通信设备ETF,931160.CSI,中证通信设备,135,1.0,523782.823,120,0.7129878742680031,True,,0.8125819815542623,0.8306138479154971,1.10929828215096,0.6602894767466514,0.13819444547922413,1.0,0.6129878742680032,True,,20200506
20200331,20200401,881155.TI,银行,512800.SH,华宝中证银行ETF,399986.SZ,中证银行,647,1.0,170347.3905,120,0.8083690807067165,True,,0.9082586496889007,0.9219987586082415,0.9385205911458264,0.8249337747347054,0.060983847986294394,0.3333333333333333,0.7750357473733832,True,,20200506
20200331,20200401,885700.TI,军工,512660.SH,国泰中证军工ETF,399967.SZ,中证军工,887,1.0,93902.13,120,0.5102928974890738,True,,0.603789015096138,0.6148568549135603,1.2308280366003814,0.36456117475076444,0.11971798779722223,0.25,0.4852928974890738,True,,20200506
20200430,20200506,881121.TI,半导体,512480.SH,国联安中证全指半导体产品与设备ETF,H30184.CSI,中证半导体,218,1.0,202734.06199999998,120,0.8310833655675148,True,,0.9307591539018337,0.9430275929231573,1.46234143253247,0.8663126025720574,0.19284046706167476,1.0,0.7310833655675149,True,,20200601
20200430,20200506,881129.TI,通信设备,515880.SH,国泰中证全指通信设备ETF,931160.CSI,中证通信设备,156,1.0,152834.9965,120,0.7201223647507085,True,,0.8157630460195572,0.8496817586130563,1.1085671506553874,0.6654693472511057,0.14198856821572453,1.0,0.6201223647507085,True,,20200601
20200430,20200506,881155.TI,银行,512800.SH,华宝中证银行ETF,399986.SZ,中证银行,668,1.0,71235.0765,120,0.8152688372093639,True,,0.9138581764657574,0.9322769358899496,0.9633550216894113,0.8351367666933193,0.05870923430386003,0.3333333333333333,0.7819355038760306,True,,20200601
20200529,20200601,881121.TI,半导体,512480.SH,国联安中证全指半导体产品与设备ETF,H30184.CSI,中证半导体,236,1.0,313343.184,120,0.8340259838050064,True,,0.9338371769912773,0.9451984573588479,1.4597769215389782,0.8720518731310385,0.19243889210528944,1.0,0.7340259838050064,True,,20200701
20200529,20200601,881129.TI,通信设备,515880.SH,国泰中证全指通信设备ETF,931160.CSI,中证通信设备,174,1.0,132038.377,120,0.7341763753591611,True,,0.8295455647829829,0.864726865440008,1.1249327847700528,0.6881458440511181,0.14077568582849015,1.0,0.6341763753591612,True,,20200701
20200529,20200601,881155.TI,银行,512800.SH,华宝中证银行ETF,399986.SZ,中证银行,686,1.0,75776.1985,120,0.8174917987924779,True,,0.9178057163983563,0.9289353625410993,0.9687080889068082,0.8423673330534998,0.05754573948587395,0.25,0.7924917987924779,True,,20200701
20200630,20200701,881121.TI,半导体,512480.SH,国联安中证全指半导体产品与设备ETF,H30184.CSI,中证半导体,256,1.0,232739.59850000002,120,0.8303010728197331,True,,0.9325624076882454,0.9342758893624632,1.4597793636100624,0.8696726442332974,0.19112707406580634,1.0,0.7303010728197331,True,,20200803
20200630,20200701,881129.TI,通信设备,515880.SH,国泰中证全指通信设备ETF,931160.CSI,中证通信设备,194,1.0,102309.39749999999,120,0.7250046733621391,True,,0.8299841374427913,0.826726217518981,1.1280090300809222,0.6888736684066545,0.14285987226034666,1.0,0.6250046733621392,True,,20200803
20200630,20200701,881155.TI,银行,512800.SH,华宝中证银行ETF,399986.SZ,中证银行,706,1.0,102725.986,120,0.829330286593368,True,,0.9302167177956014,0.9377058255424161,1.0063467242835655,0.8653031420664214,0.052631535844051454,0.25,0.804330286593368,True,,20200803
20200630,20200701,885700.TI,军工,512660.SH,国泰中证军工ETF,399967.SZ,中证军工,946,1.0,114446.18299999999,120,0.5144668324395597,True,,0.6064710487189566,0.6242409525597631,1.2530664832364296,0.3678071329342707,0.12960136258106295,0.5,0.4644668324395597,True,,20200803
20200731,20200803,881121.TI,半导体,512480.SH,国联安中证全指半导体产品与设备ETF,H30184.CSI,中证半导体,279,1.0,503342.62799999997,120,0.7873303649630757,True,,0.911880391398147,0.826645168126146,1.412928613075043,0.831525848216438,0.18546375726693515,1.0,0.6873303649630758,True,,20200901
20200731,20200803,881129.TI,通信设备,515880.SH,国泰中证全指通信设备ETF,931160.CSI,中证通信设备,217,1.0,138728.755,120,0.7288224890584029,True,,0.8409209519474637,0.8091592238841466,1.0969612156933461,0.7071480474242287,0.13397235379526604,1.0,0.6288224890584029,True,,20200901
20200731,20200803,881153.TI,房地产,512200.SH,南方中证全指房地产ETF,931775.CSI,中证房地产,692,1.0,124140.7475,120,0.770852612920739,True,,0.8718109088725623,0.8837560774403095,1.4833404035221467,0.7600542608292032,0.12929426631621715,1.0,0.670852612920739,True,,20200901
20200731,20200803,881155.TI,银行,512800.SH,华宝中证银行ETF,399986.SZ,中证银行,729,1.0,628404.637,120,0.8611739793026005,True,,0.959573351104486,0.9730806053114943,0.9883652237181334,0.9207810161498929,0.054905577223071135,0.2,0.8411739793026005,True,,20200901
20200831,20200901,881121.TI,半导体,512480.SH,国联安中证全指半导体产品与设备ETF,H30184.CSI,中证半导体,300,1.0,315458.41500000004,120,0.7645556318800177,True,,0.8967765796414487,0.7821444279611246,1.358681132959313,0.804208233793415,0.15638706214546974,1.0,0.6645556318800178,True,,20201009
20200831,20200901,881129.TI,通信设备,515880.SH,国泰中证全指通信设备ETF,931160.CSI,中证通信设备,238,1.0,58629.135500000004,120,0.7060245372186371,True,,0.8499404366310991,0.6907780281199521,1.0180849545710187,0.7223987458206634,0.10560845409251331,1.0,0.6060245372186371,True,,20201009
20200831,20200901,881155.TI,银行,512800.SH,华宝中证银行ETF,399986.SZ,中证银行,750,1.0,419478.1105,120,0.8616096138161012,True,,0.9600557835656343,0.9733026235984422,0.9821515895457921,0.9217071075578237,0.055706771896139144,0.2,0.8416096138161012,True,,20201009
20200930,20201009,881121.TI,半导体,512480.SH,国联安中证全指半导体产品与设备ETF,H30184.CSI,中证半导体,322,1.0,269305.707,120,0.7440196876856012,True,,0.8636059549475943,0.8013776935946483,1.3531261273103818,0.7458152454209463,0.15273538733802897,1.0,0.6440196876856012,True,,20201102
20200930,20201009,881155.TI,银行,512800.SH,华宝中证银行ETF,399986.SZ,中证银行,772,1.0,207736.37050000002,120,0.8665449779709233,True,,0.9683905484520655,0.9667306623807863,0.9694864883543943,0.9377802543312929,0.048773249695939706,0.2,0.8465449779709233,True,,20201102
20201030,20201102,881121.TI,半导体,512480.SH,国联安中证全指半导体产品与设备ETF,H30184.CSI,中证半导体,338,1.0,217189.8975,120,0.7568249830709015,True,,0.8570940763330428,0.8723456262064055,1.3109341037550386,0.7346102556851917,0.14132191751946285,1.0,0.6568249830709015,True,,20201201
20201030,20201102,881155.TI,银行,512800.SH,华宝中证银行ETF,399986.SZ,中证银行,788,1.0,292953.47250000003,120,0.8672288406942076,True,,0.9694866299800224,0.9659995073907723,0.9626221030209723,0.9399043257100215,0.048916653231203165,0.2,0.8472288406942076,True,,20201201
20201130,20201201,881112.TI,钢铁,515210.SH,国泰中证钢铁ETF,930606.CSI,中证钢铁,184,1.0,50885.986,120,0.8196850648288696,True,,0.9242263278910993,0.9177710204330406,1.029860329238534,0.8541943051670654,0.06787587184762009,1.0,0.7196850648288696,True,,20210104
20201130,20201201,881121.TI,半导体,512480.SH,国联安中证全指半导体产品与设备ETF,H30184.CSI,中证半导体,359,1.0,557057.9335,120,0.7560247975013613,True,,0.8499079852072078,0.8908770695996447,1.344854152563437,0.722343583318975,0.14765043909540762,1.0,0.6560247975013613,True,,20210104
20201130,20201201,881129.TI,通信设备,515880.SH,国泰中证全指通信设备ETF,931160.CSI,中证通信设备,297,1.0,66330.2865,120,0.5522870467974574,True,,0.6484389834231266,0.659986351209886,0.7918178240860899,0.4204731152228177,0.10253029578863511,1.0,0.45228704679745746,True,,20210104
20201130,20201201,881155.TI,银行,512800.SH,华宝中证银行ETF,399986.SZ,中证银行,809,1.0,347139.9575,120,0.8594004240535588,True,,0.9652126542274356,0.9481951070309008,0.9615693080051161,0.9316354678807712,0.05465260014583556,0.2,0.8394004240535587,True,,20210104
20201231,20210104,881112.TI,钢铁,515210.SH,国泰中证钢铁ETF,930606.CSI,中证钢铁,207,1.0,52212.366500000004,120,0.8282461331819772,True,,0.9283019046795518,0.9393340676297948,0.98848595903758,0.861744426231684,0.06494532913838388,1.0,0.7282461331819772,True,,20210201
20201231,20210104,881121.TI,半导体,512480.SH,国联安中证全指半导体产品与设备ETF,H30184.CSI,中证半导体,382,1.0,378296.3375,120,0.7615238930892222,True,,0.8551479177209255,0.8970329602055773,1.2763555187535445,0.7312779611824345,0.13154599266863207,1.0,0.6615238930892222,True,,20210201
20201231,20210104,881129.TI,通信设备,515880.SH,国泰中证全指通信设备ETF,931160.CSI,中证通信设备,320,1.0,86568.29149999999,120,0.6545481261350934,True,,0.728070448226936,0.8439996615376784,0.811517135153273,0.5300865775813712,0.10008264292161177,1.0,0.5545481261350934,True,,20210201
20201231,20210104,881153.TI,房地产,512200.SH,南方中证全指房地产ETF,931775.CSI,中证房地产,795,1.0,60888.794,120,0.737340205935597,True,,0.8395360043892398,0.8473963933643989,1.2842809425757353,0.7048207026658491,0.07904177916477684,1.0,0.637340205935597,True,,20210201
20201231,20210104,881155.TI,银行,512800.SH,华宝中证银行ETF,399986.SZ,中证银行,832,1.0,414647.5725,120,0.8269803911207783,True,,0.9369546002376371,0.907282010263957,0.8696979497120969,0.8778839229064701,0.06412293812976329,0.2,0.8069803911207782,True,,20210201
20210129,20210201,881121.TI,半导体,512480.SH,国联安中证全指半导体产品与设备ETF,H30184.CSI,中证半导体,402,1.0,671529.17,120,0.7898057055096159,True,,0.8900621889674375,0.9037720239658849,1.3233197145018105,0.7922107002295065,0.1284774900709362,1.0,0.689805705509616,True,,20210301
20210129,20210201,881129.TI,通信设备,515880.SH,国泰中证全指通信设备ETF,931160.CSI,中证通信设备,340,1.0,212383.383,120,0.5895648908332602,True,,0.6842027236268268,0.7089740958683667,0.842489140266361,0.4681333670183677,0.12175429161819616,1.0,0.48956489083326027,True,,20210301
20210129,20210201,881153.TI,房地产,512200.SH,南方中证全指房地产ETF,931775.CSI,中证房地产,815,1.0,191735.1985,120,0.7366017718301102,True,,0.8432016569919625,0.8334103527241212,1.1600863558359888,0.7109890343539911,0.07622610995547019,1.0,0.6366017718301102,True,,20210301
20210129,20210201,881155.TI,银行,512800.SH,华宝中证银行ETF,399986.SZ,中证银行,852,1.0,635423.7039999999,120,0.7907977229333555,True,,0.9029178061880055,0.8681989405185949,0.91099091983431,0.8152605647313603,0.07419353357135548,0.2,0.7707977229333555,True,,20210301
20210129,20210201,885543.TI,家用电器,159996.SZ,国泰中证全指家用电器ETF,930697.CSI,中证家用电器,217,1.0,82539.541,120,0.5635134959791255,True,,0.6812936698209371,0.6129700055517796,1.4155163053531201,0.46416106453808004,0.14978630678788565,1.0,0.4635134959791255,True,,20210301
20210226,20210301,881121.TI,半导体,512480.SH,国联安中证全指半导体产品与设备ETF,H30184.CSI,中证半导体,417,1.0,453676.52300000004,120,0.779329599766103,True,,0.8835598849343328,0.8817917870366434,1.3269998438881354,0.7806780702651722,0.1353287574990548,1.0,0.6793295997661031,True,,20210401
20210226,20210301,881129.TI,通信设备,515880.SH,国泰中证全指通信设备ETF,931160.CSI,中证通信设备,355,1.0,139496.55849999998,120,0.5173150725648127,True,,0.6188842348882608,0.6016812027667924,0.7502291135449419,0.3830176961932281,0.13570898802504833,1.0,0.4173150725648127,True,,20210401
20210226,20210301,881153.TI,房地产,512200.SH,南方中证全指房地产ETF,931775.CSI,中证房地产,830,1.0,141891.881,120,0.7935569088678806,True,,0.891621931857382,0.9139899701353044,1.2290919471106991,0.79498966936909,0.08294737511042273,1.0,0.6935569088678806,True,,20210401
20210226,20210301,881155.TI,银行,512800.SH,华宝中证银行ETF,399986.SZ,中证银行,867,1.0,681788.868,120,0.7829730420825157,True,,0.8931357352218375,0.8670058329682362,0.9456055938383103,0.7976914415302525,0.08602607859721,0.2,0.7629730420825157,True,,20210401
20210331,20210401,881112.TI,钢铁,515210.SH,国泰中证钢铁ETF,930606.CSI,中证钢铁,265,1.0,73239.3605,120,0.8347058909462047,True,,0.9363786159666565,0.9399833843877271,1.1603769911649913,0.8768049124396312,0.10373840067556946,1.0,0.7347058909462048,True,,20210506
20210331,20210401,881121.TI,半导体,512480.SH,国联安中证全指半导体产品与设备ETF,H30184.CSI,中证半导体,439,0.95,233748.933,119,0.7821306252621885,True,,0.8882508482510825,0.8786270628953284,1.3761148684247873,0.7889895694187674,0.1410018346575952,1.0,0.6821306252621885,True,,20210506
20210331,20210401,881153.TI,房地产,512200.SH,南方中证全指房地产ETF,931775.CSI,中证房地产,853,1.0,66211.1365,120,0.7562973143378808,True,,0.8601902958686561,0.8608522585502469,1.2110513724375322,0.7399273451066062,0.09067257580887698,1.0,0.6562973143378809,True,,20210506
20210331,20210401,881155.TI,银行,512800.SH,华宝中证银行ETF,399986.SZ,中证银行,890,1.0,320062.001,120,0.7949440800986055,True,,0.8957992979388698,0.9067038952040191,1.005038019690031,0.8024563821877722,0.09244187532414713,0.4,0.7549440800986055,True,,20210506
20210430,20210506,881112.TI,钢铁,515210.SH,国泰中证钢铁ETF,930606.CSI,中证钢铁,286,1.0,96479.1085,120,0.8323210130181256,True,,0.9349245830657322,0.9349845003286575,1.0878208126766435,0.8740839760206336,0.10786463410829601,1.0,0.7323210130181256,True,,20210601
20210430,20210506,881121.TI,半导体,512480.SH,国联安中证全指半导体产品与设备ETF,H30184.CSI,中证半导体,460,1.0,203426.343,119,0.7770141310808671,True,,0.8866634512298867,0.863026376415559,1.3299520783691787,0.7861720757468936,0.1423793517341776,1.0,0.6770141310808672,True,,20210601
20210430,20210506,881155.TI,银行,512800.SH,华宝中证银行ETF,399986.SZ,中证银行,911,1.0,246910.0385,120,0.7957137836672837,True,,0.8923942725625262,0.9202460669226422,1.0335934737907444,0.7963675377024008,0.09336784472562568,0.4,0.7557137836672837,True,,20210601
20210531,20210601,881112.TI,钢铁,515210.SH,国泰中证钢铁ETF,930606.CSI,中证钢铁,304,1.0,135823.28600000002,120,0.851923121338964,True,,0.951173815542245,0.9625058778474501,1.1005549705208204,0.9047316273731923,0.10770868647628273,1.0,0.751923121338964,True,,20210701
20210531,20210601,881121.TI,半导体,512480.SH,国联安中证全指半导体产品与设备ETF,H30184.CSI,中证半导体,478,1.0,241861.21399999998,119,0.7807628493778827,True,,0.8842689242964902,0.8853546306326672,1.271522814931112,0.7819315304764718,0.1318522572773725,1.0,0.6807628493778827,True,,20210701
20210531,20210601,881155.TI,银行,512800.SH,华宝中证银行ETF,399986.SZ,中证银行,929,1.0,252549.2955,120,0.8057728351450826,True,,0.8945749435004084,0.9537828558562578,1.0644384328140815,0.8002643295387593,0.0919398086407572,0.5,0.7557728351450825,True,,20210701
20210531,20210601,885914.TI,煤炭概念,515220.SH,国泰中证煤炭ETF,399998.SZ,中证煤炭,304,1.0,131921.195,106,0.851686119866503,True,,0.9538233628209671,0.9532303493462192,0.993601081710143,0.9097790074630978,0.09922869073027756,1.0,0.751686119866503,True,,20210701
20210630,20210701,881112.TI,钢铁,515210.SH,国泰中证钢铁ETF,930606.CSI,中证钢铁,325,1.0,102042.637,120,0.8540784621351462,True,,0.9511690228286964,0.9711422968898532,1.1128544036094847,0.9047225099888976,0.10919878054897797,1.0,0.7540784621351462,True,,20210802
20210630,20210701,881121.TI,半导体,512480.SH,国联安中证全指半导体产品与设备ETF,H30184.CSI,中证半导体,499,1.0,434485.1655,119,0.798038315620184,True,,0.8977746891601622,0.9130042486624368,1.257981005399747,0.8059993924966252,0.14241535616447873,1.0,0.698038315620184,True,,20210802
20210630,20210701,881155.TI,银行,515290.SH,天弘中证银行ETF,399986.SZ,中证银行,122,1.0,102246.39600000001,120,0.8147564641626539,True,,0.9137376519180372,0.9306006548949284,1.1262711365589992,0.8349164965326875,0.08183535013739385,0.16666666666666666,0.7980897974959872,True,,20210802
20210630,20210701,885914.TI,煤炭概念,515220.SH,国泰中证煤炭ETF,399998.SZ,中证煤炭,325,1.0,135516.3255,120,0.858654022139597,True,,0.9568671954014287,0.9715247999742932,1.030728004224319,0.9155948296353956,0.0971417164492665,1.0,0.758654022139597,True,,20210802
20210730,20210802,881112.TI,钢铁,515210.SH,国泰中证钢铁ETF,930606.CSI,中证钢铁,347,1.0,137449.664,120,0.8517931641216052,True,,0.9507746297038249,0.9632399591857036,1.10477415027865,0.9039723964884459,0.11418537383309463,1.0,0.7517931641216052,True,,20210901
20210730,20210802,881121.TI,半导体,512480.SH,国联安中证全指半导体产品与设备ETF,H30184.CSI,中证半导体,521,1.0,742838.3635,119,0.8108268581212501,True,,0.9092507491279699,0.9287637793551956,1.217148208441067,0.8267369247897749,0.14287017767305005,1.0,0.7108268581212501,True,,20210901
20210730,20210802,881153.TI,房地产,512200.SH,南方中证全指房地产ETF,931775.CSI,中证房地产,935,1.0,55911.4745,120,0.7213287016575873,True,,0.8431299887206971,0.7725339224608574,1.2532399135621275,0.710868177880163,0.09956216720125473,1.0,0.6213287016575874,True,,20210901
20210730,20210802,881155.TI,银行,515290.SH,天弘中证银行ETF,399986.SZ,中证银行,144,1.0,66235.215,120,0.8374785866792757,True,,0.936082369390037,0.9519994865673097,1.160618776524572,0.8762502022828652,0.07532872067653065,0.16666666666666666,0.8208119200126089,True,,20210901
20210730,20210802,885543.TI,家用电器,159996.SZ,国泰中证全指家用电器ETF,930697.CSI,中证家用电器,337,1.0,50044.0625,120,0.5097572603212986,True,,0.6138969332854758,0.5851135078958558,1.4223120584347198,0.37686944469731176,0.14914609919709004,1.0,0.40975726032129867,True,,20210901
20210730,20210802,885914.TI,煤炭概念,515220.SH,国泰中证煤炭ETF,399998.SZ,中证煤炭,347,1.0,150637.73249999998,120,0.8528464082429155,True,,0.9524526390162533,0.9621807371977406,1.0623939002688019,0.9071660295690245,0.10232912827923187,1.0,0.7528464082429155,True,,20210901
20210831,20210901,881112.TI,钢铁,515210.SH,国泰中证钢铁ETF,930606.CSI,中证钢铁,369,1.0,133195.9965,120,0.8550600832803286,True,,0.9581662263417157,0.9530583700567283,1.075057270256734,0.9180825173019239,0.09891391853816034,1.0,0.7550600832803286,True,,20211008
20210831,20210901,881121.TI,半导体,512480.SH,国联安中证全指半导体产品与设备ETF,H30184.CSI,中证半导体,543,1.0,644272.8715,119,0.8294196275322789,True,,0.9302622662801945,0.9379212471298681,1.2252562910143399,0.8653878840647636,0.1400205750053843,1.0,0.729419627532279,True,,20211008
20210831,20210901,881129.TI,通信设备,515880.SH,国泰中证全指通信设备ETF,931160.CSI,中证通信设备,482,1.0,113036.5505,120,0.6177590617382218,True,,0.6884581682256469,0.8097351208636256,0.8369946659055569,0.47397464939661293,0.12302818480076949,1.0,0.5177590617382218,True,,20211008
20210831,20210901,881153.TI,房地产,512200.SH,南方中证全指房地产ETF,931775.CSI,中证房地产,957,1.0,59322.91499999999,120,0.7042111776363383,True,,0.7930045053425983,0.8535220125639615,1.299251893728096,0.6288561454936591,0.10414333806457866,1.0,0.6042111776363384,True,,20211008
20210831,20210901,881155.TI,银行,512700.SH,南方中证银行ETF,399986.SZ,中证银行,1000,1.0,109014.2105,120,0.8476236052185021,True,,0.9480616598227026,0.9550785547331366,1.1842470471069857,0.8988209108257782,0.06172323183543581,0.16666666666666666,0.8309569385518354,True,,20211008
20210831,20210901,885914.TI,煤炭概念,515220.SH,国泰中证煤炭ETF,399998.SZ,中证煤炭,369,1.0,173933.478,120,0.8580863075068116,True,,0.960454173033465,0.9579535528618778,1.098842746633921,0.9224722184973975,0.10131332048054585,1.0,0.7580863075068116,True,,20211008
20210930,20211008,881112.TI,钢铁,515210.SH,国泰中证钢铁ETF,930606.CSI,中证钢铁,389,1.0,216660.48700000002,120,0.8604501198787322,True,,0.9628356508560805,0.959897683467097,1.0864063515530171,0.9270524905594517,0.09821232391610533,1.0,0.7604501198787322,True,,20211101
20210930,20211008,881121.TI,半导体,512480.SH,国联安中证全指半导体产品与设备ETF,H30184.CSI,中证半导体,563,1.0,414601.33200000005,120,0.8272784827096603,True,,0.9256361882597013,0.9437601425096696,1.237039510536786,0.8568023530159488,0.14738451711773026,1.0,0.7272784827096603,True,,20211101
20210930,20211008,881129.TI,通信设备,515880.SH,国泰中证全指通信设备ETF,931160.CSI,中证通信设备,502,1.0,68969.533,120,0.6648156687902305,True,,0.7478260675530687,0.8280642436676521,0.9250394876522998,0.5592438273118873,0.11074160886331498,1.0,0.5648156687902305,True,,20211101
20210930,20211008,881153.TI,房地产,512200.SH,南方中证全指房地产ETF,931775.CSI,中证房地产,977,1.0,57683.238,120,0.7258787507155753,True,,0.8230936900922154,0.8508376890760982,1.338165225447686,0.6774832226696198,0.11062106183576562,1.0,0.6258787507155753,True,,20211101
20210930,20211008,881155.TI,银行,512700.SH,南方中证银行ETF,399986.SZ,中证银行,1020,1.0,145248.329,120,0.8533000083527059,True,,0.9525152839321059,0.9637982458720556,1.1780849096922081,0.9072853661242605,0.06119327258404533,0.16666666666666666,0.8366333416860392,True,,20211101
20210930,20211008,885914.TI,煤炭概念,515220.SH,国泰中证煤炭ETF,399998.SZ,中证煤炭,389,1.0,477021.654,120,0.8565361066725332,True,,0.9589736342954047,0.9564188993350816,1.1390878194237066,0.9196304312737362,0.12293833324578256,1.0,0.7565361066725332,True,,20211101
20211029,20211101,881112.TI,钢铁,515210.SH,国泰中证钢铁ETF,930606.CSI,中证钢铁,405,1.0,163329.2885,120,0.8634353428148371,True,,0.967668535308124,0.9565748641078788,1.1114959290329423,0.9363823942253698,0.09303002122890132,1.0,0.7634353428148372,True,,20211201
20211029,20211101,881121.TI,半导体,512480.SH,国联安中证全指半导体产品与设备ETF,H30184.CSI,中证半导体,579,1.0,450409.688,120,0.8326432923957274,True,,0.9332603271521082,0.9414676123370578,1.2590009841118748,0.8709748382360594,0.14943226289848935,1.0,0.7326432923957275,True,,20211201
20211029,20211101,881129.TI,通信设备,515880.SH,国泰中证全指通信设备ETF,931160.CSI,中证通信设备,518,1.0,50688.6795,120,0.6536860774915586,True,,0.7507353925148469,0.7751113471918877,0.9231664894044552,0.5636036295744212,0.11297962850703826,1.0,0.5536860774915586,True,,20211201
20211029,20211101,881153.TI,房地产,512200.SH,南方中证全指房地产ETF,931775.CSI,中证房地产,993,1.0,79177.48449999999,120,0.7100118244212947,True,,0.8112921726434772,0.8225459587626804,1.3837752262737142,0.6581949893925734,0.1245167503817579,1.0,0.6100118244212948,True,,20211201
20211029,20211101,881155.TI,银行,512700.SH,南方中证银行ETF,399986.SZ,中证银行,1036,1.0,136171.5815,120,0.8502413301844505,True,,0.9512302933338969,0.955601291496353,1.1552409791794778,0.9048390709560916,0.06093106282728837,0.14285714285714285,0.8359556158987362,True,,20211201
20211029,20211101,885914.TI,煤炭概念,515220.SH,国泰中证煤炭ETF,399998.SZ,中证煤炭,405,1.0,488814.802,120,0.8640111133166927,True,,0.9644484561033306,0.9690510463720506,1.186627105506581,0.9301608244800982,0.14148100262528537,1.0,0.7640111133166927,True,,20211201
20211130,20211201,881112.TI,钢铁,515210.SH,国泰中证钢铁ETF,930606.CSI,中证钢铁,427,1.0,147237.384,120,0.8586543665061142,True,,0.959623606895888,0.962843772085556,1.1197707209184709,0.9208774669118743,0.09527173908685688,1.0,0.7586543665061142,True,,20220104
20211130,20211201,881121.TI,半导体,512480.SH,国联安中证全指半导体产品与设备ETF,H30184.CSI,中证半导体,601,1.0,563553.2849999999,120,0.8200693286034925,True,,0.9273632057715122,0.9095493936196561,1.2476122811567687,0.8600025154188154,0.15333845923787393,1.0,0.7200693286034925,True,,20220104
20211130,20211201,881129.TI,通信设备,515880.SH,国泰中证全指通信设备ETF,931160.CSI,中证通信设备,540,1.0,71372.56450000001,120,0.6423677814110781,True,,0.7671679845433462,0.6820071266526401,0.9253602571835058,0.5885467165082994,0.10991182523865069,1.0,0.5423677814110781,True,,20220104
20211130,20211201,881155.TI,银行,512800.SH,华宝中证银行ETF,399986.SZ,中证银行,1052,1.0,234350.2085,120,0.8542845876431236,True,,0.9555928787005344,0.958057943277521,1.2093329773737784,0.9131577498231748,0.061963268936796066,0.5714285714285714,0.7971417305002665,True,,20220104
20211130,20211201,885543.TI,家用电器,159996.SZ,国泰中证全指家用电器ETF,930697.CSI,中证家用电器,417,1.0,64854.7875,120,0.6011122190258553,True,,0.6906449158352207,0.7369648045715567,1.43030143612726,0.4769903997690391,0.16076967002638695,1.0,0.5011122190258553,True,,20220104
20211130,20211201,885914.TI,煤炭概念,515220.SH,国泰中证煤炭ETF,399998.SZ,中证煤炭,427,1.0,247506.2355,120,0.8621367941006904,True,,0.9628452847883089,0.9666139813626963,1.2147256826972341,0.92707104243908,0.14274302130044442,1.0,0.7621367941006905,True,,20220104
20211231,20220104,881112.TI,钢铁,515210.SH,国泰中证钢铁ETF,930606.CSI,中证钢铁,450,1.0,117689.214,120,0.8568547277225904,True,,0.9592898141023403,0.9566971142213795,1.1241759313057835,0.9202369474405023,0.09494818771348186,1.0,0.7568547277225904,True,,20220207
20211231,20220104,881121.TI,半导体,512480.SH,国联安中证全指半导体产品与设备ETF,H30184.CSI,中证半导体,624,1.0,432722.3625,120,0.8192733346359451,True,,0.9292555118067863,0.9004728311962324,1.2390256984523011,0.8635158062232922,0.13571602015488674,1.0,0.7192733346359451,True,,20220207
20211231,20220104,881129.TI,通信设备,515880.SH,国泰中证全指通信设备ETF,931160.CSI,中证通信设备,563,1.0,52412.244,120,0.6073521979007006,True,,0.7487485196262095,0.5955371449649195,0.8904277326754806,0.56062434564244,0.1057008587071022,1.0,0.5073521979007006,True,,20220207
20211231,20220104,881153.TI,房地产,512200.SH,南方中证全指房地产ETF,931775.CSI,中证房地产,1038,1.0,115260.318,120,0.7125550018554363,True,,0.8163247408211685,0.8177388762933597,1.1785288785955568,0.6663860824767479,0.13936869348382255,1.0,0.6125550018554363,True,,20220207
20211231,20220104,881155.TI,银行,515290.SH,天弘中证银行ETF,399986.SZ,中证银行,247,1.0,58451.715,120,0.8453717563102635,True,,0.9551642813039768,0.9237551800657348,1.202094218940154,0.9123388042789428,0.0584870732688369,0.42857142857142855,0.8025146134531207,True,,20220207
20211231,20220104,885543.TI,家用电器,159996.SZ,国泰中证全指家用电器ETF,930697.CSI,中证家用电器,440,1.0,104856.4375,120,0.6212510954848359,True,,0.7341613935741611,0.6932858237021686,1.4831549640829336,0.5389929518147545,0.16019537216677057,1.0,0.521251095484836,True,,20220207
20211231,20220104,885914.TI,煤炭概念,515220.SH,国泰中证煤炭ETF,399998.SZ,中证煤炭,450,1.0,254705.856,120,0.8582256977216005,True,,0.9595154543571461,0.9614699378819892,1.2469376472295362,0.9206699071502005,0.15230228057331227,1.0,0.7582256977216005,True,,20220207
20220128,20220207,881112.TI,钢铁,515210.SH,国泰中证钢铁ETF,930606.CSI,中证钢铁,469,1.0,124736.81,120,0.8521584984475145,True,,0.9570808363859511,0.9448700845918165,1.1103755498086814,0.916003727377232,0.084725432362781,1.0,0.7521584984475145,True,,20220301
20220128,20220207,881121.TI,半导体,512480.SH,国联安中证全指半导体产品与设备ETF,H30184.CSI,中证半导体,643,1.0,324944.3415,120,0.8082836174747685,True,,0.9142501143743742,0.9031222781701918,1.259129746752307,0.8358532716335565,0.12593161530200692,1.0,0.7082836174747685,True,,20220301
20220128,20220207,881144.TI,医疗器械,159883.SZ,永赢中证全指医疗器械ETF,H30217.CSI,中证医疗器械,184,1.0,61755.784,120,0.7548356337098754,True,,0.8553231792777605,0.8697495316780912,0.9364799836036812,0.7315777410098157,0.13075879342163682,0.5,0.7048356337098753,True,,20220301
20220128,20220207,881153.TI,房地产,512200.SH,南方中证全指房地产ETF,931775.CSI,中证房地产,1057,1.0,145145.2045,120,0.7061377885397507,True,,0.8106909222831332,0.8088374467093704,1.1326600017089472,0.657219771472277,0.14099264369094455,1.0,0.6061377885397508,True,,20220301
20220128,20220207,881155.TI,银行,512800.SH,华宝中证银行ETF,399986.SZ,中证银行,1094,1.0,439409.8925,120,0.8488641680350738,True,,0.9525455979025975,0.9459596066849301,1.129927671157682,0.9073431160836172,0.05365340785785759,0.42857142857142855,0.806007025177931,True,,20220301
20220128,20220207,885497.TI,旅游概念,159766.SZ,富国中证旅游主题ETF,930633.CSI,中证旅游,128,1.0,90286.20749999999,120,0.5540142072735597,True,,0.6708001473559094,0.6044728317667939,0.8675597382669435,0.44997283769271,0.17840573599840484,1.0,0.4540142072735597,True,,20220301
20220128,20220207,885543.TI,家用电器,159996.SZ,国泰中证全指家用电器ETF,930697.CSI,中证家用电器,459,1.0,149304.5245,120,0.6065560434607723,True,,0.7281799163457144,0.6517167468101093,1.4417428759647521,0.5302459905692518,0.15273735234854668,1.0,0.5065560434607723,True,,20220301
20220128,20220207,885914.TI,煤炭概念,515220.SH,国泰中证煤炭ETF,399998.SZ,中证煤炭,469,1.0,194184.032,120,0.8568372660273886,True,,0.9613922265825009,0.9499996029445976,1.2389334892665087,0.924275013333259,0.14818596881754925,1.0,0.7568372660273887,True,,20220301
20220228,20220301,881112.TI,钢铁,515210.SH,国泰中证钢铁ETF,930606.CSI,中证钢铁,485,1.0,105773.67199999999,120,0.8502733591974753,True,,0.9564490948278146,0.9393183245361041,1.0973351739665198,0.9147948709969465,0.08267340719413994,1.0,0.7502733591974753,True,,20220401
20220228,20220301,881121.TI,半导体,512480.SH,国联安中证全指半导体产品与设备ETF,H30184.CSI,中证半导体,659,1.0,296292.247,120,0.8248231717945973,True,,0.9213157857596812,0.9473674494050391,1.2645279922356303,0.8488227770899793,0.12238623452742639,1.0,0.7248231717945973,True,,20220401
20220228,20220301,881153.TI,房地产,512200.SH,南方中证全指房地产ETF,931775.CSI,中证房地产,1073,1.0,128366.76699999999,120,0.7207043336191724,True,,0.8166668306385078,0.849316845840587,1.0769795560156292,0.6669447122651454,0.13694894453331607,1.0,0.6207043336191724,True,,20220401
20220228,20220301,881155.TI,银行,512800.SH,华宝中证银行ETF,399986.SZ,中证银行,1110,1.0,329253.4085,120,0.8520901915535936,True,,0.9537527946733866,0.9550685408592238,1.0877473065252496,0.9096443933472951,0.05028287192633285,0.125,0.8395901915535936,True,,20220401
20220228,20220301,885497.TI,旅游概念,159766.SZ,富国中证旅游主题ETF,930633.CSI,中证旅游,144,1.0,105499.6585,120,0.569529270725851,True,,0.6747762103668639,0.6553709017234365,0.8195588554194684,0.45532293407706637,0.19002664768847907,1.0,0.46952927072585104,True,,20220401
20220228,20220301,885543.TI,家用电器,159996.SZ,国泰中证全指家用电器ETF,930697.CSI,中证家用电器,475,1.0,79052.079,120,0.638598637063615,True,,0.7360600891295175,0.7572036971098128,1.4785447900136146,0.5417844548093538,0.15098716410744792,1.0,0.538598637063615,True,,20220401
20220228,20220301,885914.TI,煤炭概念,515220.SH,国泰中证煤炭ETF,399998.SZ,中证煤炭,485,1.0,221430.68699999998,120,0.8607988150109905,True,,0.9641999929311791,0.9569862983605124,1.2420220218640357,0.9296816263684861,0.14568542006124457,1.0,0.7607988150109906,True,,20220401
20220331,20220401,881112.TI,钢铁,515210.SH,国泰中证钢铁ETF,930606.CSI,中证钢铁,508,1.0,82687.26699999999,120,0.8251278606557061,True,,0.9323124863297826,0.914362526663407,1.0344212754717457,0.8692065721664202,0.07378888263107729,1.0,0.7251278606557061,True,,20220505
20220331,20220401,881121.TI,半导体,512480.SH,国联安中证全指半导体产品与设备ETF,H30184.CSI,中证半导体,682,1.0,431950.41650000005,120,0.8234969943081472,True,,0.9196334115350465,0.9472857871955432,1.2184415947441338,0.8457256116115879,0.11222917852711305,1.0,0.7234969943081472,True,,20220505
20220331,20220401,881153.TI,房地产,512200.SH,南方中证全指房地产ETF,931775.CSI,中证房地产,1096,1.0,178376.3,120,0.7453837289576621,True,,0.8432862117511682,0.8682835113705302,1.0853207344877698,0.7111316349296364,0.14373977903818738,1.0,0.6453837289576622,True,,20220505
20220331,20220401,881155.TI,银行,515290.SH,天弘中证银行ETF,399986.SZ,中证银行,305,1.0,63714.759999999995,120,0.8528922778360853,True,,0.9523510483752567,0.962683502988957,1.0803557523513005,0.9069725193414512,0.05180612584340417,0.125,0.8403922778360854,True,,20220505
20220331,20220401,885497.TI,旅游概念,159766.SZ,富国中证旅游主题ETF,930633.CSI,中证旅游,167,1.0,119012.1635,120,0.5521503469337222,True,,0.6529022268556111,0.6470281433238572,0.8773691942530061,0.42628131783301615,0.22118745812668109,1.0,0.45215034693372225,True,,20220505
20220331,20220401,885543.TI,家用电器,159996.SZ,国泰中证全指家用电器ETF,930697.CSI,中证家用电器,498,1.0,71858.0785,120,0.6229045321111224,True,,0.7202748948114034,0.7397907843643355,1.4204238191976057,0.5187959240955786,0.14404653938105047,1.0,0.5229045321111224,True,,20220505
20220331,20220401,885914.TI,煤炭概念,515220.SH,国泰中证煤炭ETF,399998.SZ,中证煤炭,508,1.0,286618.0805,120,0.8578387688289528,True,,0.9615011642932799,0.953662053366852,1.2885778721285257,0.9244844889373324,0.1396178765842764,1.0,0.7578387688289528,True,,20220505
20220429,20220505,881112.TI,钢铁,515210.SH,国泰中证钢铁ETF,930606.CSI,中证钢铁,527,1.0,177860.64250000002,120,0.8264609715377189,True,,0.9300606253768372,0.9267149752713892,1.008216079054342,0.8650127668763536,0.07844433996730674,1.0,0.7264609715377189,True,,20220601
20220429,20220505,881115.TI,建筑材料,159745.SZ,国泰中证全指建筑材料ETF,931009.CSI,中证建筑材料,211,1.0,63418.439,120,0.734364175626783,True,,0.8365430083340072,0.8444881629636112,1.4177237169645005,0.6998042047925108,0.15433189113889714,1.0,0.634364175626783,True,,20220601
20220429,20220505,881121.TI,半导体,512480.SH,国联安中证全指半导体产品与设备ETF,H30184.CSI,中证半导体,701,1.0,409252.82200000004,120,0.8334060896656212,True,,0.9301644446045335,0.9541719330495418,1.2361207625752686,0.8652058940064602,0.10709054117433474,1.0,0.7334060896656213,True,,20220601
20220429,20220505,881153.TI,房地产,512200.SH,南方中证全指房地产ETF,931775.CSI,中证房地产,1115,1.0,382582.004,120,0.7808954625738725,True,,0.8771845469507513,0.9075411187484704,1.0669074255875939,0.7694527294091952,0.14224781252489077,1.0,0.6808954625738726,True,,20220601
20220429,20220505,881155.TI,银行,515290.SH,天弘中证银行ETF,399986.SZ,中证银行,324,1.0,85029.562,120,0.8319596651128731,True,,0.9356315027293802,0.9313318696529488,1.0109089517373453,0.8754063088996384,0.06030673771306391,0.25,0.8069596651128731,True,,20220601
20220429,20220505,885497.TI,旅游概念,159766.SZ,富国中证旅游主题ETF,930633.CSI,中证旅游,186,1.0,159573.0785,120,0.5370566155568488,True,,0.6270358234392497,0.658250461023213,0.8378439808752332,0.3931739238761378,0.24329882622542542,1.0,0.4370566155568488,True,,20220601
20220429,20220505,885543.TI,家用电器,159996.SZ,国泰中证全指家用电器ETF,930697.CSI,中证家用电器,517,1.0,83747.548,120,0.6016352325807593,True,,0.6896328175443717,0.7419192414137812,1.2327230911511342,0.4755934230341885,0.13555360755762388,1.0,0.5016352325807594,True,,20220601
20220429,20220505,885914.TI,煤炭概念,515220.SH,国泰中证煤炭ETF,399998.SZ,中证煤炭,527,1.0,323943.055,120,0.8526616343600019,True,,0.9531089553088324,0.9593786184084063,1.2785876505253067,0.9084166806898943,0.13368994568364145,1.0,0.7526616343600019,True,,20220601
20220531,20220601,881112.TI,钢铁,515210.SH,国泰中证钢铁ETF,930606.CSI,中证钢铁,546,1.0,88932.871,120,0.822519963980826,True,,0.9266918290129075,0.9214415503219169,0.960933757244352,0.8587577459592874,0.07349085791024935,1.0,0.7225199639808261,True,,20220701
20220531,20220601,881121.TI,半导体,512480.SH,国联安中证全指半导体产品与设备ETF,H30184.CSI,中证半导体,720,1.0,300731.9565,120,0.8419847951019677,True,,0.9443809802210408,0.9440639584838367,1.254902218438446,0.8918554358032541,0.10008483213341016,1.0,0.7419847951019677,True,,20220701
20220531,20220601,881153.TI,房地产,512200.SH,南方中证全指房地产ETF,931775.CSI,中证房地产,1134,1.0,327293.833,120,0.7947445793204728,True,,0.8927270059755866,0.9153474010118376,1.0352749491269182,0.7969615071981346,0.13625288596920726,1.0,0.6947445793204728,True,,20220701
20220531,20220601,881155.TI,银行,515290.SH,天弘中证银行ETF,399986.SZ,中证银行,343,1.0,63852.428,120,0.8279905906790878,True,,0.9354388419231732,0.9160571826828645,1.0137258742723787,0.8750458269785673,0.06156974349041005,0.25,0.8029905906790877,True,,20220701
20220531,20220601,885497.TI,旅游概念,159766.SZ,富国中证旅游主题ETF,930633.CSI,中证旅游,205,1.0,147429.6285,120,0.5158043025288722,True,,0.608408435034831,0.6243038457529079,0.86106942314111,0.37016082382153215,0.2568054953255128,1.0,0.41580430252887224,True,,20220701
20220531,20220601,885543.TI,家用电器,159996.SZ,国泰中证全指家用电器ETF,930697.CSI,中证家用电器,536,1.0,101077.128,120,0.6298894295397022,True,,0.7346659403081245,0.7263854112332674,1.4170269399269182,0.5397340438488211,0.13356299013011297,1.0,0.5298894295397022,True,,20220701
20220531,20220601,885914.TI,煤炭概念,515220.SH,国泰中证煤炭ETF,399998.SZ,中证煤炭,546,1.0,326879.646,120,0.8493027212280595,True,,0.9514078503306485,0.9512890456484698,1.3061970123084623,0.9051768976707855,0.14061238109651764,1.0,0.7493027212280595,True,,20220701
20220630,20220701,881112.TI,钢铁,515210.SH,国泰中证钢铁ETF,930606.CSI,中证钢铁,567,1.0,91628.0755,120,0.8186379032804743,True,,0.919833448998826,0.9272285707859997,0.9281202953902887,0.8460935738970757,0.0740489447297989,1.0,0.7186379032804743,True,,20220801
20220630,20220701,881115.TI,建筑材料,159745.SZ,国泰中证全指建筑材料ETF,931009.CSI,中证建筑材料,251,1.0,51110.3965,120,0.687968920395744,True,,0.8008915243616334,0.7652362925831288,1.2320739473575812,0.6414272337943006,0.1441994252185574,1.0,0.587968920395744,True,,20220801
20220630,20220701,881121.TI,半导体,512480.SH,国联安中证全指半导体产品与设备ETF,H30184.CSI,中证半导体,741,1.0,581004.3125,120,0.8417528542070087,True,,0.9456969184847444,0.939011982879622,1.2179336377530696,0.8943426616315409,0.09879432574429477,1.0,0.7417528542070088,True,,20220801
20220630,20220701,881153.TI,房地产,512200.SH,南方中证全指房地产ETF,931775.CSI,中证房地产,1155,1.0,441610.231,120,0.8089322176521924,True,,0.9058445714711424,0.9317070950682422,1.0941875662371716,0.8205543876637373,0.1332580937142479,1.0,0.7089322176521924,True,,20220801
20220630,20220701,881155.TI,银行,515290.SH,天弘中证银行ETF,399986.SZ,中证银行,364,1.0,90572.85,120,0.8290927841887099,True,,0.9370204993278582,0.9155256884027455,0.9946048093801326,0.8780074161606293,0.06361103712804286,0.25,0.8040927841887099,True,,20220801
20220630,20220701,885497.TI,旅游概念,159766.SZ,富国中证旅游主题ETF,930633.CSI,中证旅游,226,1.0,240364.98700000002,120,0.5139823402705503,True,,0.611630354900329,0.608213636660242,0.8662091981284783,0.37409169103550244,0.2654627507841819,1.0,0.41398234027055036,True,,20220801
20220630,20220701,885543.TI,家用电器,159996.SZ,国泰中证全指家用电器ETF,930697.CSI,中证家用电器,557,1.0,147254.5215,120,0.6107121974573536,True,,0.7215409698241319,0.6873940275003019,1.3687497731933678,0.5206213711347488,0.13367221458620968,1.0,0.5107121974573536,True,,20220801
20220630,20220701,885914.TI,煤炭概念,515220.SH,国泰中证煤炭ETF,399998.SZ,中证煤炭,567,1.0,451773.7925,120,0.8565922486765282,True,,0.9576992616675437,0.9606577458918898,1.323462601766095,0.9171878757985589,0.14126084395523328,1.0,0.7565922486765282,True,,20220801
20220729,20220801,881112.TI,钢铁,515210.SH,国泰中证钢铁ETF,930606.CSI,中证钢铁,588,1.0,65054.5225,120,0.8063041285489585,True,,0.9160956038243806,0.889486613339259,0.9251981046509888,0.8392311553463561,0.07250687747684759,1.0,0.7063041285489585,True,,20220901
20220729,20220801,881121.TI,半导体,512480.SH,国联安中证全指半导体产品与设备ETF,H30184.CSI,中证半导体,762,1.0,570209.0009999999,120,0.8361616620700143,True,,0.9399174814050755,0.9347447623593901,1.16235900169295,0.8834448718508602,0.1013536207430581,1.0,0.7361616620700143,True,,20220901
20220729,20220801,881145.TI,电力,159611.SZ,广发中证全指电力公用事业ETF,H30199.CSI,中证电力指数,135,1.0,79632.33,120,0.7909380474151685,True,,0.8968329219339439,0.8875007718740404,1.0426781433434762,0.8043092898645761,0.08723704211224417,1.0,0.6909380474151685,True,,20220901
20220729,20220801,881153.TI,房地产,512200.SH,南方中证全指房地产ETF,931775.CSI,中证房地产,1176,1.0,361631.2045,120,0.8160682582115476,True,,0.9151191453918618,0.9315689119048282,1.0845079100087205,0.8374430502627312,0.12754553226804688,1.0,0.7160682582115476,True,,20220901
20220729,20220801,881155.TI,银行,515290.SH,天弘中证银行ETF,399986.SZ,中证银行,385,1.0,81367.0165,120,0.8299396324297234,True,,0.9314399142537749,0.9363305128922963,0.9928632623976282,0.8675803138650791,0.0637503924487591,0.25,0.8049396324297233,True,,20220901
20220729,20220801,885497.TI,旅游概念,159766.SZ,富国中证旅游主题ETF,930633.CSI,中证旅游,247,1.0,199135.4645,120,0.5627130853866604,True,,0.662732732368401,0.6618580720783473,0.9245381674197214,0.43921467455248686,0.24886112662496815,1.0,0.46271308538666045,True,,20220901
20220729,20220801,885543.TI,家用电器,159996.SZ,国泰中证全指家用电器ETF,930697.CSI,中证家用电器,578,1.0,116543.5185,120,0.5654407758871328,True,,0.683291230715713,0.6150484985333088,1.167246270733942,0.46688690597299387,0.12878480505628342,1.0,0.46544077588713284,True,,20220901
20220729,20220801,885914.TI,煤炭概念,515220.SH,国泰中证煤炭ETF,399998.SZ,中证煤炭,588,1.0,341938.2905,120,0.8617412048341279,True,,0.9613587199291421,0.9697210264479477,1.3680806582239198,0.9242105883837991,0.14856242181642892,1.0,0.7617412048341279,True,,20220901
20220831,20220901,881112.TI,钢铁,515210.SH,国泰中证钢铁ETF,930606.CSI,中证钢铁,611,1.0,62429.28,120,0.7860532314183268,True,,0.9024236433317601,0.8507445797832864,0.9540344415557233,0.814368432044168,0.07234966739738309,1.0,0.6860532314183269,True,,20221010
20220831,20220901,881121.TI,半导体,512480.SH,国联安中证全指半导体产品与设备ETF,H30184.CSI,中证半导体,785,1.0,754883.247,120,0.8258233509965581,True,,0.9289001161183834,0.9277799163146183,1.1129784796045386,0.8628554257247462,0.10685413282341841,1.0,0.7258233509965581,True,,20221010
20220831,20220901,881145.TI,电力,159611.SZ,广发中证全指电力公用事业ETF,H30199.CSI,中证电力指数,158,1.0,98476.845,120,0.7974913620099184,True,,0.896381442968137,0.9151027473248159,1.007435037884969,0.80349969129764,0.09119000928655129,1.0,0.6974913620099185,True,,20221010
20220831,20220901,881153.TI,房地产,512200.SH,南方中证全指房地产ETF,931775.CSI,中证房地产,1199,1.0,191407.61599999998,120,0.8180003072980357,True,,0.9176195853912895,0.9315466363133552,1.086079613969768,0.8420257034936818,0.12400520875438162,1.0,0.7180003072980358,True,,20221010
20220831,20220901,881155.TI,银行,515290.SH,天弘中证银行ETF,399986.SZ,中证银行,408,1.0,71779.266,120,0.827583996156728,True,,0.9267596711850579,0.941486549375774,0.9947126865333294,0.8588834881350367,0.06375036880551624,0.25,0.8025839961567279,True,,20221010
20220831,20220901,885497.TI,旅游概念,159766.SZ,富国中证旅游主题ETF,930633.CSI,中证旅游,270,1.0,132998.58399999997,120,0.5831311930078362,True,,0.6575225429109778,0.758078149547718,0.9796209366384657,0.43233589443611853,0.23335099144361793,1.0,0.48313119300783625,True,,20221010
20220831,20220901,885543.TI,家用电器,159996.SZ,国泰中证全指家用电器ETF,930697.CSI,中证家用电器,601,1.0,74390.244,120,0.5188895719767075,True,,0.6308626911583222,0.5750402645328734,0.9785270116899376,0.39798773509552055,0.1265273019958986,1.0,0.4188895719767075,True,,20221010
20220831,20220901,885700.TI,军工,512810.SH,华宝中证军工ETF,399967.SZ,中证军工,1466,1.0,61489.488,120,0.6177601175697929,True,,0.7117045025818276,0.7437174857183684,1.4948000298041668,0.5065232989952466,0.15674299249215357,0.25,0.5927601175697929,True,,20221010
20220831,20220901,885914.TI,煤炭概念,515220.SH,国泰中证煤炭ETF,399998.SZ,中证煤炭,611,1.0,400743.013,120,0.8601101488359,True,,0.9611873567081832,0.9637372011098345,1.413157336439087,0.9238811346956651,0.15467075664477092,1.0,0.7601101488359,True,,20221010
20220930,20221010,881112.TI,钢铁,515210.SH,国泰中证钢铁ETF,930606.CSI,中证钢铁,632,1.0,67632.076,120,0.7939855171060047,True,,0.9070585988030515,0.8681716898203828,0.9291806010641399,0.8227553016625554,0.06280941013918388,1.0,0.6939855171060048,True,,20221101
20220930,20221010,881121.TI,半导体,512480.SH,国联安中证全指半导体产品与设备ETF,H30184.CSI,中证半导体,806,1.0,496549.41099999996,120,0.8256303001381053,True,,0.9302195885080472,0.9228969338298785,1.0917537959357546,0.8653084828440811,0.10144707455796322,1.0,0.7256303001381054,True,,20221101
20220930,20221010,881145.TI,电力,159611.SZ,广发中证全指电力公用事业ETF,H30199.CSI,中证电力指数,179,1.0,91396.77100000001,120,0.8046493319540108,True,,0.905210081948191,0.916533988443271,0.9851710954870714,0.8194052924606502,0.08247941857723304,1.0,0.7046493319540108,True,,20221101
20220930,20221010,881153.TI,房地产,512200.SH,南方中证全指房地产ETF,931775.CSI,中证房地产,1220,1.0,259025.47,120,0.828031161240426,True,,0.929108463671311,0.935962195259684,1.0322125944818623,0.8632425372656634,0.10028845334375469,1.0,0.728031161240426,True,,20221101
20220930,20221010,881155.TI,银行,515290.SH,天弘中证银行ETF,399986.SZ,中证银行,429,1.0,68849.3315,120,0.8256710484284531,True,,0.9242492166627724,0.9416437916872182,0.9823625423278781,0.8542366145017486,0.05771022462487986,0.25,0.800671048428453,True,,20221101
20220930,20221010,885497.TI,旅游概念,159766.SZ,富国中证旅游主题ETF,930633.CSI,中证旅游,291,1.0,186824.3205,120,0.6045365907442964,True,,0.6831436219117142,0.7718479942585647,1.0224884562913836,0.4666852081586549,0.2196451359721295,1.0,0.5045365907442965,True,,20221101
20220930,20221010,885543.TI,家用电器,159996.SZ,国泰中证全指家用电器ETF,930697.CSI,中证家用电器,622,1.0,77731.438,120,0.5128469870107039,True,,0.6324915274885146,0.5463775736589337,0.9677174200943218,0.4000455323447544,0.12920134303865025,0.6666666666666666,0.4461803203440372,True,,20221101
20220930,20221010,885700.TI,军工,512810.SH,华宝中证军工ETF,399967.SZ,中证军工,1487,1.0,50752.991,120,0.6401139029166085,True,,0.73225891027296,0.7742159241160286,1.4964456253387586,0.536203111674143,0.15211943836369476,0.25,0.6151139029166085,True,,20221101
20220930,20221010,885756.TI,芯片概念,159813.SZ,鹏华国证半导体芯片ETF,980017.SZ,国证芯片,576,1.0,58337.553,120,0.6941027947227119,True,,0.7952273716810979,0.8065244919261546,1.476760029281562,0.6323865726708278,0.1617427130870556,0.3333333333333333,0.6607694613893785,True,,20221101
20220930,20221010,885914.TI,煤炭概念,515220.SH,国泰中证煤炭ETF,399998.SZ,中证煤炭,632,1.0,349591.6445,120,0.8556992877981451,True,,0.9607029958003925,0.9476210119078854,1.379654533825246,0.9229502461398491,0.14618006177036164,1.0,0.7556992877981451,True,,20221101
20221031,20221101,881112.TI,钢铁,515210.SH,国泰中证钢铁ETF,930606.CSI,中证钢铁,648,1.0,59531.453,120,0.7815767526495976,True,,0.8853888546474538,0.8851812469431248,0.8911024068075003,0.78391342393393,0.059785133409162354,1.0,0.6815767526495976,True,,20221201
20221031,20221101,881121.TI,半导体,512480.SH,国联安中证全指半导体产品与设备ETF,H30184.CSI,中证半导体,822,1.0,622933.9685,120,0.831017156558424,True,,0.9330384042751483,0.9356554193720108,1.1061300439295867,0.870560663852315,0.10452827520793923,1.0,0.731017156558424,True,,20221201
20221031,20221101,881144.TI,医疗器械,159883.SZ,永赢中证全指医疗器械ETF,H30217.CSI,中证医疗器械,363,1.0,160849.154,120,0.8198769790398908,True,,0.9158404584964995,0.9445687519151172,1.01873473352688,0.8387637454190782,0.09101847703452304,0.6666666666666666,0.7532103123732241,True,,20221201
20221031,20221101,881145.TI,电力,159611.SZ,广发中证全指电力公用事业ETF,H30199.CSI,中证电力指数,195,1.0,86597.2685,120,0.7990882318104628,True,,0.8979201494457014,0.9167562714820946,1.0126829805652626,0.8062605947805903,0.08647393337113993,1.0,0.6990882318104629,True,,20221201
20221031,20221101,881153.TI,房地产,512200.SH,南方中证全指房地产ETF,931775.CSI,中证房地产,1236,1.0,231788.5495,120,0.8182556739472252,True,,0.9236847638052059,0.9137370424469616,1.0196581118489834,0.853193542885879,0.09437768708866799,1.0,0.7182556739472252,True,,20221201
20221031,20221101,881155.TI,银行,515290.SH,天弘中证银行ETF,399986.SZ,中证银行,445,1.0,63720.272,120,0.8293218472385271,True,,0.9322899754845265,0.9312086789516915,1.0017968612706631,0.8691645983889399,0.05067052918597689,0.25,0.8043218472385271,True,,20221201
20221031,20221101,885497.TI,旅游概念,159766.SZ,富国中证旅游主题ETF,930633.CSI,中证旅游,307,1.0,177151.39,120,0.6273217377922288,True,,0.7139790018748735,0.775469338348224,1.1382055108988653,0.5097660151182404,0.20199965511329102,1.0,0.5273217377922288,True,,20221201
20221031,20221101,885543.TI,家用电器,159996.SZ,国泰中证全指家用电器ETF,930697.CSI,中证家用电器,638,1.0,67406.08600000001,120,0.5044867391784282,True,,0.6038544362036955,0.5914539762325922,0.9851419776691995,0.3646401801228827,0.13043654753753237,0.6666666666666666,0.4378200725117616,True,,20221201
20221031,20221101,885700.TI,军工,512560.SH,易方达中证军工ETF,399967.SZ,中证军工,1274,1.0,50655.685,120,0.652309857999915,True,,0.739041051690834,0.8034483229674161,1.381651445112588,0.5461816760842937,0.14239485682760564,0.75,0.577309857999915,True,,20221201
20221031,20221101,885756.TI,芯片概念,159813.SZ,鹏华国证半导体芯片ETF,980017.SZ,国证芯片,592,1.0,76748.96100000001,120,0.6889098303196755,True,,0.786043021511394,0.8128350992558567,1.3978620201814826,0.6178636316667621,0.15987997078376298,0.3333333333333333,0.6555764969863421,True,,20221201
20221031,20221101,885914.TI,煤炭概念,515220.SH,国泰中证煤炭ETF,399998.SZ,中证煤炭,648,1.0,335634.5585,120,0.8582224915679249,True,,0.9617893135750031,0.9542881288974481,1.423340308551877,0.9250386837070761,0.14078325584876192,1.0,0.7582224915679249,True,,20221201
20221130,20221201,881121.TI,半导体,512480.SH,国联安中证全指半导体产品与设备ETF,H30184.CSI,中证半导体,844,1.0,647213.6155,120,0.8321906093896689,True,,0.9334864995443636,0.9389512115709957,1.1017717918061847,0.8713970448315884,0.10461972782217469,1.0,0.732190609389669,True,,20230103
20221130,20221201,881144.TI,医疗器械,159883.SZ,永赢中证全指医疗器械ETF,H30217.CSI,中证医疗器械,385,1.0,161439.099,120,0.8354132436820355,True,,0.9329989876302679,0.9533627329161436,1.0057454088186035,0.8704871109191041,0.083707523133765,0.3333333333333333,0.8020799103487022,True,,20230103
20221130,20221201,881145.TI,电力,159611.SZ,广发中证全指电力公用事业ETF,H30199.CSI,中证电力指数,217,1.0,86638.762,120,0.8075650076622221,True,,0.915296166276742,0.8970074548948638,1.0347337880720893,0.8377670720009007,0.08031159836060181,1.0,0.7075650076622221,True,,20230103
20221130,20221201,881153.TI,房地产,512200.SH,南方中证全指房地产ETF,931775.CSI,中证房地产,1258,1.0,213228.25400000002,120,0.809261514521379,True,,0.9130682532428177,0.9106933705519462,1.1291133848449695,0.8336936350798907,0.12193075355789054,1.0,0.709261514521379,True,,20230103
20221130,20221201,881155.TI,银行,512700.SH,南方中证银行ETF,399986.SZ,中证银行,1301,1.0,76028.032,120,0.8428556423291078,True,,0.9436291168322539,0.9499027895717513,1.0487730972470017,0.89043591013362,0.055441217002795744,0.25,0.8178556423291078,True,,20230103
20221130,20221201,885497.TI,旅游概念,159766.SZ,富国中证旅游主题ETF,930633.CSI,中证旅游,329,1.0,190357.945,120,0.7049236189289064,True,,0.7949651085374714,0.8505825443654866,1.262937950385394,0.6319695237919936,0.19017402340351025,0.5,0.6549236189289064,True,,20230103
20221130,20221201,885543.TI,家用电器,159996.SZ,国泰中证全指家用电器ETF,930697.CSI,中证家用电器,660,1.0,64064.850999999995,120,0.5104266719361623,True,,0.6056012280603587,0.610452523167003,1.0339607812306504,0.36675284742821446,0.13232109078869767,0.6666666666666666,0.44376000526949566,True,,20230103
20221130,20221201,885700.TI,军工,512810.SH,华宝中证军工ETF,399967.SZ,中证军工,1525,1.0,62106.222,120,0.712127148221886,True,,0.8004412106137807,0.8632024926706701,1.4986515760371049,0.6407061316488548,0.13784129322269395,0.25,0.687127148221886,True,,20230103
20221130,20221201,885756.TI,芯片概念,159813.SZ,鹏华国证半导体芯片ETF,980017.SZ,国证芯片,614,1.0,85297.725,120,0.679531494549416,True,,0.790065201369745,0.7634737620089251,1.3236143198221264,0.6242030224154151,0.1518857930784541,0.3333333333333333,0.6461981612160826,True,,20230103
20221130,20221201,885914.TI,煤炭概念,515220.SH,国泰中证煤炭ETF,399998.SZ,中证煤炭,670,1.0,322018.3115,120,0.853730034203738,True,,0.9589645122117778,0.9452233509824532,1.4301855309690614,0.9196129356815724,0.1371747175209096,1.0,0.7537300342037381,True,,20230103
20221230,20230103,881112.TI,钢铁,515210.SH,国泰中证钢铁ETF,930606.CSI,中证钢铁,692,1.0,54610.852,120,0.7965296855900781,True,,0.8943302566580258,0.9175622642598551,0.9086460414563353,0.7998266079740095,0.05739339681582254,1.0,0.6965296855900781,True,,20230201
20221230,20230103,881115.TI,建筑材料,159745.SZ,国泰中证全指建筑材料ETF,931009.CSI,中证建筑材料,376,1.0,50480.210999999996,120,0.7365550787372076,True,,0.8335126412723857,0.8623490385075382,1.436752665912357,0.6947433231608685,0.1336310761826249,1.0,0.6365550787372076,True,,20230201
20221230,20230103,881121.TI,半导体,512480.SH,国联安中证全指半导体产品与设备ETF,H30184.CSI,中证半导体,866,1.0,672692.9775,120,0.8311653066119744,True,,0.9319012445093601,0.9397947797183213,1.0713329211251446,0.8684399295180939,0.10163392559545716,1.0,0.7311653066119744,True,,20230201
20221230,20230103,881144.TI,医疗器械,159883.SZ,永赢中证全指医疗器械ETF,H30217.CSI,中证医疗器械,407,1.0,111561.1645,120,0.8360309069408742,True,,0.9345539294250065,0.950981140711252,0.9712537307702147,0.8733910470037196,0.08405185001836336,0.3333333333333333,0.8026975736075409,True,,20230201
20221230,20230103,881145.TI,电力,159611.SZ,广发中证全指电力公用事业ETF,H30199.CSI,中证电力指数,239,1.0,75938.133,120,0.811842109872203,True,,0.9147137812241068,0.9159200961038163,1.0526399729536038,0.836701301561303,0.08009939412323774,1.0,0.711842109872203,True,,20230201
20221230,20230103,881153.TI,房地产,512200.SH,南方中证全指房地产ETF,931775.CSI,中证房地产,1280,1.0,209533.995,120,0.8120174473111276,True,,0.9144137629439631,0.917550745439781,1.1169119621195895,0.8361525298613379,0.12143588168942934,1.0,0.7120174473111276,True,,20230201
20221230,20230103,881155.TI,银行,512700.SH,南方中证银行ETF,399986.SZ,中证银行,1323,1.0,72937.579,120,0.8504743201064255,True,,0.9500908042112277,0.9601121502552042,1.0645711917237695,0.9026725362467374,0.05289602324811919,0.25,0.8254743201064255,True,,20230201
20221230,20230103,885497.TI,旅游概念,159766.SZ,富国中证旅游主题ETF,930633.CSI,中证旅游,351,1.0,216944.9185,120,0.6786764570265608,True,,0.779250452374649,0.7918661628412883,1.182511575889108,0.6072312675260946,0.1779272718061784,0.5,0.6286764570265607,True,,20230201
20221230,20230103,885539.TI,医疗器械概念,159883.SZ,永赢中证全指医疗器械ETF,H30217.CSI,中证医疗器械,407,1.0,111561.1645,120,0.7684411204805052,True,,0.8717048805000123,0.8744330817094718,1.4361112506596194,0.7598693986875404,0.13116893671008442,1.0,0.6684411204805052,True,,20230201
20221230,20230103,885700.TI,军工,512660.SH,国泰中证军工ETF,399967.SZ,中证军工,1557,1.0,306496.08999999997,120,0.7047072264923923,True,,0.7951191188085883,0.8492620204954245,1.4460520958768772,0.6322144130949463,0.13274885239642434,1.0,0.6047072264923923,True,,20230201
20221230,20230103,885756.TI,芯片概念,159813.SZ,鹏华国证半导体芯片ETF,980017.SZ,国证芯片,636,1.0,95013.306,120,0.7042463010650517,True,,0.8084302314766177,0.8079890778077687,1.2772688627085467,0.6535594391653377,0.1394884272381498,0.3333333333333333,0.6709129677317184,True,,20230201
20221230,20230103,885914.TI,煤炭概念,515220.SH,国泰中证煤炭ETF,399998.SZ,中证煤炭,692,1.0,194728.7555,120,0.8475215926770019,True,,0.9493819003114491,0.9505269745017221,1.4104469584456258,0.9013259926389784,0.12062090660266454,1.0,0.7475215926770019,True,,20230201
20230131,20230201,881112.TI,钢铁,515210.SH,国泰中证钢铁ETF,930606.CSI,中证钢铁,708,1.0,52573.78999999999,120,0.7994519077429112,True,,0.9004732352098322,0.9103499321544228,0.9290031589307092,0.8108520473292623,0.05348488888197292,1.0,0.6994519077429112,True,,20230301
20230131,20230201,881121.TI,半导体,512480.SH,国联安中证全指半导体产品与设备ETF,H30184.CSI,中证半导体,882,1.0,746451.047,120,0.8294695985980798,True,,0.9320655356451876,0.9324996254594137,1.0753112747856632,0.8687461627375503,0.09913701571830352,1.0,0.7294695985980798,True,,20230301
20230131,20230201,881141.TI,中药,159647.SZ,鹏华中证中药ETF,930641.CSI,中证中药,122,1.0,61267.678,120,0.8431619373904491,True,,0.9449570230611124,0.9469674381800597,0.9484943920984552,0.8929437754325196,0.08456458481922915,0.6666666666666666,0.7764952707237824,True,,20230301
20230131,20230201,881144.TI,医疗器械,159883.SZ,永赢中证全指医疗器械ETF,H30217.CSI,中证医疗器械,423,1.0,74128.214,120,0.8283727821090875,True,,0.9333061168233506,0.9242427101697199,1.0016481005498257,0.8710603076998817,0.08386324612822518,0.3333333333333333,0.7950394487757542,True,,20230301
20230131,20230201,881145.TI,电力,159611.SZ,广发中证全指电力公用事业ETF,H30199.CSI,中证电力指数,255,1.0,106792.1835,120,0.812165410146752,True,,0.9156701910586379,0.9142501191937152,1.0837768358287563,0.8384518987933622,0.07571669057322185,1.0,0.712165410146752,True,,20230301
20230131,20230201,881153.TI,房地产,512200.SH,南方中证全指房地产ETF,931775.CSI,中证房地产,1296,1.0,249469.796,120,0.8083233170364847,True,,0.910262273860895,0.9156222760955052,1.1415831829138032,0.8285774072144066,0.12426489035277091,1.0,0.7083233170364848,True,,20230301
20230131,20230201,881155.TI,银行,512800.SH,华宝中证银行ETF,399986.SZ,中证银行,1333,1.0,187181.2965,120,0.8513248233251015,True,,0.9504590776102746,0.9623576631527923,1.08423752186821,0.9033724582117748,0.05243032484907789,0.25,0.8263248233251015,True,,20230301
20230131,20230201,885497.TI,旅游概念,562510.SH,华夏中证旅游主题ETF,930633.CSI,中证旅游,260,1.0,52257.9755,120,0.6788706520211011,True,,0.7804924159016319,0.7889967295131612,1.134974132284895,0.6091684112799658,0.1793416133457,0.5,0.628870652021101,True,,20230301
20230131,20230201,885539.TI,医疗器械概念,159883.SZ,永赢中证全指医疗器械ETF,H30217.CSI,中证医疗器械,423,1.0,74128.214,120,0.7440146299941597,True,,0.8582968789993599,0.8174606424778937,1.4726182733099658,0.7366735325000418,0.13602074412547574,0.6666666666666666,0.677347963327493,True,,20230301
20230131,20230201,885543.TI,家用电器,159996.SZ,国泰中证全指家用电器ETF,930697.CSI,中证家用电器,698,1.0,69820.7225,120,0.5122202935841277,True,,0.611028648372436,0.6028102721125314,1.1867857298128917,0.3733560091318461,0.13212719448295773,0.6666666666666666,0.44555362691746103,True,,20230301
20230131,20230201,885700.TI,军工,512660.SH,国泰中证军工ETF,399967.SZ,中证军工,1573,1.0,500354.7335,120,0.7106815929115571,True,,0.8085873178351716,0.833263665637559,1.4172130896675044,0.6538134505638765,0.1223206040948238,1.0,0.6106815929115571,True,,20230301
20230131,20230201,885756.TI,芯片概念,159813.SZ,鹏华国证半导体芯片ETF,980017.SZ,国证芯片,652,1.0,94178.417,120,0.7089836572253128,True,,0.8116276427142535,0.8174356852220064,1.2783852000783722,0.6587394304178963,0.13649499581693153,0.3333333333333333,0.6756503238919794,True,,20230301
20230131,20230201,885914.TI,煤炭概念,515220.SH,国泰中证煤炭ETF,399998.SZ,中证煤炭,708,1.0,230366.413,120,0.8506204172274473,True,,0.9532037245408179,0.9509158155410604,1.4131982129155662,0.9085973404784882,0.11803384513893654,1.0,0.7506204172274473,True,,20230301
20230228,20230301,881112.TI,钢铁,515210.SH,国泰中证钢铁ETF,930606.CSI,中证钢铁,728,1.0,71855.85800000001,120,0.8263284588894976,True,,0.9244039820976265,0.9437922380919679,0.9239583324681967,0.8545227221179492,0.04751174781784096,1.0,0.7263284588894976,True,,20230403
20230228,20230301,881121.TI,半导体,512480.SH,国联安中证全指半导体产品与设备ETF,H30184.CSI,中证半导体,902,1.0,1015735.0279999999,120,0.827988839480172,True,,0.9321258746293475,0.9263884209698775,1.0724528482469668,0.8688586461535261,0.08704599471939731,1.0,0.727988839480172,True,,20230403
20230228,20230301,881129.TI,通信设备,515880.SH,国泰中证全指通信设备ETF,931160.CSI,中证通信设备,841,1.0,58414.002,120,0.624914515094871,True,,0.7056403301955563,0.789620434629275,0.6922737786114318,0.4979282755984935,0.10237600198814732,1.0,0.524914515094871,True,,20230403
20230228,20230301,881141.TI,中药,159647.SZ,鹏华中证中药ETF,930641.CSI,中证中药,142,1.0,70722.59150000001,120,0.8488580553957993,True,,0.9475639217220899,0.9615779466894095,0.9386761942535449,0.8978773857493463,0.08394158105308315,0.6666666666666666,0.7821913887291326,True,,20230403
20230228,20230301,881144.TI,医疗器械,159883.SZ,永赢中证全指医疗器械ETF,H30217.CSI,中证医疗器械,443,1.0,65867.126,120,0.8176740030690085,True,,0.9336884190873389,0.8802547357386679,0.9919314215495142,0.8717740639378144,0.08294282091075711,0.3333333333333333,0.7843406697356752,True,,20230403
20230228,20230301,881145.TI,电力,159611.SZ,广发中证全指电力公用事业ETF,H30199.CSI,中证电力指数,275,1.0,104236.17199999999,120,0.7888125769694727,True,,0.8919685444864234,0.893948488293107,1.0551586406907287,0.7956078843532284,0.0726509476569658,1.0,0.6888125769694727,True,,20230403
20230228,20230301,881153.TI,房地产,512200.SH,南方中证全指房地产ETF,931775.CSI,中证房地产,1316,1.0,218227.049,120,0.8059109399754066,True,,0.9098881687710647,0.9071295345577604,1.1606383070177893,0.8278964796695616,0.12523787350837087,1.0,0.7059109399754067,True,,20230403
20230228,20230301,881155.TI,银行,512700.SH,南方中证银行ETF,399986.SZ,中证银行,1359,1.0,79364.649,120,0.8412621031114269,True,,0.942249433879167,0.947849147300007,1.065527780159207,0.8878339956456109,0.05426456832296082,0.25,0.8162621031114269,True,,20230403
20230228,20230301,885497.TI,旅游概念,159766.SZ,富国中证旅游主题ETF,930633.CSI,中证旅游,387,1.0,144611.5465,120,0.665543731539386,True,,0.7805030684764701,0.7356577652638923,1.1800022045103533,0.6091850399011858,0.1817485682904311,1.0,0.565543731539386,True,,20230403
20230228,20230301,885539.TI,医疗器械概念,159883.SZ,永赢中证全指医疗器械ETF,H30217.CSI,中证医疗器械,443,1.0,65867.126,120,0.7279268308148007,True,,0.8612909072178349,0.7440322927098603,1.4535283118033182,0.7418220268561209,0.13311050575490543,1.0,0.6279268308148007,True,,20230403
20230228,20230301,885543.TI,家用电器,159996.SZ,国泰中证全指家用电器ETF,930697.CSI,中证家用电器,718,1.0,89657.10149999999,120,0.5611464503452661,True,,0.6496151164054138,0.6921556888927852,1.330263319576445,0.4219997994624197,0.1368202053347872,0.6666666666666666,0.49447978367859946,True,,20230403
20230228,20230301,885756.TI,芯片概念,159813.SZ,鹏华国证半导体芯片ETF,980017.SZ,国证芯片,672,1.0,124916.919,120,0.6783317006435345,True,,0.7773500985170433,0.7960627001413775,1.2486728028389058,0.6042731756644566,0.13144536243822005,0.3333333333333333,0.6449983673102012,True,,20230403
20230228,20230301,885914.TI,煤炭概念,515220.SH,国泰中证煤炭ETF,399998.SZ,中证煤炭,728,1.0,228910.901,120,0.8474877111725514,True,,0.9502194983716795,0.9477615908954107,1.411813646266415,0.902917095085726,0.10917746538630445,1.0,0.7474877111725514,True,,20230403
20230331,20230403,881112.TI,钢铁,515210.SH,国泰中证钢铁ETF,930606.CSI,中证钢铁,751,1.0,69808.6975,120,0.8167132679953313,True,,0.9186057871346383,0.9233395424177,0.9645971247626016,0.8438365921572482,0.04963790481484243,1.0,0.7167132679953313,True,,20230504
20230331,20230403,881121.TI,半导体,512480.SH,国联安中证全指半导体产品与设备ETF,H30184.CSI,中证半导体,925,1.0,1386549.78,120,0.8416874246810622,True,,0.9430214872059154,0.9471330091131841,1.098794457200929,0.8892895253320563,0.0886208395693356,1.0,0.7416874246810622,True,,20230504
20230331,20230403,881129.TI,通信设备,515880.SH,国泰中证全指通信设备ETF,931160.CSI,中证通信设备,864,1.0,134174.875,120,0.6701321199700806,True,,0.7635883512680861,0.8035114752287619,0.8505583746707619,0.5830671701923139,0.10993308540346024,1.0,0.5701321199700806,True,,20230504
20230331,20230403,881141.TI,中药,159647.SZ,鹏华中证中药ETF,930641.CSI,中证中药,165,1.0,87816.525,120,0.84544606830335,True,,0.9499909619912047,0.9403126525120057,0.9536393608435155,0.9024828278649747,0.08545400777113829,0.5,0.79544606830335,True,,20230504
20230331,20230403,881144.TI,医疗器械,159883.SZ,永赢中证全指医疗器械ETF,H30217.CSI,中证医疗器械,466,1.0,53667.818,120,0.8142553057535367,True,,0.9330776225036831,0.8684856682365051,0.9766206514467196,0.8706338496171256,0.07798310826376774,0.6666666666666666,0.74758863908687,True,,20230504
20230331,20230403,881145.TI,电力,159611.SZ,广发中证全指电力公用事业ETF,H30199.CSI,中证电力指数,298,1.0,91357.4925,120,0.7493384545847749,True,,0.8815706922449907,0.7679123025939298,1.1075884578611137,0.7771668854253132,0.0717166713793817,1.0,0.6493384545847749,True,,20230504
20230331,20230403,881153.TI,房地产,512200.SH,南方中证全指房地产ETF,931775.CSI,中证房地产,1339,1.0,146921.1795,120,0.7955648117950198,True,,0.9092631373269916,0.8676773007850616,1.2139471283249537,0.8267594529017238,0.1208811870499656,1.0,0.6955648117950198,True,,20230504
20230331,20230403,881155.TI,银行,512800.SH,华宝中证银行ETF,399986.SZ,中证银行,1376,1.0,184554.2875,120,0.847604962258393,True,,0.9534562531374882,0.9380600467704089,1.1033923131964052,0.9090788266469776,0.049918276010144196,0.125,0.835104962258393,True,,20230504
20230331,20230403,885362.TI,云计算,516510.SH,易方达中证云计算与大数据主题ETF,930851.CSI,中证云计算,483,1.0,70792.9495,120,0.7393155609256455,True,,0.8390369994873821,0.8567983928225441,1.1586097923759815,0.7039830865087894,0.14301121911393963,0.5,0.6893155609256455,True,,20230504
20230331,20230403,885497.TI,旅游概念,562510.SH,华夏中证旅游主题ETF,930633.CSI,中证旅游,303,1.0,50279.301999999996,120,0.5920827355256305,True,,0.7328739852984308,0.5803204045093373,1.103844133116832,0.5371042783272049,0.1806392016496579,0.5,0.5420827355256305,True,,20230504
20230331,20230403,885539.TI,医疗器械概念,159883.SZ,永赢中证全指医疗器械ETF,H30217.CSI,中证医疗器械,466,1.0,53667.818,120,0.7254338782625158,True,,0.8506426762591859,0.766294382927658,1.394540918220724,0.7235929626733898,0.12512352902500481,1.0,0.6254338782625158,True,,20230504
20230331,20230403,885756.TI,芯片概念,159813.SZ,鹏华国证半导体芯片ETF,980017.SZ,国证芯片,695,1.0,192094.513,120,0.7076209778322123,True,,0.8093296592828314,0.8188158943262681,1.4173864717560114,0.6550144973948642,0.1443554196136504,0.3333333333333333,0.674287644498879,True,,20230504
20230331,20230403,885914.TI,煤炭概念,515220.SH,国泰中证煤炭ETF,399998.SZ,中证煤炭,751,1.0,192285.044,120,0.8331257677591521,True,,0.9367087453165739,0.9326316162719309,1.4634076054719316,0.8774232735525498,0.10318626044456113,1.0,0.7331257677591522,True,,20230504
20230428,20230504,881112.TI,钢铁,515210.SH,国泰中证钢铁ETF,930606.CSI,中证钢铁,770,1.0,76532.185,120,0.8157959714225085,True,,0.9173947140460403,0.923426620782184,0.9806046557658662,0.8416130613596157,0.04911931729109946,1.0,0.7157959714225085,True,,20230601
20230428,20230504,881121.TI,半导体,512480.SH,国联安中证全指半导体产品与设备ETF,H30184.CSI,中证半导体,944,1.0,2215259.267,120,0.8439397919073984,True,,0.9433298013705661,0.9551768963961624,1.0928444499316046,0.8898711141538314,0.09218591906860692,1.0,0.7439397919073985,True,,20230601
20230428,20230504,881129.TI,通信设备,515880.SH,国泰中证全指通信设备ETF,931160.CSI,中证通信设备,883,1.0,189334.6435,120,0.7202119075968284,True,,0.8175379622932707,0.8447507139263924,0.9907945223130077,0.668368319790633,0.12654932202958427,1.0,0.6202119075968284,True,,20230601
20230428,20230504,881141.TI,中药,159647.SZ,鹏华中证中药ETF,930641.CSI,中证中药,184,1.0,93788.862,120,0.837787050270972,True,,0.942687908512789,0.93257608834458,0.9608564225937911,0.8886604928562162,0.0892307942608674,0.75,0.7627870502709719,True,,20230601
20230428,20230504,881144.TI,医疗器械,159883.SZ,永赢中证全指医疗器械ETF,H30217.CSI,中证医疗器械,485,1.0,104155.2795,120,0.7938303774657133,True,,0.9032096669965972,0.8794295543359967,0.8910200563310589,0.8157877025561034,0.0734329601551357,0.3333333333333333,0.76049704413238,True,,20230601
20230428,20230504,881145.TI,电力,159611.SZ,广发中证全指电力公用事业ETF,H30199.CSI,中证电力指数,317,1.0,130345.315,120,0.747253522804061,True,,0.8681858831775576,0.8003942882118507,1.0301027672779912,0.7537467277487961,0.06851765144904261,1.0,0.647253522804061,True,,20230601
20230428,20230504,881153.TI,房地产,512200.SH,南方中证全指房地产ETF,931775.CSI,中证房地产,1358,1.0,232078.5255,120,0.7996353098897672,True,,0.9127752746660002,0.873095469002113,1.2098086564340527,0.8331587020415923,0.11401490209586464,1.0,0.6996353098897672,True,,20230601
20230428,20230504,881155.TI,银行,512800.SH,华宝中证银行ETF,399986.SZ,中证银行,1395,1.0,255040.6345,120,0.8571938347672894,True,,0.959512511300015,0.9573517608643707,1.0738716730189035,0.9206642593412618,0.045053037000476776,0.125,0.8446938347672894,True,,20230601
20230428,20230504,885362.TI,云计算,516510.SH,易方达中证云计算与大数据主题ETF,930851.CSI,中证云计算,502,1.0,131649.389,120,0.7639682295149733,True,,0.864890641415248,0.8772701422647893,1.297472865772967,0.7480358216076797,0.15984523928758473,1.0,0.6639682295149734,True,,20230601
20230428,20230504,885539.TI,医疗器械概念,159883.SZ,永赢中证全指医疗器械ETF,H30217.CSI,中证医疗器械,485,1.0,104155.2795,120,0.7193005288968699,True,,0.8189643582372726,0.8368518270751415,1.2005931835818922,0.6707026200629879,0.09774728339782755,1.0,0.6193005288968699,True,,20230601
20230428,20230504,885543.TI,家用电器,159996.SZ,国泰中证全指家用电器ETF,930697.CSI,中证家用电器,760,1.0,223105.50199999998,120,0.6465820458685089,True,,0.7233274861685746,0.8257516197887165,1.4692792600648514,0.5232026522469493,0.12093290363117629,0.6666666666666666,0.5799153792018422,True,,20230601
20230428,20230504,885700.TI,军工,512660.SH,国泰中证军工ETF,399967.SZ,中证军工,1635,1.0,364321.9965,120,0.6608158138793546,True,,0.7766531114924714,0.7280429991779136,1.4646615522253548,0.6031900555909366,0.09692808271297602,0.5,0.6108158138793546,True,,20230601
20230428,20230504,885914.TI,煤炭概念,515220.SH,国泰中证煤炭ETF,399998.SZ,中证煤炭,770,1.0,178442.224,120,0.8136091822591007,True,,0.9260754533102925,0.8877163752814997,1.4751767107506064,0.8576157452238641,0.10008085573037959,1.0,0.7136091822591007,True,,20230601
20230531,20230601,881112.TI,钢铁,515210.SH,国泰中证钢铁ETF,930606.CSI,中证钢铁,790,1.0,53759.8275,120,0.8015922590577242,True,,0.9128006801116462,0.8808446270402343,0.9931767241694072,0.8332050816122846,0.0505836455982716,1.0,0.7015922590577243,True,,20230703
20230531,20230601,881121.TI,半导体,512480.SH,国联安中证全指半导体产品与设备ETF,H30184.CSI,中证半导体,964,1.0,1729727.5885,120,0.8373677124138355,True,,0.9384135140567823,0.9442718675231382,1.06894229044643,0.8806199233643986,0.09089817122382114,1.0,0.7373677124138355,True,,20230703
20230531,20230601,881129.TI,通信设备,515880.SH,国泰中证全指通信设备ETF,931160.CSI,中证通信设备,903,1.0,148480.6645,120,0.7501453490306899,True,,0.8497961235720914,0.8676970779956843,1.0801911017606671,0.7221534516381535,0.1278679788471119,1.0,0.6501453490306899,True,,20230703
20230531,20230601,881141.TI,中药,560080.SH,汇添富中证中药ETF,930641.CSI,中证中药,153,1.0,95466.848,120,0.8443060505945127,True,,0.945760439224262,0.9490256388885245,0.9451635043884495,0.8944628084016701,0.0787802298881623,0.25,0.8193060505945127,True,,20230703
20230531,20230601,881144.TI,医疗器械,159883.SZ,永赢中证全指医疗器械ETF,H30217.CSI,中证医疗器械,505,1.0,62820.1995,120,0.7722224084976818,True,,0.8756538814266042,0.877520039103032,0.9121553714426951,0.7667697200574777,0.07572828380279693,0.3333333333333333,0.7388890751643484,True,,20230703
20230531,20230601,881145.TI,电力,159611.SZ,广发中证全指电力公用事业ETF,H30199.CSI,中证电力指数,337,1.0,176535.663,120,0.7318691986079412,True,,0.8425996051754,0.816293127295921,0.9801565345498714,0.7099740946417397,0.08483846679613413,1.0,0.6318691986079412,True,,20230703
20230531,20230601,881153.TI,房地产,512200.SH,南方中证全指房地产ETF,931775.CSI,中证房地产,1378,1.0,173102.4905,120,0.7770783164968412,True,,0.8881523643388977,0.8587197639411049,1.0593942986435887,0.7888146222807743,0.08606258892835622,1.0,0.6770783164968412,True,,20230703
20230531,20230601,881155.TI,银行,512800.SH,华宝中证银行ETF,399986.SZ,中证银行,1415,1.0,330284.061,120,0.8627530281630204,True,,0.9618452874473433,0.972233723566597,1.042132074953786,0.9251463569846629,0.04358739424289429,0.125,0.8502530281630204,True,,20230703
20230531,20230601,885362.TI,云计算,516510.SH,易方达中证云计算与大数据主题ETF,930851.CSI,中证云计算,522,1.0,100013.39,120,0.7502349084877715,True,,0.8559610522711562,0.8494159356056867,1.3384075633237569,0.7326693230051454,0.17378832171552897,1.0,0.6502349084877715,True,,20230703
20230531,20230601,885539.TI,医疗器械概念,159883.SZ,永赢中证全指医疗器械ETF,H30217.CSI,中证医疗器械,505,1.0,62820.1995,120,0.708164779507884,True,,0.7920258266112434,0.8722245187975148,1.242684482772552,0.6273049100192238,0.09728156584044541,1.0,0.6081647795078841,True,,20230703
20230531,20230601,885543.TI,家用电器,159996.SZ,国泰中证全指家用电器ETF,930697.CSI,中证家用电器,780,1.0,135277.321,120,0.6695571965402444,True,,0.7571178344514847,0.8200566681113042,1.4662347347170452,0.573227415244506,0.11742688724388638,0.6666666666666666,0.6028905298735777,True,,20230703
20230531,20230601,885914.TI,煤炭概念,515220.SH,国泰中证煤炭ETF,399998.SZ,中证煤炭,790,1.0,192897.171,120,0.7934656149654981,True,,0.9066761925871565,0.8672730437650737,1.4905020339472326,0.8220617182043426,0.1025364528559091,1.0,0.6934656149654981,True,,20230703
20230630,20230703,881115.TI,建筑材料,159745.SZ,国泰中证全指建筑材料ETF,931009.CSI,中证建筑材料,494,1.0,55134.639,120,0.7431367080938446,True,,0.8461719864630686,0.8505986410443278,1.4643003955493028,0.716007030674856,0.10828573421833221,0.6666666666666666,0.6764700414271779,True,,20230801
20230630,20230703,881121.TI,半导体,512480.SH,国联安中证全指半导体产品与设备ETF,H30184.CSI,中证半导体,984,1.0,1511245.372,120,0.8279824025497495,True,,0.9337339861740562,0.9213461436889903,1.0912031379374558,0.8718591569364924,0.09486915126164501,1.0,0.7279824025497496,True,,20230801
20230630,20230703,881129.TI,通信设备,515880.SH,国泰中证全指通信设备ETF,931160.CSI,中证通信设备,923,1.0,245963.2305,120,0.755823961275782,True,,0.8542316865539928,0.8770054074074148,1.1543025796274864,0.7297117743128795,0.14354155322519813,1.0,0.655823961275782,True,,20230801
20230630,20230703,881141.TI,中药,560080.SH,汇添富中证中药ETF,930641.CSI,中证中药,173,1.0,75829.644,120,0.8471158204136613,True,,0.9484742170203287,0.9517528434025927,1.030661440611371,0.899603340352325,0.06695934931067483,0.25,0.8221158204136613,True,,20230801
20230630,20230703,881144.TI,医疗器械,159883.SZ,永赢中证全指医疗器械ETF,H30217.CSI,中证医疗器械,525,1.0,51803.927500000005,120,0.735987390488184,True,,0.8408715285110835,0.837967548454229,0.926066559400701,0.7070649274605662,0.07461284243385205,0.3333333333333333,0.7026540571548506,True,,20230801
20230630,20230703,881145.TI,电力,159611.SZ,广发中证全指电力公用事业ETF,H30199.CSI,中证电力指数,357,1.0,251975.4545,120,0.7472876086864005,True,,0.8472926658322277,0.863822186137297,0.8885737800477208,0.7179048615730831,0.09020302957620259,1.0,0.6472876086864006,True,,20230801
20230630,20230703,881153.TI,房地产,512200.SH,南方中证全指房地产ETF,931775.CSI,中证房地产,1398,1.0,181742.2755,120,0.8004177037274448,True,,0.9005300221021839,0.9140381782809955,1.0513020349595374,0.81095432070736,0.07822851769785108,1.0,0.7004177037274448,True,,20230801
20230630,20230703,881155.TI,银行,512800.SH,华宝中证银行ETF,399986.SZ,中证银行,1435,1.0,233734.44,120,0.8634379533016693,True,,0.9625740790970964,0.9726743403627106,1.044745607148145,0.9265488577496229,0.04156838437147053,0.125,0.8509379533016693,True,,20230801
20230630,20230703,885362.TI,云计算,516510.SH,易方达中证云计算与大数据主题ETF,930851.CSI,中证云计算,542,1.0,173678.452,120,0.7576584664463247,True,,0.8608510592464262,0.8642930195690296,1.3958126542232259,0.7410645462056947,0.1850546273400164,1.0,0.6576584664463248,True,,20230801
20230630,20230703,885517.TI,机器人概念,562500.SH,华夏中证机器人ETF,H30590.CSI,中证机器人,363,1.0,57510.1155,120,0.5576649491637014,True,,0.6479734648383246,0.6827911002974061,1.1173270617102002,0.41986961113458365,0.10734957458628094,1.0,0.4576649491637014,True,,20230801
20230630,20230703,885539.TI,医疗器械概念,159883.SZ,永赢中证全指医疗器械ETF,H30217.CSI,中证医疗器械,525,1.0,51803.927500000005,120,0.6853371335091826,True,,0.7798329616092736,0.8167989420108083,1.368682991938357,0.608139448012291,0.0903336639682898,1.0,0.5853371335091826,True,,20230801
20230630,20230703,885728.TI,人工智能,515980.SH,华富中证人工智能产业ETF,931071.CSI,中证人工智能,825,1.0,58010.373,120,0.6286322014364876,True,,0.7231965424494223,0.7543277774406261,1.240866401910988,0.5230132390107993,0.18436821557275784,1.0,0.5286322014364876,True,,20230801
20230630,20230703,885756.TI,芯片概念,159813.SZ,鹏华国证半导体芯片ETF,980017.SZ,国证芯片,754,1.0,152319.4265,120,0.7317571371163645,True,,0.8349547073300969,0.8388295158296514,1.4849495769752157,0.697149363292688,0.1461140014742769,0.25,0.7067571371163645,True,,20230801
20230731,20230801,881121.TI,半导体,512480.SH,国联安中证全指半导体产品与设备ETF,H30184.CSI,中证半导体,1005,1.0,1367605.008,120,0.798008872923245,True,,0.920731633107026,0.8419241813565694,1.0483824848813619,0.8477467402039309,0.09834521374942749,1.0,0.698008872923245,True,,20230901
20230731,20230801,881129.TI,通信设备,515880.SH,国泰中证全指通信设备ETF,931160.CSI,中证通信设备,944,1.0,200293.54200000002,120,0.7600498150013175,True,,0.8604818197372122,0.8749782432718869,1.1725541349342108,0.740428962098264,0.1521790940797932,1.0,0.6600498150013175,True,,20230901
20230731,20230801,881141.TI,中药,560080.SH,汇添富中证中药ETF,930641.CSI,中证中药,194,1.0,60898.906,120,0.8465115882335561,True,,0.9511408865916433,0.9409631880631352,1.0577546590163849,0.9046689861463373,0.06654105624065594,0.25,0.8215115882335561,True,,20230901
20230731,20230801,881145.TI,电力,159611.SZ,广发中证全指电力公用事业ETF,H30199.CSI,中证电力指数,378,1.0,165915.432,120,0.744542547133162,True,,0.8415700540244969,0.8700859869851777,0.8556594943863581,0.7082401558307942,0.0920942011270971,1.0,0.6445425471331621,True,,20230901
20230731,20230801,881153.TI,房地产,512200.SH,南方中证全指房地产ETF,931775.CSI,中证房地产,1419,1.0,190003.61599999998,120,0.7996156748761275,True,,0.8971878932246288,0.9211192436059435,0.9940876146067349,0.8049461157488478,0.08450822060682536,1.0,0.6996156748761275,True,,20230901
20230731,20230801,881155.TI,银行,512800.SH,华宝中证银行ETF,399986.SZ,中证银行,1456,1.0,181576.75900000002,120,0.8656007808870453,True,,0.9666362012137653,0.9684993938224636,1.0386360783044357,0.9343855454969786,0.041082212006099184,0.125,0.8531007808870453,True,,20230901
20230731,20230801,885362.TI,云计算,516510.SH,易方达中证云计算与大数据主题ETF,930851.CSI,中证云计算,563,1.0,123283.475,120,0.7531721215672529,True,,0.8627502951804387,0.8405850528077736,1.3818273128214256,0.7443380718339343,0.18324064084850336,1.0,0.6531721215672529,True,,20230901
20230731,20230801,885517.TI,机器人概念,562500.SH,华夏中证机器人ETF,H30590.CSI,中证机器人,384,1.0,56543.691,120,0.5786144558674433,True,,0.6684036296387893,0.7095925169236103,0.9956967959149114,0.4467634121143077,0.10470586029137488,1.0,0.47861445586744333,True,,20230901
20230731,20230801,885700.TI,军工,512660.SH,国泰中证军工ETF,399967.SZ,中证军工,1696,1.0,248765.516,120,0.5813835263872535,True,,0.6863745436533976,0.670119009736973,1.3956430128378527,0.47111001417541,0.10671682776459628,0.5,0.5313835263872535,True,,20230901
20230731,20230801,885756.TI,芯片概念,159813.SZ,鹏华国证半导体芯片ETF,980017.SZ,国证芯片,775,1.0,194688.3125,120,0.6814592708928437,True,,0.8173199738663238,0.6903899720302186,1.3807121111617742,0.6680119396808479,0.14252975622068995,0.25,0.6564592708928437,True,,20230901
20230731,20230801,885914.TI,煤炭概念,515220.SH,国泰中证煤炭ETF,399998.SZ,中证煤炭,831,1.0,120422.7995,120,0.7746773900185111,True,,0.8769122110312079,0.8835001224982433,1.4259838416829866,0.7689750258556418,0.09895104210145489,1.0,0.6746773900185111,True,,20230901
20230831,20230901,881112.TI,钢铁,515210.SH,国泰中证钢铁ETF,930606.CSI,中证钢铁,854,1.0,67287.96350000001,120,0.8317305712842044,True,,0.9256910196322887,0.9613979275755207,1.0491626026019816,0.8569038638278658,0.051371523838072516,1.0,0.7317305712842044,True,,20231009
20230831,20230901,881115.TI,建筑材料,159745.SZ,国泰中证全指建筑材料ETF,931009.CSI,中证建筑材料,538,1.0,74507.3665,120,0.7405764207072458,True,,0.8379275335190797,0.8651770849332027,1.295935199330854,0.7021225514293683,0.10500806183613995,1.0,0.6405764207072459,True,,20231009
20230831,20230901,881121.TI,半导体,512480.SH,国联安中证全指半导体产品与设备ETF,H30184.CSI,中证半导体,1028,1.0,1225233.0699999998,120,0.7771486302991363,True,,0.9064781403462063,0.8026166691488226,1.0158523241208632,0.8217026189255165,0.10372308361591655,1.0,0.6771486302991363,True,,20231009
20230831,20230901,881129.TI,通信设备,515880.SH,国泰中证全指通信设备ETF,931160.CSI,中证通信设备,967,1.0,175175.26799999998,120,0.7693492799324981,True,,0.8758298121240561,0.8654907795987243,1.2432148806610799,0.7670778598052598,0.15384938010033028,1.0,0.6693492799324982,True,,20231009
20230831,20230901,881141.TI,中药,560080.SH,汇添富中证中药ETF,930641.CSI,中证中药,217,1.0,76582.716,120,0.8220082846512046,True,,0.9335182552625124,0.8981228283347742,1.0029563376548707,0.8714563329083652,0.07560214616225598,0.25,0.7970082846512045,True,,20231009
20230831,20230901,881144.TI,医疗器械,159883.SZ,永赢中证全指医疗器械ETF,H30217.CSI,中证医疗器械,569,1.0,63658.057,120,0.7148539712425827,True,,0.8287056985158241,0.7899526070871224,0.846159492299426,0.6867531347525999,0.08193608080717338,0.6666666666666666,0.648187304575916,True,,20231009
20230831,20230901,881145.TI,电力,159611.SZ,广发中证全指电力公用事业ETF,H30199.CSI,中证电力指数,401,1.0,95943.157,120,0.7580081498609698,True,,0.8499078845393218,0.8988107830439725,0.8624852693488327,0.7223434122021051,0.09119287412824993,1.0,0.6580081498609698,True,,20231009
20230831,20230901,881153.TI,房地产,512200.SH,南方中证全指房地产ETF,931775.CSI,中证房地产,1442,1.0,319966.5245,120,0.8353428972769374,True,,0.9320357006842063,0.9560858593293974,0.9876185885691224,0.8686905473498995,0.08294212121807662,0.5,0.7853428972769374,True,,20231009
20230831,20230901,881155.TI,银行,512800.SH,华宝中证银行ETF,399986.SZ,中证银行,1479,1.0,199946.51750000002,120,0.8684535308149239,True,,0.9701427143174213,0.9688225629389491,1.0040416997366473,0.9411768861431737,0.04064594919952558,0.125,0.855953530814924,True,,20231009
20230831,20230901,885362.TI,云计算,516510.SH,易方达中证云计算与大数据主题ETF,930851.CSI,中证云计算,586,1.0,118472.429,120,0.7431133891605185,True,,0.8470727192056289,0.8477888032573655,1.327548254017127,0.7175321916224182,0.18257034351824813,1.0,0.6431133891605185,True,,20231009
20230831,20230901,885539.TI,医疗器械概念,159883.SZ,永赢中证全指医疗器械ETF,H30217.CSI,中证医疗器械,569,1.0,63658.057,120,0.6793301684545806,True,,0.7977723965231284,0.7399114027795125,1.271103823031152,0.6364407966542558,0.08856560721804702,1.0,0.5793301684545806,True,,20231009
20230831,20230901,885543.TI,家用电器,159996.SZ,国泰中证全指家用电器ETF,930697.CSI,中证家用电器,844,1.0,83027.609,120,0.6351924893751484,True,,0.760880724739415,0.6716448216537773,1.4007043954663507,0.5789394772799772,0.10869287550141692,1.0,0.5351924893751484,True,,20231009
20230831,20230901,885700.TI,军工,512660.SH,国泰中证军工ETF,399967.SZ,中证军工,1719,1.0,343803.3055,120,0.5842689851126537,True,,0.6911456573096292,0.6681752340605812,1.3102149298246686,0.47768231961795915,0.10269190583639995,0.25,0.5592689851126537,True,,20231009
20230831,20230901,885756.TI,芯片概念,159813.SZ,鹏华国证半导体芯片ETF,980017.SZ,国证芯片,798,1.0,174821.2035,120,0.6583705970711884,True,,0.8025128613596403,0.6420405299768908,1.3175092072210433,0.6440268926476374,0.14204324390852657,0.25,0.6333705970711884,True,,20231009
20230831,20230901,885914.TI,煤炭概念,515220.SH,国泰中证煤炭ETF,399998.SZ,中证煤炭,854,1.0,95809.009,120,0.7775497159592208,True,,0.8733751714751345,0.9057780067970818,1.3899221423664194,0.7627841901492212,0.10017604661343056,1.0,0.6775497159592209,True,,20231009
20230928,20231009,881112.TI,钢铁,515210.SH,国泰中证钢铁ETF,930606.CSI,中证钢铁,874,1.0,67932.56150000001,120,0.8435453546296914,True,,0.9387415168956753,0.9679570034012587,1.0514747002367166,0.8812356355435933,0.049219421125085094,1.0,0.7435453546296914,True,,20231101
20230928,20231009,881115.TI,建筑材料,159745.SZ,国泰中证全指建筑材料ETF,931009.CSI,中证建筑材料,558,1.0,53998.418,120,0.7449482491736654,True,,0.8503630771291106,0.845196424669747,1.31882926263302,0.7231173629444894,0.1016955790386335,0.6666666666666666,0.6782815825069988,True,,20231101
20230928,20231009,881121.TI,半导体,512480.SH,国联安中证全指半导体产品与设备ETF,H30184.CSI,中证半导体,1048,1.0,1109243.137,120,0.7713936358997596,True,,0.8868207588437584,0.8400623909217896,0.920084314613389,0.7864510583162198,0.09251854252374761,1.0,0.6713936358997596,True,,20231101
20230928,20231009,881129.TI,通信设备,515880.SH,国泰中证全指通信设备ETF,931160.CSI,中证通信设备,987,1.0,137047.261,120,0.7400312028828407,True,,0.8569696367423929,0.8055473630675443,1.1357823704002834,0.7343969582983885,0.15105771797647574,1.0,0.6400312028828408,True,,20231101
20230928,20231009,881141.TI,中药,560080.SH,汇添富中证中药ETF,930641.CSI,中证中药,237,1.0,58261.0735,120,0.8204955030333602,True,,0.9277739925883051,0.9099752781628838,0.9545083086390651,0.8607645813232444,0.0699591968159507,0.25,0.7954955030333601,True,,20231101
20230928,20231009,881145.TI,电力,159611.SZ,广发中证全指电力公用事业ETF,H30199.CSI,中证电力指数,421,1.0,71623.351,120,0.7669344002464209,True,,0.8712410115227566,0.8698190378446532,0.863025696633429,0.7590609001591958,0.0840813236400552,0.5,0.7169344002464209,True,,20231101
20230928,20231009,881153.TI,房地产,512200.SH,南方中证全指房地产ETF,931775.CSI,中证房地产,1462,1.0,154523.94650000002,120,0.8350299755970065,True,,0.9347026034595852,0.9465133213203797,0.9820303256333712,0.8736689569141264,0.08297147911838643,0.5,0.7850299755970065,True,,20231101
20230928,20231009,881155.TI,银行,512800.SH,华宝中证银行ETF,399986.SZ,中证银行,1499,1.0,166818.548,120,0.8647879452827598,True,,0.9676492733779481,0.9620461646138204,0.9972056757623058,0.936345116268871,0.042032451676364595,0.25,0.8397879452827598,True,,20231101
20230928,20231009,885362.TI,云计算,516510.SH,易方达中证云计算与大数据主题ETF,930851.CSI,中证云计算,606,1.0,71973.6695,120,0.7483605303052002,True,,0.8505410435913763,0.8583079939379441,1.2750699252367077,0.7234200668335075,0.15945535156924248,0.75,0.6733605303052002,True,,20231101
20230928,20231009,885543.TI,家用电器,159996.SZ,国泰中证全指家用电器ETF,930697.CSI,中证家用电器,864,1.0,57859.826,120,0.5859203189507699,True,,0.7319246570785124,0.558403739462356,1.3020854485182074,0.5357137036394977,0.10280473831550262,1.0,0.4859203189507699,True,,20231101
20230928,20231009,885700.TI,军工,512660.SH,国泰中证军工ETF,399967.SZ,中证军工,1739,1.0,214718.6955,120,0.6309809896503371,True,,0.7245687897002429,0.7597864205962579,1.279376239085207,0.5249999310076748,0.09852850189852874,0.5,0.5809809896503371,True,,20231101
20230928,20231009,885756.TI,芯片概念,159813.SZ,鹏华国证半导体芯片ETF,980017.SZ,国证芯片,818,1.0,133857.0085,120,0.6087676581115904,True,,0.7368656564335926,0.6355567222003907,1.0007707616712727,0.5429709956313098,0.11839268003758201,0.5,0.5587676581115903,True,,20231101
20230928,20231009,885914.TI,煤炭概念,515220.SH,国泰中证煤炭ETF,399998.SZ,中证煤炭,874,1.0,159740.08,120,0.798844053828054,True,,0.8980606409383449,0.9153471845539722,1.3860312047501475,0.8065129148025902,0.09923211808338428,1.0,0.698844053828054,True,,20231101
20231031,20231101,881121.TI,半导体,512480.SH,国联安中证全指半导体产品与设备ETF,H30184.CSI,中证半导体,1065,1.0,1017039.4525,120,0.7723139825345569,True,,0.8697143407579577,0.8959854279102829,0.825190746454993,0.7564030345200488,0.0868726017434403,1.0,0.6723139825345569,True,,20231201
20231031,20231101,881129.TI,通信设备,515880.SH,国泰中证全指通信设备ETF,931160.CSI,中证通信设备,1004,1.0,131536.1785,120,0.7152764549403224,True,,0.829436962011289,0.7894524913684019,1.0763753242516854,0.687965673950516,0.14707172689504325,1.0,0.6152764549403225,True,,20231201
20231031,20231101,881141.TI,中药,560080.SH,汇添富中证中药ETF,930641.CSI,中证中药,254,1.0,50433.8815,120,0.8173236491110193,True,,0.9228288105953599,0.9126691670544494,0.9258065999507412,0.8516130136648465,0.06690013632657923,0.5,0.7673236491110192,True,,20231201
20231031,20231101,881153.TI,房地产,512200.SH,南方中证全指房地产ETF,931775.CSI,中证房地产,1479,1.0,134385.711,120,0.8379920559921847,True,,0.9368406221850841,0.9516847687728898,0.9660955691308247,0.877670351376135,0.08110977831127,0.5,0.7879920559921847,True,,20231201
20231031,20231101,881155.TI,银行,512800.SH,华宝中证银行ETF,399986.SZ,中证银行,1516,1.0,141138.6645,120,0.8627862081423304,True,,0.9655544794677559,0.9606586019416604,0.999074687022047,0.9322954528202494,0.04214778010177966,0.25,0.8377862081423304,True,,20231201
20231031,20231101,885362.TI,云计算,516510.SH,易方达中证云计算与大数据主题ETF,930851.CSI,中证云计算,623,1.0,71376.9105,120,0.7066916978446757,True,,0.8138036122796568,0.801793775203738,1.1423782748073659,0.6622763193594184,0.1472888856102307,0.75,0.6316916978446756,True,,20231201
20231031,20231101,885700.TI,军工,512660.SH,国泰中证军工ETF,399967.SZ,中证军工,1756,1.0,245647.451,120,0.6291694342626297,True,,0.7141138100955431,0.7824749965979285,1.1866187144025298,0.5099585337691731,0.09443542863594633,0.5,0.5791694342626297,True,,20231201
20231031,20231101,885756.TI,芯片概念,159813.SZ,鹏华国证半导体芯片ETF,980017.SZ,国证芯片,835,1.0,138239.97950000002,120,0.6105752657915934,True,,0.7087142281382568,0.7235070925904967,0.8554802257977268,0.5022758571656054,0.10553226667561548,0.5,0.5605752657915933,True,,20231201
20231031,20231101,885914.TI,煤炭概念,515220.SH,国泰中证煤炭ETF,399998.SZ,中证煤炭,891,1.0,101344.139,120,0.8010974330371248,True,,0.9005943142674891,0.9165590322789631,1.3795616338761063,0.8110701188909291,0.09773830203470478,1.0,0.7010974330371248,True,,20231201
20231130,20231201,881112.TI,钢铁,515210.SH,国泰中证钢铁ETF,930606.CSI,中证钢铁,913,1.0,60648.9075,120,0.8461065778087705,True,,0.949818379221085,0.9434965806892105,1.0546123256450692,0.902154953506169,0.048600176883352574,1.0,0.7461065778087705,True,,20240102
20231130,20231201,881121.TI,半导体,512480.SH,国联安中证全指半导体产品与设备ETF,H30184.CSI,中证半导体,1087,1.0,1009408.5265,120,0.7652714691372013,True,,0.8561930393169802,0.9088598855699362,0.8130986847023602,0.733066520574848,0.08759893548216179,1.0,0.6652714691372014,True,,20240102
20231130,20231201,881129.TI,通信设备,515880.SH,国泰中证全指通信设备ETF,931160.CSI,中证通信设备,1026,1.0,114455.589,120,0.6969187961202122,True,,0.8080374641508784,0.7798455300962629,1.0259732303026377,0.6529245434713821,0.14376856996178342,1.0,0.5969187961202123,True,,20240102
20231130,20231201,881141.TI,中药,560080.SH,汇添富中证中药ETF,930641.CSI,中证中药,276,1.0,53493.5335,120,0.8180029731291284,True,,0.9175035783541107,0.9319170460327334,0.853618061700539,0.8418128162925983,0.06521301446222691,0.5,0.7680029731291284,True,,20240102
20231130,20231201,881153.TI,房地产,512200.SH,南方中证全指房地产ETF,931775.CSI,中证房地产,1501,1.0,210988.247,120,0.83554169563872,True,,0.9430707244175145,0.922395898967826,0.9585954773082704,0.8893823912533753,0.07554826562064543,0.5,0.78554169563872,True,,20240102
20231130,20231201,881155.TI,银行,512700.SH,南方中证银行ETF,399986.SZ,中证银行,1544,1.0,72955.278,120,0.8551143138730788,True,,0.9610765706397877,0.9441032094330997,0.9506058385955272,0.9236681746327343,0.03747647523261622,0.25,0.8301143138730788,True,,20240102
20231130,20231201,885362.TI,云计算,516510.SH,易方达中证云计算与大数据主题ETF,930851.CSI,中证云计算,645,1.0,98397.1145,120,0.6980426201364719,True,,0.8187522421600164,0.7524528558006219,1.1001836804691907,0.6703552340420547,0.13056141308309555,0.75,0.6230426201364718,True,,20240102
20231130,20231201,885700.TI,军工,512660.SH,国泰中证军工ETF,399967.SZ,中证军工,1778,1.0,217538.945,120,0.6548971620417104,True,,0.7382505801702224,0.8160791363533948,1.1290879736877586,0.5450139191216705,0.08216742279027837,0.5,0.6048971620417104,True,,20240102
20231130,20231201,885756.TI,芯片概念,159813.SZ,鹏华国证半导体芯片ETF,980017.SZ,国证芯片,857,1.0,114080.394,120,0.5914522877554321,True,,0.6810483744018606,0.725416269252757,0.7978990040238398,0.4638268882754164,0.10657918692104383,0.5,0.5414522877554321,True,,20240102
20231130,20231201,885914.TI,煤炭概念,515220.SH,国泰中证煤炭ETF,399998.SZ,中证煤炭,913,1.0,128075.785,120,0.8073661940936513,True,,0.9061496639930606,0.9245011202556424,1.3612135681009663,0.8211072135547366,0.09214052568016019,1.0,0.7073661940936513,True,,20240102
20231229,20240102,881121.TI,半导体,512480.SH,国联安中证全指半导体产品与设备ETF,H30184.CSI,中证半导体,1108,1.0,779775.4775,120,0.7629455819118303,True,,0.8619991698249152,0.8819584467301844,0.7990220257150761,0.7430425687788433,0.0819686036401338,1.0,0.6629455819118303,True,,20240201
20231229,20240102,881129.TI,通信设备,515880.SH,国泰中证全指通信设备ETF,931160.CSI,中证通信设备,1047,1.0,122640.8485,120,0.6902038398377588,True,,0.7980114712791657,0.7826990318168207,0.9822803091598324,0.6368223082931386,0.1354872878302444,1.0,0.5902038398377588,True,,20240201
20231229,20240102,881145.TI,电力,159611.SZ,广发中证全指电力公用事业ETF,H30199.CSI,中证电力指数,481,1.0,52337.2905,120,0.635666342680945,True,,0.77050960345043,0.6454351344173168,0.8496061321071585,0.5936850490093386,0.07125874733149383,0.6,0.575666342680945,True,,20240201
20231229,20240102,881153.TI,房地产,512200.SH,南方中证全指房地产ETF,931775.CSI,中证房地产,1522,1.0,112730.6005,120,0.8226957631313823,True,,0.9336165865312198,0.9005659210753658,0.9584033471046263,0.8716399306462068,0.08030682262904613,0.5,0.7726957631313822,True,,20240201
20231229,20240102,881155.TI,银行,512700.SH,南方中证银行ETF,399986.SZ,中证银行,1565,1.0,65030.908500000005,120,0.8462832522026803,True,,0.9525104121116227,0.9357465334788441,0.9498825639120059,0.9072760851810531,0.038533496050906134,0.375,0.8087832522026803,True,,20240201
20231229,20240102,885362.TI,云计算,516510.SH,易方达中证云计算与大数据主题ETF,930851.CSI,中证云计算,666,1.0,94151.6465,120,0.6784190638121445,True,,0.7955854467365642,0.7427316399400383,1.017166234930634,0.6329562030590185,0.12261875385596456,0.75,0.6034190638121444,True,,20240201
20231229,20240102,885700.TI,军工,512810.SH,华宝中证军工ETF,399967.SZ,中证军工,1789,1.0,56597.3485,120,0.6786020725095274,True,,0.77982276049868,0.7898886463656806,1.2622383921824916,0.6081235377917819,0.08046444898515712,0.5,0.6286020725095274,True,,20240201
20231229,20240102,885728.TI,人工智能,515980.SH,华富中证人工智能产业ETF,931071.CSI,中证人工智能,949,1.0,51126.6,120,0.5838797184884468,True,,0.699060776071722,0.644185740625144,1.1725800447780903,0.4886859686419984,0.13301625842081274,1.0,0.4838797184884468,True,,20240201
20231229,20240102,885756.TI,芯片概念,159813.SZ,鹏华国证半导体芯片ETF,980017.SZ,国证芯片,878,1.0,94582.561,120,0.5726742820375009,True,,0.6649150902969619,0.6955997011733094,0.8034800756658937,0.4421120773046173,0.10583031834771907,0.5,0.5226742820375009,True,,20240201
20231229,20240102,885914.TI,煤炭概念,515220.SH,国泰中证煤炭ETF,399998.SZ,中证煤炭,934,1.0,114114.6165,120,0.7869770583900039,True,,0.8958317109428785,0.874736139075751,1.4053858037531466,0.8025144543308455,0.09718133613374046,1.0,0.6869770583900039,True,,20240201
20240131,20240201,881121.TI,半导体,512480.SH,国联安中证全指半导体产品与设备ETF,H30184.CSI,中证半导体,1130,1.0,926652.1680000001,120,0.7846294146051007,True,,0.8919374833469285,0.8773112072069954,0.9115471181018008,0.7955524741992512,0.07877878560582013,1.0,0.6846294146051007,True,,20240301
20240131,20240201,881129.TI,通信设备,515880.SH,国泰中证全指通信设备ETF,931160.CSI,中证通信设备,1069,1.0,118482.5565,120,0.7069759175487407,True,,0.7932650866290302,0.8638117983381641,1.0085679360673536,0.6292694976645632,0.13797487602360198,1.0,0.6069759175487407,True,,20240301
20240131,20240201,881145.TI,电力,159611.SZ,广发中证全指电力公用事业ETF,H30199.CSI,中证电力指数,503,1.0,62633.0065,120,0.6966032380668068,True,,0.8178347482835737,0.749431250400046,0.9953202812113552,0.6688536755000565,0.07074161985578677,0.6,0.6366032380668067,True,,20240301
20240131,20240201,881153.TI,房地产,512200.SH,南方中证全指房地产ETF,931775.CSI,中证房地产,1544,1.0,97564.69949999999,120,0.8212931615251777,True,,0.9296806622932224,0.9072276412090869,0.9359860304184371,0.8643061338419649,0.07776680759026783,0.5,0.7712931615251777,True,,20240301
20240131,20240201,881155.TI,银行,512800.SH,华宝中证银行ETF,399986.SZ,中证银行,1581,1.0,184414.8135,120,0.8310981644759101,True,,0.9400675407847568,0.9140213875918669,0.904026052203575,0.8837269812371,0.04161596242571489,0.125,0.8185981644759102,True,,20240301
20240131,20240201,885362.TI,云计算,516510.SH,易方达中证云计算与大数据主题ETF,930851.CSI,中证云计算,688,1.0,61655.9615,120,0.6915005401243856,True,,0.7837170735432073,0.8300405425932499,1.141762251951518,0.6142124513631295,0.13708863970815513,0.75,0.6165005401243855,True,,20240301
20240131,20240201,885700.TI,军工,512660.SH,国泰中证军工ETF,399967.SZ,中证军工,1821,1.0,278718.63,120,0.6685565884944604,True,,0.7707120598103926,0.7764039868747493,1.391803485322679,0.5939970791371783,0.09013493463615227,0.75,0.5935565884944605,True,,20240301
20240131,20240201,885728.TI,人工智能,515980.SH,华富中证人工智能产业ETF,931071.CSI,中证人工智能,971,1.0,52581.395,120,0.5946150271304352,True,,0.6980215695631267,0.6900765024502652,1.297057202210205,0.48723411157537067,0.1478318119921294,1.0,0.49461502713043526,True,,20240301
20240131,20240201,885756.TI,芯片概念,159813.SZ,鹏华国证半导体芯片ETF,980017.SZ,国证芯片,900,1.0,131283.8895,120,0.6188050576477364,True,,0.724639651037603,0.7108793542022002,0.9997283787795184,0.5251026238558991,0.11223482125975762,0.75,0.5438050576477365,True,,20240301
20240131,20240201,885914.TI,煤炭概念,515220.SH,国泰中证煤炭ETF,399998.SZ,中证煤炭,956,1.0,127289.2405,120,0.8039083806503186,True,,0.9110221592811848,0.8956123792180934,1.4118170623686845,0.8299613747013521,0.09827781153293831,1.0,0.7039083806503186,True,,20240301
20240229,20240301,881121.TI,半导体,512480.SH,国联安中证全指半导体产品与设备ETF,H30184.CSI,中证半导体,1145,1.0,963497.806,120,0.7447166153148511,True,,0.8529215225328591,0.8365383420338236,1.040744009809863,0.7274751235997705,0.11237096012511977,1.0,0.6447166153148511,True,,20240401
20240229,20240301,881129.TI,通信设备,515880.SH,国泰中证全指通信设备ETF,931160.CSI,中证通信设备,1084,1.0,189632.4095,120,0.6310518808406873,True,,0.7166278356861691,0.7828185790622654,1.0838115048763246,0.513555454880243,0.19541897321559373,1.0,0.5310518808406873,True,,20240401
20240229,20240301,881145.TI,电力,159611.SZ,广发中证全指电力公用事业ETF,H30199.CSI,中证电力指数,518,1.0,70399.639,120,0.6571401539138604,True,,0.7746475525062857,0.7192182122804833,0.9890736328362003,0.6000788306039784,0.08540242032702224,0.6,0.5971401539138603,True,,20240401
20240229,20240301,881153.TI,房地产,512200.SH,南方中证全指房地产ETF,931775.CSI,中证房地产,1559,1.0,145682.012,120,0.6805924675397745,True,,0.810141900178827,0.7082881307462275,0.8243713700216844,0.6563298984253607,0.121361001369504,1.0,0.5805924675397746,True,,20240401
20240229,20240301,881155.TI,银行,515290.SH,天弘中证银行ETF,399986.SZ,中证银行,768,1.0,63110.2995,120,0.809146398450914,True,,0.9155670994789892,0.9024935266566556,0.8935138561618777,0.8382631136483701,0.051063639442985344,0.125,0.796646398450914,True,,20240401
20240229,20240301,885362.TI,云计算,516510.SH,易方达中证云计算与大数据主题ETF,930851.CSI,中证云计算,703,1.0,83742.497,120,0.5675676003889261,True,,0.6664297337176005,0.6709337801307562,1.2075376765773786,0.44412858998291194,0.19327993359858586,0.5,0.517567600388926,True,,20240401
20240229,20240301,885756.TI,芯片概念,159813.SZ,鹏华国证半导体芯片ETF,980017.SZ,国证芯片,915,1.0,144755.6925,120,0.5960663032194746,True,,0.6904282027098331,0.7173941455999542,1.1556094696046249,0.47669110309713014,0.14778574961141044,0.5,0.5460663032194746,True,,20240401
20240229,20240301,885914.TI,煤炭概念,515220.SH,国泰中证煤炭ETF,399998.SZ,中证煤炭,971,1.0,133238.5355,120,0.7797726092013066,True,,0.8899058847907562,0.8641191769525832,1.4757007164095657,0.791932483785218,0.11702308091487261,1.0,0.6797726092013067,True,,20240401
20240329,20240401,881121.TI,半导体,512480.SH,国联安中证全指半导体产品与设备ETF,H30184.CSI,中证半导体,1166,1.0,770804.7995,120,0.733205279964833,True,,0.8364383518103452,0.8401669464111178,1.0601686972079387,0.6996291163792063,0.11485690139248253,1.0,0.633205279964833,True,,20240506
20240329,20240401,881129.TI,通信设备,515880.SH,国泰中证全指通信设备ETF,931160.CSI,中证通信设备,1105,1.0,398155.909,120,0.6405683158889881,True,,0.7356080089543557,0.7663857599445658,1.1800839249573072,0.5411191428377915,0.19649021819611334,1.0,0.5405683158889881,True,,20240506
20240329,20240401,881145.TI,电力,159611.SZ,广发中证全指电力公用事业ETF,H30199.CSI,中证电力指数,539,1.0,100373.5485,120,0.6527159692941766,True,,0.7475641937152355,0.7804241555111692,0.9907172210899182,0.5588522237251106,0.09617965617824258,0.6,0.5927159692941766,True,,20240506
20240329,20240401,881153.TI,房地产,512200.SH,南方中证全指房地产ETF,931775.CSI,中证房地产,1580,1.0,119083.258,120,0.687361763272806,True,,0.8042638964149753,0.7528150112153139,0.8562205367973654,0.6468404150765983,0.12425504894181945,1.0,0.587361763272806,True,,20240506
20240329,20240401,881155.TI,银行,512700.SH,南方中证银行ETF,399986.SZ,中证银行,1623,1.0,61479.819,120,0.8186553600193128,True,,0.9246392120088772,0.9123684126288586,0.9520519102331583,0.8549576723843972,0.048620188445833865,0.125,0.8061553600193129,True,,20240506
20240329,20240401,885362.TI,云计算,516510.SH,易方达中证云计算与大数据主题ETF,930851.CSI,中证云计算,724,1.0,135203.65600000002,120,0.5788115171386805,True,,0.6862900022262287,0.6600696838088582,1.22615986905417,0.4709939671556772,0.1965414158659791,0.5,0.5288115171386805,True,,20240506
20240329,20240401,885756.TI,芯片概念,159813.SZ,鹏华国证半导体芯片ETF,980017.SZ,国证芯片,936,1.0,102583.14600000001,120,0.6117106860599876,True,,0.7053123661761912,0.737738691558933,1.2819113289782231,0.4974655338810575,0.14684952095349035,0.5,0.5617106860599875,True,,20240506
20240430,20240506,881112.TI,钢铁,515210.SH,国泰中证钢铁ETF,930606.CSI,中证钢铁,1012,1.0,56215.355,120,0.8429404611557686,True,,0.94599813150928,0.942818102713085,1.0543561576021476,0.8949124648190488,0.0497296922995671,1.0,0.7429404611557686,True,,20240603
20240430,20240506,881121.TI,半导体,512480.SH,国联安中证全指半导体产品与设备ETF,H30184.CSI,中证半导体,1186,1.0,639912.527,120,0.7378696280531971,True,,0.8363089571881142,0.8592129947127172,1.1404154618462155,0.6994126718730713,0.11758991191833848,1.0,0.6378696280531971,True,,20240603
20240430,20240506,881129.TI,通信设备,515880.SH,国泰中证全指通信设备ETF,931160.CSI,中证通信设备,1125,1.0,276642.7835,120,0.651406749709374,True,,0.7591573754725517,0.7415202954517691,1.3466551007761356,0.5763199207343725,0.20631131322470703,1.0,0.551406749709374,True,,20240603
20240430,20240506,881145.TI,电力,159611.SZ,广发中证全指电力公用事业ETF,H30199.CSI,中证电力指数,559,1.0,136717.74949999998,120,0.6712445795666995,True,,0.7730663035657317,0.780266805310064,0.9333530179048906,0.5976315097087843,0.09732686104440279,0.6,0.6112445795666994,True,,20240603
20240430,20240506,881153.TI,房地产,512200.SH,南方中证全指房地产ETF,931775.CSI,中证房地产,1600,1.0,78930.23749999999,120,0.6884659638187383,True,,0.8067470642733441,0.7498652313000694,0.9550460552990819,0.6508408257136589,0.139200690824972,1.0,0.5884659638187383,True,,20240603
20240430,20240506,881155.TI,银行,515290.SH,天弘中证银行ETF,399986.SZ,中证银行,809,1.0,51138.972,120,0.8293225590765437,True,,0.930637213468185,0.9363644355147079,0.9487968296683508,0.8660856230918285,0.04779614246340518,0.125,0.8168225590765438,True,,20240603
20240430,20240506,885362.TI,云计算,516510.SH,易方达中证云计算与大数据主题ETF,930851.CSI,中证云计算,744,1.0,92541.5355,120,0.6231268880621126,True,,0.737949273061498,0.6898675283582579,1.40468075257611,0.5445691296119938,0.19834852869454483,0.5,0.5731268880621125,True,,20240603
20240430,20240506,885756.TI,芯片概念,159813.SZ,鹏华国证半导体芯片ETF,980017.SZ,国证芯片,956,1.0,82124.43400000001,120,0.6093753817789668,True,,0.700739155862965,0.7414019966542127,1.406474755781184,0.4910353645595408,0.15768942532225436,0.75,0.5343753817789667,True,,20240603
20240430,20240506,885914.TI,煤炭概念,515220.SH,国泰中证煤炭ETF,399998.SZ,中证煤炭,1012,1.0,268192.8885,120,0.7589326996540784,True,,0.8683229801965712,0.8466939594606976,1.4805252179042172,0.753984797937456,0.13309059844472562,1.0,0.6589326996540784,True,,20240603
20240531,20240603,881121.TI,半导体,512480.SH,国联安中证全指半导体产品与设备ETF,H30184.CSI,中证半导体,1206,1.0,697922.1869999999,120,0.7396447296469515,True,,0.8395617719021761,0.8565369934797411,1.1612728061817799,0.7048639688395212,0.12231502786658308,1.0,0.6396447296469515,True,,20240701
20240531,20240603,881129.TI,通信设备,515880.SH,国泰中证全指通信设备ETF,931160.CSI,中证通信设备,1145,1.0,260645.00900000002,120,0.615599732292585,True,,0.7371723543623434,0.6620003724239808,1.3241550531882,0.5434230800361204,0.21148133414223,1.0,0.515599732292585,True,,20240701
20240531,20240603,881141.TI,中药,560080.SH,汇添富中证中药ETF,930641.CSI,中证中药,395,1.0,61540.1,120,0.6861756139700224,True,,0.79828429966871,0.7657791626841325,0.9188725546793046,0.637257823097562,0.10489384119533056,0.5,0.6361756139700223,True,,20240701
20240531,20240603,881145.TI,电力,159611.SZ,广发中证全指电力公用事业ETF,H30199.CSI,中证电力指数,579,1.0,199030.74599999998,120,0.6777778626731985,True,,0.7695199825395757,0.8167748834970177,0.7397061060631275,0.5921610035277086,0.11589057047705427,1.0,0.5777778626731985,True,,20240701
20240531,20240603,881153.TI,房地产,512200.SH,南方中证全指房地产ETF,931775.CSI,中证房地产,1620,1.0,397654.3845,120,0.7667472438993223,True,,0.8509488924758378,0.9306227800821006,1.0359938206939983,0.7241140176058549,0.14421765037749792,1.0,0.6667472438993223,True,,20240701
20240531,20240603,881155.TI,银行,512700.SH,南方中证银行ETF,399986.SZ,中证银行,1663,1.0,54951.0685,120,0.8336263432496334,True,,0.9265155745529904,0.9664155579589985,0.9394604093602171,0.8584311098892573,0.05087971241484368,0.375,0.7961263432496334,True,,20240701
20240531,20240603,885362.TI,云计算,516510.SH,易方达中证云计算与大数据主题ETF,930851.CSI,中证云计算,764,1.0,82724.432,120,0.6274214383389776,True,,0.716345430973397,0.7691044255232391,1.3619121927370517,0.5131507764764613,0.20060000040568052,0.5,0.5774214383389775,True,,20240701
20240531,20240603,885756.TI,芯片概念,159813.SZ,鹏华国证半导体芯片ETF,980017.SZ,国证芯片,976,1.0,94251.546,120,0.5946024346373993,True,,0.7011516430832924,0.6811382764239716,1.4315805925726228,0.4916136265984006,0.16255710998819767,0.75,0.5196024346373993,True,,20240701
20240531,20240603,885914.TI,煤炭概念,515220.SH,国泰中证煤炭ETF,399998.SZ,中证煤炭,1032,1.0,173494.1065,120,0.7599553640913681,True,,0.8624408905218041,0.8686571015354388,1.440173433073492,0.7438042896440425,0.13582503032598137,1.0,0.6599553640913681,True,,20240701
20240628,20240701,881121.TI,半导体,512480.SH,国联安中证全指半导体产品与设备ETF,H30184.CSI,中证半导体,1225,1.0,1253585.941,120,0.7588269885249913,True,,0.8530795042696441,0.8925021611977121,1.0080867477480355,0.7277446406049415,0.1264769103929583,1.0,0.6588269885249913,True,,20240801
20240628,20240701,881129.TI,通信设备,515880.SH,国泰中证全指通信设备ETF,931160.CSI,中证通信设备,1164,1.0,190274.604,120,0.6184293879842229,True,,0.7361073110737265,0.6763905457397232,1.3663933706613098,0.541853973416192,0.2211830329741817,1.0,0.5184293879842229,True,,20240801
20240628,20240701,881145.TI,电力,159611.SZ,广发中证全指电力公用事业ETF,H30199.CSI,中证电力指数,598,1.0,141983.472,120,0.7014590561535587,True,,0.7925545898393862,0.8438413782101759,0.7584668640411634,0.6281427778754778,0.11460064203915013,0.8,0.6214590561535587,True,,20240801
20240628,20240701,881153.TI,房地产,512200.SH,南方中证全指房地产ETF,931775.CSI,中证房地产,1639,1.0,203153.79200000002,120,0.7675524895737645,True,,0.8535258325318085,0.9260544851519711,1.0435832325877719,0.7285063467991166,0.14439376329667739,1.0,0.6675524895737646,True,,20240801
20240628,20240701,881155.TI,银行,512700.SH,南方中证银行ETF,399986.SZ,中证银行,1682,1.0,55288.769,120,0.8370583284385991,True,,0.9334157810040201,0.9586427396099494,0.9268462616699741,0.8712650202273446,0.05082059368707075,0.25,0.812058328438599,True,,20240801
20240628,20240701,885362.TI,云计算,516510.SH,易方达中证云计算与大数据主题ETF,930851.CSI,中证云计算,783,1.0,66531.70850000001,120,0.5738226414439064,True,,0.6660988300200276,0.6968803149231404,1.288654153825952,0.44368765135404997,0.20819252979633157,0.5,0.5238226414439063,True,,20240801
20240628,20240701,885756.TI,芯片概念,159813.SZ,鹏华国证半导体芯片ETF,980017.SZ,国证芯片,995,1.0,139138.399,120,0.6521084327270996,True,,0.7509652023954706,0.7681340849921351,1.4187203159509492,0.5639487352088703,0.16410454274081612,0.5,0.6021084327270996,True,,20240801
20240628,20240701,885914.TI,煤炭概念,515220.SH,国泰中证煤炭ETF,399998.SZ,中证煤炭,1051,1.0,121054.956,120,0.7551484823535402,True,,0.8574453012546284,0.8645758601187198,1.4065747990964637,0.7352124446436401,0.13994214803131375,1.0,0.6551484823535402,True,,20240801
20240731,20240801,881121.TI,半导体,512480.SH,国联安中证全指半导体产品与设备ETF,H30184.CSI,中证半导体,1248,1.0,1111976.7555,120,0.772151142827138,True,,0.8609419279476725,0.9219881134342541,0.9618525206245612,0.7412210032982551,0.127144219097467,1.0,0.6721511428271381,True,,20240902
20240731,20240801,881129.TI,通信设备,515880.SH,国泰中证全指通信设备ETF,931160.CSI,中证通信设备,1187,1.0,216105.02399999998,120,0.6083928205964713,True,,0.7168067303612485,0.6916706884486779,1.307210586690139,0.5138118886911837,0.22344242351179974,1.0,0.5083928205964713,True,,20240902
20240731,20240801,881141.TI,中药,560080.SH,汇添富中证中药ETF,930641.CSI,中证中药,437,1.0,51717.611999999994,120,0.6912993339511446,True,,0.7940536804861552,0.7987772263361027,1.0009166549736526,0.630521247493609,0.11632112044755673,1.0,0.5912993339511446,True,,20240902
20240731,20240801,881145.TI,电力,159611.SZ,广发中证全指电力公用事业ETF,H30199.CSI,中证电力指数,621,1.0,107104.0095,120,0.6831542470894488,True,,0.7817418151812684,0.8024611986335163,0.7679785563723867,0.6111202656029042,0.1175098827175955,0.8,0.6031542470894489,True,,20240902
20240731,20240801,881153.TI,房地产,512200.SH,南方中证全指房地产ETF,931775.CSI,中证房地产,1662,1.0,136867.4245,120,0.7736328481009501,True,,0.8557106498619674,0.9437656629075516,1.0645173896937643,0.7322407162871901,0.14541793971934536,1.0,0.6736328481009501,True,,20240902
20240731,20240801,881155.TI,银行,512700.SH,南方中证银行ETF,399986.SZ,中证银行,1705,1.0,56910.283500000005,120,0.8451467925674997,True,,0.9444611796809798,0.9564606589534068,0.9668142597885502,0.892006919924388,0.04877796264835139,0.125,0.8326467925674997,True,,20240902
20240731,20240801,885543.TI,家用电器,159996.SZ,国泰中证全指家用电器ETF,930697.CSI,中证家用电器,1064,1.0,65641.0195,120,0.5547663214824284,True,,0.6040939377818108,0.7919197189672517,1.018707615548578,0.3649294856647344,0.14909401298927724,0.3333333333333333,0.5214329881490951,True,,20240902
20240731,20240801,885756.TI,芯片概念,159813.SZ,鹏华国证半导体芯片ETF,980017.SZ,国证芯片,1018,1.0,151958.2935,120,0.6640998430578879,True,,0.7518566466629116,0.8135130286270095,1.4285392831193846,0.5652884171311986,0.1699986841549717,0.75,0.589099843057888,True,,20240902
20240731,20240801,885914.TI,煤炭概念,515220.SH,国泰中证煤炭ETF,399998.SZ,中证煤炭,1074,1.0,111414.9995,120,0.7625617844094094,True,,0.8624088110187368,0.8791801412065131,1.437445292379613,0.7437489573227509,0.14203867987982263,1.0,0.6625617844094094,True,,20240902
20240830,20240902,881121.TI,半导体,512480.SH,国联安中证全指半导体产品与设备ETF,H30184.CSI,中证半导体,1270,1.0,744550.271,120,0.8074273525646957,True,,0.9022818342075535,0.9366782368391074,0.8957288346787339,0.8141125083409475,0.09624232470093559,1.0,0.7074273525646957,True,,20241008
20240830,20240902,881129.TI,通信设备,515880.SH,国泰中证全指通信设备ETF,931160.CSI,中证通信设备,1209,1.0,133958.451,120,0.6007479109226023,True,,0.687828569159742,0.7434696210395222,1.0695758060382459,0.47310814055233785,0.19139107844779885,1.0,0.5007479109226023,True,,20241008
20240830,20240902,881145.TI,电力,159611.SZ,广发中证全指电力公用事业ETF,H30199.CSI,中证电力指数,643,1.0,70958.765,120,0.7056692697606106,True,,0.803175016336654,0.8292729822487038,0.769285134648912,0.6450901068673847,0.10844121326897485,0.6,0.6456692697606106,True,,20241008
20240830,20240902,881153.TI,房地产,512200.SH,南方中证全指房地产ETF,931775.CSI,中证房地产,1684,1.0,117238.3825,120,0.8223278146407291,True,,0.925141283223336,0.925496855761772,1.1546047140233595,0.8558863939241208,0.11149148381286778,1.0,0.7223278146407291,True,,20241008
20240830,20240902,881155.TI,银行,512800.SH,华宝中证银行ETF,399986.SZ,中证银行,1721,1.0,173847.00650000002,120,0.8581771476280904,True,,0.9590110836363158,0.9628650681173497,0.9669252946459045,0.9197022585373007,0.041767914446228994,0.5,0.8081771476280903,True,,20241008
20240830,20240902,885543.TI,家用电器,159996.SZ,国泰中证全指家用电器ETF,930697.CSI,中证家用电器,1086,1.0,53542.573000000004,120,0.6110753493229355,True,,0.6863245094954461,0.7890275789003508,1.186877786003726,0.471041332334165,0.1331584679927115,0.3333333333333333,0.5777420159896022,True,,20241008
20240830,20240902,885700.TI,军工,512660.SH,国泰中证军工ETF,399967.SZ,中证军工,1961,1.0,198412.0245,120,0.6315100330222432,True,,0.7320199366904557,0.7404883460806816,1.3792490590332458,0.5358531877122992,0.12441968334755879,0.75,0.5565100330222432,True,,20241008
20240830,20240902,885756.TI,芯片概念,159813.SZ,鹏华国证半导体芯片ETF,980017.SZ,国证芯片,1040,1.0,92083.7755,120,0.6674022439065106,True,,0.7588305086155908,0.8064537139113837,1.2910175836389532,0.575823740805796,0.14446982549494042,0.5,0.6174022439065106,True,,20241008
20240830,20240902,885914.TI,煤炭概念,515220.SH,国泰中证煤炭ETF,399998.SZ,中证煤炭,1096,1.0,105053.77100000001,120,0.7727357481166397,True,,0.873445701349129,0.886307153845138,1.3790186436008698,0.7629073932052717,0.12357662701932773,1.0,0.6727357481166397,True,,20241008
20240930,20241008,881121.TI,半导体,512480.SH,国联安中证全指半导体产品与设备ETF,H30184.CSI,中证半导体,1289,1.0,657480.9114999999,120,0.7771188615853255,True,,0.8864989700095381,0.8639492520254426,0.8694593861139778,0.7858804238279717,0.10608314091361215,1.0,0.6771188615853255,True,,20241101
20240930,20241008,881145.TI,电力,159611.SZ,广发中证全指电力公用事业ETF,H30199.CSI,中证电力指数,662,1.0,86993.353,120,0.6954338336927153,True,,0.7920658699510417,0.8211825894639978,0.8245145104199667,0.6273683423413001,0.11632679737839284,0.4,0.6554338336927152,True,,20241101
20240930,20241008,881153.TI,房地产,512200.SH,南方中证全指房地产ETF,931775.CSI,中证房地产,1703,1.0,165713.766,120,0.786013137522734,True,,0.8990768443197132,0.8608953582563741,1.167692992926086,0.8083391719918928,0.13387498693659508,0.5,0.736013137522734,True,,20241101
20240930,20241008,881155.TI,银行,512700.SH,南方中证银行ETF,399986.SZ,中证银行,1746,1.0,57022.2945,120,0.8726964148711647,True,,0.972285694083452,0.9790105887661511,1.0072778215433182,0.94533947091934,0.042657583654105304,0.125,0.8601964148711647,True,,20241101
20240930,20241008,885543.TI,家用电器,159996.SZ,国泰中证全指家用电器ETF,930697.CSI,中证家用电器,1105,1.0,110516.85399999999,120,0.5657856426867648,True,,0.6500698885427789,0.7094482776674887,1.1980920803694548,0.4225908599900211,0.1491025379058046,0.3333333333333333,0.5324523093534315,True,,20241101
20240930,20241008,885700.TI,军工,512660.SH,国泰中证军工ETF,399967.SZ,中证军工,1980,1.0,200273.941,120,0.5121496023836891,True,,0.6225535790374974,0.5709474761963231,1.2458948907802103,0.3875729587723976,0.1417518367877318,1.0,0.41214960238368914,True,,20241101
20240930,20241008,885756.TI,芯片概念,159813.SZ,鹏华国证半导体芯片ETF,980017.SZ,国证芯片,1059,1.0,93469.5385,120,0.58213049438614,True,,0.7044425560185059,0.6218932766696167,1.29314758157137,0.4962393147298858,0.16487728512964553,0.75,0.5071304943861399,True,,20241101
20240930,20241008,885914.TI,煤炭概念,515220.SH,国泰中证煤炭ETF,399998.SZ,中证煤炭,1115,1.0,120544.43900000001,120,0.7728511871209484,True,,0.871017890491017,0.8941656681685065,1.4412468571793409,0.7586721655554214,0.1315587670837091,1.0,0.6728511871209484,True,,20241101
20241031,20241101,881112.TI,钢铁,515210.SH,国泰中证钢铁ETF,930606.CSI,中证钢铁,1133,1.0,88296.79999999999,120,0.8259199177294072,True,,0.9270996021461005,0.9337722632457527,0.9518960237383108,0.8595136722994581,0.05765290467798618,1.0,0.7259199177294072,True,,20241202
20241031,20241101,881115.TI,建筑材料,159745.SZ,国泰中证全指建筑材料ETF,931009.CSI,中证建筑材料,817,1.0,82465.4615,120,0.6390442045770776,True,,0.7389756433404499,0.7505745307571512,1.373845525398327,0.5460850014504322,0.16480735075091715,0.6666666666666666,0.5723775379104109,True,,20241202
20241031,20241101,881121.TI,半导体,512480.SH,国联安中证全指半导体产品与设备ETF,H30184.CSI,中证半导体,1307,1.0,2631550.0549999997,120,0.7746600493263772,True,,0.877559174230639,0.8814557862784143,0.9660638400125857,0.770110104276361,0.17036660929815972,1.0,0.6746600493263772,True,,20241202
20241031,20241101,881141.TI,中药,560080.SH,汇添富中证中药ETF,930641.CSI,中证中药,496,1.0,90571.898,120,0.6500861333946821,True,,0.7518304127289225,0.7575343264183981,0.8421103536037692,0.5652489695041423,0.11375920134223445,0.5,0.6000861333946821,True,,20241202
20241031,20241101,881144.TI,医疗器械,159883.SZ,永赢中证全指医疗器械ETF,H30217.CSI,中证医疗器械,848,1.0,61392.412500000006,120,0.6505529296679935,True,,0.7597277915226303,0.7364443452996018,0.9793723583485157,0.5771863172118531,0.11258985942856219,0.5,0.6005529296679935,True,,20241202
20241031,20241101,881145.TI,电力,159611.SZ,广发中证全指电力公用事业ETF,H30199.CSI,中证电力指数,680,1.0,145075.338,120,0.692609557951788,True,,0.786985334746313,0.8248600120510664,0.8611799143667842,0.6193459171057659,0.11993545306941358,0.4,0.652609557951788,True,,20241202
20241031,20241101,881153.TI,房地产,512200.SH,南方中证全指房地产ETF,931775.CSI,中证房地产,1721,1.0,684023.5109999999,120,0.8146888673833876,True,,0.9207576347000146,0.9085634270185021,1.1648656907027164,0.8477946218583658,0.13510575190191884,0.5,0.7646888673833876,True,,20241202
20241031,20241101,881155.TI,银行,512700.SH,南方中证银行ETF,399986.SZ,中证银行,1764,1.0,54637.607,120,0.8745627600809417,True,,0.9744784446298219,0.9795292076352287,1.0493731990360757,0.9496082390481572,0.04821329089798878,0.25,0.8495627600809417,True,,20241202
20241031,20241101,885539.TI,医疗器械概念,159883.SZ,永赢中证全指医疗器械ETF,H30217.CSI,中证医疗器械,848,1.0,61392.412500000006,120,0.51769237926104,True,,0.6146911422609758,0.6146801122977462,1.4879009556211023,0.3778452003741034,0.1409220752879606,0.5,0.46769237926103996,True,,20241202
20241031,20241101,885700.TI,军工,512560.SH,易方达中证军工ETF,399967.SZ,中证军工,1759,1.0,74111.67850000001,120,0.624589019013958,True,,0.7135809943329754,0.7656753861059382,1.2901733933777788,0.5091978354732382,0.12930280364418026,0.25,0.599589019013958,True,,20241202
20241031,20241101,885800.TI,消费电子概念,159732.SZ,华夏国证消费电子主题ETF,980030.SZ,国证消费电子,771,1.0,139275.10700000002,120,0.5179625386360573,True,,0.6249822222695047,0.5875240431134628,0.7534712371615271,0.39060277815292876,0.1771123433086942,0.16666666666666666,0.5012958719693906,True,,20241202
20241031,20241101,885914.TI,煤炭概念,515220.SH,国泰中证煤炭ETF,399998.SZ,中证煤炭,1133,1.0,269260.41650000005,120,0.7807877374833695,True,,0.8798011613214664,0.899118577212985,1.4852388038934219,0.7740500834626007,0.14007301750705578,1.0,0.6807877374833695,True,,20241202
20241129,20241202,881112.TI,钢铁,515210.SH,国泰中证钢铁ETF,930606.CSI,中证钢铁,1154,1.0,78901.35449999999,120,0.8335277617184328,True,,0.9349294574471514,0.9397962777379734,0.9872975339317481,0.8740930904024251,0.06333867831830085,1.0,0.7335277617184328,True,,20250102
20241129,20241202,881121.TI,半导体,512480.SH,国联安中证全指半导体产品与设备ETF,H30184.CSI,中证半导体,1328,1.0,2183729.0565,120,0.7724786497729335,True,,0.8760995182129822,0.8771853431779573,0.9651877007031946,0.76755036581302,0.17565947664747647,1.0,0.6724786497729335,True,,20250102
20241129,20241202,881129.TI,通信设备,515880.SH,国泰中证全指通信设备ETF,931160.CSI,中证通信设备,1267,1.0,195684.177,120,0.49890045268227323,True,,0.6258760539563885,0.5088172018667039,0.947143317137609,0.3917208349160203,0.20496733241182225,1.0,0.39890045268227325,True,,20250102
20241129,20241202,881141.TI,中药,560080.SH,汇添富中证中药ETF,930641.CSI,中证中药,517,1.0,70683.72750000001,120,0.6340312359032676,True,,0.7493995901923967,0.7003659157599581,0.8077314778766334,0.5615997457805317,0.11563294137349442,0.5,0.5840312359032676,True,,20250102
20241129,20241202,881144.TI,医疗器械,159883.SZ,永赢中证全指医疗器械ETF,H30217.CSI,中证医疗器械,869,1.0,53133.009,120,0.6237962548296576,True,,0.756277362842378,0.639457023905181,0.9924721614661196,0.571955449547822,0.11777666631984623,0.25,0.5987962548296576,True,,20250102
20241129,20241202,881145.TI,电力,159611.SZ,广发中证全指电力公用事业ETF,H30199.CSI,中证电力指数,701,1.0,104999.31,120,0.6985328189463456,True,,0.805446591754689,0.7939915649744574,1.155801648350394,0.648744212169245,0.10785048545293385,0.4,0.6585328189463455,True,,20250102
20241129,20241202,881153.TI,房地产,512200.SH,南方中证全指房地产ETF,931775.CSI,中证房地产,1742,1.0,397951.748,120,0.8086612952277941,True,,0.9107244577931842,0.9155448425111942,1.1355584509164631,0.8294190380226893,0.13159277488308993,0.5,0.758661295227794,True,,20250102
20241129,20241202,881155.TI,银行,512700.SH,南方中证银行ETF,399986.SZ,中证银行,1785,1.0,85188.7555,120,0.8759062338315438,True,,0.975904749743969,0.980381387494534,1.0337524450764215,0.9523900805728389,0.04803544122583789,0.25,0.8509062338315437,True,,20250102
20241129,20241202,885517.TI,机器人概念,562500.SH,华夏中证机器人ETF,H30590.CSI,中证机器人,707,1.0,204328.084,120,0.5500577337521424,True,,0.6365938723976059,0.6838921351888506,1.2436342922397763,0.40525175837417915,0.14556365048148512,0.2,0.5300577337521424,True,,20250102
20241129,20241202,885700.TI,军工,512560.SH,易方达中证军工ETF,399967.SZ,中证军工,1780,1.0,50322.5275,120,0.6561106203217886,True,,0.7509830531870777,0.7840910472084878,1.4006847794582482,0.5639755461741853,0.13574213723012143,0.25,0.6311106203217886,True,,20250102
20241129,20241202,885800.TI,消费电子概念,159732.SZ,华夏国证消费电子主题ETF,980030.SZ,国证消费电子,792,1.0,128266.956,120,0.5441931446899524,True,,0.6601770495108615,0.5949182377175666,0.797640627640719,0.43583373670086645,0.17197520047870873,0.16666666666666666,0.5275264780232857,True,,20250102
20241231,20250102,881121.TI,半导体,512480.SH,国联安中证全指半导体产品与设备ETF,H30184.CSI,中证半导体,1350,1.0,1672765.517,120,0.7817621155996425,True,,0.8767008978879808,0.9124839880080534,1.0082808410014803,0.7686044643575921,0.1723203144979488,1.0,0.6817621155996425,True,,20250205
20241231,20250102,881129.TI,通信设备,515880.SH,国泰中证全指通信设备ETF,931160.CSI,中证通信设备,1289,1.0,161706.0095,120,0.5425083335095081,True,,0.6335043299993581,0.6622280323625547,0.8955000475720153,0.4013277361279356,0.19461003591556134,1.0,0.44250833350950813,True,,20250205
20241231,20250102,881145.TI,电力,159611.SZ,广发中证全指电力公用事业ETF,H30199.CSI,中证电力指数,723,1.0,109701.364,120,0.7058747971758623,True,,0.8092715948040627,0.812003690601297,1.1520480859097353,0.6549205141567116,0.10765215599995481,0.4,0.6658747971758623,True,,20250205
20241231,20250102,881153.TI,房地产,512200.SH,南方中证全指房地产ETF,931775.CSI,中证房地产,1764,1.0,246629.69199999998,120,0.7989727813595988,True,,0.8953712975584125,0.924134674026709,1.0967279135462495,0.801689760491435,0.13531603832261332,0.5,0.7489727813595988,True,,20250205
20241231,20250102,881155.TI,银行,512700.SH,南方中证银行ETF,399986.SZ,中证银行,1807,1.0,96085.2635,120,0.8759198562168079,True,,0.9771092553300027,0.9766154160962948,1.0361468432897896,0.9547424968515529,0.04753008071951088,0.25,0.8509198562168079,True,,20250205
20241231,20250102,885517.TI,机器人概念,562500.SH,华夏中证机器人ETF,H30590.CSI,中证机器人,729,1.0,443360.914,120,0.59268600427401,True,,0.6641612619968066,0.7777553839401119,1.2906158453735663,0.4411101819371911,0.1513548540683521,0.2,0.57268600427401,True,,20250205
20241231,20250102,885700.TI,军工,512660.SH,国泰中证军工ETF,399967.SZ,中证军工,2041,1.0,334841.86699999997,120,0.6280371909773781,True,,0.7214271350652186,0.7570202270540296,1.3164948213170302,0.5204571112084092,0.13554470505351443,0.5,0.578037190977378,True,,20250205
20241231,20250102,885800.TI,消费电子概念,159732.SZ,华夏国证消费电子主题ETF,980030.SZ,国证消费电子,814,1.0,154714.33250000002,120,0.5502344420909234,True,,0.6454856605900671,0.6599754043671223,0.7590150164081636,0.4166517380273954,0.1652791057509305,0.16666666666666666,0.5335677754242567,True,,20250205
20250127,20250205,881121.TI,半导体,512480.SH,国联安中证全指半导体产品与设备ETF,H30184.CSI,中证半导体,1368,1.0,1717261.911,120,0.7642447660878188,True,,0.8738996760435879,0.8509593259906464,1.0225133783120526,0.7637006437890883,0.17394784005690006,1.0,0.6642447660878188,True,,20250303
20250127,20250205,881129.TI,通信设备,515880.SH,国泰中证全指通信设备ETF,931160.CSI,中证通信设备,1307,1.0,216630.9835,120,0.5980380316399513,True,,0.6552908074441094,0.8239268862791345,0.9243174260922218,0.4294060423207531,0.1920078227883393,1.0,0.4980380316399513,True,,20250303
20250127,20250205,881145.TI,电力,159611.SZ,广发中证全指电力公用事业ETF,H30199.CSI,中证电力指数,741,1.0,92496.5925,120,0.7115745759607643,True,,0.8157164865723269,0.8156292988188627,1.0987127483110564,0.6653933864659012,0.09748868828842559,0.4,0.6715745759607643,True,,20250303
20250127,20250205,881153.TI,房地产,512200.SH,南方中证全指房地产ETF,931775.CSI,中证房地产,1782,1.0,225841.7895,120,0.7833996752163884,True,,0.8923026281741453,0.8712710563693712,1.0980167440803588,0.7962039802464865,0.13482596138446765,0.5,0.7333996752163884,True,,20250303
20250127,20250205,881155.TI,银行,512700.SH,南方中证银行ETF,399986.SZ,中证银行,1825,1.0,142409.3685,120,0.8753485400143045,True,,0.9770012867252217,0.9746726780491313,1.0282294280463697,0.9545315142627392,0.046955384568090425,0.25,0.8503485400143045,True,,20250303
20250127,20250205,885517.TI,机器人概念,562500.SH,华夏中证机器人ETF,H30590.CSI,中证机器人,747,1.0,491366.4095,120,0.647397943840054,True,,0.7237835866148263,0.8277069939787502,1.3872523781719723,0.5238626802530217,0.148267281878679,0.2,0.627397943840054,True,,20250303
20250127,20250205,885700.TI,军工,512660.SH,国泰中证军工ETF,399967.SZ,中证军工,2059,1.0,362597.613,120,0.6113829805470781,True,,0.7158326022588514,0.7064169289966019,1.2975540802015355,0.5124163144566795,0.13325898099453873,0.75,0.5363829805470781,True,,20250303
20250127,20250205,885800.TI,消费电子概念,159732.SZ,华夏国证消费电子主题ETF,980030.SZ,国证消费电子,832,1.0,183866.74099999998,120,0.5415716570295672,True,,0.6235994186170338,0.6857620499444996,0.7395849963335369,0.3888762348995025,0.16195609748493936,0.16666666666666666,0.5249049903629005,True,,20250303
20250127,20250205,885914.TI,煤炭概念,515220.SH,国泰中证煤炭ETF,399998.SZ,中证煤炭,1194,1.0,123970.17050000001,120,0.7789521853198229,True,,0.8888814195014972,0.863979795515299,1.494401619521243,0.7901101779349969,0.13133407587788754,1.0,0.6789521853198229,True,,20250303
20250228,20250303,881121.TI,半导体,512480.SH,国联安中证全指半导体产品与设备ETF,H30184.CSI,中证半导体,1386,1.0,1672523.6805,120,0.77777865232829,True,,0.8794393303765091,0.8881878270722923,1.0376339624125426,0.7734135358130826,0.1759995256319387,1.0,0.67777865232829,True,,20250401
20250228,20250303,881124.TI,消费电子,159732.SZ,华夏国证消费电子主题ETF,980030.SZ,国证消费电子,850,1.0,264855.65599999996,120,0.5431598806130646,True,,0.6061935207354597,0.7397701302323473,0.628538676232289,0.3674705845816525,0.17903033430423734,0.16666666666666666,0.5264932139463979,True,,20250401
20250228,20250303,881129.TI,通信设备,515880.SH,国泰中证全指通信设备ETF,931160.CSI,中证通信设备,1325,1.0,300793.194,120,0.6220975930136277,True,,0.6838140985570326,0.8402011421092255,1.0151573324862373,0.46760172138536704,0.19230297467782925,1.0,0.5220975930136277,True,,20250401
20250228,20250303,881141.TI,中药,560080.SH,汇添富中证中药ETF,930641.CSI,中证中药,575,1.0,52913.5265,120,0.6612449909066924,True,,0.753865961363646,0.7962597082778369,0.847653971634333,0.5683138877027347,0.10968587954220871,0.75,0.5862449909066925,True,,20250401
20250228,20250303,881145.TI,电力,159611.SZ,广发中证全指电力公用事业ETF,H30199.CSI,中证电力指数,759,1.0,171679.4265,120,0.7240522515817905,True,,0.8203240349441169,0.8518020230547304,1.0975353360550815,0.6729315223069967,0.09576763370982053,0.4,0.6840522515817905,True,,20250401
20250228,20250303,881153.TI,房地产,512200.SH,南方中证全指房地产ETF,931775.CSI,中证房地产,1800,1.0,282585.6135,120,0.7478571242395753,True,,0.8821211367843982,0.7603036034124259,1.1029014714150434,0.7781376999617983,0.1420013756895222,0.5,0.6978571242395752,True,,20250401
20250228,20250303,881155.TI,银行,512700.SH,南方中证银行ETF,399986.SZ,中证银行,1843,1.0,87035.2245,120,0.8750045516544909,True,,0.9771006735092181,0.9729814238962264,1.0251369482964978,0.9547257261721678,0.047223472079026496,0.25,0.8500045516544908,True,,20250401
20250228,20250303,884197.TI,中药Ⅲ,560080.SH,汇添富中证中药ETF,930641.CSI,中证中药,575,1.0,52913.5265,120,0.6612449909066924,True,,0.753865961363646,0.7962597082778369,0.847653971634333,0.5683138877027347,0.10968587954220871,0.75,0.5862449909066925,True,,20250401
20250228,20250303,884218.TI,机器人,562360.SH,银华中证机器人ETF,H30590.CSI,中证机器人,818,1.0,67571.4805,120,0.7236867644432043,True,,0.8145302841100387,0.8676107393133119,0.5441353885165494,0.6634595837323805,0.22898672140975826,0.2,0.7036867644432043,True,,20250401
20250228,20250303,885800.TI,消费电子概念,159732.SZ,华夏国证消费电子主题ETF,980030.SZ,国证消费电子,850,1.0,264855.65599999996,120,0.5889591421740276,True,,0.6677315202347055,0.7528542983577288,0.8527103893768736,0.44586538311495105,0.1546067900001333,0.16666666666666666,0.5722924755073608,True,,20250401
20250228,20250303,885914.TI,煤炭概念,515220.SH,国泰中证煤炭ETF,399998.SZ,中证煤炭,1212,1.0,170493.867,120,0.7749164185770671,True,,0.889526365845757,0.8458586492958987,1.4743043660598603,0.791257155534759,0.12893848555868187,1.0,0.6749164185770671,True,,20250401
20250331,20250401,881112.TI,钢铁,515210.SH,国泰中证钢铁ETF,930606.CSI,中证钢铁,1233,1.0,90901.7235,120,0.8450035853882869,True,,0.9449239395506277,0.9544377115303649,1.0315829992321845,0.8928812515358786,0.066826399217165,1.0,0.7450035853882869,True,,20250506
20250331,20250401,881121.TI,半导体,512480.SH,国联安中证全指半导体产品与设备ETF,H30184.CSI,中证半导体,1407,1.0,1075673.396,120,0.7774911090364317,True,,0.8836456451790102,0.8741753700414087,1.0396433684676694,0.7808296262438295,0.17444028777369094,1.0,0.6774911090364317,True,,20250506
20250331,20250401,881124.TI,消费电子,159732.SZ,华夏国证消费电子主题ETF,980030.SZ,国证消费电子,871,1.0,134633.6395,120,0.5517555012986683,True,,0.6150177175114951,0.7500384944598533,0.6755924425889335,0.3782467928530494,0.17130741765023622,0.16666666666666666,0.5350888346320016,True,,20250506
20250331,20250401,881129.TI,通信设备,515880.SH,国泰中证全指通信设备ETF,931160.CSI,中证通信设备,1346,1.0,183837.70799999998,120,0.6603741061362427,True,,0.7414915110415352,0.8286276058939049,1.0909073157213702,0.549809660946659,0.17464049191984068,1.0,0.5603741061362427,True,,20250506
20250331,20250401,881141.TI,中药,560080.SH,汇添富中证中药ETF,930641.CSI,中证中药,596,1.0,62857.951,120,0.7003794060371031,True,,0.7766645104118808,0.8862639462846552,0.8417745262030627,0.6032077617333268,0.10432991119892236,0.75,0.6253794060371032,True,,20250506
20250331,20250401,881145.TI,电力,159611.SZ,广发中证全指电力公用事业ETF,H30199.CSI,中证电力指数,780,1.0,222230.403,120,0.7250143457197697,True,,0.8233391163770605,0.8466467697910222,0.9637033947579379,0.6778873005565594,0.09058142590937723,0.4,0.6850143457197697,True,,20250506
20250331,20250401,881153.TI,房地产,512200.SH,南方中证全指房地产ETF,931775.CSI,中证房地产,1821,1.0,232353.7755,120,0.7410460852086963,True,,0.8634690770505367,0.7898988785202085,1.0494960346626239,0.7455788470225055,0.1354758883718698,0.5,0.6910460852086963,True,,20250506
20250331,20250401,881155.TI,银行,512700.SH,南方中证银行ETF,399986.SZ,中证银行,1864,1.0,71796.292,120,0.8685056725046584,True,,0.9726688850397467,0.9610340639844624,1.0165686821083417,0.946084759924463,0.046058525976985745,0.25,0.8435056725046584,True,,20250506
20250331,20250401,884197.TI,中药Ⅲ,560080.SH,汇添富中证中药ETF,930641.CSI,中证中药,596,1.0,62857.951,120,0.7003794060371031,True,,0.7766645104118808,0.8862639462846552,0.8417745262030627,0.6032077617333268,0.10432991119892236,0.75,0.6253794060371032,True,,20250506
20250331,20250401,884218.TI,机器人,159770.SZ,天弘中证机器人ETF,H30590.CSI,中证机器人,823,1.0,320650.99199999997,120,0.7179763757162314,True,,0.8147901146948492,0.84399551487256,0.5297794564330309,0.6638829310044455,0.23775479980134331,0.4,0.6779763757162314,True,,20250506
20250331,20250401,885362.TI,云计算,516510.SH,易方达中证云计算与大数据主题ETF,930851.CSI,中证云计算,965,1.0,354796.8335,111,0.5675745993718839,True,,0.6539774272306649,0.7057316578298622,0.9364117609349154,0.4276864753272396,0.2412364977825562,0.4,0.5275745993718839,True,,20250506
20250331,20250401,885700.TI,军工,512660.SH,国泰中证军工ETF,399967.SZ,中证军工,2098,1.0,525992.4775,120,0.6051486085302011,True,,0.7268523249261795,0.6499012029180905,1.266719170192498,0.5283143022505921,0.12808944659835972,0.5,0.5551486085302011,True,,20250506
20250331,20250401,885728.TI,人工智能,515980.SH,华富中证人工智能产业ETF,931071.CSI,中证人工智能,1248,1.0,144902.963,120,0.5144663506879271,True,,0.6024426951138477,0.6352176919863913,1.4832553406053615,0.36293720089603665,0.25101245086605245,1.0,0.41446635068792714,True,,20250506
20250331,20250401,885800.TI,消费电子概念,159732.SZ,华夏国证消费电子主题ETF,980030.SZ,国证消费电子,871,1.0,134633.6395,120,0.5855712416775827,True,,0.671938307311433,0.7275076987879329,0.8848028288032349,0.45150108883255347,0.15172594349409574,0.16666666666666666,0.568904575010916,True,,20250506
20250331,20250401,885914.TI,煤炭概念,515220.SH,国泰中证煤炭ETF,399998.SZ,中证煤炭,1233,1.0,293846.7595,120,0.7856949262442497,True,,0.8881020225129187,0.8933405385162395,1.4343830502740726,0.7887252023915365,0.12393860224873904,1.0,0.6856949262442498,True,,20250506
20250430,20250506,881112.TI,钢铁,515210.SH,国泰中证钢铁ETF,930606.CSI,中证钢铁,1254,1.0,71800.10750000001,120,0.8514986628284623,True,,0.9505457721915047,0.9627807479121534,1.0330383646315262,0.903537265031144,0.05374798602135675,1.0,0.7514986628284623,True,,20250603
20250430,20250506,881121.TI,半导体,512480.SH,国联安中证全指半导体产品与设备ETF,H30184.CSI,中证半导体,1428,1.0,913271.209,120,0.7918474131640205,True,,0.8936960718853583,0.9007819075433732,0.9175930771143426,0.7986926689033201,0.10667949101758364,0.5,0.7418474131640205,True,,20250603
20250430,20250506,881124.TI,消费电子,159732.SZ,华夏国证消费电子主题ETF,980030.SZ,国证消费电子,892,1.0,98549.3565,120,0.6389802862738992,True,,0.7225507243792386,0.7975719667565423,0.8594816083565764,0.5220795493009622,0.14968286117226698,0.16666666666666666,0.6223136196072325,True,,20250603
20250430,20250506,881129.TI,通信设备,515880.SH,国泰中证全指通信设备ETF,931160.CSI,中证通信设备,1367,1.0,195874.8755,120,0.6916755399421564,True,,0.8013801925629943,0.7786156468232556,1.2272215765968828,0.642210213032302,0.1599578300666308,1.0,0.5916755399421564,True,,20250603
20250430,20250506,881145.TI,电力,159611.SZ,广发中证全指电力公用事业ETF,H30199.CSI,中证电力指数,801,1.0,207341.97149999999,120,0.7423191228581552,True,,0.8326469533673049,0.888002015326898,0.7576051385425125,0.6933009489518546,0.0863666581305177,0.4,0.7023191228581551,True,,20250603
20250430,20250506,881153.TI,房地产,512200.SH,南方中证全指房地产ETF,931775.CSI,中证房地产,1842,1.0,352931.2875,120,0.7371190963651615,True,,0.850253976664465,0.8142093372314736,0.8939513200453578,0.7229318248337373,0.10179631613577293,0.5,0.6871190963651614,True,,20250603
20250430,20250506,881155.TI,银行,512700.SH,南方中证银行ETF,399986.SZ,中证银行,1885,1.0,67314.307,120,0.8465670708496529,True,,0.9547205932897757,0.9299322500681109,0.9158287502228798,0.911491411251582,0.04905723337304784,0.75,0.7715670708496529,True,,20250603
20250430,20250506,884218.TI,机器人,159770.SZ,天弘中证机器人ETF,H30590.CSI,中证机器人,844,1.0,235696.5395,120,0.7069319580139359,True,,0.8048757802043716,0.8292812587112433,0.5478629453807696,0.6478250215595958,0.23664740546578436,0.4,0.6669319580139359,True,,20250603
20250430,20250506,885362.TI,云计算,516510.SH,易方达中证云计算与大数据主题ETF,930851.CSI,中证云计算,986,1.0,218568.43550000002,112,0.6283353575756493,True,,0.6847903540459884,0.8623980248139625,0.9335187521653618,0.4689378289944298,0.19238298454388228,0.6,0.5683353575756493,True,,20250603
20250430,20250506,885700.TI,军工,512660.SH,国泰中证军工ETF,399967.SZ,中证军工,2119,1.0,494173.553,120,0.57733675932799,True,,0.6806751021012036,0.6700056763372625,1.2213394333658585,0.46331859462048364,0.12485402836358694,1.0,0.47733675932799,True,,20250603
20250430,20250506,885756.TI,芯片概念,159995.SZ,华夏国证半导体芯片ETF,980017.SZ,国证芯片,1269,1.0,465856.159,120,0.610039413938968,True,,0.7155395353545678,0.7018804890534777,1.3837313235990467,0.5119968266554311,0.1763832177005231,0.25,0.585039413938968,True,,20250603
20250430,20250506,885800.TI,消费电子概念,159732.SZ,华夏国证消费电子主题ETF,980030.SZ,国证消费电子,892,1.0,98549.3565,120,0.6488471262794461,True,,0.7368830751073588,0.7958243550752602,1.1204860818544833,0.5429966663796774,0.14526706155917152,0.5,0.598847126279446,True,,20250603
20250430,20250506,885914.TI,煤炭概念,515220.SH,国泰中证煤炭ETF,399998.SZ,中证煤炭,1254,1.0,130149.85949999999,120,0.7440790781811392,True,,0.8499503426834444,0.8429662763410449,1.3529794339341261,0.7224155850277046,0.11024957418164744,1.0,0.6440790781811392,True,,20250603
20250530,20250603,881121.TI,半导体,512480.SH,国联安中证全指半导体产品与设备ETF,H30184.CSI,中证半导体,1447,1.0,791656.9035,120,0.7943720287239101,True,,0.9024843467218127,0.8838326238052774,0.9345235312542586,0.8144779960778967,0.09501898807258509,0.5,0.7443720287239101,True,,20250701
20250530,20250603,881124.TI,消费电子,159732.SZ,华夏国证消费电子主题ETF,980030.SZ,国证消费电子,911,1.0,70308.9235,120,0.7007015534197828,True,,0.7941772873673549,0.8360211006823196,0.9525282769755542,0.6307175637701699,0.1233025613966086,0.16666666666666666,0.6840348867531161,True,,20250701
20250530,20250603,881129.TI,通信设备,515880.SH,国泰中证全指通信设备ETF,931160.CSI,中证通信设备,1386,1.0,158699.075,120,0.7014574906205266,True,,0.8151008185122793,0.7769947188539155,1.2583903778721752,0.6643893443393873,0.15386368727541475,1.0,0.6014574906205267,True,,20250701
20250530,20250603,881145.TI,电力,159611.SZ,广发中证全指电力公用事业ETF,H30199.CSI,中证电力指数,820,1.0,181405.434,120,0.7587250498705019,True,,0.8505302523869624,0.8997986685728242,0.7349508750775468,0.7234017102254306,0.08130355496226149,0.4,0.7187250498705019,True,,20250701
20250530,20250603,881153.TI,房地产,512200.SH,南方中证全指房地产ETF,931775.CSI,中证房地产,1861,1.0,166511.392,120,0.7024298714856436,True,,0.7995113290752099,0.8271658086003894,0.8237327089199088,0.6392183653196086,0.10014379263785524,0.5,0.6524298714856436,True,,20250701
20250530,20250603,881155.TI,银行,512820.SH,汇添富中证银行ETF,399986.SZ,中证银行,1578,1.0,84961.1255,120,0.8605289765644876,True,,0.9623764726482728,0.9616618758972462,0.9285286222534818,0.9261684751069317,0.04285929635775877,0.25,0.8355289765644875,True,,20250701
20250530,20250603,884218.TI,机器人,159770.SZ,天弘中证机器人ETF,H30590.CSI,中证机器人,863,1.0,215473.9725,120,0.6971281632498812,True,,0.8191918369148341,0.7474838197691169,0.5765886049592059,0.6710752656678998,0.20416345078337642,0.6,0.6371281632498813,True,,20250701
20250530,20250603,885362.TI,云计算,516510.SH,易方达中证云计算与大数据主题ETF,930851.CSI,中证云计算,1005,1.0,203278.454,113,0.64318863126306,True,,0.7060967195502758,0.8614175395358922,0.932454241816211,0.49857257735966065,0.17498282153626574,0.6,0.5831886312630601,True,,20250701
20250530,20250603,885700.TI,军工,512680.SH,广发中证军工ETF,399967.SZ,中证军工,2096,1.0,77744.4545,120,0.6084832775656959,True,,0.6890460459148284,0.7709703463986103,1.1425103082332784,0.4747844533908602,0.11365173156219766,0.25,0.5834832775656958,True,,20250701
20250530,20250603,885728.TI,人工智能,515980.SH,华富中证人工智能产业ETF,931071.CSI,中证人工智能,1288,1.0,117745.6105,120,0.5585829541191083,True,,0.615165959649813,0.776942402429682,1.362800082835612,0.37842915791187537,0.16999185015418192,1.0,0.4585829541191083,True,,20250701
20250530,20250603,885756.TI,芯片概念,159995.SZ,华夏国证半导体芯片ETF,980017.SZ,国证芯片,1288,1.0,410298.32050000003,120,0.604287318548056,True,,0.7341237693789489,0.6255391101740325,1.4713905562790526,0.5389377087671563,0.16003274648873833,0.75,0.529287318548056,True,,20250701
20250530,20250603,885800.TI,消费电子概念,159732.SZ,华夏国证消费电子主题ETF,980030.SZ,国证消费电子,911,1.0,70308.9235,120,0.6917740616067528,True,,0.7886736981887972,0.8165451287205406,1.2291845101867767,0.6220062022147936,0.1279958288749039,0.5,0.6417740616067528,True,,20250701
20250530,20250603,885914.TI,煤炭概念,515220.SH,国泰中证煤炭ETF,399998.SZ,中证煤炭,1273,1.0,127093.814,120,0.7323697804971712,True,,0.8369497709850829,0.835288628527329,1.3465814436978372,0.7004849191519831,0.10768060514676939,1.0,0.6323697804971712,True,,20250701
20250630,20250701,881121.TI,半导体,512480.SH,国联安中证全指半导体产品与设备ETF,H30184.CSI,中证半导体,1467,1.0,883486.9415,120,0.8050423878193281,True,,0.9072186709477923,0.9119047792319604,0.9524267590590546,0.823045716916279,0.0872051489144398,0.5,0.7550423878193281,True,,20250801
20250630,20250701,881124.TI,消费电子,159732.SZ,华夏国证消费电子主题ETF,980030.SZ,国证消费电子,931,1.0,73613.7395,120,0.7244598970488447,True,,0.8135956121006274,0.873485671976487,0.9760730354930378,0.661937820029395,0.1140609540212361,0.16666666666666666,0.707793230382178,True,,20250801
20250630,20250701,881129.TI,通信设备,515880.SH,国泰中证全指通信设备ETF,931160.CSI,中证通信设备,1406,1.0,201798.79950000002,120,0.7265821311868383,True,,0.8290574574108374,0.8358118493125651,1.3115967621232616,0.6873362676885224,0.14797464292000567,1.0,0.6265821311868384,True,,20250801
20250630,20250701,881145.TI,电力,159611.SZ,广发中证全指电力公用事业ETF,H30199.CSI,中证电力指数,840,1.0,162633.80349999998,120,0.7487381220947112,True,,0.8465075909446061,0.8719922455735281,0.6895671477424526,0.7165751015268409,0.07824298780247672,0.6,0.6887381220947113,True,,20250801
20250630,20250701,881153.TI,房地产,512200.SH,南方中证全指房地产ETF,931775.CSI,中证房地产,1881,1.0,116279.8945,120,0.7108141517437683,True,,0.8101054520816,0.829283196716473,0.877474128471644,0.6562708434923334,0.09110128514816729,0.5,0.6608141517437682,True,,20250801
20250630,20250701,881155.TI,银行,512820.SH,汇添富中证银行ETF,399986.SZ,中证银行,1598,1.0,87513.7745,120,0.8607238863134571,True,,0.9615303407297278,0.9651105061080772,0.8970656104612037,0.9245405961438258,0.04438810607690258,0.125,0.8482238863134571,True,,20250801
20250630,20250701,884218.TI,机器人,159770.SZ,天弘中证机器人ETF,H30590.CSI,中证机器人,883,1.0,160468.3345,120,0.6980559279666716,True,,0.8073109508842082,0.7865512272477311,0.6056845663695678,0.6517509714175651,0.17703598283314848,0.6,0.6380559279666715,True,,20250801
20250630,20250701,885362.TI,云计算,516510.SH,易方达中证云计算与大数据主题ETF,930851.CSI,中证云计算,1025,1.0,157714.9765,117,0.6379671525689857,True,,0.718738827768807,0.8044396532128414,0.9505609067564359,0.516585502542479,0.16477376424164167,0.6,0.5779671525689858,True,,20250801
20250630,20250701,885700.TI,军工,512680.SH,广发中证军工ETF,399967.SZ,中证军工,2116,1.0,94869.0355,120,0.6758089418088274,True,,0.7668627757830642,0.8166631055401575,1.2984234508044377,0.5880785168817063,0.11163389877515466,0.25,0.6508089418088274,True,,20250801
20250630,20250701,885728.TI,人工智能,515980.SH,华富中证人工智能产业ETF,931071.CSI,中证人工智能,1308,1.0,134632.06949999998,120,0.5931080655594945,True,,0.6629301051764281,0.7828862572755839,1.4820527302734106,0.43947632434923,0.15716168821597948,1.0,0.4931080655594945,True,,20250801
20250630,20250701,885756.TI,芯片概念,159995.SZ,华夏国证半导体芯片ETF,980017.SZ,国证芯片,1308,1.0,387868.6,120,0.6214569787192047,True,,0.7269622654599857,0.7148189027152189,1.4491813511102907,0.5284741354027146,0.14927145720884827,0.5,0.5714569787192046,True,,20250801
20250630,20250701,885800.TI,消费电子概念,159732.SZ,华夏国证消费电子主题ETF,980030.SZ,国证消费电子,931,1.0,73613.7395,120,0.7268537210488828,True,,0.8097472012726439,0.8945061636689157,1.300222463442498,0.6556905299688798,0.12074142913925134,0.5,0.6768537210488828,True,,20250801
20250630,20250701,885914.TI,煤炭概念,515220.SH,国泰中证煤炭ETF,399998.SZ,中证煤炭,1293,1.0,164781.3745,120,0.7150218291003662,True,,0.8401498763238997,0.7562764749414268,1.3683379673738334,0.7058518146870638,0.09894668497199395,1.0,0.6150218291003662,True,,20250801
20250630,20250701,886013.TI,信创,562570.SH,华夏中证信息技术应用创新产业ETF,931247.CSI,中证信创,282,1.0,169854.8505,120,0.7661187161605126,True,,0.8743933055755672,0.8569500617896963,1.4003419046531727,0.764563652835367,0.13139500140991126,0.42857142857142855,0.7232615733033698,True,0.23805418336056572,20250801
20250731,20250801,881112.TI,钢铁,515210.SH,国泰中证钢铁ETF,930606.CSI,中证钢铁,1316,1.0,247916.00650000002,120,0.8560622519402783,True,,0.9579298607942378,0.9578115152518765,0.9875926202699201,0.9176296182012681,0.0519792881992313,1.0,0.7560622519402783,True,,20250901
20250731,20250801,881115.TI,建筑材料,159745.SZ,国泰中证全指建筑材料ETF,931009.CSI,中证建筑材料,1000,1.0,95700.902,120,0.6881265185070651,True,,0.7690775220217303,0.8594628890573487,1.417464883586368,0.5914802348790849,0.14922492926505415,0.3333333333333333,0.6547931851737318,True,,20250901
20250731,20250801,881121.TI,半导体,512480.SH,国联安中证全指半导体产品与设备ETF,H30184.CSI,中证半导体,1490,1.0,1473525.613,120,0.8026462596856294,True,,0.9037014307924368,0.913176411547866,0.9314598121848352,0.8166762760162972,0.07925657945291634,0.5,0.7526462596856294,True,,20250901
20250731,20250801,881124.TI,消费电子,159732.SZ,华夏国证消费电子主题ETF,980030.SZ,国证消费电子,954,1.0,114914.318,120,0.7091393844860794,True,,0.8087912409656984,0.8264890931352203,0.9432045195765436,0.6541432714628345,0.11055576083767295,0.16666666666666666,0.6924727178194127,True,,20250901
20250731,20250801,881129.TI,通信设备,515880.SH,国泰中证全指通信设备ETF,931160.CSI,中证通信设备,1429,1.0,294339.5575,120,0.7039690656756906,True,,0.7995948267138309,0.8330754771305882,1.3441650915217613,0.6393518869075212,0.1638143336131826,1.0,0.6039690656756906,True,,20250901
20250731,20250801,881144.TI,医疗器械,159883.SZ,永赢中证全指医疗器械ETF,H30217.CSI,中证医疗器械,1031,1.0,112515.5845,120,0.6846909966298612,True,,0.8159968545174064,0.7072597575352506,0.8340598252992061,0.6658508665823019,0.07177919091725862,0.25,0.6596909966298612,True,,20250901
20250731,20250801,881145.TI,电力,159611.SZ,广发中证全指电力公用事业ETF,H30199.CSI,中证电力指数,863,1.0,248778.2395,120,0.7547914979315438,True,,0.8678812780318148,0.8314726880076634,0.6332435868082771,0.7532179127581362,0.08307832244302871,0.4,0.7147914979315437,True,,20250901
20250731,20250801,881153.TI,房地产,512200.SH,南方中证全指房地产ETF,931775.CSI,中证房地产,1904,1.0,265622.796,120,0.7347582536738944,True,,0.8324288512976729,0.8584126366165743,0.9105467092026016,0.6929377924727627,0.08939201784844449,0.5,0.6847582536738943,True,,20250901
20250731,20250801,881155.TI,银行,512820.SH,汇添富中证银行ETF,399986.SZ,中证银行,1621,1.0,135956.6605,120,0.8559330599616064,True,,0.9578599956779696,0.9575147856983665,0.8817383950993609,0.9174957713201999,0.045809044124902235,0.125,0.8434330599616064,True,,20250901
20250731,20250801,884218.TI,机器人,159770.SZ,天弘中证机器人ETF,H30590.CSI,中证机器人,906,1.0,242636.907,120,0.7216461547995069,True,,0.8265231094697435,0.8236541299660204,0.6647706123263569,0.6831404504875337,0.14258320314613948,0.8,0.6416461547995069,True,,20250901
20250731,20250801,885362.TI,云计算,516510.SH,易方达中证云计算与大数据主题ETF,930851.CSI,中证云计算,1048,1.0,185231.88799999998,120,0.7258453250190599,True,,0.8369178094244311,0.8092868293883042,1.272382844048773,0.7004314197317886,0.14109033065708365,0.8,0.6458453250190599,True,,20250901
20250731,20250801,885539.TI,医疗器械概念,159883.SZ,永赢中证全指医疗器械ETF,H30217.CSI,中证医疗器械,1031,1.0,112515.5845,120,0.5178654889657232,True,,0.6338621199016954,0.562669003831739,1.0641713691343406,0.4017811870462714,0.09257683317862049,0.25,0.49286548896572313,True,,20250901
20250731,20250801,885700.TI,军工,512680.SH,广发中证军工ETF,399967.SZ,中证军工,2139,1.0,124441.98999999999,120,0.6847060793773484,True,,0.772761705209711,0.8350045152667993,1.2841511577319047,0.5971606530386202,0.10885190469237667,0.25,0.6597060793773484,True,,20250901
20250731,20250801,885756.TI,芯片概念,159995.SZ,华夏国证半导体芯片ETF,980017.SZ,国证芯片,1331,1.0,648546.815,120,0.5779283207128942,True,,0.6777757246990171,0.6805338736587757,1.265670408166738,0.459379932991278,0.13634039024487704,0.25,0.5529283207128942,True,,20250901
20250731,20250801,885800.TI,消费电子概念,159732.SZ,华夏国证消费电子主题ETF,980030.SZ,国证消费电子,954,1.0,114914.318,120,0.6890487177096982,True,,0.7922871759051465,0.7949891375662484,1.2652645305362042,0.6277189691037524,0.11847029175616391,0.8333333333333334,0.6057153843763649,True,,20250901
20250731,20250801,885914.TI,煤炭概念,515220.SH,国泰中证煤炭ETF,399998.SZ,中证煤炭,1316,1.0,526171.0734999999,120,0.7814173520666793,True,,0.8775406005494315,0.9085417038002603,1.4827260338562578,0.7700775056126564,0.11662806366585085,1.0,0.6814173520666793,True,,20250901
20250829,20250901,881112.TI,钢铁,515210.SH,国泰中证钢铁ETF,930606.CSI,中证钢铁,1337,1.0,223841.778,120,0.8303157517334986,True,,0.9330090016152872,0.932941525446327,0.9644791303995027,0.8705057970951551,0.061195887219501297,1.0,0.7303157517334986,True,,20251009
20250829,20250901,881115.TI,建筑材料,159745.SZ,国泰中证全指建筑材料ETF,931009.CSI,中证建筑材料,1021,1.0,109979.9825,120,0.7020426909782259,True,,0.7801297534118072,0.8827497977942688,1.4366833765213707,0.6086024321583671,0.14585232938627626,0.3333333333333333,0.6687093576448926,True,,20251009
20250829,20250901,881121.TI,半导体,512480.SH,国联安中证全指半导体产品与设备ETF,H30184.CSI,中证半导体,1511,1.0,2082018.7565000001,120,0.7676117207435461,True,,0.8697437516026489,0.877086863697776,1.1130918831365781,0.7564541934518506,0.11798166210744951,0.5,0.7176117207435461,True,,20251009
20250829,20250901,881124.TI,消费电子,159732.SZ,华夏国证消费电子主题ETF,980030.SZ,国证消费电子,975,1.0,188471.298,120,0.6236386985538562,True,,0.7628949091824178,0.61955979037672,0.9503335354212333,0.5820086424564496,0.127959533374396,0.16666666666666666,0.6069720318871895,True,,20251009
20250829,20250901,881141.TI,中药,560080.SH,汇添富中证中药ETF,930641.CSI,中证中药,700,1.0,94234.17749999999,120,0.706786092347543,True,,0.8184905610862585,0.7882071680652758,0.650457010384058,0.6699267985872983,0.08007887604331322,0.75,0.6317860923475429,True,,20251009
20250829,20250901,881144.TI,医疗器械,159883.SZ,永赢中证全指医疗器械ETF,H30217.CSI,中证医疗器械,1052,1.0,272705.20999999996,120,0.6186555003269548,True,,0.7474428160222306,0.644533911329413,0.7059916318045796,0.5586707632232419,0.07520740657318575,0.5,0.5686555003269548,True,,20251009
20250829,20250901,881145.TI,电力,159611.SZ,广发中证全指电力公用事业ETF,H30199.CSI,中证电力指数,884,1.0,202273.66749999998,120,0.7482063767767206,True,,0.8691007139336999,0.8014224486634426,0.6194900042778345,0.7553360509600673,0.08260572323069641,0.4,0.7082063767767206,True,,20251009
20250829,20250901,881153.TI,房地产,512200.SH,南方中证全指房地产ETF,931775.CSI,中证房地产,1925,1.0,250257.38199999998,120,0.733843568047345,True,,0.8293050055704789,0.8641161856898705,0.9259238792769707,0.6877467922642523,0.08417273201144966,0.5,0.6838435680473449,True,,20251009
20250829,20250901,881155.TI,银行,512820.SH,汇添富中证银行ETF,399986.SZ,中证银行,1642,1.0,135771.2745,120,0.8598895497650931,True,,0.9612143592866998,0.9627696537876083,0.8827059294312417,0.923933044498941,0.044088659494209426,0.125,0.8473895497650932,True,,20251009
20250829,20250901,884197.TI,中药Ⅲ,560080.SH,汇添富中证中药ETF,930641.CSI,中证中药,700,1.0,94234.17749999999,120,0.706786092347543,True,,0.8184905610862585,0.7882071680652758,0.650457010384058,0.6699267985872983,0.08007887604331322,0.75,0.6317860923475429,True,,20251009
20250829,20250901,884218.TI,机器人,562500.SH,华夏中证机器人ETF,H30590.CSI,中证机器人,890,1.0,1682608.023,120,0.6611665375728543,True,,0.7584901879411587,0.7825013552872913,0.6484187487969116,0.5753073652030144,0.13648293354995744,0.6666666666666666,0.5944998709061876,True,,20251009
20250829,20250901,885362.TI,云计算,516510.SH,易方达中证云计算与大数据主题ETF,930851.CSI,中证云计算,1069,1.0,199146.38650000002,120,0.6298287064480435,True,,0.7441919494933977,0.6986379321909081,1.2545367038247315,0.5538216576907836,0.15628550400409955,1.0,0.5298287064480435,True,,20251009
20250829,20250901,885700.TI,军工,512560.SH,易方达中证军工ETF,399967.SZ,中证军工,1963,1.0,77017.3315,120,0.6758003593604058,True,,0.768569363465461,0.8116433906360793,1.3634810144640732,0.5906988664577034,0.11738968657576153,0.25,0.6508003593604058,True,,20251009
20250829,20250901,885800.TI,消费电子概念,159732.SZ,华夏国证消费电子主题ETF,980030.SZ,国证消费电子,975,1.0,188471.298,120,0.6386544802985418,True,,0.7717991599462407,0.6536152353254516,1.330623606478317,0.5956739432937233,0.13120015000156926,0.16666666666666666,0.621987813631875,True,,20251009
20250829,20250901,885914.TI,煤炭概念,515220.SH,国泰中证煤炭ETF,399998.SZ,中证煤炭,1337,1.0,631165.2765,120,0.7597132465277712,True,,0.8584221041508888,0.8798756724724032,1.4638273823925039,0.7368885088948396,0.1208196020479043,1.0,0.6597132465277712,True,,20251009
20250829,20250901,886013.TI,信创,562570.SH,华夏中证信息技术应用创新产业ETF,931247.CSI,中证信创,326,1.0,75260.524,120,0.6954936519139412,True,,0.8093991651916694,0.7701000721046434,1.2037063167831046,0.655127008612971,0.11525837993680782,0.14285714285714285,0.681207937628227,True,,20251009
20250930,20251009,881112.TI,钢铁,515210.SH,国泰中证钢铁ETF,930606.CSI,中证钢铁,1359,1.0,129384.2775,120,0.8176414075796996,True,,0.9227828485428163,0.9140830218942897,0.9261255831625897,0.8515281855647937,0.06274894184124091,1.0,0.7176414075796996,True,,20251103
20250930,20251009,881121.TI,半导体,512480.SH,国联安中证全指半导体产品与设备ETF,H30184.CSI,中证半导体,1533,1.0,1953289.549,120,0.7949918416800699,True,,0.8964238710384166,0.9049741707029463,1.146045320362865,0.8035757565674995,0.12507619388162897,0.5,0.7449918416800698,True,,20251103
20250930,20251009,881124.TI,消费电子,159732.SZ,华夏国证消费电子主题ETF,980030.SZ,国证消费电子,997,1.0,439027.9635,120,0.5614682389876153,True,,0.6787753612144383,0.6118806389265099,0.9258044526231622,0.4607359909917913,0.1525745123155154,0.16666666666666666,0.5448015723209486,True,,20251103
20250930,20251009,881141.TI,中药,560080.SH,汇添富中证中药ETF,930641.CSI,中证中药,722,1.0,74920.626,120,0.6865586916459407,True,,0.8023415348120608,0.7553005338688977,0.6196007919930064,0.6437519384845727,0.07609149272793754,0.75,0.6115586916459408,True,,20251103
20250930,20251009,881144.TI,医疗器械,159883.SZ,永赢中证全指医疗器械ETF,H30217.CSI,中证医疗器械,1074,1.0,210999.3065,120,0.597338264025844,True,,0.7003685793569886,0.6943062092190835,0.7511895127066511,0.49051614695052603,0.07991895862562509,0.25,0.572338264025844,True,,20251103
20250930,20251009,881145.TI,电力,159611.SZ,广发中证全指电力公用事业ETF,H30199.CSI,中证电力指数,906,1.0,148238.22950000002,120,0.7276876467711222,True,,0.8366306368598595,0.8175188198452493,0.6027439378329795,0.6999508225325344,0.07834571954090885,0.6,0.6676876467711221,True,,20251103
20250930,20251009,881153.TI,房地产,512200.SH,南方中证全指房地产ETF,931775.CSI,中证房地产,1947,1.0,296316.6125,120,0.7425657459892824,True,,0.8534172285679402,0.8264359472112986,0.9103255649275093,0.728320966016584,0.07967625668469978,1.0,0.6425657459892824,True,,20251103
20250930,20251009,881155.TI,银行,512700.SH,南方中证银行ETF,399986.SZ,中证银行,1990,1.0,131385.691,120,0.8593945018264633,True,,0.960918984836252,0.9617208603821087,0.9329394734378385,0.9233652954187336,0.041744697637579084,0.25,0.8343945018264632,True,,20251103
20250930,20251009,884197.TI,中药Ⅲ,560080.SH,汇添富中证中药ETF,930641.CSI,中证中药,722,1.0,74920.626,120,0.6865586916459407,True,,0.8023415348120608,0.7553005338688977,0.6196007919930064,0.6437519384845727,0.07609149272793754,0.75,0.6115586916459408,True,,20251103
20250930,20251009,884218.TI,机器人,159526.SZ,嘉实中证机器人ETF,H30590.CSI,中证机器人,352,1.0,53549.6275,120,0.7157928962731778,True,,0.8233801972378739,0.809638221094875,0.6679011083628744,0.6779549492034799,0.11940708333607734,0.14285714285714285,0.7015071819874635,True,,20251103
20250930,20251009,885362.TI,云计算,516510.SH,易方达中证云计算与大数据主题ETF,930851.CSI,中证云计算,1091,1.0,240323.1825,120,0.5912814777124026,True,,0.6908586086459212,0.697037323273661,1.4149132181249506,0.47728561714017825,0.1974774534590912,0.6,0.5312814777124026,True,,20251103
20250930,20251009,885497.TI,旅游概念,562510.SH,华夏中证旅游主题ETF,930633.CSI,中证旅游,911,1.0,112040.13399999999,120,0.5268670630447053,True,,0.6052385740574153,0.6772028651477587,1.0270374461938347,0.36631373152705327,0.10372146861990039,0.5,0.47686706304470533,True,,20251103
20250930,20251009,885800.TI,消费电子概念,159732.SZ,华夏国证消费电子主题ETF,980030.SZ,国证消费电子,997,1.0,439027.9635,120,0.6582873346960245,True,,0.7713000976993948,0.7336068389586506,1.4247319687266715,0.5949038407110963,0.14021991700218436,0.16666666666666666,0.6416206680293578,True,0.05166462076255052,20251103
20250930,20251009,885914.TI,煤炭概念,515220.SH,国泰中证煤炭ETF,399998.SZ,中证煤炭,1359,1.0,650941.0865,120,0.7566415935687405,True,,0.8563595430092963,0.8738362881145147,1.4714951465534045,0.7333516669030908,0.11141096814938285,1.0,0.6566415935687405,True,,20251103
20250930,20251009,886013.TI,信创,562570.SH,华夏中证信息技术应用创新产业ETF,931247.CSI,中证信创,348,1.0,57312.977,120,0.693793378905981,True,,0.7922194521933542,0.814167614977093,1.3198426316018823,0.6276116604335382,0.13351238841761837,0.2857142857142857,0.6652219503345524,True,,20251103
20251031,20251103,881112.TI,钢铁,515210.SH,国泰中证钢铁ETF,930606.CSI,中证钢铁,1376,1.0,191380.07549999998,120,0.8085124924881837,True,,0.9234298190953119,0.8755567532854704,0.9255678531144915,0.8527226307944006,0.06738455991106024,1.0,0.7085124924881837,True,,20251201
20251031,20251103,881121.TI,半导体,512480.SH,国联安中证全指半导体产品与设备ETF,H30184.CSI,中证半导体,1550,1.0,1903217.1805,120,0.8216480400834647,True,,0.9235506680753353,0.9277233222817495,1.2508627662751362,0.8529458365023985,0.12742027655276847,0.5,0.7716480400834647,True,,20251201
20251031,20251103,881124.TI,消费电子,159732.SZ,华夏国证消费电子主题ETF,980030.SZ,国证消费电子,1014,1.0,298177.12,120,0.5831999662059683,True,,0.6959004937035775,0.650432379134588,1.1022448530973266,0.4842774971368832,0.16786495205194446,0.16666666666666666,0.5665332995393015,True,,20251201
20251031,20251103,881141.TI,中药,560080.SH,汇添富中证中药ETF,930641.CSI,中证中药,739,1.0,117149.734,120,0.7294157119396849,True,,0.8360951794030637,0.8260393995399875,0.6155458871265895,0.6990551490210414,0.07388112753721479,0.75,0.654415711939685,True,,20251201
20251031,20251103,881144.TI,医疗器械,159883.SZ,永赢中证全指医疗器械ETF,H30217.CSI,中证医疗器械,1091,1.0,135312.776,120,0.59707381069427,True,,0.6945672456777572,0.7097065561605337,0.7533099064234405,0.48242365876838644,0.08195247629139182,0.25,0.57207381069427,True,,20251201
20251031,20251103,881145.TI,电力,561560.SH,华泰柏瑞中证全指电力公用事业ETF,H30199.CSI,中证电力指数,842,1.0,67188.9735,120,0.6937392604048525,True,,0.7941872978273087,0.8081423675466471,0.7389750615697676,0.6307334640302421,0.07361125012019726,0.2,0.6737392604048524,True,,20251201
20251031,20251103,881153.TI,房地产,512200.SH,南方中证全指房地产ETF,931775.CSI,中证房地产,1964,1.0,212348.1235,120,0.7172551067075293,True,,0.8273374711748662,0.8036531097543717,0.8558414957439715,0.6844872912100222,0.0799725215086074,1.0,0.6172551067075294,True,,20251201
20251031,20251103,881155.TI,银行,512700.SH,南方中证银行ETF,399986.SZ,中证银行,2007,1.0,167561.0195,120,0.8633995998907933,True,,0.9642678015590738,0.9671753605708839,0.9344715857854812,0.9298123931235693,0.03980630069726379,0.25,0.8383995998907933,True,,20251201
20251031,20251103,881278.TI,电网设备,159326.SZ,华夏中证电网设备主题ETF,931994.CSI,电网设备主题,275,1.0,76191.466,120,0.5241989531886836,True,,0.6254777353345704,0.6111069036460359,0.9056857895990948,0.391222397399263,0.12923005532115014,1.0,0.4241989531886836,True,,20251201
20251031,20251103,884197.TI,中药Ⅲ,560080.SH,汇添富中证中药ETF,930641.CSI,中证中药,739,1.0,117149.734,120,0.7294157119396849,True,,0.8360951794030637,0.8260393995399875,0.6155458871265895,0.6990551490210414,0.07388112753721479,0.75,0.654415711939685,True,,20251201
20251031,20251103,884218.TI,机器人,562500.SH,华夏中证机器人ETF,H30590.CSI,中证机器人,929,1.0,1402616.2305,120,0.6710019051784291,True,,0.7780005141777651,0.7648357123216659,0.6940162244243416,0.6052848000608673,0.1219250468817898,0.7142857142857143,0.5995733337498577,True,,20251201
20251031,20251103,885362.TI,云计算,516510.SH,易方达中证云计算与大数据主题ETF,930851.CSI,中证云计算,1108,1.0,170834.274,120,0.5241172590800212,True,,0.6371906896109366,0.5784804721420949,1.4288791727889962,0.4060119749268609,0.2187949133664423,0.6,0.46411725908002116,True,,20251201
20251031,20251103,885497.TI,旅游概念,562510.SH,华夏中证旅游主题ETF,930633.CSI,中证旅游,928,1.0,55702.202999999994,120,0.5487471664022661,True,,0.6264640670834611,0.7065861950340914,0.9417946981124926,0.39245722734675115,0.09892624515553088,0.5,0.4987471664022661,True,,20251201
20251031,20251103,885914.TI,煤炭概念,515220.SH,国泰中证煤炭ETF,399998.SZ,中证煤炭,1376,1.0,1255277.852,120,0.7579080757996177,True,,0.8724474318439774,0.8300387267118253,1.4828117936310383,0.7611645213311509,0.12422939252292692,1.0,0.6579080757996177,True,,20251201
20251128,20251201,881112.TI,钢铁,515210.SH,国泰中证钢铁ETF,930606.CSI,中证钢铁,1396,1.0,184375.4765,120,0.8201847603541615,True,,0.9254280768846209,0.916032612355584,0.9184852202607517,0.8564171254863678,0.0680635919400004,1.0,0.7201847603541616,True,,20260105
20251128,20251201,881121.TI,半导体,512480.SH,国联安中证全指半导体产品与设备ETF,H30184.CSI,中证半导体,1570,1.0,1390699.7305,120,0.8285936756482184,True,,0.9244172939556403,0.9528117146630318,1.2717032625765368,0.8545473333642685,0.13281543721332664,0.5,0.7785936756482184,True,,20260105
20251128,20251201,881124.TI,消费电子,159732.SZ,华夏国证消费电子主题ETF,980030.SZ,国证消费电子,1034,1.0,138912.7445,120,0.6036398211485408,True,,0.6882427361496036,0.7538669739773404,1.1360700849194554,0.4736780638626926,0.17701940986342576,0.16666666666666666,0.586973154481874,True,,20260105
20251128,20251201,881141.TI,中药,560080.SH,汇添富中证中药ETF,930641.CSI,中证中药,759,1.0,110990.24849999999,120,0.7222830115393146,True,,0.8194261451251593,0.8474042315181325,0.6286525465885779,0.6714592073146786,0.07440585559740483,0.75,0.6472830115393147,True,,20260105
20251128,20251201,881144.TI,医疗器械,159883.SZ,永赢中证全指医疗器械ETF,H30217.CSI,中证医疗器械,1111,1.0,86316.909,120,0.5952993560511863,True,,0.6855061236423622,0.728233989589314,0.7398226271067343,0.4699186455511778,0.0833684536421193,0.25,0.5702993560511863,True,,20260105
20251128,20251201,881145.TI,电力,561560.SH,华泰柏瑞中证全指电力公用事业ETF,H30199.CSI,中证电力指数,862,1.0,61514.542499999996,120,0.6946155910349793,True,,0.79324925605715,0.814417222684484,0.7459457856830637,0.629244382235222,0.07464215040846874,0.2,0.6746155910349793,True,,20260105
20251128,20251201,881153.TI,房地产,512200.SH,南方中证全指房地产ETF,931775.CSI,中证房地产,1984,1.0,207572.98249999998,120,0.7317911159012819,True,,0.8360525743204533,0.8356689707475068,0.8708959772505691,0.6989839070278573,0.0781936698579185,1.0,0.6317911159012819,True,,20260105
20251128,20251201,881155.TI,银行,515290.SH,天弘中证银行ETF,399986.SZ,中证银行,1193,1.0,94034.8305,120,0.8667560197825634,True,,0.9665543522416468,0.9733789851445983,0.9558347425130338,0.9342273158372697,0.03762806579126684,0.375,0.8292560197825635,True,,20260105
20251128,20251201,881278.TI,电网设备,159326.SZ,华夏中证电网设备主题ETF,931994.CSI,电网设备主题,295,1.0,258739.02899999998,120,0.5955527616893559,True,,0.6959620691767537,0.6996689873642424,0.9678610180036921,0.4843632017327889,0.13485597001908572,1.0,0.4955527616893559,True,,20260105
20251128,20251201,884197.TI,中药Ⅲ,560080.SH,汇添富中证中药ETF,930641.CSI,中证中药,759,1.0,110990.24849999999,120,0.7222830115393146,True,,0.8194261451251593,0.8474042315181325,0.6286525465885779,0.6714592073146786,0.07440585559740483,0.75,0.6472830115393147,True,,20260105
20251128,20251201,884218.TI,机器人,562500.SH,华夏中证机器人ETF,H30590.CSI,中证机器人,949,1.0,935015.7725,120,0.7139055205413258,True,,0.8102052573843312,0.8413520319407146,0.7826226564438836,0.6564325590932105,0.11238384940122839,0.7142857142857143,0.6424769491127544,True,,20260105
20251128,20251201,885362.TI,云计算,516510.SH,易方达中证云计算与大数据主题ETF,930851.CSI,中证云计算,1128,1.0,77536.864,120,0.4929110593529105,True,,0.6087442376154893,0.5318140340826251,1.3756890500097692,0.3705695468300636,0.23269503464488817,0.6,0.4329110593529105,True,,20260105
20251128,20251201,885497.TI,旅游概念,562510.SH,华夏中证旅游主题ETF,930633.CSI,中证旅游,948,1.0,50217.8385,120,0.5273428047525681,True,,0.6199101311574684,0.6389778142683343,1.0482129363259192,0.38428857071166944,0.12079780274052908,0.5,0.47734280475256813,True,,20260105
20251128,20251201,885914.TI,煤炭概念,515220.SH,国泰中证煤炭ETF,399998.SZ,中证煤炭,1396,1.0,811829.034,120,0.7631867583376312,True,,0.8694205021896341,0.8603708231946515,1.4643262733597306,0.7558920096276754,0.12835198386483535,1.0,0.6631867583376312,True,,20260105
20251231,20260105,881112.TI,钢铁,515210.SH,国泰中证钢铁ETF,930606.CSI,中证钢铁,1419,1.0,78667.6845,120,0.8158857099305101,True,,0.9164461989438607,0.926726260499129,0.9199053387330964,0.8398736355586502,0.06741641816986528,1.0,0.7158857099305102,True,,20260202
20251231,20260105,881121.TI,半导体,512480.SH,国联安中证全指半导体产品与设备ETF,H30184.CSI,中证半导体,1593,1.0,1159597.1735,120,0.8276833462202928,True,,0.9247566721665845,0.948115098918033,1.2744656025651677,0.855174902716616,0.1355627842004441,0.5,0.7776833462202928,True,,20260202
20251231,20260105,881124.TI,消费电子,159732.SZ,华夏国证消费电子主题ETF,980030.SZ,国证消费电子,1057,1.0,164386.794,120,0.5803038923325136,True,,0.6688317958349388,0.7151503949883027,1.1518993459808624,0.4473359711197893,0.18517329027790908,0.16666666666666666,0.5636372256658468,True,,20260202
20251231,20260105,881144.TI,医疗器械,159883.SZ,永赢中证全指医疗器械ETF,H30217.CSI,中证医疗器械,1134,1.0,80028.584,120,0.5985604734461922,True,,0.7080755875414508,0.6772680960985648,0.7759781491952233,0.5013710376721707,0.07896372224099457,0.25,0.5735604734461922,True,,20260202
20251231,20260105,881145.TI,电力,159611.SZ,广发中证全指电力公用事业ETF,H30199.CSI,中证电力指数,966,1.0,142562.4955,120,0.6749416728924206,True,,0.7843852789127123,0.7618399742792742,0.8471850629720695,0.6152602657749732,0.06939135614114578,0.8,0.5949416728924206,True,,20260202
20251231,20260105,881153.TI,房地产,512200.SH,南方中证全指房地产ETF,931775.CSI,中证房地产,2007,1.0,167838.624,120,0.7257399211507669,True,,0.8281558181380174,0.8351428128575239,0.8805954042754913,0.6858420591158483,0.08467669242714061,0.5,0.6757399211507669,True,,20260202
20251231,20260105,881155.TI,银行,512700.SH,南方中证银行ETF,399986.SZ,中证银行,2050,1.0,126925.535,120,0.8606956784017109,True,,0.9632068553864056,0.9597085350760117,0.9780311586919551,0.9277674462633679,0.03669093380872878,0.25,0.8356956784017109,True,,20260202
20251231,20260105,881268.TI,工程机械,560280.SH,广发中证工程机械主题ETF,931752.CSI,中证工程机械主题,530,1.0,54121.9445,120,0.5685957791981083,True,,0.6977089310666721,0.5868866031649701,0.5912807352431408,0.48679775249019874,0.1510753965483539,0.5,0.5185957791981083,True,,20260202
20251231,20260105,881278.TI,电网设备,159326.SZ,华夏中证电网设备主题ETF,931994.CSI,电网设备主题,318,1.0,323914.428,120,0.6183587666862571,True,,0.7160056155505887,0.7338254107438645,1.008596626628947,0.5126640414999772,0.1391439104008583,1.0,0.5183587666862571,True,,20260202
20251231,20260105,884077.TI,工程机械Ⅲ,560280.SH,广发中证工程机械主题ETF,931752.CSI,中证工程机械主题,530,1.0,54121.9445,120,0.5685957791981083,True,,0.6977089310666721,0.5868866031649701,0.5912807352431408,0.48679775249019874,0.1510753965483539,0.5,0.5185957791981083,True,,20260202
20251231,20260105,884218.TI,机器人,562500.SH,华夏中证机器人ETF,H30590.CSI,中证机器人,972,1.0,1047724.4565,120,0.7265137308334402,True,,0.819477831776247,0.864172909717647,0.7938788111486638,0.6715439167726995,0.11571179491218397,0.75,0.6515137308334402,True,,20260202
20251231,20260105,885914.TI,煤炭概念,515220.SH,国泰中证煤炭ETF,399998.SZ,中证煤炭,1419,1.0,382974.186,120,0.764837715635976,True,,0.8676985239588536,0.8722133775379731,1.4840824183820769,0.7529007284803728,0.1310131233375258,1.0,0.664837715635976,True,,20260202
20260130,20260202,881112.TI,钢铁,515210.SH,国泰中证钢铁ETF,930606.CSI,中证钢铁,1439,1.0,196577.02049999998,120,0.7992450008405388,True,,0.8961324340913307,0.9228831315212213,0.8987433956827672,0.8030533394304543,0.06841333162148514,1.0,0.6992450008405389,True,,20260302
20260130,20260202,881115.TI,建筑材料,159745.SZ,国泰中证全指建筑材料ETF,931009.CSI,中证建筑材料,1123,1.0,68361.69949999999,120,0.6845922255935898,True,,0.781679426308053,0.8083964144502813,1.2360786572421145,0.611022725513287,0.09937228905630272,1.0,0.5845922255935898,True,,20260302
20260130,20260202,881121.TI,半导体,512480.SH,国联安中证全指半导体产品与设备ETF,H30184.CSI,中证半导体,1613,1.0,1691875.5525000002,120,0.8191149829271244,True,,0.9208144961758138,0.9260913375363589,1.1809734942970507,0.8478993363675184,0.1401203598034725,0.5,0.7691149829271243,True,,20260302
20260130,20260202,881124.TI,消费电子,159732.SZ,华夏国证消费电子主题ETF,980030.SZ,国证消费电子,1077,1.0,202084.59649999999,120,0.6203425091244822,True,,0.7138098684813868,0.7480355825303062,1.2274512649151357,0.5095245283414149,0.18536355635208954,0.16666666666666666,0.6036758424578155,True,,20260302
20260130,20260202,881141.TI,中药,560080.SH,汇添富中证中药ETF,930641.CSI,中证中药,802,1.0,72243.7485,120,0.722107488907989,True,,0.8210355440604976,0.8418992487445307,0.680616381234707,0.6740993646107172,0.07103610403659323,0.5,0.672107488907989,True,,20260302
20260130,20260202,881144.TI,医疗器械,159883.SZ,永赢中证全指医疗器械ETF,H30217.CSI,中证医疗器械,1154,1.0,386368.974,120,0.72431903124262,True,,0.8174150965643758,0.8615454677869194,0.9209260922325613,0.6681674400913479,0.08033023023124186,0.5,0.6743190312426199,True,,20260302
20260130,20260202,881145.TI,电力,561560.SH,华泰柏瑞中证全指电力公用事业ETF,H30199.CSI,中证电力指数,905,1.0,57117.8825,120,0.715926386100525,True,,0.8165638968527331,0.830511792110641,0.9446374004113476,0.6667765976433209,0.06321533647310701,0.2,0.6959263861005249,True,,20260302
20260130,20260202,881153.TI,房地产,512200.SH,南方中证全指房地产ETF,931775.CSI,中证房地产,2027,1.0,231120.56650000002,120,0.7478189527493839,True,,0.8420588272029123,0.8817203155095045,0.9500143373702713,0.7090630684703441,0.08817414267956838,0.5,0.6978189527493839,True,,20260302
20260130,20260202,881155.TI,银行,515290.SH,天弘中证银行ETF,399986.SZ,中证银行,1236,1.0,74530.856,120,0.8523543974667208,True,,0.9592222056162406,0.9389088347860303,1.004924246929604,0.9201072397472863,0.037854298718446255,0.25,0.8273543974667208,True,,20260302
20260130,20260202,881278.TI,电网设备,159326.SZ,华夏中证电网设备主题ETF,931994.CSI,电网设备主题,338,1.0,1403509.9564999999,120,0.6831824550814912,True,,0.7750225603878819,0.8222887180840882,1.1223398365646644,0.6006599691101879,0.15207428211181143,1.0,0.5831824550814912,True,,20260302
20260130,20260202,884197.TI,中药Ⅲ,560080.SH,汇添富中证中药ETF,930641.CSI,中证中药,802,1.0,72243.7485,120,0.722107488907989,True,,0.8210355440604976,0.8418992487445307,0.680616381234707,0.6740993646107172,0.07103610403659323,0.5,0.672107488907989,True,,20260302
20260130,20260202,884218.TI,机器人,159258.SZ,南方中证机器人ETF,H30590.CSI,中证机器人,123,1.0,52974.66,120,0.745602309426709,True,,0.8341880491759883,0.8965113185220348,0.8039422349897334,0.6958697013880408,0.11310718884077706,0.6666666666666666,0.6789356427600424,True,,20260302
20260130,20260202,885362.TI,云计算,516510.SH,易方达中证云计算与大数据主题ETF,930851.CSI,中证云计算,1171,1.0,219739.15399999998,120,0.5485295997571292,True,,0.6254223128551201,0.7085819316680482,1.3225228484808162,0.3911530694170474,0.2324858836685486,0.6,0.48852959975712923,True,,20260302
20260130,20260202,885539.TI,医疗器械概念,159883.SZ,永赢中证全指医疗器械ETF,H30217.CSI,中证医疗器械,1154,1.0,386368.974,120,0.5668352125974329,True,,0.6562256915067641,0.6965101724600846,1.294339119466355,0.43063215819353073,0.10647492501365191,0.25,0.5418352125974328,True,,20260302
20260130,20260202,885914.TI,煤炭概念,515220.SH,国泰中证煤炭ETF,399998.SZ,中证煤炭,1439,1.0,597959.98,120,0.7686189390122503,True,,0.8654970003501801,0.8940307207795454,1.39542676470702,0.7490850576151596,0.11977659707064285,1.0,0.6686189390122503,True,,20260302
20260130,20260202,885936.TI,绿色电力,159625.SZ,嘉实国证绿色电力ETF,399438.SZ,国证绿色电力,913,1.0,55711.431500000006,120,0.5209248545654082,True,,0.6220340138664112,0.6074756018847547,0.9859918640122023,0.38692631440675884,0.07934239218765579,0.4,0.4809248545654081,True,,20260302
20260227,20260302,881112.TI,钢铁,515210.SH,国泰中证钢铁ETF,930606.CSI,中证钢铁,1453,1.0,171686.59649999999,120,0.8315796879453803,True,,0.9309114012657419,0.9445383270461093,0.9492616329508154,0.8665960370065474,0.06280477725236912,1.0,0.7315796879453803,True,,20260401
20260227,20260302,881115.TI,建筑材料,159745.SZ,国泰中证全指建筑材料ETF,931009.CSI,中证建筑材料,1137,1.0,211699.93949999998,120,0.677753323924934,True,,0.7765605207963937,0.7960645086312088,1.2377594173696056,0.6030462424595662,0.11287883111160264,1.0,0.5777533239249341,True,,20260401
20260227,20260302,881121.TI,半导体,512480.SH,国联安中证全指半导体产品与设备ETF,H30184.CSI,中证半导体,1627,1.0,1508697.9095,120,0.8366358249622075,True,,0.9392082501723322,0.9388595171891007,1.1343871614480494,0.8821121371917741,0.11504151421107991,0.5,0.7866358249622074,True,,20260401
20260227,20260302,881124.TI,消费电子,159732.SZ,华夏国证消费电子主题ETF,980030.SZ,国证消费电子,1091,1.0,122006.024,120,0.6474588761945121,True,,0.7598102802848483,0.7238279469924286,1.2984302475788194,0.5773116620265395,0.1732387007476557,0.16666666666666666,0.6307922095278454,True,,20260401
20260227,20260302,881141.TI,中药,560080.SH,汇添富中证中药ETF,930641.CSI,中证中药,816,1.0,70987.406,120,0.7242717818426774,True,,0.8304138971092448,0.8225069888449218,0.71882136420225,0.6895872405121635,0.06809818978055626,0.25,0.6992717818426774,True,,20260401
20260227,20260302,881144.TI,医疗器械,159883.SZ,永赢中证全指医疗器械ETF,H30217.CSI,中证医疗器械,1168,1.0,163398.46899999998,120,0.7350513443617909,True,,0.824590215935937,0.8830555310449245,0.9699738561297846,0.6799490242172752,0.07806226688662915,0.75,0.6600513443617908,True,,20260401
20260227,20260302,881145.TI,电力,561560.SH,华泰柏瑞中证全指电力公用事业ETF,H30199.CSI,中证电力指数,919,1.0,51716.2955,120,0.7599384345219744,True,,0.8503548775333212,0.9051819323744293,0.9129473375553567,0.7231034177447093,0.06274781843286045,0.2,0.7399384345219744,True,,20260401
20260227,20260302,881153.TI,房地产,512200.SH,南方中证全指房地产ETF,931775.CSI,中证房地产,2041,1.0,292553.8345,120,0.7685990614745049,True,,0.8645275875899913,0.8968963008955351,0.9537951958812413,0.7474079497041701,0.08472284213975811,0.5,0.7185990614745048,True,,20260401
20260227,20260302,881155.TI,银行,516310.SH,易方达中证银行ETF,399986.SZ,中证银行,1151,1.0,98230.9445,120,0.855876186506056,True,,0.9618656703684662,0.9446620645872646,1.000152013464682,0.9251855678333787,0.037569242638681825,0.25,0.830876186506056,True,,20260401
20260227,20260302,881278.TI,电网设备,159326.SZ,华夏中证电网设备主题ETF,931994.CSI,电网设备主题,352,1.0,1486189.9075,120,0.7199140297991438,True,,0.808715891670421,0.8698114997915624,1.1149406523463816,0.6540213934402841,0.15549359557647227,1.0,0.6199140297991438,True,,20260401
20260227,20260302,884197.TI,中药Ⅲ,560080.SH,汇添富中证中药ETF,930641.CSI,中证中药,816,1.0,70987.406,120,0.7242717818426774,True,,0.8304138971092448,0.8225069888449218,0.71882136420225,0.6895872405121635,0.06809818978055626,0.25,0.6992717818426774,True,,20260401
20260227,20260302,884218.TI,机器人,562500.SH,华夏中证机器人ETF,H30590.CSI,中证机器人,1006,1.0,1272414.9985,120,0.7518154514361411,True,,0.8504285462173924,0.8724674859769235,0.8635799540659892,0.7232287122214272,0.10577490072953795,0.6666666666666666,0.6851487847694745,True,,20260401
20260227,20260302,885362.TI,云计算,516510.SH,易方达中证云计算与大数据主题ETF,930851.CSI,中证云计算,1185,1.0,168161.44400000002,120,0.5991297526614169,True,,0.6675663720970428,0.7939993497586976,1.3225118561466422,0.4456448611548074,0.22770503851387355,0.8,0.5191297526614169,True,,20260401
20260227,20260302,885539.TI,医疗器械概念,159883.SZ,永赢中证全指医疗器械ETF,H30217.CSI,中证医疗器械,1168,1.0,163398.46899999998,120,0.5732119192120625,True,,0.6583676523276988,0.716043592813961,1.3364098028309257,0.43344796563148524,0.10624041664728666,0.75,0.4982119192120625,True,,20260401
20260227,20260302,885936.TI,绿色电力,159625.SZ,嘉实国证绿色电力ETF,399438.SZ,国证绿色电力,927,1.0,92449.2235,120,0.6119648137871633,True,,0.6938417497946208,0.7713259313045749,1.105091111810862,0.48141637375806134,0.08088565238911526,0.4,0.5719648137871632,True,,20260401
20260331,20260401,881112.TI,钢铁,515210.SH,国泰中证钢铁ETF,930606.CSI,中证钢铁,1475,1.0,162156.02649999998,120,0.8473692419288795,True,,0.947806026494937,0.9548631564095715,0.9444006445087847,0.8983362638601208,0.05829641395074154,1.0,0.7473692419288795,True,,20260506
20260331,20260401,881115.TI,建筑材料,159745.SZ,国泰中证全指建筑材料ETF,931009.CSI,中证建筑材料,1159,1.0,158667.055,120,0.6706992385842432,True,,0.765458885373006,0.8003228004730697,1.2716931988059639,0.5859273051964851,0.11923620524224603,1.0,0.5706992385842432,True,,20260506
20260331,20260401,881121.TI,半导体,512480.SH,国联安中证全指半导体产品与设备ETF,H30184.CSI,中证半导体,1649,1.0,1253912.69,120,0.8402101546564735,True,,0.9404787242515553,0.9491830316608837,1.0597746884482517,0.8845002307698331,0.09248921723969136,0.5,0.7902101546564735,True,,20260506
20260331,20260401,881124.TI,消费电子,159732.SZ,华夏国证消费电子主题ETF,980030.SZ,国证消费电子,1113,1.0,96246.005,120,0.6569727025870846,True,,0.7485580943471024,0.7945710892865945,1.2476888845084533,0.5603392206125651,0.15461560635161012,0.16666666666666666,0.6403060359204179,True,,20260506
20260331,20260401,881129.TI,通信设备,159583.SZ,富国中证通信设备主题ETF,931271.CSI,通信设备主题,418,1.0,242315.5975,120,0.6968103023347724,True,,0.7848620469216555,0.8479120558769484,1.486148546802588,0.6160084326980505,0.23068786580363557,0.5,0.6468103023347723,True,0.08787266980169339,20260506
20260331,20260401,881144.TI,医疗器械,159883.SZ,永赢中证全指医疗器械ETF,H30217.CSI,中证医疗器械,1190,1.0,136917.4155,120,0.7335228520279153,True,,0.8258175255460548,0.8732716057201465,0.9117890624038454,0.6819745854990089,0.07474202473617148,0.75,0.6585228520279154,True,,20260506
20260331,20260401,881145.TI,电力,159611.SZ,广发中证全指电力公用事业ETF,H30199.CSI,中证电力指数,1022,1.0,629091.452,120,0.8007086276393193,True,,0.8915487691770635,0.942821447510468,0.860721264449219,0.7948592078211368,0.0764359303608724,0.2,0.7807086276393193,True,,20260506
20260331,20260401,881153.TI,房地产,512200.SH,南方中证全指房地产ETF,931775.CSI,中证房地产,2063,1.0,158013.198,120,0.7813478620674865,True,,0.8752481040024558,0.9152596941290985,0.9686295802772179,0.7660592435598931,0.0794645013704794,0.5,0.7313478620674865,True,,20260506
20260331,20260401,881155.TI,银行,516310.SH,易方达中证银行ETF,399986.SZ,中证银行,1173,1.0,99387.8055,120,0.8655340178082919,True,,0.9654073688543199,0.9721145008215958,0.9704824046829914,0.9320113878382204,0.036082460506815045,0.125,0.8530340178082919,True,,20260506
20260331,20260401,881268.TI,工程机械,560280.SH,广发中证工程机械主题ETF,931752.CSI,中证工程机械主题,586,1.0,244276.81449999998,120,0.5443157722523408,True,,0.6171279869123314,0.7144989438464205,0.8469201138382895,0.3808469522304667,0.15456568724285025,0.5,0.49431577225234086,True,,20260506
20260331,20260401,881278.TI,电网设备,159326.SZ,华夏中证电网设备主题ETF,931994.CSI,电网设备主题,374,1.0,2155379.148,120,0.7225643383531803,True,,0.8155116581004629,0.8601984785131358,1.0717010252243062,0.6650592644977668,0.16261052405237963,1.0,0.6225643383531804,True,,20260506
20260331,20260401,884077.TI,工程机械Ⅲ,560280.SH,广发中证工程机械主题ETF,931752.CSI,中证工程机械主题,586,1.0,244276.81449999998,120,0.5443157722523408,True,,0.6171279869123314,0.7144989438464205,0.8469201138382895,0.3808469522304667,0.15456568724285025,0.5,0.49431577225234086,True,,20260506
20260331,20260401,884218.TI,机器人,159770.SZ,天弘中证机器人ETF,H30590.CSI,中证机器人,1065,1.0,174668.07650000002,120,0.7343017438047951,True,,0.8374200504937899,0.8416034696501876,0.8373967501337743,0.7012723409690216,0.09611834105367496,0.1111111111111111,0.723190632693684,True,,20260506
20260331,20260401,885362.TI,云计算,159890.SZ,招商中证云计算与大数据主题ETF,930851.CSI,中证云计算,1209,1.0,50393.479999999996,120,0.6733191915094262,True,,0.7359235258114798,0.8964796529090652,1.2188830783464328,0.5415834358428,0.18551715538930308,0.6,0.6133191915094263,True,,20260506
20260331,20260401,885539.TI,医疗器械概念,159883.SZ,永赢中证全指医疗器械ETF,H30217.CSI,中证医疗器械,1190,1.0,136917.4155,120,0.5524920511793755,True,,0.6350966316178864,0.6977663025862982,1.1633702214012713,0.4033477314923851,0.10203640697732619,0.75,0.4774920511793755,True,,20260506
20260331,20260401,885936.TI,绿色电力,159625.SZ,嘉实国证绿色电力ETF,399438.SZ,国证绿色电力,949,1.0,146616.3885,120,0.7214770670591788,True,,0.8038946855128222,0.8903708979736151,1.4343795788697746,0.6462466653957593,0.09751065504792339,0.4,0.6814770670591788,True,,20260506
20260331,20260401,885995.TI,粮食概念,159698.SZ,鹏华国证粮食产业ETF,399365.SZ,国证粮食,631,1.0,119137.3845,120,0.709816726342096,True,,0.7982536965049185,0.8604341339682872,0.9991806498996563,0.6372089639837666,0.12652143965441912,0.5,0.659816726342096,True,,20260506
20260430,20260506,881112.TI,钢铁,515210.SH,国泰中证钢铁ETF,930606.CSI,中证钢铁,1496,1.0,77907.78450000001,120,0.8507877272221641,True,,0.9482214976552807,0.9672335084087208,0.9607160952035981,0.8991240086156238,0.053757935339502315,1.0,0.7507877272221641,True,,20260601
20260430,20260506,881115.TI,建筑材料,159745.SZ,国泰中证全指建筑材料ETF,931009.CSI,中证建筑材料,1180,1.0,70082.276,120,0.6411631526049493,True,,0.7528034350869709,0.7190179331186094,1.2424969508745967,0.566713011878743,0.11538575269119594,1.0,0.5411631526049493,True,,20260601
20260430,20260506,881121.TI,半导体,512480.SH,国联安中证全指半导体产品与设备ETF,H30184.CSI,中证半导体,1670,1.0,1246444.0669999998,120,0.8302309836775318,True,,0.9303439232414271,0.940912198919923,1.027451190035964,0.8655398155122502,0.09248272720286443,0.5,0.7802309836775317,True,0.08422874705482386,20260601
20260430,20260506,881124.TI,消费电子,159732.SZ,华夏国证消费电子主题ETF,980030.SZ,国证消费电子,1134,1.0,168760.9385,120,0.6584598719486341,True,,0.752911350906305,0.7878914845877922,1.164204838210886,0.5668755023235568,0.13475520911656333,0.16666666666666666,0.6417932052819674,True,,20260601
20260430,20260506,881129.TI,通信设备,159583.SZ,富国中证通信设备主题ETF,931271.CSI,通信设备主题,439,1.0,267602.99,120,0.7118792895457476,True,,0.8009776388489213,0.8606227737235523,1.333745072052162,0.6415651779359925,0.19975065163908873,0.5,0.6618792895457476,True,0.07704612815500467,20260601
20260430,20260506,881144.TI,医疗器械,159883.SZ,永赢中证全指医疗器械ETF,H30217.CSI,中证医疗器械,1211,1.0,87632.8315,120,0.7276060553195155,True,,0.8440083671291067,0.7949974127494842,0.9073321659038277,0.7123501237839407,0.07190013125985799,0.5,0.6776060553195155,True,,20260601
20260430,20260506,881145.TI,电力,159611.SZ,广发中证全指电力公用事业ETF,H30199.CSI,中证电力指数,1043,1.0,455900.5625,120,0.8198917404607213,True,,0.9177715681621391,0.9386410347225318,0.8073200996392665,0.8423046513267919,0.07248327837917452,0.2,0.7998917404607213,True,,20260601
20260430,20260506,881153.TI,房地产,512200.SH,南方中证全指房地产ETF,931775.CSI,中证房地产,2084,1.0,117242.4515,120,0.7766560783922438,True,,0.8784356388938949,0.8867635327738309,1.0305164740898174,0.7716491716789247,0.07899276208296713,0.5,0.7266560783922438,True,,20260601
20260430,20260506,881155.TI,银行,516310.SH,易方达中证银行ETF,399986.SZ,中证银行,1194,1.0,88868.5515,120,0.8522584113563125,True,,0.952568840702953,0.9594635262524435,0.9556333076072416,0.9073873962781679,0.040148191665087485,0.25,0.8272584113563125,True,,20260601
20260430,20260506,881268.TI,工程机械,560280.SH,广发中证工程机械主题ETF,931752.CSI,中证工程机械主题,607,1.0,175122.4485,120,0.5298755742134604,True,,0.6289472966303273,0.624262882430029,1.0716462307670305,0.395574701938597,0.1596238450776066,0.5,0.47987557421346044,True,,20260601
20260430,20260506,881278.TI,电网设备,159326.SZ,华夏中证电网设备主题ETF,931994.CSI,电网设备主题,395,1.0,1420763.0205,120,0.7213450595742619,True,,0.826997286341966,0.8210309586429303,1.0709804042026747,0.6839245116169759,0.15241767629074796,1.0,0.6213450595742619,True,,20260601
20260430,20260506,884077.TI,工程机械Ⅲ,560280.SH,广发中证工程机械主题ETF,931752.CSI,中证工程机械主题,607,1.0,175122.4485,120,0.5298755742134604,True,,0.6289472966303273,0.624262882430029,1.0716462307670305,0.395574701938597,0.1596238450776066,0.5,0.47987557421346044,True,,20260601
20260430,20260506,884218.TI,机器人,159770.SZ,天弘中证机器人ETF,H30590.CSI,中证机器人,1086,1.0,174527.141,120,0.7189640156181573,True,,0.8352167847746188,0.7868702463818402,0.7813033752757247,0.6975870775692519,0.09738281069901134,0.3333333333333333,0.6856306822848239,True,,20260601
20260430,20260506,885362.TI,云计算,516510.SH,易方达中证云计算与大数据主题ETF,930851.CSI,中证云计算,1228,1.0,140967.744,120,0.7174967894647479,True,,0.7991106663562502,0.8886191108958932,1.2397153770991765,0.6385778570843306,0.15905315667143224,0.8,0.6374967894647479,True,,20260601
20260430,20260506,885539.TI,医疗器械概念,159883.SZ,永赢中证全指医疗器械ETF,H30217.CSI,中证医疗器械,1211,1.0,87632.8315,120,0.5405261411879219,True,,0.6540691081959866,0.5972825093819382,1.1545862348734404,0.4278063982962934,0.10079106654589452,0.75,0.46552614118792185,True,,20260601
20260430,20260506,885800.TI,消费电子概念,159732.SZ,华夏国证消费电子主题ETF,980030.SZ,国证消费电子,1134,1.0,168760.9385,120,0.7029887782582499,True,,0.8010972703004254,0.8247064705424731,1.4107293594447345,0.6417568364827926,0.12985083808885578,0.16666666666666666,0.6863221115915832,True,,20260601
20260430,20260506,885936.TI,绿色电力,159625.SZ,嘉实国证绿色电力ETF,399438.SZ,国证绿色电力,970,1.0,61704.1205,120,0.7449687324023438,True,,0.8301579233078447,0.9060617764152101,1.4512906073290164,0.6891621776307933,0.09337773524488166,0.4,0.7049687324023438,True,,20260601
20260430,20260506,885995.TI,粮食概念,159698.SZ,鹏华国证粮食产业ETF,399365.SZ,国证粮食,652,1.0,54579.639500000005,120,0.7186108192735385,True,,0.8111549615160488,0.857349931106795,1.001606274299601,0.6579723715921024,0.12446184224900746,0.5,0.6686108192735385,True,,20260601
20260529,20260601,881112.TI,钢铁,515210.SH,国泰中证钢铁ETF,930606.CSI,中证钢铁,1514,1.0,98180.989,120,0.8458615124891501,True,,0.9486571952986983,0.9461613748440082,0.9593940225391204,0.8999504741919928,0.053856023223884726,1.0,0.7458615124891501,True,,20260701
20260529,20260601,881115.TI,建筑材料,159745.SZ,国泰中证全指建筑材料ETF,931009.CSI,中证建筑材料,1198,1.0,71807.62700000001,120,0.5931932148665788,True,,0.7248946718781074,0.607700144519739,1.215233723478184,0.5254722853172689,0.12103926075466637,0.6666666666666666,0.5265265481999122,True,,20260701
20260529,20260601,881121.TI,半导体,512480.SH,国联安中证全指半导体产品与设备ETF,H30184.CSI,中证半导体,1688,1.0,2127684.1905,120,0.8127021776823268,True,,0.9188513489386773,0.9065333319840962,1.0445371871528648,0.8442878014464271,0.11588186952142913,0.5,0.7627021776823267,True,0.10003819066580455,20260701
20260529,20260601,881129.TI,通信设备,159583.SZ,富国中证通信设备主题ETF,931271.CSI,通信设备主题,457,1.0,348305.6685,120,0.7295956503076522,True,,0.830130204242552,0.8446524991480361,1.3063033024748043,0.689116155995781,0.18305901838053382,0.5,0.6795956503076521,True,0.066114966459079,20260701
20260529,20260601,881144.TI,医疗器械,159883.SZ,永赢中证全指医疗器械ETF,H30217.CSI,中证医疗器械,1229,1.0,103217.52799999999,120,0.686171028157774,True,,0.8104847498359999,0.7295832951290622,0.9361569275656973,0.6568855297167234,0.08302588109284556,1.0,0.586171028157774,True,,20260701
20260529,20260601,881145.TI,电力,159611.SZ,广发中证全指电力公用事业ETF,H30199.CSI,中证电力指数,1061,1.0,573400.0519999999,120,0.8416080041401798,True,,0.9411421977707365,0.9526984391644064,0.8880350800069531,0.8857486364247323,0.07173887161040036,0.2,0.8216080041401798,True,,20260701
20260529,20260601,881153.TI,房地产,512200.SH,南方中证全指房地产ETF,931775.CSI,中证房地产,2102,1.0,191323.4505,120,0.7762819021035634,True,,0.8839046766855929,0.8685457685630705,1.058270878076366,0.7812874774666623,0.08111333372615721,0.5,0.7262819021035634,True,,20260701
20260529,20260601,881155.TI,银行,516310.SH,易方达中证银行ETF,399986.SZ,中证银行,1212,1.0,110823.9295,120,0.8490377412292291,True,,0.9502664023661094,0.953814418905201,0.9358246386740808,0.9030062354658279,0.039699643604157564,0.2222222222222222,0.8268155190070069,True,,20260701
20260529,20260601,881278.TI,电网设备,159326.SZ,华夏中证电网设备主题ETF,931994.CSI,电网设备主题,413,1.0,1584561.59595,120,0.7254813138785281,True,,0.8330865017836878,0.8193323802742272,1.1119307519164818,0.6940331194541826,0.15185846979262746,1.0,0.6254813138785281,True,,20260701
20260529,20260601,884218.TI,机器人,159213.SZ,汇添富中证机器人ETF,H30590.CSI,中证机器人,261,1.0,71626.25605,120,0.7393526857588242,True,,0.8493091560579745,0.8259968053810026,0.715153509500029,0.721326042563909,0.11199338749129999,0.2222222222222222,0.7171304635366019,True,,20260701
20260529,20260601,885362.TI,云计算,516630.SH,华夏中证云计算与大数据主题ETF,930851.CSI,中证云计算,1143,1.0,75791.5545,120,0.7207711761328237,True,,0.8299072599099314,0.8100225486807054,1.2349518595503581,0.6887460600512104,0.1391434486280053,0.2,0.7007711761328237,True,,20260701
20260529,20260601,885539.TI,医疗器械概念,159883.SZ,永赢中证全指医疗器械ETF,H30217.CSI,中证医疗器械,1229,1.0,103217.52799999999,120,0.5209542575898695,True,,0.639020560835744,0.5607675423854922,1.2324688012363334,0.4083472771708293,0.10986772942165064,0.75,0.44595425758986945,True,,20260701
20260529,20260601,885800.TI,消费电子概念,159732.SZ,华夏国证消费电子主题ETF,980030.SZ,国证消费电子,1152,1.0,296003.8955,120,0.6712903881024944,True,,0.7840785846533506,0.7481368469560759,1.3833113375023762,0.6147792269120012,0.14572343312752192,0.16666666666666666,0.6546237214358277,True,,20260701
20260529,20260601,885995.TI,粮食概念,159698.SZ,鹏华国证粮食产业ETF,399365.SZ,国证粮食,670,1.0,57160.3825,120,0.7356233800280222,True,,0.8331177838722512,0.8598068072850595,1.0357481316865924,0.6940852418042114,0.12065647401731255,0.5,0.6856233800280221,True,,20260701
20260630,20260701,881112.TI,钢铁,515210.SH,国泰中证钢铁ETF,930606.CSI,中证钢铁,1535,1.0,101530.1145,120,0.8238449144744122,True,,0.9366288166294002,0.895757900554494,0.9793582291011064,0.8772735401405906,0.06151504663200871,1.0,0.7238449144744122,True,,20260803
20260630,20260701,881115.TI,建筑材料,159745.SZ,国泰中证全指建筑材料ETF,931009.CSI,中证建筑材料,1219,1.0,55075.02375,120,0.5524329833361256,True,,0.6989291529082174,0.5187724510570682,1.1661247890168804,0.4885019607849985,0.1310750317496491,0.6666666666666666,0.4857663166694589,True,,20260803
20260630,20260701,881121.TI,半导体,512480.SH,国联安中证全指半导体产品与设备ETF,H30184.CSI,中证半导体,1709,1.0,1868800.7155,120,0.8121612672508383,True,,0.9191019023200736,0.9035922802541786,1.077543957001514,0.8447483068483786,0.15019571977123633,0.5,0.7621612672508382,True,0.10072897707616824,20260803
20260630,20260701,881124.TI,消费电子,159732.SZ,华夏国证消费电子主题ETF,980030.SZ,国证消费电子,1173,1.0,666673.40145,120,0.5637412314387296,True,,0.6810399458812081,0.614595789260975,1.3004967967531194,0.4638154078858787,0.23186944625086614,0.16666666666666666,0.5470745647720628,True,0.08134838074383938,20260803
20260630,20260701,881129.TI,通信设备,159583.SZ,富国中证通信设备主题ETF,931271.CSI,通信设备主题,478,1.0,583649.4301,120,0.7583321562042895,True,,0.8611897347883516,0.8659604996575562,1.320020025246939,0.7416477593048312,0.19507525889663122,0.5,0.7083321562042895,True,0.07301375603021165,20260803
20260630,20260701,881144.TI,医疗器械,159883.SZ,永赢中证全指医疗器械ETF,H30217.CSI,中证医疗器械,1250,1.0,83564.75615,120,0.7064075349742788,True,,0.8232772548533525,0.7724043671750873,0.8968521452239085,0.6777854383588716,0.0903052836632467,0.5,0.6564075349742787,True,,20260803
20260630,20260701,881145.TI,电力,159611.SZ,广发中证全指电力公用事业ETF,H30199.CSI,中证电力指数,1082,1.0,624058.77255,120,0.8455160195458626,True,,0.9464213028090821,0.9517935031187817,0.8856299981460865,0.8957132824108405,0.07686500532234805,0.16666666666666666,0.8288493528791959,True,,20260803
20260630,20260701,881153.TI,房地产,512200.SH,南方中证全指房地产ETF,931775.CSI,中证房地产,2123,1.0,129373.3265,120,0.7240194472225009,True,,0.8472105819565833,0.7709971628693096,0.9651868111296529,0.7177657701792121,0.09073777142663426,1.0,0.6240194472225009,True,,20260803
20260630,20260701,881155.TI,银行,516310.SH,易方达中证银行ETF,399986.SZ,中证银行,1233,1.0,131920.34999999998,120,0.8638441774564358,True,,0.9666027618064339,0.9615786467337801,0.9412950484362022,0.934320899131826,0.03824985917082434,0.1111111111111111,0.8527330663453248,True,,20260803
20260630,20260701,881278.TI,电网设备,159326.SZ,华夏中证电网设备主题ETF,931994.CSI,电网设备主题,434,1.0,1331688.7659999998,120,0.6412505577006816,True,,0.7759959487060691,0.6517085059456482,1.1071537364970754,0.6021697124082327,0.1838131448747693,1.0,0.5412505577006816,True,,20260803
20260630,20260701,884218.TI,机器人,562500.SH,华夏中证机器人ETF,H30590.CSI,中证机器人,1088,1.0,936367.0825,120,0.750020704360218,True,,0.8537853212155505,0.8551425501758863,0.685549360840157,0.728949374723141,0.14062442885505413,0.6666666666666666,0.6833540376935513,True,,20260803
20260630,20260701,885362.TI,云计算,516630.SH,华夏中证云计算与大数据主题ETF,930851.CSI,中证云计算,1164,1.0,57418.725000000006,120,0.623470502400786,True,,0.78283957701131,0.5605001735793763,1.2287462933347453,0.612837803335247,0.16534294716595735,0.2,0.603470502400786,True,,20260803
20260630,20260701,885539.TI,医疗器械概念,159883.SZ,永赢中证全指医疗器械ETF,H30217.CSI,中证医疗器械,1250,1.0,83564.75615,120,0.5626993055176418,True,,0.6710639285651074,0.638473287207611,1.2615018056915517,0.4503267962212356,0.11837131011450909,0.5,0.5126993055176418,True,,20260803
20260731,20260803,881112.TI,钢铁,515210.SH,国泰中证钢铁ETF,930606.CSI,中证钢铁,1558,1.0,86381.23800000001,120,0.8418007048532985,True,,0.9500141773459359,0.9256583024263569,0.9767456753267274,0.9025269371582756,0.0573570474457297,1.0,0.7418007048532985,True,,
20260731,20260803,881121.TI,半导体,512480.SH,国联安中证全指半导体产品与设备ETF,H30184.CSI,中证半导体,1732,1.0,2123737.5374999996,120,0.8360607250872171,True,,0.9379190551087803,0.940589497769619,1.0991325118552522,0.8796921539361474,0.17516356228650018,0.5,0.786060725087217,True,0.08512672836647095,
20260731,20260803,881141.TI,中药,560080.SH,汇添富中证中药ETF,930641.CSI,中证中药,921,1.0,86783.161,120,0.808612342182868,True,,0.9045669803379647,0.934370554904897,0.9141259123719175,0.8182414219177435,0.08505880275269269,1.0,0.7086123421828681,True,,
20260731,20260803,881144.TI,医疗器械,159883.SZ,永赢中证全指医疗器械ETF,H30217.CSI,中证医疗器械,1273,1.0,103968.42255,120,0.6752007369341534,True,,0.778900470966193,0.7789904396014132,0.853232899761695,0.6066859436713572,0.09549727375366829,0.5,0.6252007369341533,True,,
20260731,20260803,881145.TI,电力,159611.SZ,广发中证全指电力公用事业ETF,H30199.CSI,中证电力指数,1105,1.0,529025.83935,120,0.8504003941164822,True,,0.9501356361926799,0.9596756677826075,0.8810823253698444,0.9027577271632692,0.08377744856308662,0.125,0.8379003941164822,True,,
20260731,20260803,881153.TI,房地产,512200.SH,南方中证全指房地产ETF,931775.CSI,中证房地产,2146,1.0,108854.02799999999,120,0.6811643338100045,True,,0.7990392390265062,0.743500633884571,0.87753565696158,0.6384637055040576,0.0995531200751531,1.0,0.5811643338100045,True,,
20260731,20260803,881155.TI,银行,516310.SH,易方达中证银行ETF,399986.SZ,中证银行,1256,1.0,155950.40899999999,120,0.8709151967919144,True,,0.9709712938157489,0.9760470474876222,0.9454449909951673,0.94278525341423,0.039658057556671955,0.1111111111111111,0.8598040856808034,True,,
20260731,20260803,881278.TI,电网设备,159326.SZ,华夏中证电网设备主题ETF,931994.CSI,电网设备主题,457,1.0,805721.1159,120,0.5518210759307869,True,,0.6858214651660351,0.5534307241415848,1.0194918359596898,0.47035108208248755,0.21257348564075287,1.0,0.4518210759307869,True,,
20260731,20260803,884197.TI,中药Ⅲ,560080.SH,汇添富中证中药ETF,930641.CSI,中证中药,921,1.0,86783.161,120,0.8085728706965662,True,,0.9045265900712361,0.9343372913562543,0.9142793645909513,0.8181683521458974,0.08506875571777009,1.0,0.7085728706965663,True,,
20260731,20260803,884218.TI,机器人,159770.SZ,天弘中证机器人ETF,H30590.CSI,中证机器人,1148,1.0,207417.85609999998,120,0.7308307265445977,True,,0.8322739407352352,0.843167077251746,0.6667318132138227,0.6926799124269576,0.17536764709445488,0.4444444444444444,0.6863862821001533,True,,
20260731,20260803,885362.TI,云计算,516510.SH,易方达中证云计算与大数据主题ETF,930851.CSI,中证云计算,1290,1.0,262303.3665,120,0.6374337370253297,True,,0.7602841147279966,0.6823475575806852,1.3962272682134924,0.578031935107734,0.20802854361836642,0.4,0.5974337370253296,True,,
20260731,20260803,885497.TI,旅游概念,159766.SZ,富国中证旅游主题ETF,930633.CSI,中证旅游,1217,1.0,170787.41085,120,0.5242626271145547,True,,0.6279877426622674,0.604453860173254,1.207272854671652,0.39436860493405024,0.16831259204965954,1.0,0.42426262711455476,True,,
20260731,20260803,885700.TI,军工,512680.SH,广发中证军工ETF,399967.SZ,中证军工,2381,1.0,86863.527,120,0.6254879216773838,True,,0.7426123979372785,0.685842986692885,1.3433391819249643,0.5514731735701552,0.1471483230002388,0.25,0.6004879216773837,True,,
