signal_date,execution_date,stage,asset_code,target_weight
20180102,20180103,executed,881182.TI,0.13999999999999999
20180102,20180103,executed,883300.TI,0.13999999999999999
20180102,20180103,executed,883303.TI,0.13999999999999999
20180102,20180103,executed,884201.TI,0.13999999999999999
20180102,20180103,executed,884211.TI,0.13999999999999999
20180102,20180103,executed,LOW_RISK,0.30000000000000004
20180103,20180104,executed,881182.TI,0.09999999999999999
20180103,20180104,executed,883303.TI,0.09999999999999999
20180103,20180104,executed,884211.TI,0.09999999999999999
20180103,20180104,executed,LOW_RISK,0.7
20180104,20180105,executed,881182.TI,0.09821694506001583
20180104,20180105,executed,883303.TI,0.1006823960519549
20180104,20180105,executed,884211.TI,0.10032582861868693
20180104,20180105,executed,LOW_RISK,0.7007748302693424
20180105,20180108,executed,881182.TI,0.09744909333107071
20180105,20180108,executed,883303.TI,0.10059410555282527
20180105,20180108,executed,884211.TI,0.10148338317880082
20180105,20180108,executed,LOW_RISK,0.7004734179373032
20180108,20180109,executed,881182.TI,0.09722086247902388
20180108,20180109,executed,883303.TI,0.10062292185524523
20180108,20180109,executed,884211.TI,0.10436948009759857
20180108,20180109,executed,LOW_RISK,0.6977867355681323
20180109,20180110,executed,883303.TI,0.09999999999999999
20180109,20180110,executed,884211.TI,0.09999999999999999
20180109,20180110,executed,884244.TI,0.09999999999999999
20180109,20180110,executed,LOW_RISK,0.7
20180110,20180111,executed,883303.TI,0.09962809183356464
20180110,20180111,executed,884211.TI,0.09744260423455936
20180110,20180111,executed,884244.TI,0.09923058911162465
20180110,20180111,executed,LOW_RISK,0.7036987148202514
20180111,20180112,executed,883303.TI,0.09999999999999999
20180111,20180112,executed,884244.TI,0.09999999999999999
20180111,20180112,executed,884247.TI,0.09999999999999999
20180111,20180112,executed,LOW_RISK,0.7
20180112,20180115,executed,884244.TI,0.09999999999999999
20180112,20180115,executed,884247.TI,0.09999999999999999
20180112,20180115,executed,885530.TI,0.09999999999999999
20180112,20180115,executed,LOW_RISK,0.7
20180115,20180116,executed,884244.TI,0.09747312986787875
20180115,20180116,executed,884247.TI,0.09988235498645734
20180115,20180116,executed,885530.TI,0.09797107863415216
20180115,20180116,executed,LOW_RISK,0.7046734365115117
20180116,20180117,executed,884244.TI,0.09808148572957102
20180116,20180117,executed,884247.TI,0.10271874517601548
20180116,20180117,executed,885530.TI,0.09737062066011151
20180116,20180117,executed,LOW_RISK,0.701829148434302
20180117,20180118,executed,884211.TI,0.09999999999999999
20180117,20180118,executed,884247.TI,0.09999999999999999
20180117,20180118,executed,885530.TI,0.09999999999999999
20180117,20180118,executed,LOW_RISK,0.7
20180118,20180119,executed,884211.TI,0.09999999999999999
20180118,20180119,executed,884254.TI,0.09999999999999999
20180118,20180119,executed,885530.TI,0.09999999999999999
20180118,20180119,executed,LOW_RISK,0.7
20180119,20180122,executed,884211.TI,0.09999999999999999
20180119,20180122,executed,884244.TI,0.09999999999999999
20180119,20180122,executed,884254.TI,0.09999999999999999
20180119,20180122,executed,LOW_RISK,0.7
20180122,20180123,executed,884211.TI,0.09843999066268036
20180122,20180123,executed,884244.TI,0.09976710799540721
20180122,20180123,executed,884254.TI,0.1022270452229043
20180122,20180123,executed,LOW_RISK,0.6995658561190081
20180123,20180124,executed,884197.TI,0.09999999999999999
20180123,20180124,executed,884211.TI,0.09999999999999999
20180123,20180124,executed,884244.TI,0.09999999999999999
20180123,20180124,executed,LOW_RISK,0.7
20180124,20180125,executed,884197.TI,0.09999999999999999
20180124,20180125,executed,884244.TI,0.09999999999999999
20180124,20180125,executed,884254.TI,0.09999999999999999
20180124,20180125,executed,LOW_RISK,0.7
20180125,20180126,executed,884197.TI,0.09989597004261462
20180125,20180126,executed,884244.TI,0.09893748405317787
20180125,20180126,executed,884254.TI,0.0984150737622499
20180125,20180126,executed,LOW_RISK,0.7027514721419577
20180126,20180129,executed,884197.TI,0.09999999999999999
20180126,20180129,executed,884249.TI,0.09999999999999999
20180126,20180129,executed,884254.TI,0.09999999999999999
20180126,20180129,executed,LOW_RISK,0.7
20180129,20180130,executed,884197.TI,0.09905712785461603
20180129,20180130,executed,884249.TI,0.09955537649017664
20180129,20180130,executed,884254.TI,0.09789617075533114
20180129,20180130,executed,LOW_RISK,0.7034913248998762
20180130,20180131,executed,881151.TI,0.09999999999999999
20180130,20180131,executed,884211.TI,0.09999999999999999
20180130,20180131,executed,884254.TI,0.09999999999999999
20180130,20180131,executed,LOW_RISK,0.7
20180131,20180201,executed,881151.TI,0.10028963668018534
20180131,20180201,executed,884211.TI,0.09836579679048796
20180131,20180201,executed,884254.TI,0.10413489956446095
20180131,20180201,executed,LOW_RISK,0.6972096669648657
20180201,20180202,executed,881151.TI,0.0996821509683455
20180201,20180202,executed,884211.TI,0.0911311954248909
20180201,20180202,executed,884254.TI,0.10365265354658011
20180201,20180202,executed,LOW_RISK,0.7055340000601835
20180202,20180205,executed,881151.TI,0.09947786390321679
20180202,20180205,executed,884211.TI,0.09043663666305257
20180202,20180205,executed,884254.TI,0.10726006256408495
20180202,20180205,executed,LOW_RISK,0.7028254368696457
20180205,20180206,executed,881151.TI,0.1006859760333342
20180205,20180206,executed,884211.TI,0.08783313976649981
20180205,20180206,executed,884254.TI,0.10491332552049054
20180205,20180206,executed,LOW_RISK,0.7065675586796755
20180206,20180207,executed,884249.TI,0.09999999999999999
20180206,20180207,executed,884254.TI,0.09999999999999999
20180206,20180207,executed,885756.TI,0.09999999999999999
20180206,20180207,executed,LOW_RISK,0.7
20180207,20180208,executed,LOW_RISK,1.0
20180208,20180209,executed,LOW_RISK,1.0
20180209,20180212,executed,LOW_RISK,1.0
20180212,20180213,executed,LOW_RISK,1.0
20180213,20180214,executed,LOW_RISK,1.0
20180214,20180222,executed,LOW_RISK,1.0
20180222,20180223,executed,LOW_RISK,1.0
20180223,20180226,executed,LOW_RISK,1.0
20180226,20180227,executed,LOW_RISK,1.0
20180227,20180228,executed,LOW_RISK,1.0
20180228,20180301,executed,LOW_RISK,1.0
20180301,20180302,executed,LOW_RISK,1.0
20180302,20180305,executed,LOW_RISK,1.0
20180305,20180306,executed,LOW_RISK,1.0
20180306,20180307,executed,LOW_RISK,1.0
20180307,20180308,executed,LOW_RISK,1.0
20180308,20180309,executed,LOW_RISK,1.0
20180309,20180312,executed,LOW_RISK,1.0
20180312,20180313,executed,LOW_RISK,1.0
20180313,20180314,executed,LOW_RISK,1.0
20180314,20180315,executed,884209.TI,0.09999999999999999
20180314,20180315,executed,884219.TI,0.09999999999999999
20180314,20180315,executed,885539.TI,0.09999999999999999
20180314,20180315,executed,LOW_RISK,0.7
20180315,20180316,executed,884209.TI,0.10073001267237362
20180315,20180316,executed,884219.TI,0.0988123902644618
20180315,20180316,executed,885539.TI,0.09995462440956766
20180315,20180316,executed,LOW_RISK,0.700502972653597
20180316,20180319,executed,884209.TI,0.09836293955265017
20180316,20180319,executed,884219.TI,0.09909600897123838
20180316,20180319,executed,885539.TI,0.1002998730539388
20180316,20180319,executed,LOW_RISK,0.7022411784221727
20180319,20180320,executed,884209.TI,0.09762383546814078
20180319,20180320,executed,884219.TI,0.10026816812141297
20180319,20180320,executed,885539.TI,0.10074013260372551
20180319,20180320,executed,LOW_RISK,0.7013678638067207
20180320,20180321,executed,884209.TI,0.0972920314995162
20180320,20180321,executed,884219.TI,0.10162926864840927
20180320,20180321,executed,885539.TI,0.1035556098543732
20180320,20180321,executed,LOW_RISK,0.6975230899977014
20180321,20180322,executed,884254.TI,0.09999999999999999
20180321,20180322,executed,884261.TI,0.09999999999999999
20180321,20180322,executed,885372.TI,0.09999999999999999
20180321,20180322,executed,LOW_RISK,0.7
20180322,20180323,executed,884254.TI,0.0978103817774024
20180322,20180323,executed,884261.TI,0.09680348345289531
20180322,20180323,executed,885372.TI,0.09840738630369636
20180322,20180323,executed,LOW_RISK,0.706978748466006
20180323,20180326,executed,884254.TI,0.10025399675731828
20180323,20180326,executed,884261.TI,0.09206940328560188
20180323,20180326,executed,885372.TI,0.09442232120136133
20180323,20180326,executed,LOW_RISK,0.7132542787557186
20180326,20180327,executed,884254.TI,0.09766916194895783
20180326,20180327,executed,884261.TI,0.09671402791945885
20180326,20180327,executed,885372.TI,0.09712158210220025
20180326,20180327,executed,LOW_RISK,0.708495228029383
20180327,20180328,executed,884254.TI,0.09785831875062773
20180327,20180328,executed,884261.TI,0.09800839471820204
20180327,20180328,executed,885372.TI,0.09680954843410397
20180327,20180328,executed,LOW_RISK,0.7073237380970663
20180328,20180329,executed,884227.TI,0.09999999999999999
20180328,20180329,executed,884258.TI,0.09999999999999999
20180328,20180329,executed,884261.TI,0.09999999999999999
20180328,20180329,executed,LOW_RISK,0.7
20180329,20180330,executed,884227.TI,0.09970019479498199
20180329,20180330,executed,884258.TI,0.09906842722028249
20180329,20180330,executed,884261.TI,0.10029839451815475
20180329,20180330,executed,LOW_RISK,0.7009329834665807
20180330,20180402,executed,884227.TI,0.09999999999999999
20180330,20180402,executed,884258.TI,0.09999999999999999
20180330,20180402,executed,884274.TI,0.09999999999999999
20180330,20180402,executed,LOW_RISK,0.7
20180402,20180403,executed,884227.TI,0.10111157764226313
20180402,20180403,executed,884258.TI,0.0960031059132724
20180402,20180403,executed,884274.TI,0.09920078183541681
20180402,20180403,executed,LOW_RISK,0.7036845346090477
20180403,20180404,executed,884227.TI,0.10285314789277765
20180403,20180404,executed,884258.TI,0.09815305275168786
20180403,20180404,executed,884274.TI,0.09941538054678763
20180403,20180404,executed,LOW_RISK,0.6995784188087468
20180404,20180409,executed,884229.TI,0.09999999999999999
20180404,20180409,executed,884244.TI,0.09999999999999999
20180404,20180409,executed,884274.TI,0.09999999999999999
20180404,20180409,executed,LOW_RISK,0.7
20180409,20180410,executed,884229.TI,0.10286453764943335
20180409,20180410,executed,884244.TI,0.09957105861455909
20180409,20180410,executed,884274.TI,0.10133126605760864
20180409,20180410,executed,LOW_RISK,0.6962331376783989
20180410,20180411,executed,881182.TI,0.09999999999999999
20180410,20180411,executed,884244.TI,0.09999999999999999
20180410,20180411,executed,884266.TI,0.09999999999999999
20180410,20180411,executed,LOW_RISK,0.7
20180411,20180412,executed,881182.TI,0.10153897752474668
20180411,20180412,executed,884244.TI,0.10017653993318423
20180411,20180412,executed,884266.TI,0.09964587620029118
20180411,20180412,executed,LOW_RISK,0.6986386063417779
20180412,20180413,executed,881182.TI,0.10153430497026734
20180412,20180413,executed,884244.TI,0.10029879217409797
20180412,20180413,executed,884266.TI,0.0986158941609468
20180412,20180413,executed,LOW_RISK,0.6995510086946879
20180413,20180416,executed,881182.TI,0.10182611057452995
20180413,20180416,executed,884244.TI,0.09806076114051285
20180413,20180416,executed,884266.TI,0.09792847256912518
20180413,20180416,executed,LOW_RISK,0.702184655715832
20180416,20180417,executed,881182.TI,0.10109394474737185
20180416,20180417,executed,884244.TI,0.10075831042511187
20180416,20180417,executed,884266.TI,0.09888640438924894
20180416,20180417,executed,LOW_RISK,0.6992613404382674
20180417,20180418,executed,881182.TI,0.09995803413241465
20180417,20180418,executed,884244.TI,0.09794440038973895
20180417,20180418,executed,884266.TI,0.09737045643824667
20180417,20180418,executed,LOW_RISK,0.7047271090395997
20180418,20180419,executed,884244.TI,0.09999999999999999
20180418,20180419,executed,884252.TI,0.09999999999999999
20180418,20180419,executed,884266.TI,0.09999999999999999
20180418,20180419,executed,LOW_RISK,0.7
20180419,20180420,executed,884244.TI,0.09917741215293928
20180419,20180420,executed,884252.TI,0.09990307239493547
20180419,20180420,executed,884266.TI,0.10167881411737756
20180419,20180420,executed,LOW_RISK,0.6992407013347477
20180420,20180423,executed,LOW_RISK,1.0
20180423,20180424,executed,LOW_RISK,1.0
20180424,20180425,executed,LOW_RISK,1.0
20180425,20180426,executed,LOW_RISK,1.0
20180426,20180427,executed,LOW_RISK,1.0
20180427,20180502,executed,LOW_RISK,1.0
20180502,20180503,executed,884242.TI,0.09999999999999999
20180502,20180503,executed,884244.TI,0.09999999999999999
20180502,20180503,executed,884266.TI,0.09999999999999999
20180502,20180503,executed,LOW_RISK,0.7
20180503,20180504,executed,884242.TI,0.1006354305152415
20180503,20180504,executed,884244.TI,0.09876651315856824
20180503,20180504,executed,884266.TI,0.10130392840771295
20180503,20180504,executed,LOW_RISK,0.6992941279184773
20180504,20180507,executed,884242.TI,0.1024067650786416
20180504,20180507,executed,884244.TI,0.09915693858218809
20180504,20180507,executed,884266.TI,0.10111092568364605
20180504,20180507,executed,LOW_RISK,0.6973253706555242
20180507,20180508,executed,884242.TI,0.10339588819610791
20180507,20180508,executed,884244.TI,0.10055951238957665
20180507,20180508,executed,884266.TI,0.10245566986096252
20180507,20180508,executed,LOW_RISK,0.6935889295533529
20180508,20180509,executed,884242.TI,0.10385684301048854
20180508,20180509,executed,884244.TI,0.10162026012280956
20180508,20180509,executed,884266.TI,0.10135565438779594
20180508,20180509,executed,LOW_RISK,0.6931672424789059
20180509,20180510,executed,881145.TI,0.09999999999999999
20180509,20180510,executed,884239.TI,0.09999999999999999
20180509,20180510,executed,884242.TI,0.09999999999999999
20180509,20180510,executed,LOW_RISK,0.7
20180510,20180511,executed,881145.TI,0.09972698262850654
20180510,20180511,executed,884239.TI,0.10454740975674609
20180510,20180511,executed,884242.TI,0.10041378562692822
20180510,20180511,executed,LOW_RISK,0.6953118219878192
20180511,20180514,executed,881145.TI,0.09999999999999999
20180511,20180514,executed,884239.TI,0.09999999999999999
20180511,20180514,executed,884244.TI,0.09999999999999999
20180511,20180514,executed,LOW_RISK,0.7
20180514,20180515,executed,881145.TI,0.09968847240477817
20180514,20180515,executed,884239.TI,0.09959892511903404
20180514,20180515,executed,884244.TI,0.1002113025361219
20180514,20180515,executed,LOW_RISK,0.7005012999400659
20180515,20180516,executed,881145.TI,0.13999999999999999
20180515,20180516,executed,884201.TI,0.13999999999999999
20180515,20180516,executed,884239.TI,0.13999999999999999
20180515,20180516,executed,884244.TI,0.13999999999999999
20180515,20180516,executed,885761.TI,0.13999999999999999
20180515,20180516,executed,LOW_RISK,0.30000000000000004
20180516,20180517,executed,881123.TI,0.13999999999999999
20180516,20180517,executed,884201.TI,0.13999999999999999
20180516,20180517,executed,884239.TI,0.13999999999999999
20180516,20180517,executed,884244.TI,0.13999999999999999
20180516,20180517,executed,885761.TI,0.13999999999999999
20180516,20180517,executed,LOW_RISK,0.30000000000000004
20180517,20180518,executed,881123.TI,0.14091657690734866
20180517,20180518,executed,884201.TI,0.14053446978797351
20180517,20180518,executed,884239.TI,0.13842868961805993
20180517,20180518,executed,884244.TI,0.1407429494394365
20180517,20180518,executed,885761.TI,0.13796098217909514
20180517,20180518,executed,LOW_RISK,0.30141633206808627
20180518,20180521,executed,881123.TI,0.14200810030960864
20180518,20180521,executed,884201.TI,0.14138256007143915
20180518,20180521,executed,884239.TI,0.1383234577703045
20180518,20180521,executed,884244.TI,0.13994259127832256
20180518,20180521,executed,885761.TI,0.13908486948950358
20180518,20180521,executed,LOW_RISK,0.29925842108082157
20180521,20180522,executed,881123.TI,0.1423715489162423
20180521,20180522,executed,884201.TI,0.14308564248567404
20180521,20180522,executed,884239.TI,0.13681979639069441
20180521,20180522,executed,884244.TI,0.14110823265072397
20180521,20180522,executed,885761.TI,0.1383199118726059
20180521,20180522,executed,LOW_RISK,0.29829486768405933
20180522,20180523,executed,881123.TI,0.2
20180522,20180523,executed,881145.TI,0.2
20180522,20180523,executed,884201.TI,0.2
20180522,20180523,executed,884229.TI,0.2
20180522,20180523,executed,884244.TI,0.2
20180522,20180523,executed,LOW_RISK,0.0
20180523,20180524,executed,881145.TI,0.2
20180523,20180524,executed,884201.TI,0.2
20180523,20180524,executed,884229.TI,0.2
20180523,20180524,executed,884242.TI,0.2
20180523,20180524,executed,884244.TI,0.2
20180523,20180524,executed,LOW_RISK,0.0
20180524,20180525,executed,881145.TI,0.19868197696291415
20180524,20180525,executed,884201.TI,0.20327400287964104
20180524,20180525,executed,884229.TI,0.19463546237571683
20180524,20180525,executed,884242.TI,0.20095374923331108
20180524,20180525,executed,884244.TI,0.20245480854841702
20180524,20180525,executed,LOW_RISK,0.0
20180525,20180528,executed,881145.TI,0.2
20180525,20180528,executed,884212.TI,0.2
20180525,20180528,executed,884229.TI,0.2
20180525,20180528,executed,884242.TI,0.2
20180525,20180528,executed,884244.TI,0.2
20180525,20180528,executed,LOW_RISK,0.0
20180528,20180529,executed,881145.TI,0.2
20180528,20180529,executed,884212.TI,0.2
20180528,20180529,executed,884239.TI,0.2
20180528,20180529,executed,884242.TI,0.2
20180528,20180529,executed,884244.TI,0.2
20180528,20180529,executed,LOW_RISK,0.0
20180529,20180530,executed,884229.TI,0.175
20180529,20180530,executed,884239.TI,0.175
20180529,20180530,executed,884242.TI,0.175
20180529,20180530,executed,884244.TI,0.175
20180529,20180530,executed,LOW_RISK,0.30000000000000004
20180530,20180531,executed,881178.TI,0.175
20180530,20180531,executed,884212.TI,0.175
20180530,20180531,executed,884239.TI,0.175
20180530,20180531,executed,884244.TI,0.175
20180530,20180531,executed,LOW_RISK,0.30000000000000004
20180531,20180601,executed,881178.TI,0.09999999999999999
20180531,20180601,executed,884239.TI,0.09999999999999999
20180531,20180601,executed,884244.TI,0.09999999999999999
20180531,20180601,executed,LOW_RISK,0.7
20180601,20180604,executed,881178.TI,0.09999999999999999
20180601,20180604,executed,884233.TI,0.09999999999999999
20180601,20180604,executed,884244.TI,0.09999999999999999
20180601,20180604,executed,LOW_RISK,0.7
20180604,20180605,executed,881178.TI,0.09999999999999999
20180604,20180605,executed,884233.TI,0.09999999999999999
20180604,20180605,executed,885780.TI,0.09999999999999999
20180604,20180605,executed,LOW_RISK,0.7
20180605,20180606,executed,881178.TI,0.10160904725259487
20180605,20180606,executed,884233.TI,0.10110916234222075
20180605,20180606,executed,885780.TI,0.10084552824787794
20180605,20180606,executed,LOW_RISK,0.6964362621573064
20180606,20180607,executed,884209.TI,0.09999999999999999
20180606,20180607,executed,884233.TI,0.09999999999999999
20180606,20180607,executed,885780.TI,0.09999999999999999
20180606,20180607,executed,LOW_RISK,0.7
20180607,20180608,executed,884209.TI,0.09999999999999999
20180607,20180608,executed,884212.TI,0.09999999999999999
20180607,20180608,executed,884239.TI,0.09999999999999999
20180607,20180608,executed,LOW_RISK,0.7
20180608,20180611,executed,884209.TI,0.09838915056409424
20180608,20180611,executed,884212.TI,0.09899968891339743
20180608,20180611,executed,884239.TI,0.10119266891920584
20180608,20180611,executed,LOW_RISK,0.7014184916033025
20180611,20180612,executed,884209.TI,0.09873822603377089
20180611,20180612,executed,884212.TI,0.09908987400570425
20180611,20180612,executed,884239.TI,0.09794941525724687
20180611,20180612,executed,LOW_RISK,0.704222484703278
20180612,20180613,executed,884209.TI,0.09860553548948812
20180612,20180613,executed,884212.TI,0.09823646522866179
20180612,20180613,executed,884239.TI,0.1009869435442014
20180612,20180613,executed,LOW_RISK,0.7021710557376487
20180613,20180614,executed,884209.TI,0.09999999999999999
20180613,20180614,executed,884239.TI,0.09999999999999999
20180613,20180614,executed,884244.TI,0.09999999999999999
20180613,20180614,executed,LOW_RISK,0.7
20180614,20180615,executed,884209.TI,0.09999999999999999
20180614,20180615,executed,884239.TI,0.09999999999999999
20180614,20180615,executed,885525.TI,0.09999999999999999
20180614,20180615,executed,LOW_RISK,0.7
20180615,20180619,executed,884209.TI,0.09999999999999999
20180615,20180619,executed,884254.TI,0.09999999999999999
20180615,20180619,executed,885525.TI,0.09999999999999999
20180615,20180619,executed,LOW_RISK,0.7
20180619,20180620,executed,884244.TI,0.09999999999999999
20180619,20180620,executed,884254.TI,0.09999999999999999
20180619,20180620,executed,885525.TI,0.09999999999999999
20180619,20180620,executed,LOW_RISK,0.7
20180620,20180621,executed,LOW_RISK,1.0
20180621,20180622,executed,LOW_RISK,1.0
20180622,20180625,executed,LOW_RISK,1.0
20180625,20180626,executed,LOW_RISK,1.0
20180626,20180627,executed,LOW_RISK,1.0
20180627,20180628,executed,LOW_RISK,1.0
20180628,20180629,executed,LOW_RISK,1.0
20180629,20180702,executed,LOW_RISK,1.0
20180702,20180703,executed,LOW_RISK,1.0
20180703,20180704,executed,LOW_RISK,1.0
20180704,20180705,executed,LOW_RISK,1.0
20180705,20180706,executed,LOW_RISK,1.0
20180706,20180709,executed,LOW_RISK,1.0
20180709,20180710,executed,LOW_RISK,1.0
20180710,20180711,executed,LOW_RISK,1.0
20180711,20180712,executed,LOW_RISK,1.0
20180712,20180713,executed,LOW_RISK,1.0
20180713,20180716,executed,LOW_RISK,1.0
20180716,20180717,executed,LOW_RISK,1.0
20180717,20180718,executed,LOW_RISK,1.0
20180718,20180719,executed,LOW_RISK,1.0
20180719,20180720,executed,LOW_RISK,1.0
20180720,20180723,executed,LOW_RISK,1.0
20180723,20180724,executed,884254.TI,0.09999999999999999
20180723,20180724,executed,885406.TI,0.09999999999999999
20180723,20180724,executed,885591.TI,0.09999999999999999
20180723,20180724,executed,LOW_RISK,0.7
20180724,20180725,executed,884218.TI,0.09999999999999999
20180724,20180725,executed,885406.TI,0.09999999999999999
20180724,20180725,executed,885591.TI,0.09999999999999999
20180724,20180725,executed,LOW_RISK,0.7
20180725,20180726,executed,884218.TI,0.09937753085621512
20180725,20180726,executed,885406.TI,0.09907212057475115
20180725,20180726,executed,885591.TI,0.10026625451166733
20180725,20180726,executed,LOW_RISK,0.7012840940573664
20180726,20180727,executed,884218.TI,0.09723002916984101
20180726,20180727,executed,885406.TI,0.0984111774666783
20180726,20180727,executed,885591.TI,0.10093082406756786
20180726,20180727,executed,LOW_RISK,0.7034279692959129
20180727,20180730,executed,884218.TI,0.09604216797413037
20180727,20180730,executed,885406.TI,0.09828531586971007
20180727,20180730,executed,885591.TI,0.10105187469678352
20180727,20180730,executed,LOW_RISK,0.7046206414593761
20180730,20180731,executed,881171.TI,0.09999999999999999
20180730,20180731,executed,884218.TI,0.09999999999999999
20180730,20180731,executed,884254.TI,0.09999999999999999
20180730,20180731,executed,LOW_RISK,0.7
20180731,20180801,executed,881171.TI,0.09984852828526933
20180731,20180801,executed,884218.TI,0.1006058004868255
20180731,20180801,executed,884254.TI,0.09977466006399854
20180731,20180801,executed,LOW_RISK,0.6997710111639066
20180801,20180802,executed,881171.TI,0.09999999999999999
20180801,20180802,executed,884227.TI,0.09999999999999999
20180801,20180802,executed,884254.TI,0.09999999999999999
20180801,20180802,executed,LOW_RISK,0.7
20180802,20180803,executed,881171.TI,0.09760489661265916
20180802,20180803,executed,884227.TI,0.10058938066337597
20180802,20180803,executed,884254.TI,0.09722453025954239
20180802,20180803,executed,LOW_RISK,0.7045811924644225
20180803,20180806,executed,881171.TI,0.09999999999999999
20180803,20180806,executed,884229.TI,0.09999999999999999
20180803,20180806,executed,884230.TI,0.09999999999999999
20180803,20180806,executed,LOW_RISK,0.7
20180806,20180807,executed,884227.TI,0.09999999999999999
20180806,20180807,executed,884229.TI,0.09999999999999999
20180806,20180807,executed,884230.TI,0.09999999999999999
20180806,20180807,executed,LOW_RISK,0.7
20180807,20180808,executed,884227.TI,0.09999999999999999
20180807,20180808,executed,884229.TI,0.09999999999999999
20180807,20180808,executed,884254.TI,0.09999999999999999
20180807,20180808,executed,LOW_RISK,0.7
20180808,20180809,executed,884211.TI,0.09999999999999999
20180808,20180809,executed,884230.TI,0.09999999999999999
20180808,20180809,executed,885782.TI,0.09999999999999999
20180808,20180809,executed,LOW_RISK,0.7
20180809,20180810,executed,884211.TI,0.1029880226832713
20180809,20180810,executed,884230.TI,0.10064926056836591
20180809,20180810,executed,885782.TI,0.1008962913098662
20180809,20180810,executed,LOW_RISK,0.6954664254384966
20180810,20180813,executed,884211.TI,0.10197042849779363
20180810,20180813,executed,884230.TI,0.10009266434995887
20180810,20180813,executed,885782.TI,0.09945188677493709
20180810,20180813,executed,LOW_RISK,0.6984850203773104
20180813,20180814,executed,884211.TI,0.10192028794340327
20180813,20180814,executed,884230.TI,0.10108101636751102
20180813,20180814,executed,885782.TI,0.1006989385673591
20180813,20180814,executed,LOW_RISK,0.6962997571217266
20180814,20180815,executed,884211.TI,0.10254843170326206
20180814,20180815,executed,884230.TI,0.10124856700955825
20180814,20180815,executed,885782.TI,0.1007441235645419
20180814,20180815,executed,LOW_RISK,0.6954588777226378
20180815,20180816,executed,881121.TI,0.09999999999999999
20180815,20180816,executed,884227.TI,0.09999999999999999
20180815,20180816,executed,884229.TI,0.09999999999999999
20180815,20180816,executed,LOW_RISK,0.7
20180816,20180817,executed,881121.TI,0.09999999999999999
20180816,20180817,executed,884229.TI,0.09999999999999999
20180816,20180817,executed,885551.TI,0.09999999999999999
20180816,20180817,executed,LOW_RISK,0.7
20180817,20180820,executed,881121.TI,0.0975914142271808
20180817,20180820,executed,884229.TI,0.0992728097014434
20180817,20180820,executed,885551.TI,0.09837313454487097
20180817,20180820,executed,LOW_RISK,0.7047626415265048
20180820,20180821,executed,881121.TI,0.09908287257947293
20180820,20180821,executed,884229.TI,0.10052193802616312
20180820,20180821,executed,885551.TI,0.09779548093800217
20180820,20180821,executed,LOW_RISK,0.7025997084563618
20180821,20180822,executed,881121.TI,0.09933324790345127
20180821,20180822,executed,884229.TI,0.10032607843491578
20180821,20180822,executed,885551.TI,0.09822816084250086
20180821,20180822,executed,LOW_RISK,0.7021125128191321
20180822,20180823,executed,884211.TI,0.09999999999999999
20180822,20180823,executed,884229.TI,0.09999999999999999
20180822,20180823,executed,885551.TI,0.09999999999999999
20180822,20180823,executed,LOW_RISK,0.7
20180823,20180824,executed,884211.TI,0.09999999999999999
20180823,20180824,executed,884229.TI,0.09999999999999999
20180823,20180824,executed,884258.TI,0.09999999999999999
20180823,20180824,executed,LOW_RISK,0.7
20180824,20180827,executed,884211.TI,0.09827783133617378
20180824,20180827,executed,884229.TI,0.10009321812618957
20180824,20180827,executed,884258.TI,0.10003606318321816
20180824,20180827,executed,LOW_RISK,0.7015928873544185
20180827,20180828,executed,884211.TI,0.09912062040725866
20180827,20180828,executed,884229.TI,0.10194517729384758
20180827,20180828,executed,884258.TI,0.10177495561240162
20180827,20180828,executed,LOW_RISK,0.6971592466864922
20180828,20180829,executed,884211.TI,0.09918778174916891
20180828,20180829,executed,884229.TI,0.10309967870009723
20180828,20180829,executed,884258.TI,0.10126835628938641
20180828,20180829,executed,LOW_RISK,0.6964441832613475
20180829,20180830,executed,884229.TI,0.09999999999999999
20180829,20180830,executed,884258.TI,0.09999999999999999
20180829,20180830,executed,884266.TI,0.09999999999999999
20180829,20180830,executed,LOW_RISK,0.7
20180830,20180831,executed,884227.TI,0.09999999999999999
20180830,20180831,executed,884229.TI,0.09999999999999999
20180830,20180831,executed,884266.TI,0.09999999999999999
20180830,20180831,executed,LOW_RISK,0.7
20180831,20180903,executed,884227.TI,0.09887614322678301
20180831,20180903,executed,884229.TI,0.09873307910509156
20180831,20180903,executed,884266.TI,0.09936036546917688
20180831,20180903,executed,LOW_RISK,0.7030304121989486
20180903,20180904,executed,884227.TI,0.101445713690886
20180903,20180904,executed,884229.TI,0.10025551964225084
20180903,20180904,executed,884266.TI,0.10015217131536515
20180903,20180904,executed,LOW_RISK,0.698146595351498
20180904,20180905,executed,884227.TI,0.10619390625804775
20180904,20180905,executed,884229.TI,0.10243086974007463
20180904,20180905,executed,884266.TI,0.10265345302605752
20180904,20180905,executed,LOW_RISK,0.6887217709758201
20180905,20180906,executed,884227.TI,0.09999999999999999
20180905,20180906,executed,884229.TI,0.09999999999999999
20180905,20180906,executed,884250.TI,0.09999999999999999
20180905,20180906,executed,LOW_RISK,0.7
20180906,20180907,executed,884229.TI,0.09999999999999999
20180906,20180907,executed,884250.TI,0.09999999999999999
20180906,20180907,executed,885748.TI,0.09999999999999999
20180906,20180907,executed,LOW_RISK,0.7
20180907,20180910,executed,884229.TI,0.0936151000972372
20180907,20180910,executed,884250.TI,0.10053355286101008
20180907,20180910,executed,885748.TI,0.10161705929270275
20180907,20180910,executed,LOW_RISK,0.70423428774905
20180910,20180911,executed,881107.TI,0.09999999999999999
20180910,20180911,executed,884250.TI,0.09999999999999999
20180910,20180911,executed,885748.TI,0.09999999999999999
20180910,20180911,executed,LOW_RISK,0.7
20180911,20180912,executed,881107.TI,0.10381639066870205
20180911,20180912,executed,884250.TI,0.09782246447029862
20180911,20180912,executed,885748.TI,0.1044961344743669
20180911,20180912,executed,LOW_RISK,0.6938650103866324
20180912,20180913,executed,881107.TI,0.09999999999999999
20180912,20180913,executed,884229.TI,0.09999999999999999
20180912,20180913,executed,885748.TI,0.09999999999999999
20180912,20180913,executed,LOW_RISK,0.7
20180913,20180914,executed,881107.TI,0.09999999999999999
20180913,20180914,executed,884232.TI,0.09999999999999999
20180913,20180914,executed,885748.TI,0.09999999999999999
20180913,20180914,executed,LOW_RISK,0.7
20180914,20180917,executed,881107.TI,0.09857265249835331
20180914,20180917,executed,884232.TI,0.09996987050407624
20180914,20180917,executed,885748.TI,0.09886638343144818
20180914,20180917,executed,LOW_RISK,0.7025910935661223
20180917,20180918,executed,881180.TI,0.09999999999999999
20180917,20180918,executed,884232.TI,0.09999999999999999
20180917,20180918,executed,885748.TI,0.09999999999999999
20180917,20180918,executed,LOW_RISK,0.7
20180918,20180919,executed,881180.TI,0.10094218204321677
20180918,20180919,executed,884232.TI,0.10204244480798973
20180918,20180919,executed,885748.TI,0.10038904062825312
20180918,20180919,executed,LOW_RISK,0.6966263325205404
20180919,20180920,executed,881180.TI,0.10186092494087322
20180919,20180920,executed,884232.TI,0.10537206932777879
20180919,20180920,executed,885748.TI,0.1031553519976798
20180919,20180920,executed,LOW_RISK,0.6896116537336682
20180920,20180921,executed,881180.TI,0.10184653840824442
20180920,20180921,executed,884232.TI,0.10630909739734488
20180920,20180921,executed,885748.TI,0.10153159140923419
20180920,20180921,executed,LOW_RISK,0.6903127727851766
20180921,20180925,executed,881180.TI,0.09999999999999999
20180921,20180925,executed,884244.TI,0.09999999999999999
20180921,20180925,executed,885748.TI,0.09999999999999999
20180921,20180925,executed,LOW_RISK,0.7
20180925,20180926,executed,884244.TI,0.09999999999999999
20180925,20180926,executed,885595.TI,0.09999999999999999
20180925,20180926,executed,885641.TI,0.09999999999999999
20180925,20180926,executed,LOW_RISK,0.7
20180926,20180927,executed,884244.TI,0.10123894227252628
20180926,20180927,executed,885595.TI,0.10008549255683734
20180926,20180927,executed,885641.TI,0.0999126613813637
20180926,20180927,executed,LOW_RISK,0.6987629037892726
20180927,20180928,executed,884244.TI,0.10271726946803318
20180927,20180928,executed,885595.TI,0.09892349410913268
20180927,20180928,executed,885641.TI,0.09853522155422659
20180927,20180928,executed,LOW_RISK,0.6998240148686076
20180928,20181008,executed,884244.TI,0.10139372802892281
20180928,20181008,executed,885595.TI,0.0985178591467398
20180928,20181008,executed,885641.TI,0.0983013253230149
20180928,20181008,executed,LOW_RISK,0.7017870875013225
20181008,20181009,executed,884250.TI,0.09999999999999999
20181008,20181009,executed,885595.TI,0.09999999999999999
20181008,20181009,executed,885641.TI,0.09999999999999999
20181008,20181009,executed,LOW_RISK,0.7
20181009,20181010,executed,881107.TI,0.09999999999999999
20181009,20181010,executed,884228.TI,0.09999999999999999
20181009,20181010,executed,884250.TI,0.09999999999999999
20181009,20181010,executed,LOW_RISK,0.7
20181010,20181011,executed,881107.TI,0.09658379300231058
20181010,20181011,executed,884228.TI,0.09730116142250433
20181010,20181011,executed,884250.TI,0.09898443939941749
20181010,20181011,executed,LOW_RISK,0.7071306061757676
20181011,20181012,executed,881107.TI,0.09999999999999999
20181011,20181012,executed,884250.TI,0.09999999999999999
20181011,20181012,executed,885748.TI,0.09999999999999999
20181011,20181012,executed,LOW_RISK,0.7
20181012,20181015,executed,LOW_RISK,1.0
20181015,20181016,executed,LOW_RISK,1.0
20181016,20181017,executed,LOW_RISK,1.0
20181017,20181018,executed,LOW_RISK,1.0
20181018,20181019,executed,LOW_RISK,1.0
20181019,20181022,executed,LOW_RISK,1.0
20181022,20181023,executed,LOW_RISK,1.0
20181023,20181024,executed,LOW_RISK,1.0
20181024,20181025,executed,LOW_RISK,1.0
20181025,20181026,executed,LOW_RISK,1.0
20181026,20181029,executed,LOW_RISK,1.0
20181029,20181030,executed,LOW_RISK,1.0
20181030,20181031,executed,LOW_RISK,1.0
20181031,20181101,executed,LOW_RISK,1.0
20181101,20181102,executed,LOW_RISK,1.0
20181102,20181105,executed,LOW_RISK,1.0
20181105,20181106,executed,LOW_RISK,1.0
20181106,20181107,executed,LOW_RISK,1.0
20181107,20181108,executed,LOW_RISK,1.0
20181108,20181109,executed,LOW_RISK,1.0
20181109,20181112,executed,LOW_RISK,1.0
20181112,20181113,executed,LOW_RISK,1.0
20181113,20181114,executed,LOW_RISK,1.0
20181114,20181115,executed,881155.TI,0.09999999999999999
20181114,20181115,executed,884249.TI,0.09999999999999999
20181114,20181115,executed,884250.TI,0.09999999999999999
20181114,20181115,executed,LOW_RISK,0.7
20181115,20181116,executed,881155.TI,0.10102773849445777
20181115,20181116,executed,884249.TI,0.100514581490169
20181115,20181116,executed,884250.TI,0.10063169619302802
20181115,20181116,executed,LOW_RISK,0.6978259838223453
20181116,20181119,executed,881155.TI,0.10157946556855822
20181116,20181119,executed,884249.TI,0.10054816584891996
20181116,20181119,executed,884250.TI,0.1007905517776694
20181116,20181119,executed,LOW_RISK,0.6970818168048525
20181119,20181120,executed,881155.TI,0.1023709837632066
20181119,20181120,executed,884249.TI,0.10090545943135658
20181119,20181120,executed,884250.TI,0.10110619944920571
20181119,20181120,executed,LOW_RISK,0.6956173573562311
20181120,20181121,executed,881155.TI,0.10048092935013941
20181120,20181121,executed,884249.TI,0.10023725612176776
20181120,20181121,executed,884250.TI,0.10002192518214506
20181120,20181121,executed,LOW_RISK,0.6992598893459477
20181121,20181122,executed,881157.TI,0.09999999999999999
20181121,20181122,executed,884205.TI,0.09999999999999999
20181121,20181122,executed,885493.TI,0.09999999999999999
20181121,20181122,executed,LOW_RISK,0.7
20181122,20181123,executed,881157.TI,0.0985529680507894
20181122,20181123,executed,884205.TI,0.09864733905639556
20181122,20181123,executed,885493.TI,0.09906774418630832
20181122,20181123,executed,LOW_RISK,0.7037319487065068
20181123,20181126,executed,LOW_RISK,1.0
20181126,20181127,executed,LOW_RISK,1.0
20181127,20181128,executed,LOW_RISK,1.0
20181128,20181129,executed,LOW_RISK,1.0
20181129,20181130,executed,LOW_RISK,1.0
20181130,20181203,executed,LOW_RISK,1.0
20181203,20181204,executed,LOW_RISK,1.0
20181204,20181205,executed,LOW_RISK,1.0
20181205,20181206,executed,LOW_RISK,1.0
20181206,20181207,executed,LOW_RISK,1.0
20181207,20181210,executed,884228.TI,0.09999999999999999
20181207,20181210,executed,884269.TI,0.09999999999999999
20181207,20181210,executed,884272.TI,0.09999999999999999
20181207,20181210,executed,LOW_RISK,0.7
20181210,20181211,executed,884228.TI,0.1030262794915195
20181210,20181211,executed,884269.TI,0.09956136918470807
20181210,20181211,executed,884272.TI,0.10002029395308917
20181210,20181211,executed,LOW_RISK,0.6973920573706833
20181211,20181212,executed,884228.TI,0.10229386939219583
20181211,20181212,executed,884269.TI,0.09997221856649144
20181211,20181212,executed,884272.TI,0.10217582966096592
20181211,20181212,executed,LOW_RISK,0.6955580823803469
20181212,20181213,executed,884228.TI,0.10118011036436357
20181212,20181213,executed,884269.TI,0.0997712741279046
20181212,20181213,executed,884272.TI,0.10446297259934399
20181212,20181213,executed,LOW_RISK,0.6945856429083879
20181213,20181214,executed,884228.TI,0.10150379830810675
20181213,20181214,executed,884269.TI,0.09990308712280875
20181213,20181214,executed,884272.TI,0.10648678768620687
20181213,20181214,executed,LOW_RISK,0.6921063268828777
20181214,20181217,executed,884146.TI,0.09999999999999999
20181214,20181217,executed,884203.TI,0.09999999999999999
20181214,20181217,executed,885413.TI,0.09999999999999999
20181214,20181217,executed,LOW_RISK,0.7
20181217,20181218,executed,884146.TI,0.0997347982949433
20181217,20181218,executed,884203.TI,0.10101328746219221
20181217,20181218,executed,885413.TI,0.10104973628929688
20181217,20181218,executed,LOW_RISK,0.6982021779535676
20181218,20181219,executed,884146.TI,0.10030794955469687
20181218,20181219,executed,884203.TI,0.1010241308416529
20181218,20181219,executed,885413.TI,0.10117395076927398
20181218,20181219,executed,LOW_RISK,0.6974939688343762
20181219,20181220,executed,884146.TI,0.09939391674079089
20181219,20181220,executed,884203.TI,0.1007045210023097
20181219,20181220,executed,885413.TI,0.10045186161947088
20181219,20181220,executed,LOW_RISK,0.6994497006374285
20181220,20181221,executed,884146.TI,0.09920764215675243
20181220,20181221,executed,884203.TI,0.10281355690497904
20181220,20181221,executed,885413.TI,0.10162135368761814
20181220,20181221,executed,LOW_RISK,0.6963574472506504
20181221,20181224,executed,884262.TI,0.09999999999999999
20181221,20181224,executed,884265.TI,0.09999999999999999
20181221,20181224,executed,885413.TI,0.09999999999999999
20181221,20181224,executed,LOW_RISK,0.7
20181224,20181225,executed,884262.TI,0.1017038229493797
20181224,20181225,executed,884265.TI,0.1031914281796679
20181224,20181225,executed,885413.TI,0.09880578083083065
20181224,20181225,executed,LOW_RISK,0.6962989680401217
20181225,20181226,executed,884262.TI,0.09999999999999999
20181225,20181226,executed,884265.TI,0.09999999999999999
20181225,20181226,executed,885311.TI,0.09999999999999999
20181225,20181226,executed,LOW_RISK,0.7
20181226,20181227,executed,884262.TI,0.09903949101178093
20181226,20181227,executed,884265.TI,0.09974272407006943
20181226,20181227,executed,885311.TI,0.10231275167457363
20181226,20181227,executed,LOW_RISK,0.698905033243576
20181227,20181228,executed,884262.TI,0.09796706321834148
20181227,20181228,executed,884265.TI,0.09867421505643864
20181227,20181228,executed,885311.TI,0.09954490606676406
20181227,20181228,executed,LOW_RISK,0.7038138156584558
20181228,20190102,executed,884262.TI,0.09692865206023281
20181228,20190102,executed,884265.TI,0.10113936385355099
20181228,20190102,executed,885311.TI,0.09932035407739075
20181228,20190102,executed,LOW_RISK,0.7026116300088254
20190102,20190103,executed,884262.TI,0.09999999999999999
20190102,20190103,executed,885311.TI,0.09999999999999999
20190102,20190103,executed,885791.TI,0.09999999999999999
20190102,20190103,executed,LOW_RISK,0.7
20190103,20190104,executed,884091.TI,0.09999999999999999
20190103,20190104,executed,885772.TI,0.09999999999999999
20190103,20190104,executed,885791.TI,0.09999999999999999
20190103,20190104,executed,LOW_RISK,0.7
20190104,20190107,executed,884091.TI,0.10197255373525724
20190104,20190107,executed,885772.TI,0.10460786811352979
20190104,20190107,executed,885791.TI,0.10321508686915105
20190104,20190107,executed,LOW_RISK,0.690204491282062
20190107,20190108,executed,884091.TI,0.10304034572898756
20190107,20190108,executed,885772.TI,0.10675436739769925
20190107,20190108,executed,885791.TI,0.10450019802903265
20190107,20190108,executed,LOW_RISK,0.6857050888442806
20190108,20190109,executed,884091.TI,0.10313020390498982
20190108,20190109,executed,885772.TI,0.10769678416942638
20190108,20190109,executed,885791.TI,0.10464321347970593
20190108,20190109,executed,LOW_RISK,0.6845297984458778
20190109,20190110,executed,884084.TI,0.09999999999999999
20190109,20190110,executed,884091.TI,0.09999999999999999
20190109,20190110,executed,885772.TI,0.09999999999999999
20190109,20190110,executed,LOW_RISK,0.7
20190110,20190111,executed,884084.TI,0.09999999999999999
20190110,20190111,executed,884130.TI,0.09999999999999999
20190110,20190111,executed,884146.TI,0.09999999999999999
20190110,20190111,executed,LOW_RISK,0.7
20190111,20190114,executed,884084.TI,0.09876234644879807
20190111,20190114,executed,884130.TI,0.09946670131633488
20190111,20190114,executed,884146.TI,0.10065282692934237
20190111,20190114,executed,LOW_RISK,0.7011181253055248
20190114,20190115,executed,884084.TI,0.09723173354803771
20190114,20190115,executed,884130.TI,0.10229715302172222
20190114,20190115,executed,884146.TI,0.09987604996274853
20190114,20190115,executed,LOW_RISK,0.7005950634674916
20190115,20190116,executed,881149.TI,0.06
20190115,20190116,executed,884084.TI,0.06
20190115,20190116,executed,884130.TI,0.06
20190115,20190116,executed,884146.TI,0.06
20190115,20190116,executed,884154.TI,0.06
20190115,20190116,executed,LOW_RISK,0.7
20190116,20190117,executed,881149.TI,0.06
20190116,20190117,executed,884130.TI,0.06
20190116,20190117,executed,884146.TI,0.06
20190116,20190117,executed,884154.TI,0.06
20190116,20190117,executed,884162.TI,0.06
20190116,20190117,executed,LOW_RISK,0.7
20190117,20190118,executed,881135.TI,0.06
20190117,20190118,executed,881149.TI,0.06
20190117,20190118,executed,884154.TI,0.06
20190117,20190118,executed,884162.TI,0.06
20190117,20190118,executed,885641.TI,0.06
20190117,20190118,executed,LOW_RISK,0.7
20190118,20190121,executed,881135.TI,0.059917883873382025
20190118,20190121,executed,881149.TI,0.06017534512627013
20190118,20190121,executed,884154.TI,0.060105149089013994
20190118,20190121,executed,884162.TI,0.06024879282128367
20190118,20190121,executed,885641.TI,0.06023061574374923
20190118,20190121,executed,LOW_RISK,0.699322213346301
20190121,20190122,executed,881135.TI,0.06025399834397016
20190121,20190122,executed,881149.TI,0.06017917084792584
20190121,20190122,executed,884154.TI,0.06014369928643223
20190121,20190122,executed,884162.TI,0.06008911177522564
20190121,20190122,executed,885641.TI,0.06023703168656904
20190121,20190122,executed,LOW_RISK,0.6990969880598771
20190122,20190123,executed,881135.TI,0.06028152305551644
20190122,20190123,executed,881149.TI,0.05976505924158896
20190122,20190123,executed,884154.TI,0.05975025149356009
20190122,20190123,executed,884162.TI,0.05982279734205576
20190122,20190123,executed,885641.TI,0.05970836524988121
20190122,20190123,executed,LOW_RISK,0.7006720036173975
20190123,20190124,executed,881135.TI,0.06
20190123,20190124,executed,881149.TI,0.06
20190123,20190124,executed,884147.TI,0.06
20190123,20190124,executed,884162.TI,0.06
20190123,20190124,executed,885641.TI,0.06
20190123,20190124,executed,LOW_RISK,0.7
20190124,20190125,executed,881135.TI,0.06
20190124,20190125,executed,884125.TI,0.06
20190124,20190125,executed,884147.TI,0.06
20190124,20190125,executed,884162.TI,0.06
20190124,20190125,executed,884238.TI,0.06
20190124,20190125,executed,LOW_RISK,0.7
20190125,20190128,executed,884125.TI,0.06
20190125,20190128,executed,884128.TI,0.06
20190125,20190128,executed,884147.TI,0.06
20190125,20190128,executed,884162.TI,0.06
20190125,20190128,executed,884238.TI,0.06
20190125,20190128,executed,LOW_RISK,0.7
20190128,20190129,executed,884125.TI,0.0590951821099847
20190128,20190129,executed,884128.TI,0.05947798629046945
20190128,20190129,executed,884147.TI,0.05950293248493237
20190128,20190129,executed,884162.TI,0.05951789695034213
20190128,20190129,executed,884238.TI,0.06012585012849669
20190128,20190129,executed,LOW_RISK,0.7022801520357747
20190129,20190130,executed,883301.TI,0.06
20190129,20190130,executed,884125.TI,0.06
20190129,20190130,executed,884128.TI,0.06
20190129,20190130,executed,884147.TI,0.06
20190129,20190130,executed,884238.TI,0.06
20190129,20190130,executed,LOW_RISK,0.7
20190130,20190131,executed,883301.TI,0.09999999999999999
20190130,20190131,executed,884128.TI,0.09999999999999999
20190130,20190131,executed,884147.TI,0.09999999999999999
20190130,20190131,executed,LOW_RISK,0.7
20190131,20190201,executed,883301.TI,0.09999999999999999
20190131,20190201,executed,884128.TI,0.09999999999999999
20190131,20190201,executed,884155.TI,0.09999999999999999
20190131,20190201,executed,LOW_RISK,0.7
20190201,20190211,executed,883301.TI,0.09999999999999999
20190201,20190211,executed,884155.TI,0.09999999999999999
20190201,20190211,executed,884265.TI,0.09999999999999999
20190201,20190211,executed,LOW_RISK,0.7
20190211,20190212,executed,883301.TI,0.10097035884317287
20190211,20190212,executed,884155.TI,0.10042285612656464
20190211,20190212,executed,884265.TI,0.10372415062368244
20190211,20190212,executed,LOW_RISK,0.69488263440658
20190212,20190213,executed,884045.TI,0.09999999999999999
20190212,20190213,executed,884155.TI,0.09999999999999999
20190212,20190213,executed,884265.TI,0.09999999999999999
20190212,20190213,executed,LOW_RISK,0.7
20190213,20190214,executed,884045.TI,0.09951209081932934
20190213,20190214,executed,884155.TI,0.10033114367545612
20190213,20190214,executed,884265.TI,0.10342075489579512
20190213,20190214,executed,LOW_RISK,0.6967360106094194
20190214,20190215,executed,884045.TI,0.09963631352771561
20190214,20190215,executed,884155.TI,0.10003457307226826
20190214,20190215,executed,884265.TI,0.10459885444911342
20190214,20190215,executed,LOW_RISK,0.6957302589509027
20190215,20190218,executed,884045.TI,0.06
20190215,20190218,executed,884147.TI,0.06
20190215,20190218,executed,884155.TI,0.06
20190215,20190218,executed,884247.TI,0.06
20190215,20190218,executed,884250.TI,0.06
20190215,20190218,executed,LOW_RISK,0.7
20190218,20190219,executed,884045.TI,0.13999999999999999
20190218,20190219,executed,884147.TI,0.13999999999999999
20190218,20190219,executed,884155.TI,0.13999999999999999
20190218,20190219,executed,884247.TI,0.13999999999999999
20190218,20190219,executed,884250.TI,0.13999999999999999
20190218,20190219,executed,LOW_RISK,0.30000000000000004
20190219,20190220,executed,884045.TI,0.13999999999999999
20190219,20190220,executed,884119.TI,0.13999999999999999
20190219,20190220,executed,884147.TI,0.13999999999999999
20190219,20190220,executed,884247.TI,0.13999999999999999
20190219,20190220,executed,884250.TI,0.13999999999999999
20190219,20190220,executed,LOW_RISK,0.30000000000000004
20190220,20190221,executed,884045.TI,0.13949826611086816
20190220,20190221,executed,884119.TI,0.1424782626244298
20190220,20190221,executed,884147.TI,0.13950732010315442
20190220,20190221,executed,884247.TI,0.1410508512233773
20190220,20190221,executed,884250.TI,0.13896263253366112
20190220,20190221,executed,LOW_RISK,0.29850266740450926
20190221,20190222,executed,884119.TI,0.13999999999999999
20190221,20190222,executed,884147.TI,0.13999999999999999
20190221,20190222,executed,884221.TI,0.13999999999999999
20190221,20190222,executed,884247.TI,0.13999999999999999
20190221,20190222,executed,884250.TI,0.13999999999999999
20190221,20190222,executed,LOW_RISK,0.30000000000000004
20190222,20190225,executed,884119.TI,0.13999999999999999
20190222,20190225,executed,884147.TI,0.13999999999999999
20190222,20190225,executed,884152.TI,0.13999999999999999
20190222,20190225,executed,884221.TI,0.13999999999999999
20190222,20190225,executed,884244.TI,0.13999999999999999
20190222,20190225,executed,LOW_RISK,0.30000000000000004
20190225,20190226,executed,884119.TI,0.13999999999999999
20190225,20190226,executed,884152.TI,0.13999999999999999
20190225,20190226,executed,884221.TI,0.13999999999999999
20190225,20190226,executed,884244.TI,0.13999999999999999
20190225,20190226,executed,885428.TI,0.13999999999999999
20190225,20190226,executed,LOW_RISK,0.30000000000000004
20190226,20190227,executed,881145.TI,0.13999999999999999
20190226,20190227,executed,884152.TI,0.13999999999999999
20190226,20190227,executed,884221.TI,0.13999999999999999
20190226,20190227,executed,884244.TI,0.13999999999999999
20190226,20190227,executed,885428.TI,0.13999999999999999
20190226,20190227,executed,LOW_RISK,0.30000000000000004
20190227,20190228,executed,881145.TI,0.14090811440858253
20190227,20190228,executed,884152.TI,0.14005997871078366
20190227,20190228,executed,884221.TI,0.13917645649516397
20190227,20190228,executed,884244.TI,0.14053375908829185
20190227,20190228,executed,885428.TI,0.13907844759713683
20190227,20190228,executed,LOW_RISK,0.3002432437000412
20190228,20190301,executed,881145.TI,0.13999999999999999
20190228,20190301,executed,884147.TI,0.13999999999999999
20190228,20190301,executed,884152.TI,0.13999999999999999
20190228,20190301,executed,884244.TI,0.13999999999999999
20190228,20190301,executed,885428.TI,0.13999999999999999
20190228,20190301,executed,LOW_RISK,0.30000000000000004
20190301,20190304,executed,881145.TI,0.13999999999999999
20190301,20190304,executed,881175.TI,0.13999999999999999
20190301,20190304,executed,884147.TI,0.13999999999999999
20190301,20190304,executed,885428.TI,0.13999999999999999
20190301,20190304,executed,885572.TI,0.13999999999999999
20190301,20190304,executed,LOW_RISK,0.30000000000000004
20190304,20190305,executed,881145.TI,0.14083274948374241
20190304,20190305,executed,881175.TI,0.1403308992935404
20190304,20190305,executed,884147.TI,0.14171912262355532
20190304,20190305,executed,885428.TI,0.13966163220684627
20190304,20190305,executed,885572.TI,0.14040070135198163
20190304,20190305,executed,LOW_RISK,0.297054895040334
20190305,20190306,executed,881145.TI,0.13999999999999999
20190305,20190306,executed,881175.TI,0.13999999999999999
20190305,20190306,executed,884147.TI,0.13999999999999999
20190305,20190306,executed,885572.TI,0.13999999999999999
20190305,20190306,executed,885699.TI,0.13999999999999999
20190305,20190306,executed,LOW_RISK,0.30000000000000004
20190306,20190307,executed,881145.TI,0.14072544067178588
20190306,20190307,executed,881175.TI,0.140261947720769
20190306,20190307,executed,884147.TI,0.1402295663740855
20190306,20190307,executed,885572.TI,0.14061724846442855
20190306,20190307,executed,885699.TI,0.14283326516874603
20190306,20190307,executed,LOW_RISK,0.295332531600185
20190307,20190308,executed,881145.TI,0.2
20190307,20190308,executed,881175.TI,0.2
20190307,20190308,executed,885426.TI,0.2
20190307,20190308,executed,885572.TI,0.2
20190307,20190308,executed,885699.TI,0.2
20190307,20190308,executed,LOW_RISK,0.0
20190308,20190311,executed,881103.TI,0.2
20190308,20190311,executed,881145.TI,0.2
20190308,20190311,executed,885426.TI,0.2
20190308,20190311,executed,885572.TI,0.2
20190308,20190311,executed,885699.TI,0.2
20190308,20190311,executed,LOW_RISK,0.0
20190311,20190312,executed,881103.TI,0.2
20190311,20190312,executed,884125.TI,0.2
20190311,20190312,executed,885426.TI,0.2
20190311,20190312,executed,885572.TI,0.2
20190311,20190312,executed,885699.TI,0.2
20190311,20190312,executed,LOW_RISK,0.0
20190312,20190313,executed,881103.TI,0.13999999999999999
20190312,20190313,executed,884125.TI,0.13999999999999999
20190312,20190313,executed,884126.TI,0.13999999999999999
20190312,20190313,executed,885426.TI,0.13999999999999999
20190312,20190313,executed,885462.TI,0.13999999999999999
20190312,20190313,executed,LOW_RISK,0.30000000000000004
20190313,20190314,executed,881103.TI,0.13522231300563056
20190313,20190314,executed,884125.TI,0.13874185039797304
20190313,20190314,executed,884126.TI,0.14239150519390695
20190313,20190314,executed,885426.TI,0.13935228531201996
20190313,20190314,executed,885462.TI,0.13729609666704629
20190313,20190314,executed,LOW_RISK,0.30699594942342323
20190314,20190315,executed,881103.TI,0.13999999999999999
20190314,20190315,executed,884125.TI,0.13999999999999999
20190314,20190315,executed,884126.TI,0.13999999999999999
20190314,20190315,executed,884141.TI,0.13999999999999999
20190314,20190315,executed,885462.TI,0.13999999999999999
20190314,20190315,executed,LOW_RISK,0.30000000000000004
20190315,20190318,executed,884125.TI,0.13999999999999999
20190315,20190318,executed,884126.TI,0.13999999999999999
20190315,20190318,executed,884141.TI,0.13999999999999999
20190315,20190318,executed,885462.TI,0.13999999999999999
20190315,20190318,executed,885572.TI,0.13999999999999999
20190315,20190318,executed,LOW_RISK,0.30000000000000004
20190318,20190319,executed,881175.TI,0.13999999999999999
20190318,20190319,executed,884126.TI,0.13999999999999999
20190318,20190319,executed,884141.TI,0.13999999999999999
20190318,20190319,executed,885462.TI,0.13999999999999999
20190318,20190319,executed,885572.TI,0.13999999999999999
20190318,20190319,executed,LOW_RISK,0.30000000000000004
20190319,20190320,executed,881103.TI,0.13999999999999999
20190319,20190320,executed,881175.TI,0.13999999999999999
20190319,20190320,executed,884141.TI,0.13999999999999999
20190319,20190320,executed,885508.TI,0.13999999999999999
20190319,20190320,executed,885572.TI,0.13999999999999999
20190319,20190320,executed,LOW_RISK,0.30000000000000004
20190320,20190321,executed,881103.TI,0.13871045466922416
20190320,20190321,executed,881175.TI,0.13936110187715778
20190320,20190321,executed,884141.TI,0.14174531827627665
20190320,20190321,executed,885508.TI,0.13925640566311612
20190320,20190321,executed,885572.TI,0.14212134816567396
20190320,20190321,executed,LOW_RISK,0.29880537134855134
20190321,20190322,executed,881103.TI,0.13999999999999999
20190321,20190322,executed,881175.TI,0.13999999999999999
20190321,20190322,executed,885508.TI,0.13999999999999999
20190321,20190322,executed,885572.TI,0.13999999999999999
20190321,20190322,executed,885699.TI,0.13999999999999999
20190321,20190322,executed,LOW_RISK,0.30000000000000004
20190322,20190325,executed,881103.TI,0.13729379659084062
20190322,20190325,executed,881175.TI,0.13869341453357065
20190322,20190325,executed,885508.TI,0.1413945105604445
20190322,20190325,executed,885572.TI,0.14126482862440695
20190322,20190325,executed,885699.TI,0.1401476227337833
20190322,20190325,executed,LOW_RISK,0.30120582695695397
20190325,20190326,executed,881103.TI,0.13999999999999999
20190325,20190326,executed,884242.TI,0.13999999999999999
20190325,20190326,executed,885508.TI,0.13999999999999999
20190325,20190326,executed,885572.TI,0.13999999999999999
20190325,20190326,executed,885699.TI,0.13999999999999999
20190325,20190326,executed,LOW_RISK,0.30000000000000004
20190326,20190327,executed,884136.TI,0.13999999999999999
20190326,20190327,executed,884242.TI,0.13999999999999999
20190326,20190327,executed,885508.TI,0.13999999999999999
20190326,20190327,executed,885572.TI,0.13999999999999999
20190326,20190327,executed,885699.TI,0.13999999999999999
20190326,20190327,executed,LOW_RISK,0.30000000000000004
20190327,20190328,executed,884041.TI,0.13999999999999999
20190327,20190328,executed,884136.TI,0.13999999999999999
20190327,20190328,executed,884242.TI,0.13999999999999999
20190327,20190328,executed,885572.TI,0.13999999999999999
20190327,20190328,executed,885699.TI,0.13999999999999999
20190327,20190328,executed,LOW_RISK,0.30000000000000004
20190328,20190329,executed,884041.TI,0.13999999999999999
20190328,20190329,executed,884136.TI,0.13999999999999999
20190328,20190329,executed,884242.TI,0.13999999999999999
20190328,20190329,executed,884271.TI,0.13999999999999999
20190328,20190329,executed,885572.TI,0.13999999999999999
20190328,20190329,executed,LOW_RISK,0.30000000000000004
20190329,20190401,executed,884041.TI,0.14063858740050494
20190329,20190401,executed,884136.TI,0.14017521834422983
20190329,20190401,executed,884242.TI,0.1422489542921567
20190329,20190401,executed,884271.TI,0.140296572622917
20190329,20190401,executed,885572.TI,0.1422313308936748
20190329,20190401,executed,LOW_RISK,0.2944093364465168
20190401,20190402,executed,881160.TI,0.13999999999999999
20190401,20190402,executed,884041.TI,0.13999999999999999
20190401,20190402,executed,884136.TI,0.13999999999999999
20190401,20190402,executed,884271.TI,0.13999999999999999
20190401,20190402,executed,885572.TI,0.13999999999999999
20190401,20190402,executed,LOW_RISK,0.30000000000000004
20190402,20190403,executed,881160.TI,0.13999999999999999
20190402,20190403,executed,884041.TI,0.13999999999999999
20190402,20190403,executed,884254.TI,0.13999999999999999
20190402,20190403,executed,884271.TI,0.13999999999999999
20190402,20190403,executed,885572.TI,0.13999999999999999
20190402,20190403,executed,LOW_RISK,0.30000000000000004
20190403,20190404,executed,881160.TI,0.13999999999999999
20190403,20190404,executed,884031.TI,0.13999999999999999
20190403,20190404,executed,884254.TI,0.13999999999999999
20190403,20190404,executed,884271.TI,0.13999999999999999
20190403,20190404,executed,885572.TI,0.13999999999999999
20190403,20190404,executed,LOW_RISK,0.30000000000000004
20190404,20190408,executed,881160.TI,0.13999999999999999
20190404,20190408,executed,884031.TI,0.13999999999999999
20190404,20190408,executed,884045.TI,0.13999999999999999
20190404,20190408,executed,884254.TI,0.13999999999999999
20190404,20190408,executed,884271.TI,0.13999999999999999
20190404,20190408,executed,LOW_RISK,0.30000000000000004
20190408,20190409,executed,881160.TI,0.13849056790694267
20190408,20190409,executed,884031.TI,0.14037494862100383
20190408,20190409,executed,884045.TI,0.14500425970853376
20190408,20190409,executed,884254.TI,0.1396613948527497
20190408,20190409,executed,884271.TI,0.13713216053343152
20190408,20190409,executed,LOW_RISK,0.2993366683773385
20190409,20190410,executed,884031.TI,0.13999999999999999
20190409,20190410,executed,884045.TI,0.13999999999999999
20190409,20190410,executed,884119.TI,0.13999999999999999
20190409,20190410,executed,884254.TI,0.13999999999999999
20190409,20190410,executed,884271.TI,0.13999999999999999
20190409,20190410,executed,LOW_RISK,0.30000000000000004
20190410,20190411,executed,884031.TI,0.13999999999999999
20190410,20190411,executed,884045.TI,0.13999999999999999
20190410,20190411,executed,884119.TI,0.13999999999999999
20190410,20190411,executed,884249.TI,0.13999999999999999
20190410,20190411,executed,884271.TI,0.13999999999999999
20190410,20190411,executed,LOW_RISK,0.30000000000000004
20190411,20190412,executed,884031.TI,0.14294905192796054
20190411,20190412,executed,884045.TI,0.13596476082481604
20190411,20190412,executed,884119.TI,0.13808580868913684
20190411,20190412,executed,884249.TI,0.14041589809210037
20190411,20190412,executed,884271.TI,0.139953929006078
20190411,20190412,executed,LOW_RISK,0.30263055145990825
20190412,20190415,executed,881149.TI,0.2
20190412,20190415,executed,884031.TI,0.2
20190412,20190415,executed,884119.TI,0.2
20190412,20190415,executed,884249.TI,0.2
20190412,20190415,executed,884271.TI,0.2
20190412,20190415,executed,LOW_RISK,0.0
20190415,20190416,executed,881149.TI,0.2021358605797942
20190415,20190416,executed,884031.TI,0.1980053489326336
20190415,20190416,executed,884119.TI,0.19487406001645066
20190415,20190416,executed,884249.TI,0.2043034812222869
20190415,20190416,executed,884271.TI,0.20068124924883468
20190415,20190416,executed,LOW_RISK,0.0
20190416,20190417,executed,881149.TI,0.2
20190416,20190417,executed,884089.TI,0.2
20190416,20190417,executed,884154.TI,0.2
20190416,20190417,executed,884249.TI,0.2
20190416,20190417,executed,884271.TI,0.2
20190416,20190417,executed,LOW_RISK,0.0
20190417,20190418,executed,881149.TI,0.2
20190417,20190418,executed,884089.TI,0.2
20190417,20190418,executed,884132.TI,0.2
20190417,20190418,executed,884154.TI,0.2
20190417,20190418,executed,885819.TI,0.2
20190417,20190418,executed,LOW_RISK,0.0
20190418,20190419,executed,881149.TI,0.20075381264933514
20190418,20190419,executed,884089.TI,0.20221480837295486
20190418,20190419,executed,884132.TI,0.19648372257573035
20190418,20190419,executed,884154.TI,0.20065930592979447
20190418,20190419,executed,885819.TI,0.19988835047218526
20190418,20190419,executed,LOW_RISK,0.0
20190419,20190422,executed,881149.TI,0.19909931753046356
20190419,20190422,executed,884089.TI,0.20770153081524245
20190419,20190422,executed,884132.TI,0.19575897850209117
20190419,20190422,executed,884154.TI,0.19893469361832544
20190419,20190422,executed,885819.TI,0.19850547953387743
20190419,20190422,executed,LOW_RISK,0.0
20190422,20190423,executed,881149.TI,0.20021840654858758
20190422,20190423,executed,884089.TI,0.20510144959868662
20190422,20190423,executed,884132.TI,0.1963136150964035
20190422,20190423,executed,884154.TI,0.20015816683762389
20190422,20190423,executed,885819.TI,0.19820836191869848
20190422,20190423,executed,LOW_RISK,0.0
20190423,20190424,executed,881149.TI,0.2
20190423,20190424,executed,883301.TI,0.2
20190423,20190424,executed,884132.TI,0.2
20190423,20190424,executed,884154.TI,0.2
20190423,20190424,executed,885819.TI,0.2
20190423,20190424,executed,LOW_RISK,0.0
20190424,20190425,executed,881149.TI,0.2
20190424,20190425,executed,883301.TI,0.2
20190424,20190425,executed,884154.TI,0.2
20190424,20190425,executed,884227.TI,0.2
20190424,20190425,executed,885819.TI,0.2
20190424,20190425,executed,LOW_RISK,0.0
20190425,20190426,executed,883301.TI,0.2
20190425,20190426,executed,884146.TI,0.2
20190425,20190426,executed,884154.TI,0.2
20190425,20190426,executed,884197.TI,0.2
20190425,20190426,executed,884227.TI,0.2
20190425,20190426,executed,LOW_RISK,0.0
20190426,20190429,executed,883301.TI,0.2
20190426,20190429,executed,884146.TI,0.2
20190426,20190429,executed,884197.TI,0.2
20190426,20190429,executed,884227.TI,0.2
20190426,20190429,executed,884249.TI,0.2
20190426,20190429,executed,LOW_RISK,0.0
20190429,20190430,executed,883301.TI,0.13999999999999999
20190429,20190430,executed,884146.TI,0.13999999999999999
20190429,20190430,executed,884197.TI,0.13999999999999999
20190429,20190430,executed,884227.TI,0.13999999999999999
20190429,20190430,executed,884249.TI,0.13999999999999999
20190429,20190430,executed,LOW_RISK,0.30000000000000004
20190430,20190506,executed,884146.TI,0.13999999999999999
20190430,20190506,executed,884197.TI,0.13999999999999999
20190430,20190506,executed,884214.TI,0.13999999999999999
20190430,20190506,executed,884227.TI,0.13999999999999999
20190430,20190506,executed,884249.TI,0.13999999999999999
20190430,20190506,executed,LOW_RISK,0.30000000000000004
20190506,20190507,executed,884023.TI,0.13999999999999999
20190506,20190507,executed,884146.TI,0.13999999999999999
20190506,20190507,executed,884197.TI,0.13999999999999999
20190506,20190507,executed,884214.TI,0.13999999999999999
20190506,20190507,executed,884249.TI,0.13999999999999999
20190506,20190507,executed,LOW_RISK,0.30000000000000004
20190507,20190508,executed,884023.TI,0.13999999999999999
20190507,20190508,executed,884183.TI,0.13999999999999999
20190507,20190508,executed,884214.TI,0.13999999999999999
20190507,20190508,executed,884227.TI,0.13999999999999999
20190507,20190508,executed,884249.TI,0.13999999999999999
20190507,20190508,executed,LOW_RISK,0.30000000000000004
20190508,20190509,executed,884023.TI,0.13999999999999999
20190508,20190509,executed,884071.TI,0.13999999999999999
20190508,20190509,executed,884183.TI,0.13999999999999999
20190508,20190509,executed,884214.TI,0.13999999999999999
20190508,20190509,executed,884227.TI,0.13999999999999999
20190508,20190509,executed,LOW_RISK,0.30000000000000004
20190509,20190510,executed,884023.TI,0.14035002072143818
20190509,20190510,executed,884071.TI,0.14016956655555668
20190509,20190510,executed,884183.TI,0.13769331029890755
20190509,20190510,executed,884214.TI,0.13982405068586176
20190509,20190510,executed,884227.TI,0.14436786394724122
20190509,20190510,executed,LOW_RISK,0.2975951877909946
20190510,20190513,executed,884023.TI,0.13999999999999999
20190510,20190513,executed,884071.TI,0.13999999999999999
20190510,20190513,executed,884183.TI,0.13999999999999999
20190510,20190513,executed,884227.TI,0.13999999999999999
20190510,20190513,executed,884273.TI,0.13999999999999999
20190510,20190513,executed,LOW_RISK,0.30000000000000004
20190513,20190514,executed,884071.TI,0.13999999999999999
20190513,20190514,executed,884117.TI,0.13999999999999999
20190513,20190514,executed,884183.TI,0.13999999999999999
20190513,20190514,executed,884227.TI,0.13999999999999999
20190513,20190514,executed,884273.TI,0.13999999999999999
20190513,20190514,executed,LOW_RISK,0.30000000000000004
20190514,20190515,executed,884071.TI,0.13999999999999999
20190514,20190515,executed,884117.TI,0.13999999999999999
20190514,20190515,executed,884183.TI,0.13999999999999999
20190514,20190515,executed,884273.TI,0.13999999999999999
20190514,20190515,executed,885818.TI,0.13999999999999999
20190514,20190515,executed,LOW_RISK,0.30000000000000004
20190515,20190516,executed,884071.TI,0.2333333333333333
20190515,20190516,executed,884117.TI,0.2333333333333333
20190515,20190516,executed,884273.TI,0.2333333333333333
20190515,20190516,executed,LOW_RISK,0.30000000000000004
20190516,20190517,executed,884071.TI,0.13999999999999999
20190516,20190517,executed,884117.TI,0.13999999999999999
20190516,20190517,executed,884183.TI,0.13999999999999999
20190516,20190517,executed,884205.TI,0.13999999999999999
20190516,20190517,executed,884273.TI,0.13999999999999999
20190516,20190517,executed,LOW_RISK,0.30000000000000004
20190517,20190520,executed,884005.TI,0.13999999999999999
20190517,20190520,executed,884117.TI,0.13999999999999999
20190517,20190520,executed,884205.TI,0.13999999999999999
20190517,20190520,executed,884261.TI,0.13999999999999999
20190517,20190520,executed,884273.TI,0.13999999999999999
20190517,20190520,executed,LOW_RISK,0.30000000000000004
20190520,20190521,executed,884005.TI,0.13999999999999999
20190520,20190521,executed,884205.TI,0.13999999999999999
20190520,20190521,executed,884258.TI,0.13999999999999999
20190520,20190521,executed,884261.TI,0.13999999999999999
20190520,20190521,executed,884273.TI,0.13999999999999999
20190520,20190521,executed,LOW_RISK,0.30000000000000004
20190521,20190522,executed,884005.TI,0.14077375355023922
20190521,20190522,executed,884205.TI,0.1397444682685524
20190521,20190522,executed,884258.TI,0.1431264702404049
20190521,20190522,executed,884261.TI,0.14096949139555648
20190521,20190522,executed,884273.TI,0.14085404454637185
20190521,20190522,executed,LOW_RISK,0.29453177199887515
20190522,20190523,executed,884005.TI,0.14292658763944188
20190522,20190523,executed,884205.TI,0.13810974517541186
20190522,20190523,executed,884258.TI,0.14520375228591512
20190522,20190523,executed,884261.TI,0.14011741295452684
20190522,20190523,executed,884273.TI,0.13712206325168594
20190522,20190523,executed,LOW_RISK,0.29652043869301836
20190523,20190524,executed,881157.TI,0.13999999999999999
20190523,20190524,executed,884005.TI,0.13999999999999999
20190523,20190524,executed,884205.TI,0.13999999999999999
20190523,20190524,executed,884258.TI,0.13999999999999999
20190523,20190524,executed,884261.TI,0.13999999999999999
20190523,20190524,executed,LOW_RISK,0.30000000000000004
20190524,20190527,executed,881157.TI,0.13999999999999999
20190524,20190527,executed,884205.TI,0.13999999999999999
20190524,20190527,executed,884258.TI,0.13999999999999999
20190524,20190527,executed,884261.TI,0.13999999999999999
20190524,20190527,executed,884273.TI,0.13999999999999999
20190524,20190527,executed,LOW_RISK,0.30000000000000004
20190527,20190528,executed,881157.TI,0.13999999999999999
20190527,20190528,executed,884172.TI,0.13999999999999999
20190527,20190528,executed,884205.TI,0.13999999999999999
20190527,20190528,executed,884261.TI,0.13999999999999999
20190527,20190528,executed,884263.TI,0.13999999999999999
20190527,20190528,executed,LOW_RISK,0.30000000000000004
20190528,20190529,executed,881157.TI,0.13999999999999999
20190528,20190529,executed,884033.TI,0.13999999999999999
20190528,20190529,executed,884172.TI,0.13999999999999999
20190528,20190529,executed,884205.TI,0.13999999999999999
20190528,20190529,executed,884273.TI,0.13999999999999999
20190528,20190529,executed,LOW_RISK,0.30000000000000004
20190529,20190530,executed,881157.TI,0.14018942230465112
20190529,20190530,executed,884033.TI,0.1382633191997587
20190529,20190530,executed,884172.TI,0.14082229764089185
20190529,20190530,executed,884205.TI,0.14035000972082814
20190529,20190530,executed,884273.TI,0.1399473301492566
20190529,20190530,executed,LOW_RISK,0.3004276209846136
20190530,20190531,executed,881157.TI,0.13980577412395465
20190530,20190531,executed,884033.TI,0.13624345405336355
20190530,20190531,executed,884172.TI,0.14073850684291436
20190530,20190531,executed,884205.TI,0.13990029497728396
20190530,20190531,executed,884273.TI,0.1422231045396765
20190530,20190531,executed,LOW_RISK,0.301088865462807
20190531,20190603,executed,881157.TI,0.14023023303404566
20190531,20190603,executed,884033.TI,0.1358692281294088
20190531,20190603,executed,884172.TI,0.14224724983687276
20190531,20190603,executed,884205.TI,0.14023834719553846
20190531,20190603,executed,884273.TI,0.14041993676934034
20190531,20190603,executed,LOW_RISK,0.30099500503479404
20190603,20190604,executed,881157.TI,0.09999999999999999
20190603,20190604,executed,884205.TI,0.09999999999999999
20190603,20190604,executed,884273.TI,0.09999999999999999
20190603,20190604,executed,LOW_RISK,0.7
20190604,20190605,executed,881157.TI,0.09999999999999999
20190604,20190605,executed,884147.TI,0.09999999999999999
20190604,20190605,executed,884249.TI,0.09999999999999999
20190604,20190605,executed,LOW_RISK,0.7
20190605,20190606,executed,884147.TI,0.09999999999999999
20190605,20190606,executed,884249.TI,0.09999999999999999
20190605,20190606,executed,885462.TI,0.09999999999999999
20190605,20190606,executed,LOW_RISK,0.7
20190606,20190610,executed,884147.TI,0.09928250122540677
20190606,20190610,executed,884249.TI,0.10004271457560394
20190606,20190610,executed,885462.TI,0.09848715420280058
20190606,20190610,executed,LOW_RISK,0.7021876299961887
20190610,20190611,executed,884147.TI,0.10013414654089667
20190610,20190611,executed,884249.TI,0.10050627540261092
20190610,20190611,executed,885462.TI,0.09965688146182883
20190610,20190611,executed,LOW_RISK,0.6997026965946636
20190611,20190612,executed,884147.TI,0.10202187108728579
20190611,20190612,executed,884249.TI,0.10008881426810116
20190611,20190612,executed,885462.TI,0.10178939512464294
20190611,20190612,executed,LOW_RISK,0.6960999195199701
20190612,20190613,executed,881155.TI,0.09999999999999999
20190612,20190613,executed,884126.TI,0.09999999999999999
20190612,20190613,executed,885462.TI,0.09999999999999999
20190612,20190613,executed,LOW_RISK,0.7
20190613,20190614,executed,881155.TI,0.09999999999999999
20190613,20190614,executed,884126.TI,0.09999999999999999
20190613,20190614,executed,884250.TI,0.09999999999999999
20190613,20190614,executed,LOW_RISK,0.7
20190614,20190617,executed,881155.TI,0.09970212347582624
20190614,20190617,executed,884126.TI,0.09745934638577855
20190614,20190617,executed,884250.TI,0.10001684704465293
20190614,20190617,executed,LOW_RISK,0.7028216830937423
20190617,20190618,executed,881155.TI,0.09979798873525253
20190617,20190618,executed,884126.TI,0.09809837696774083
20190617,20190618,executed,884250.TI,0.10043462268723555
20190617,20190618,executed,LOW_RISK,0.701669011609771
20190618,20190619,executed,881155.TI,0.10130947410349654
20190618,20190619,executed,884126.TI,0.0987833831373661
20190618,20190619,executed,884250.TI,0.10216445917911089
20190618,20190619,executed,LOW_RISK,0.6977426835800264
20190619,20190620,executed,881155.TI,0.09999999999999999
20190619,20190620,executed,884250.TI,0.09999999999999999
20190619,20190620,executed,884251.TI,0.09999999999999999
20190619,20190620,executed,LOW_RISK,0.7
20190620,20190621,executed,881155.TI,0.10200140773094903
20190620,20190621,executed,884250.TI,0.10167792289123247
20190620,20190621,executed,884251.TI,0.10196932842085493
20190620,20190621,executed,LOW_RISK,0.6943513409569636
20190621,20190624,executed,881134.TI,0.09999999999999999
20190621,20190624,executed,884165.TI,0.09999999999999999
20190621,20190624,executed,884251.TI,0.09999999999999999
20190621,20190624,executed,LOW_RISK,0.7
20190624,20190625,executed,881134.TI,0.10032688863239428
20190624,20190625,executed,884165.TI,0.10023297250793364
20190624,20190625,executed,884251.TI,0.0996118845376669
20190624,20190625,executed,LOW_RISK,0.6998282543220051
20190625,20190626,executed,881134.TI,0.1001278958713828
20190625,20190626,executed,884165.TI,0.09942117690276345
20190625,20190626,executed,884251.TI,0.09859877969268412
20190625,20190626,executed,LOW_RISK,0.7018521475331696
20190626,20190627,executed,881134.TI,0.09999999999999999
20190626,20190627,executed,884165.TI,0.09999999999999999
20190626,20190627,executed,884247.TI,0.09999999999999999
20190626,20190627,executed,LOW_RISK,0.7
20190627,20190628,executed,881134.TI,0.10044397778551567
20190627,20190628,executed,884165.TI,0.1002644478457259
20190627,20190628,executed,884247.TI,0.09974546776898956
20190627,20190628,executed,LOW_RISK,0.6995461065997689
20190628,20190701,executed,884163.TI,0.09999999999999999
20190628,20190701,executed,884247.TI,0.09999999999999999
20190628,20190701,executed,885761.TI,0.09999999999999999
20190628,20190701,executed,LOW_RISK,0.7
20190701,20190702,executed,884163.TI,0.10104307268477053
20190701,20190702,executed,884247.TI,0.10075548549601074
20190701,20190702,executed,885761.TI,0.10148763374679687
20190701,20190702,executed,LOW_RISK,0.6967138080724219
20190702,20190703,executed,884163.TI,0.10047867390797423
20190702,20190703,executed,884247.TI,0.10086117926226176
20190702,20190703,executed,885761.TI,0.10187577699079035
20190702,20190703,executed,LOW_RISK,0.6967843698389736
20190703,20190704,executed,884163.TI,0.09691902933633764
20190703,20190704,executed,884247.TI,0.10106870603269498
20190703,20190704,executed,885761.TI,0.10124841595550618
20190703,20190704,executed,LOW_RISK,0.7007638486754613
20190704,20190705,executed,884163.TI,0.10111711739624386
20190704,20190705,executed,884247.TI,0.09978181676819796
20190704,20190705,executed,885761.TI,0.09986582227222451
20190704,20190705,executed,LOW_RISK,0.6992352435633337
20190705,20190708,executed,881136.TI,0.09999999999999999
20190705,20190708,executed,884014.TI,0.09999999999999999
20190705,20190708,executed,884220.TI,0.09999999999999999
20190705,20190708,executed,LOW_RISK,0.7
20190708,20190709,executed,881136.TI,0.09791788894372845
20190708,20190709,executed,884014.TI,0.09782285653917419
20190708,20190709,executed,884220.TI,0.09765136767265291
20190708,20190709,executed,LOW_RISK,0.7066078868444444
20190709,20190710,executed,881136.TI,0.09817271148455498
20190709,20190710,executed,884014.TI,0.09767033244876848
20190709,20190710,executed,884220.TI,0.09891886415048977
20190709,20190710,executed,LOW_RISK,0.7052380919161868
20190710,20190711,executed,881136.TI,0.09803240744398847
20190710,20190711,executed,884014.TI,0.09734158499712377
20190710,20190711,executed,884220.TI,0.09917657441814923
20190710,20190711,executed,LOW_RISK,0.7054494331407386
20190711,20190712,executed,881136.TI,0.09780033043879664
20190711,20190712,executed,884014.TI,0.09756333185776607
20190711,20190712,executed,884220.TI,0.09777838839345003
20190711,20190712,executed,LOW_RISK,0.7068579493099872
20190712,20190715,executed,884021.TI,0.09999999999999999
20190712,20190715,executed,884261.TI,0.09999999999999999
20190712,20190715,executed,885845.TI,0.09999999999999999
20190712,20190715,executed,LOW_RISK,0.7
20190715,20190716,executed,884021.TI,0.10028532737609187
20190715,20190716,executed,884261.TI,0.10229684932585681
20190715,20190716,executed,885845.TI,0.10027846079870344
20190715,20190716,executed,LOW_RISK,0.6971393624993478
20190716,20190717,executed,884021.TI,0.10062929770772479
20190716,20190717,executed,884261.TI,0.10299730403228406
20190716,20190717,executed,885845.TI,0.09987766290161389
20190716,20190717,executed,LOW_RISK,0.6964957353583773
20190717,20190718,executed,884021.TI,0.09952606410369651
20190717,20190718,executed,884261.TI,0.10395997199415509
20190717,20190718,executed,885845.TI,0.0999095392175254
20190717,20190718,executed,LOW_RISK,0.696604424684623
20190718,20190719,executed,884021.TI,0.09899250422067994
20190718,20190719,executed,884261.TI,0.1041538379405108
20190718,20190719,executed,885845.TI,0.09909512819771667
20190718,20190719,executed,LOW_RISK,0.6977585296410926
20190719,20190722,executed,884021.TI,0.09999999999999999
20190719,20190722,executed,884078.TI,0.09999999999999999
20190719,20190722,executed,884261.TI,0.09999999999999999
20190719,20190722,executed,LOW_RISK,0.7
20190722,20190723,executed,884021.TI,0.09679332460444717
20190722,20190723,executed,884078.TI,0.09846311051497288
20190722,20190723,executed,884261.TI,0.09861236238515261
20190722,20190723,executed,LOW_RISK,0.7061312024954274
20190723,20190724,executed,884006.TI,0.09999999999999999
20190723,20190724,executed,884021.TI,0.09999999999999999
20190723,20190724,executed,884078.TI,0.09999999999999999
20190723,20190724,executed,LOW_RISK,0.7
20190724,20190725,executed,884006.TI,0.09999999999999999
20190724,20190725,executed,884012.TI,0.09999999999999999
20190724,20190725,executed,884078.TI,0.09999999999999999
20190724,20190725,executed,LOW_RISK,0.7
20190725,20190726,executed,884006.TI,0.0998698737865091
20190725,20190726,executed,884012.TI,0.09995060431349587
20190725,20190726,executed,884078.TI,0.09916606870386659
20190725,20190726,executed,LOW_RISK,0.7010134531961285
20190726,20190729,executed,884006.TI,0.09999999999999999
20190726,20190729,executed,884012.TI,0.09999999999999999
20190726,20190729,executed,884239.TI,0.09999999999999999
20190726,20190729,executed,LOW_RISK,0.7
20190729,20190730,executed,884006.TI,0.1001243545649949
20190729,20190730,executed,884012.TI,0.10004168831410845
20190729,20190730,executed,884239.TI,0.09950821466142663
20190729,20190730,executed,LOW_RISK,0.70032574245947
20190730,20190731,executed,884012.TI,0.09999999999999999
20190730,20190731,executed,884239.TI,0.09999999999999999
20190730,20190731,executed,884264.TI,0.09999999999999999
20190730,20190731,executed,LOW_RISK,0.7
20190731,20190801,executed,884239.TI,0.09999999999999999
20190731,20190801,executed,884249.TI,0.09999999999999999
20190731,20190801,executed,884264.TI,0.09999999999999999
20190731,20190801,executed,LOW_RISK,0.7
20190801,20190802,executed,884239.TI,0.09794131718609038
20190801,20190802,executed,884249.TI,0.09933567117908632
20190801,20190802,executed,884264.TI,0.0987124658272066
20190801,20190802,executed,LOW_RISK,0.7040105458076167
20190802,20190805,executed,884227.TI,0.09999999999999999
20190802,20190805,executed,884249.TI,0.09999999999999999
20190802,20190805,executed,884264.TI,0.09999999999999999
20190802,20190805,executed,LOW_RISK,0.7
20190805,20190806,executed,884183.TI,0.09999999999999999
20190805,20190806,executed,884249.TI,0.09999999999999999
20190805,20190806,executed,884264.TI,0.09999999999999999
20190805,20190806,executed,LOW_RISK,0.7
20190806,20190807,executed,884183.TI,0.09999999999999999
20190806,20190807,executed,884227.TI,0.09999999999999999
20190806,20190807,executed,884249.TI,0.09999999999999999
20190806,20190807,executed,LOW_RISK,0.7
20190807,20190808,executed,884021.TI,0.09999999999999999
20190807,20190808,executed,884092.TI,0.09999999999999999
20190807,20190808,executed,885823.TI,0.09999999999999999
20190807,20190808,executed,LOW_RISK,0.7
20190808,20190809,executed,884021.TI,0.10102306088243238
20190808,20190809,executed,884092.TI,0.10230433030774647
20190808,20190809,executed,885823.TI,0.10013267371586268
20190808,20190809,executed,LOW_RISK,0.6965399350939585
20190809,20190812,executed,884021.TI,0.09854617670971963
20190809,20190812,executed,884092.TI,0.10530780795392043
20190809,20190812,executed,885823.TI,0.09815267951255356
20190809,20190812,executed,LOW_RISK,0.6979933358238064
20190812,20190813,executed,884021.TI,0.09886790870503799
20190812,20190813,executed,884092.TI,0.10945942232214556
20190812,20190813,executed,885823.TI,0.0983177335570763
20190812,20190813,executed,LOW_RISK,0.6933549354157401
20190813,20190814,executed,884021.TI,0.09930316504871473
20190813,20190814,executed,884092.TI,0.11200345835150857
20190813,20190814,executed,885823.TI,0.09929648523745437
20190813,20190814,executed,LOW_RISK,0.6893968913623223
20190814,20190815,executed,884021.TI,0.09999999999999999
20190814,20190815,executed,884227.TI,0.09999999999999999
20190814,20190815,executed,885823.TI,0.09999999999999999
20190814,20190815,executed,LOW_RISK,0.7
20190815,20190816,executed,884021.TI,0.10166564237810567
20190815,20190816,executed,884227.TI,0.10335007136633513
20190815,20190816,executed,885823.TI,0.10157286426987765
20190815,20190816,executed,LOW_RISK,0.6934114219856815
20190816,20190819,executed,884021.TI,0.10380810158842878
20190816,20190819,executed,884227.TI,0.1042393561621974
20190816,20190819,executed,885823.TI,0.10173469720921051
20190816,20190819,executed,LOW_RISK,0.6902178450401633
20190819,20190820,executed,884021.TI,0.09999999999999999
20190819,20190820,executed,884036.TI,0.09999999999999999
20190819,20190820,executed,884227.TI,0.09999999999999999
20190819,20190820,executed,LOW_RISK,0.7
20190820,20190821,executed,881175.TI,0.09999999999999999
20190820,20190821,executed,884199.TI,0.09999999999999999
20190820,20190821,executed,884227.TI,0.09999999999999999
20190820,20190821,executed,LOW_RISK,0.7
20190821,20190822,executed,881143.TI,0.09999999999999999
20190821,20190822,executed,881175.TI,0.09999999999999999
20190821,20190822,executed,884199.TI,0.09999999999999999
20190821,20190822,executed,LOW_RISK,0.7
20190822,20190823,executed,881143.TI,0.1012203373240784
20190822,20190823,executed,881175.TI,0.09901510645920815
20190822,20190823,executed,884199.TI,0.10123376496484851
20190822,20190823,executed,LOW_RISK,0.698530791251865
20190823,20190826,executed,881143.TI,0.10061761314029136
20190823,20190826,executed,881175.TI,0.10010990461240435
20190823,20190826,executed,884199.TI,0.10070272377168094
20190823,20190826,executed,LOW_RISK,0.6985697584756234
20190826,20190827,executed,881143.TI,0.10393437375849097
20190826,20190827,executed,881175.TI,0.10198617154790154
20190826,20190827,executed,884199.TI,0.10390051774235931
20190826,20190827,executed,LOW_RISK,0.6901789369512481
20190827,20190828,executed,881143.TI,0.09999999999999999
20190827,20190828,executed,884238.TI,0.09999999999999999
20190827,20190828,executed,885578.TI,0.09999999999999999
20190827,20190828,executed,LOW_RISK,0.7
20190828,20190829,executed,884238.TI,0.09999999999999999
20190828,20190829,executed,884244.TI,0.09999999999999999
20190828,20190829,executed,885578.TI,0.09999999999999999
20190828,20190829,executed,LOW_RISK,0.7
20190829,20190830,executed,884238.TI,0.09901880810754991
20190829,20190830,executed,884244.TI,0.10003706926927367
20190829,20190830,executed,885578.TI,0.09991683187765772
20190829,20190830,executed,LOW_RISK,0.7010272907455187
20190830,20190902,executed,884238.TI,0.0979271502666889
20190830,20190902,executed,884244.TI,0.10032972016042119
20190830,20190902,executed,885578.TI,0.0984267714257061
20190830,20190902,executed,LOW_RISK,0.7033163581471837
20190902,20190903,executed,884238.TI,0.09854504461993895
20190902,20190903,executed,884244.TI,0.10163218531878664
20190902,20190903,executed,885578.TI,0.10065218383994003
20190902,20190903,executed,LOW_RISK,0.6991705862213344
20190903,20190904,executed,881143.TI,0.09999999999999999
20190903,20190904,executed,883303.TI,0.09999999999999999
20190903,20190904,executed,884244.TI,0.09999999999999999
20190903,20190904,executed,LOW_RISK,0.7
20190904,20190905,executed,881143.TI,0.09999999999999999
20190904,20190905,executed,883303.TI,0.09999999999999999
20190904,20190905,executed,885838.TI,0.09999999999999999
20190904,20190905,executed,LOW_RISK,0.7
20190905,20190906,executed,881143.TI,0.10005916746569295
20190905,20190906,executed,883303.TI,0.10018328983652142
20190905,20190906,executed,885838.TI,0.10000177266586752
20190905,20190906,executed,LOW_RISK,0.6997557700319181
20190906,20190909,executed,881143.TI,0.10112572711927441
20190906,20190909,executed,883303.TI,0.10070946133110471
20190906,20190909,executed,885838.TI,0.10019511976280382
20190906,20190909,executed,LOW_RISK,0.697969691786817
20190909,20190910,executed,881143.TI,0.1014268893572013
20190909,20190910,executed,883303.TI,0.10136118016801211
20190909,20190910,executed,885838.TI,0.10102357483331124
20190909,20190910,executed,LOW_RISK,0.6961883556414754
20190910,20190911,executed,883303.TI,0.13999999999999999
20190910,20190911,executed,884028.TI,0.13999999999999999
20190910,20190911,executed,885426.TI,0.13999999999999999
20190910,20190911,executed,885497.TI,0.13999999999999999
20190910,20190911,executed,885838.TI,0.13999999999999999
20190910,20190911,executed,LOW_RISK,0.30000000000000004
20190911,20190912,executed,883303.TI,0.13999999999999999
20190911,20190912,executed,884028.TI,0.13999999999999999
20190911,20190912,executed,884161.TI,0.13999999999999999
20190911,20190912,executed,885426.TI,0.13999999999999999
20190911,20190912,executed,885497.TI,0.13999999999999999
20190911,20190912,executed,LOW_RISK,0.30000000000000004
20190912,20190916,executed,884028.TI,0.13999999999999999
20190912,20190916,executed,884161.TI,0.13999999999999999
20190912,20190916,executed,885426.TI,0.13999999999999999
20190912,20190916,executed,885497.TI,0.13999999999999999
20190912,20190916,executed,885615.TI,0.13999999999999999
20190912,20190916,executed,LOW_RISK,0.30000000000000004
20190916,20190917,executed,884028.TI,0.13963287757891782
20190916,20190917,executed,884161.TI,0.14094323676188208
20190916,20190917,executed,885426.TI,0.1396504241408098
20190916,20190917,executed,885497.TI,0.139655615160684
20190916,20190917,executed,885615.TI,0.13941223871846464
20190916,20190917,executed,LOW_RISK,0.3007056076392416
20190917,20190918,executed,884028.TI,0.13951095648226208
20190917,20190918,executed,884161.TI,0.13981829965889414
20190917,20190918,executed,885426.TI,0.1375068957929874
20190917,20190918,executed,885497.TI,0.1397575421018655
20190917,20190918,executed,885615.TI,0.1390455493799586
20190917,20190918,executed,LOW_RISK,0.3043607565840323
20190918,20190919,executed,884028.TI,0.13999999999999999
20190918,20190919,executed,884161.TI,0.13999999999999999
20190918,20190919,executed,885615.TI,0.13999999999999999
20190918,20190919,executed,885642.TI,0.13999999999999999
20190918,20190919,executed,885800.TI,0.13999999999999999
20190918,20190919,executed,LOW_RISK,0.30000000000000004
20190919,20190920,executed,884028.TI,0.13912114099020886
20190919,20190920,executed,884161.TI,0.14124342933181036
20190919,20190920,executed,885615.TI,0.13937215731527236
20190919,20190920,executed,885642.TI,0.13987777000652235
20190919,20190920,executed,885800.TI,0.14346433878317735
20190919,20190920,executed,LOW_RISK,0.2969211635730087
20190920,20190923,executed,884032.TI,0.13999999999999999
20190920,20190923,executed,884161.TI,0.13999999999999999
20190920,20190923,executed,885642.TI,0.13999999999999999
20190920,20190923,executed,885650.TI,0.13999999999999999
20190920,20190923,executed,885800.TI,0.13999999999999999
20190920,20190923,executed,LOW_RISK,0.30000000000000004
20190923,20190924,executed,884032.TI,0.14111069927194575
20190923,20190924,executed,884161.TI,0.13904518867515903
20190923,20190924,executed,885642.TI,0.1396441514506572
20190923,20190924,executed,885650.TI,0.1377982897843429
20190923,20190924,executed,885800.TI,0.1422068905203014
20190923,20190924,executed,LOW_RISK,0.3001947802975937
20190924,20190925,executed,884032.TI,0.13960567418466724
20190924,20190925,executed,884161.TI,0.14192453006495942
20190924,20190925,executed,885642.TI,0.13904711414349183
20190924,20190925,executed,885650.TI,0.1378392392625041
20190924,20190925,executed,885800.TI,0.14099212778244805
20190924,20190925,executed,LOW_RISK,0.30059131456192933
20190925,20190926,executed,884013.TI,0.13999999999999999
20190925,20190926,executed,884032.TI,0.13999999999999999
20190925,20190926,executed,884161.TI,0.13999999999999999
20190925,20190926,executed,885642.TI,0.13999999999999999
20190925,20190926,executed,885650.TI,0.13999999999999999
20190925,20190926,executed,LOW_RISK,0.30000000000000004
20190926,20190927,executed,884013.TI,0.09999999999999999
20190926,20190927,executed,884032.TI,0.09999999999999999
20190926,20190927,executed,884145.TI,0.09999999999999999
20190926,20190927,executed,LOW_RISK,0.7
20190927,20190930,executed,884013.TI,0.09999999999999999
20190927,20190930,executed,884145.TI,0.09999999999999999
20190927,20190930,executed,884244.TI,0.09999999999999999
20190927,20190930,executed,LOW_RISK,0.7
20190930,20191008,executed,884013.TI,0.1005886575188955
20190930,20191008,executed,884145.TI,0.10005839809602639
20190930,20191008,executed,884244.TI,0.09922016856233899
20190930,20191008,executed,LOW_RISK,0.7001327758227391
20191008,20191009,executed,884013.TI,0.10024374769273993
20191008,20191009,executed,884145.TI,0.10045853196173116
20191008,20191009,executed,884244.TI,0.09860441408856106
20191008,20191009,executed,LOW_RISK,0.7006933062569678
20191009,20191010,executed,884013.TI,0.10108604902694415
20191009,20191010,executed,884145.TI,0.10134637309742896
20191009,20191010,executed,884244.TI,0.09981671436799415
20191009,20191010,executed,LOW_RISK,0.6977508635076327
20191010,20191011,executed,884013.TI,0.09999999999999999
20191010,20191011,executed,884244.TI,0.09999999999999999
20191010,20191011,executed,884249.TI,0.09999999999999999
20191010,20191011,executed,LOW_RISK,0.7
20191011,20191014,executed,884013.TI,0.09999999999999999
20191011,20191014,executed,884242.TI,0.09999999999999999
20191011,20191014,executed,884249.TI,0.09999999999999999
20191011,20191014,executed,LOW_RISK,0.7
20191014,20191015,executed,884242.TI,0.09999999999999999
20191014,20191015,executed,884244.TI,0.09999999999999999
20191014,20191015,executed,884249.TI,0.09999999999999999
20191014,20191015,executed,LOW_RISK,0.7
20191015,20191016,executed,884242.TI,0.10045249446826517
20191015,20191016,executed,884244.TI,0.09839273469296765
20191015,20191016,executed,884249.TI,0.100762833627851
20191015,20191016,executed,LOW_RISK,0.7003919372109162
20191016,20191017,executed,884242.TI,0.10068057018723141
20191016,20191017,executed,884244.TI,0.09944346737766718
20191016,20191017,executed,884249.TI,0.10011732418304929
20191016,20191017,executed,LOW_RISK,0.6997586382520521
20191017,20191018,executed,884242.TI,0.10144626936861557
20191017,20191018,executed,884244.TI,0.09970800657169056
20191017,20191018,executed,884249.TI,0.10002781962705908
20191017,20191018,executed,LOW_RISK,0.6988179044326348
20191018,20191021,executed,884244.TI,0.09999999999999999
20191018,20191021,executed,884249.TI,0.09999999999999999
20191018,20191021,executed,884255.TI,0.09999999999999999
20191018,20191021,executed,LOW_RISK,0.7
20191021,20191022,executed,884249.TI,0.09999999999999999
20191021,20191022,executed,884255.TI,0.09999999999999999
20191021,20191022,executed,885761.TI,0.09999999999999999
20191021,20191022,executed,LOW_RISK,0.7
20191022,20191023,executed,884249.TI,0.09951858818238235
20191022,20191023,executed,884255.TI,0.10172558407548941
20191022,20191023,executed,885761.TI,0.09979735477567729
20191022,20191023,executed,LOW_RISK,0.698958472966451
20191023,20191024,executed,884249.TI,0.10049489081352649
20191023,20191024,executed,884255.TI,0.10062412382170033
20191023,20191024,executed,885761.TI,0.09921389816736657
20191023,20191024,executed,LOW_RISK,0.6996670871974067
20191024,20191025,executed,884255.TI,0.09999999999999999
20191024,20191025,executed,884265.TI,0.09999999999999999
20191024,20191025,executed,885761.TI,0.09999999999999999
20191024,20191025,executed,LOW_RISK,0.7
20191025,20191028,executed,884261.TI,0.09999999999999999
20191025,20191028,executed,884265.TI,0.09999999999999999
20191025,20191028,executed,885761.TI,0.09999999999999999
20191025,20191028,executed,LOW_RISK,0.7
20191028,20191029,executed,884096.TI,0.09999999999999999
20191028,20191029,executed,884261.TI,0.09999999999999999
20191028,20191029,executed,884265.TI,0.09999999999999999
20191028,20191029,executed,LOW_RISK,0.7
20191029,20191030,executed,884096.TI,0.09779724420805712
20191029,20191030,executed,884261.TI,0.09782670297862109
20191029,20191030,executed,884265.TI,0.09854727489890217
20191029,20191030,executed,LOW_RISK,0.7058287779144197
20191030,20191031,executed,884096.TI,0.09745069480538238
20191030,20191031,executed,884261.TI,0.09676595807452706
20191030,20191031,executed,884265.TI,0.09784996994764299
20191030,20191031,executed,LOW_RISK,0.7079333771724476
20191031,20191101,executed,884096.TI,0.0957900251394911
20191031,20191101,executed,884261.TI,0.09426550903496465
20191031,20191101,executed,884265.TI,0.09774322707896112
20191031,20191101,executed,LOW_RISK,0.7122012387465831
20191101,20191104,executed,884228.TI,0.09999999999999999
20191101,20191104,executed,884249.TI,0.09999999999999999
20191101,20191104,executed,885772.TI,0.09999999999999999
20191101,20191104,executed,LOW_RISK,0.7
20191104,20191105,executed,884228.TI,0.09987412091422963
20191104,20191105,executed,884249.TI,0.0999125904959492
20191104,20191105,executed,885772.TI,0.10084782072380243
20191104,20191105,executed,LOW_RISK,0.6993654678660187
20191105,20191106,executed,884228.TI,0.10063523417712994
20191105,20191106,executed,884249.TI,0.10016485415718705
20191105,20191106,executed,885772.TI,0.10109062602900905
20191105,20191106,executed,LOW_RISK,0.698109285636674
20191106,20191107,executed,884228.TI,0.09999999999999999
20191106,20191107,executed,884249.TI,0.09999999999999999
20191106,20191107,executed,885761.TI,0.09999999999999999
20191106,20191107,executed,LOW_RISK,0.7
20191107,20191108,executed,884228.TI,0.10041593162322582
20191107,20191108,executed,884249.TI,0.0999603516912954
20191107,20191108,executed,885761.TI,0.1010019345953269
20191107,20191108,executed,LOW_RISK,0.6986217820901519
20191108,20191111,executed,883300.TI,0.13999999999999999
20191108,20191111,executed,884062.TI,0.13999999999999999
20191108,20191111,executed,884132.TI,0.13999999999999999
20191108,20191111,executed,885543.TI,0.13999999999999999
20191108,20191111,executed,885761.TI,0.13999999999999999
20191108,20191111,executed,LOW_RISK,0.30000000000000004
20191111,20191112,executed,883300.TI,0.14026604765972442
20191111,20191112,executed,884062.TI,0.13836993517485113
20191111,20191112,executed,884132.TI,0.13844846076571038
20191111,20191112,executed,885543.TI,0.13859313399365114
20191111,20191112,executed,885761.TI,0.14041312278911944
20191111,20191112,executed,LOW_RISK,0.30390929961694346
20191112,20191113,executed,883300.TI,0.13996006923185167
20191112,20191113,executed,884062.TI,0.13877661071311737
20191112,20191113,executed,884132.TI,0.13819622742753157
20191112,20191113,executed,885543.TI,0.13890596569166022
20191112,20191113,executed,885761.TI,0.14085901277568866
20191112,20191113,executed,LOW_RISK,0.3033021141601505
20191113,20191114,executed,883300.TI,0.13999999999999999
20191113,20191114,executed,884062.TI,0.13999999999999999
20191113,20191114,executed,884132.TI,0.13999999999999999
20191113,20191114,executed,884183.TI,0.13999999999999999
20191113,20191114,executed,885543.TI,0.13999999999999999
20191113,20191114,executed,LOW_RISK,0.30000000000000004
20191114,20191115,executed,883300.TI,0.1395588699577918
20191114,20191115,executed,884062.TI,0.14001632969273659
20191114,20191115,executed,884132.TI,0.14163698393500773
20191114,20191115,executed,884183.TI,0.13916687465310448
20191114,20191115,executed,885543.TI,0.14072412215350805
20191114,20191115,executed,LOW_RISK,0.2988968196078514
20191115,20191118,executed,884051.TI,0.13999999999999999
20191115,20191118,executed,884118.TI,0.13999999999999999
20191115,20191118,executed,884182.TI,0.13999999999999999
20191115,20191118,executed,884183.TI,0.13999999999999999
20191115,20191118,executed,884265.TI,0.13999999999999999
20191115,20191118,executed,LOW_RISK,0.30000000000000004
20191118,20191119,executed,884051.TI,0.1391377337905424
20191118,20191119,executed,884118.TI,0.1412533728361546
20191118,20191119,executed,884182.TI,0.14001608443460126
20191118,20191119,executed,884183.TI,0.14007212260993823
20191118,20191119,executed,884265.TI,0.140675454184884
20191118,20191119,executed,LOW_RISK,0.2988452321438795
20191119,20191120,executed,884051.TI,0.14088980507334853
20191119,20191120,executed,884118.TI,0.14212088421287336
20191119,20191120,executed,884182.TI,0.13978443707864055
20191119,20191120,executed,884183.TI,0.13994228984052398
20191119,20191120,executed,884265.TI,0.14215946591215184
20191119,20191120,executed,LOW_RISK,0.2951031178824617
20191120,20191121,executed,884051.TI,0.14069846223096982
20191120,20191121,executed,884118.TI,0.1418151880019941
20191120,20191121,executed,884182.TI,0.13881857509230364
20191120,20191121,executed,884183.TI,0.14096232948814283
20191120,20191121,executed,884265.TI,0.14041196596460911
20191120,20191121,executed,LOW_RISK,0.29729347922198046
20191121,20191122,executed,884051.TI,0.13999999999999999
20191121,20191122,executed,884118.TI,0.13999999999999999
20191121,20191122,executed,884182.TI,0.13999999999999999
20191121,20191122,executed,884247.TI,0.13999999999999999
20191121,20191122,executed,884265.TI,0.13999999999999999
20191121,20191122,executed,LOW_RISK,0.30000000000000004
20191122,20191125,executed,884118.TI,0.13999999999999999
20191122,20191125,executed,884126.TI,0.13999999999999999
20191122,20191125,executed,884247.TI,0.13999999999999999
20191122,20191125,executed,884249.TI,0.13999999999999999
20191122,20191125,executed,884265.TI,0.13999999999999999
20191122,20191125,executed,LOW_RISK,0.30000000000000004
20191125,20191126,executed,884247.TI,0.09999999999999999
20191125,20191126,executed,884249.TI,0.09999999999999999
20191125,20191126,executed,884265.TI,0.09999999999999999
20191125,20191126,executed,LOW_RISK,0.7
20191126,20191127,executed,884247.TI,0.09962142275565113
20191126,20191127,executed,884249.TI,0.10020586330998422
20191126,20191127,executed,884265.TI,0.09857465826893606
20191126,20191127,executed,LOW_RISK,0.7015980556654287
20191127,20191128,executed,884247.TI,0.09971935966261036
20191127,20191128,executed,884249.TI,0.10017774063511006
20191127,20191128,executed,884265.TI,0.09834133688861997
20191127,20191128,executed,LOW_RISK,0.7017615628136595
20191128,20191129,executed,884147.TI,0.09999999999999999
20191128,20191129,executed,884249.TI,0.09999999999999999
20191128,20191129,executed,885699.TI,0.09999999999999999
20191128,20191129,executed,LOW_RISK,0.7
20191129,20191202,executed,881145.TI,0.09999999999999999
20191129,20191202,executed,884147.TI,0.09999999999999999
20191129,20191202,executed,885699.TI,0.09999999999999999
20191129,20191202,executed,LOW_RISK,0.7
20191202,20191203,executed,881145.TI,0.10010838422365595
20191202,20191203,executed,884147.TI,0.1001691825869107
20191202,20191203,executed,885699.TI,0.0992220238485401
20191202,20191203,executed,LOW_RISK,0.7005004093408933
20191203,20191204,executed,881145.TI,0.10010361337610899
20191203,20191204,executed,884147.TI,0.0997184190718347
20191203,20191204,executed,885699.TI,0.10087470631686628
20191203,20191204,executed,LOW_RISK,0.69930326123519
20191204,20191205,executed,881145.TI,0.10042529567976412
20191204,20191205,executed,884147.TI,0.09976752608058174
20191204,20191205,executed,885699.TI,0.10182219164622888
20191204,20191205,executed,LOW_RISK,0.6979849865934252
20191205,20191206,executed,881145.TI,0.09999999999999999
20191205,20191206,executed,884113.TI,0.09999999999999999
20191205,20191206,executed,884147.TI,0.09999999999999999
20191205,20191206,executed,LOW_RISK,0.7
20191206,20191209,executed,881145.TI,0.10015638541008545
20191206,20191209,executed,884113.TI,0.10047027510268784
20191206,20191209,executed,884147.TI,0.10008981108753642
20191206,20191209,executed,LOW_RISK,0.6992835283996903
20191209,20191210,executed,881145.TI,0.09999999999999999
20191209,20191210,executed,884113.TI,0.09999999999999999
20191209,20191210,executed,885699.TI,0.09999999999999999
20191209,20191210,executed,LOW_RISK,0.7
20191210,20191211,executed,884113.TI,0.09999999999999999
20191210,20191211,executed,884248.TI,0.09999999999999999
20191210,20191211,executed,885699.TI,0.09999999999999999
20191210,20191211,executed,LOW_RISK,0.7
20191211,20191212,executed,884113.TI,0.0995424863046729
20191211,20191212,executed,884248.TI,0.10032491614185995
20191211,20191212,executed,885699.TI,0.10009096796061796
20191211,20191212,executed,LOW_RISK,0.7000416295928492
20191212,20191213,executed,884213.TI,0.09999999999999999
20191212,20191213,executed,884248.TI,0.09999999999999999
20191212,20191213,executed,885699.TI,0.09999999999999999
20191212,20191213,executed,LOW_RISK,0.7
20191213,20191216,executed,884213.TI,0.10094222483297179
20191213,20191216,executed,884248.TI,0.10100841119752711
20191213,20191216,executed,885699.TI,0.10052420785698653
20191213,20191216,executed,LOW_RISK,0.6975251561125146
20191216,20191217,executed,884213.TI,0.10218161126639108
20191216,20191217,executed,884248.TI,0.1007588699753549
20191216,20191217,executed,885699.TI,0.10093837741642193
20191216,20191217,executed,LOW_RISK,0.6961211413418321
20191217,20191218,executed,881171.TI,0.09999999999999999
20191217,20191218,executed,884213.TI,0.09999999999999999
20191217,20191218,executed,885699.TI,0.09999999999999999
20191217,20191218,executed,LOW_RISK,0.7
20191218,20191219,executed,881171.TI,0.10086940757410619
20191218,20191219,executed,884213.TI,0.10106634814868258
20191218,20191219,executed,885699.TI,0.10037983402855817
20191218,20191219,executed,LOW_RISK,0.697684410248653
20191219,20191220,executed,881171.TI,0.09999999999999999
20191219,20191220,executed,885587.TI,0.09999999999999999
20191219,20191220,executed,885699.TI,0.09999999999999999
20191219,20191220,executed,LOW_RISK,0.7
20191220,20191223,executed,881171.TI,0.09999999999999999
20191220,20191223,executed,885467.TI,0.09999999999999999
20191220,20191223,executed,885587.TI,0.09999999999999999
20191220,20191223,executed,LOW_RISK,0.7
20191223,20191224,executed,881171.TI,0.09874961137224002
20191223,20191224,executed,885467.TI,0.09959387519383908
20191223,20191224,executed,885587.TI,0.09883477658783879
20191223,20191224,executed,LOW_RISK,0.7028217368460821
20191224,20191225,executed,885467.TI,0.09999999999999999
20191224,20191225,executed,885587.TI,0.09999999999999999
20191224,20191225,executed,885760.TI,0.09999999999999999
20191224,20191225,executed,LOW_RISK,0.7
20191225,20191226,executed,885467.TI,0.10037185838652549
20191225,20191226,executed,885587.TI,0.09999514587663821
20191225,20191226,executed,885760.TI,0.09932196957003545
20191225,20191226,executed,LOW_RISK,0.7003110261668009
20191226,20191227,executed,884132.TI,0.09999999999999999
20191226,20191227,executed,885467.TI,0.09999999999999999
20191226,20191227,executed,885760.TI,0.09999999999999999
20191226,20191227,executed,LOW_RISK,0.7
20191227,20191230,executed,884132.TI,0.09912255735835575
20191227,20191230,executed,885467.TI,0.09874525079274041
20191227,20191230,executed,885760.TI,0.09908912620609721
20191227,20191230,executed,LOW_RISK,0.7030430656428066
20191230,20191231,executed,884132.TI,0.10011998578933999
20191230,20191231,executed,885467.TI,0.09954297383992859
20191230,20191231,executed,885760.TI,0.09988440943866347
20191230,20191231,executed,LOW_RISK,0.700452630932068
20191231,20200102,executed,881167.TI,0.09999999999999999
20191231,20200102,executed,884132.TI,0.09999999999999999
20191231,20200102,executed,885467.TI,0.09999999999999999
20191231,20200102,executed,LOW_RISK,0.7
20200102,20200103,executed,881109.TI,0.13999999999999999
20200102,20200103,executed,881167.TI,0.13999999999999999
20200102,20200103,executed,884077.TI,0.13999999999999999
20200102,20200103,executed,884132.TI,0.13999999999999999
20200102,20200103,executed,885467.TI,0.13999999999999999
20200102,20200103,executed,LOW_RISK,0.30000000000000004
20200103,20200106,executed,881109.TI,0.13999999999999999
20200103,20200106,executed,881167.TI,0.13999999999999999
20200103,20200106,executed,884077.TI,0.13999999999999999
20200103,20200106,executed,884132.TI,0.13999999999999999
20200103,20200106,executed,885825.TI,0.13999999999999999
20200103,20200106,executed,LOW_RISK,0.30000000000000004
20200106,20200107,executed,881109.TI,0.13999999999999999
20200106,20200107,executed,881167.TI,0.13999999999999999
20200106,20200107,executed,884041.TI,0.13999999999999999
20200106,20200107,executed,884077.TI,0.13999999999999999
20200106,20200107,executed,885825.TI,0.13999999999999999
20200106,20200107,executed,LOW_RISK,0.30000000000000004
20200107,20200108,executed,881109.TI,0.13982835250049916
20200107,20200108,executed,881167.TI,0.14023431200122488
20200107,20200108,executed,884041.TI,0.14056198608166182
20200107,20200108,executed,884077.TI,0.13984091917244532
20200107,20200108,executed,885825.TI,0.14104649243812092
20200107,20200108,executed,LOW_RISK,0.2984879378060479
20200108,20200109,executed,881109.TI,0.13999999999999999
20200108,20200109,executed,884041.TI,0.13999999999999999
20200108,20200109,executed,884062.TI,0.13999999999999999
20200108,20200109,executed,884077.TI,0.13999999999999999
20200108,20200109,executed,885825.TI,0.13999999999999999
20200108,20200109,executed,LOW_RISK,0.30000000000000004
20200109,20200110,executed,884041.TI,0.13999999999999999
20200109,20200110,executed,884062.TI,0.13999999999999999
20200109,20200110,executed,884124.TI,0.13999999999999999
20200109,20200110,executed,884128.TI,0.13999999999999999
20200109,20200110,executed,885825.TI,0.13999999999999999
20200109,20200110,executed,LOW_RISK,0.30000000000000004
20200110,20200113,executed,884041.TI,0.13999999999999999
20200110,20200113,executed,884062.TI,0.13999999999999999
20200110,20200113,executed,884124.TI,0.13999999999999999
20200110,20200113,executed,884128.TI,0.13999999999999999
20200110,20200113,executed,884249.TI,0.13999999999999999
20200110,20200113,executed,LOW_RISK,0.30000000000000004
20200113,20200114,executed,881139.TI,0.13999999999999999
20200113,20200114,executed,884062.TI,0.13999999999999999
20200113,20200114,executed,884124.TI,0.13999999999999999
20200113,20200114,executed,884128.TI,0.13999999999999999
20200113,20200114,executed,884249.TI,0.13999999999999999
20200113,20200114,executed,LOW_RISK,0.30000000000000004
20200114,20200115,executed,881139.TI,0.13994201405591003
20200114,20200115,executed,884062.TI,0.13909709218560837
20200114,20200115,executed,884124.TI,0.139049815782187
20200114,20200115,executed,884128.TI,0.14030529806804962
20200114,20200115,executed,884249.TI,0.14037404674831336
20200114,20200115,executed,LOW_RISK,0.3012317331599317
20200115,20200116,executed,881124.TI,0.13999999999999999
20200115,20200116,executed,881139.TI,0.13999999999999999
20200115,20200116,executed,884124.TI,0.13999999999999999
20200115,20200116,executed,884128.TI,0.13999999999999999
20200115,20200116,executed,884249.TI,0.13999999999999999
20200115,20200116,executed,LOW_RISK,0.30000000000000004
20200116,20200117,executed,881124.TI,0.13999999999999999
20200116,20200117,executed,881139.TI,0.13999999999999999
20200116,20200117,executed,884199.TI,0.13999999999999999
20200116,20200117,executed,884249.TI,0.13999999999999999
20200116,20200117,executed,885800.TI,0.13999999999999999
20200116,20200117,executed,LOW_RISK,0.30000000000000004
20200117,20200120,executed,881124.TI,0.13999999999999999
20200117,20200120,executed,881139.TI,0.13999999999999999
20200117,20200120,executed,884199.TI,0.13999999999999999
20200117,20200120,executed,885539.TI,0.13999999999999999
20200117,20200120,executed,885800.TI,0.13999999999999999
20200117,20200120,executed,LOW_RISK,0.30000000000000004
20200120,20200121,executed,881124.TI,0.13999999999999999
20200120,20200121,executed,884199.TI,0.13999999999999999
20200120,20200121,executed,885539.TI,0.13999999999999999
20200120,20200121,executed,885761.TI,0.13999999999999999
20200120,20200121,executed,885800.TI,0.13999999999999999
20200120,20200121,executed,LOW_RISK,0.30000000000000004
20200121,20200122,executed,881124.TI,0.1376973688861297
20200121,20200122,executed,884199.TI,0.14405341291028356
20200121,20200122,executed,885539.TI,0.1417551409990736
20200121,20200122,executed,885761.TI,0.13797392729023283
20200121,20200122,executed,885800.TI,0.1375533685437933
20200121,20200122,executed,LOW_RISK,0.30096678137048705
20200122,20200123,executed,881124.TI,0.13922893573998646
20200122,20200123,executed,884199.TI,0.14227654127853132
20200122,20200123,executed,885539.TI,0.14074270713644588
20200122,20200123,executed,885761.TI,0.13725168123535184
20200122,20200123,executed,885800.TI,0.1392692062123307
20200122,20200123,executed,LOW_RISK,0.30123092839735377
20200123,20200203,executed,881124.TI,0.13999999999999999
20200123,20200203,executed,884147.TI,0.13999999999999999
20200123,20200203,executed,884249.TI,0.13999999999999999
20200123,20200203,executed,885539.TI,0.13999999999999999
20200123,20200203,executed,885761.TI,0.13999999999999999
20200123,20200203,executed,LOW_RISK,0.30000000000000004
20200203,20200204,executed,884147.TI,0.175
20200203,20200204,executed,884215.TI,0.175
20200203,20200204,executed,884249.TI,0.175
20200203,20200204,executed,885454.TI,0.175
20200203,20200204,executed,LOW_RISK,0.30000000000000004
20200204,20200205,executed,LOW_RISK,1.0
20200205,20200206,executed,LOW_RISK,1.0
20200206,20200207,executed,LOW_RISK,1.0
20200207,20200210,executed,LOW_RISK,1.0
20200210,20200211,executed,LOW_RISK,1.0
20200211,20200212,executed,LOW_RISK,1.0
20200212,20200213,executed,LOW_RISK,1.0
20200213,20200214,executed,884219.TI,0.09999999999999999
20200213,20200214,executed,885402.TI,0.09999999999999999
20200213,20200214,executed,885467.TI,0.09999999999999999
20200213,20200214,executed,LOW_RISK,0.7
20200214,20200217,executed,884219.TI,0.10065080011532138
20200214,20200217,executed,885402.TI,0.10026504485847079
20200214,20200217,executed,885467.TI,0.1007717705711737
20200214,20200217,executed,LOW_RISK,0.6983123844550341
20200217,20200218,executed,884219.TI,0.10367932662086343
20200217,20200218,executed,885402.TI,0.1024472530831674
20200217,20200218,executed,885467.TI,0.1033133469542718
20200217,20200218,executed,LOW_RISK,0.6905600733416973
20200218,20200219,executed,884219.TI,0.10609086602730405
20200218,20200219,executed,885402.TI,0.10324715465608927
20200218,20200219,executed,885467.TI,0.10546739976272673
20200218,20200219,executed,LOW_RISK,0.68519457955388
20200219,20200220,executed,884219.TI,0.10939136071572782
20200219,20200220,executed,885402.TI,0.10141275580909183
20200219,20200220,executed,885467.TI,0.10451124363852866
20200219,20200220,executed,LOW_RISK,0.6846846398366517
20200220,20200221,executed,881177.TI,0.13999999999999999
20200220,20200221,executed,884249.TI,0.13999999999999999
20200220,20200221,executed,884255.TI,0.13999999999999999
20200220,20200221,executed,885467.TI,0.13999999999999999
20200220,20200221,executed,885730.TI,0.13999999999999999
20200220,20200221,executed,LOW_RISK,0.30000000000000004
20200221,20200224,executed,881177.TI,0.13999999999999999
20200221,20200224,executed,884025.TI,0.13999999999999999
20200221,20200224,executed,884249.TI,0.13999999999999999
20200221,20200224,executed,884255.TI,0.13999999999999999
20200221,20200224,executed,885730.TI,0.13999999999999999
20200221,20200224,executed,LOW_RISK,0.30000000000000004
20200224,20200225,executed,881177.TI,0.13939730966524563
20200224,20200225,executed,884025.TI,0.1395825850910986
20200224,20200225,executed,884249.TI,0.13878820355906524
20200224,20200225,executed,884255.TI,0.1393973082918536
20200224,20200225,executed,885730.TI,0.14185189222933345
20200224,20200225,executed,LOW_RISK,0.3009827011634034
20200225,20200226,executed,881177.TI,0.13812370819883404
20200225,20200226,executed,884025.TI,0.13682504163075068
20200225,20200226,executed,884249.TI,0.1387392428778414
20200225,20200226,executed,884255.TI,0.13812370579440186
20200225,20200226,executed,885730.TI,0.145730318741338
20200225,20200226,executed,LOW_RISK,0.302457982756834
20200226,20200227,executed,881177.TI,0.13924037463397096
20200226,20200227,executed,884025.TI,0.13458724979673134
20200226,20200227,executed,884249.TI,0.1402724649200576
20200226,20200227,executed,884255.TI,0.13924037195207886
20200226,20200227,executed,885730.TI,0.1432675026166099
20200226,20200227,executed,LOW_RISK,0.3033920360805513
20200227,20200228,executed,884025.TI,0.13999999999999999
20200227,20200228,executed,884069.TI,0.13999999999999999
20200227,20200228,executed,884211.TI,0.13999999999999999
20200227,20200228,executed,884249.TI,0.13999999999999999
20200227,20200228,executed,885587.TI,0.13999999999999999
20200227,20200228,executed,LOW_RISK,0.30000000000000004
20200228,20200302,executed,884069.TI,0.13999999999999999
20200228,20200302,executed,884211.TI,0.13999999999999999
20200228,20200302,executed,884250.TI,0.13999999999999999
20200228,20200302,executed,885587.TI,0.13999999999999999
20200228,20200302,executed,885864.TI,0.13999999999999999
20200228,20200302,executed,LOW_RISK,0.30000000000000004
20200302,20200303,executed,884069.TI,0.14212338136399885
20200302,20200303,executed,884211.TI,0.144657231325058
20200302,20200303,executed,884250.TI,0.13881537772633884
20200302,20200303,executed,885587.TI,0.14216249981335455
20200302,20200303,executed,885864.TI,0.14055452736655208
20200302,20200303,executed,LOW_RISK,0.2916869824046977
20200303,20200304,executed,884069.TI,0.14346127129471148
20200303,20200304,executed,884211.TI,0.14336097113055288
20200303,20200304,executed,884250.TI,0.13866313024525057
20200303,20200304,executed,885587.TI,0.14133320308211286
20200303,20200304,executed,885864.TI,0.1396179727881869
20200303,20200304,executed,LOW_RISK,0.2935634514591853
20200304,20200305,executed,884069.TI,0.14458933992082812
20200304,20200305,executed,884211.TI,0.1461248215440174
20200304,20200305,executed,884250.TI,0.13817549884837851
20200304,20200305,executed,885587.TI,0.14242073576663591
20200304,20200305,executed,885864.TI,0.138665084962856
20200304,20200305,executed,LOW_RISK,0.2900245189572841
20200305,20200306,executed,881155.TI,0.13999999999999999
20200305,20200306,executed,884069.TI,0.13999999999999999
20200305,20200306,executed,884146.TI,0.13999999999999999
20200305,20200306,executed,884250.TI,0.13999999999999999
20200305,20200306,executed,885650.TI,0.13999999999999999
20200305,20200306,executed,LOW_RISK,0.30000000000000004
20200306,20200309,executed,881155.TI,0.13999999999999999
20200306,20200309,executed,884146.TI,0.13999999999999999
20200306,20200309,executed,884147.TI,0.13999999999999999
20200306,20200309,executed,884250.TI,0.13999999999999999
20200306,20200309,executed,885650.TI,0.13999999999999999
20200306,20200309,executed,LOW_RISK,0.30000000000000004
20200309,20200310,executed,881155.TI,0.13948769149380638
20200309,20200310,executed,884146.TI,0.1382177765148263
20200309,20200310,executed,884147.TI,0.1375345034554352
20200309,20200310,executed,884250.TI,0.13996982007047518
20200309,20200310,executed,885650.TI,0.13983866834274974
20200309,20200310,executed,LOW_RISK,0.3049515401227072
20200310,20200311,executed,881155.TI,0.1399461711250943
20200310,20200311,executed,884146.TI,0.1394805831901697
20200310,20200311,executed,884147.TI,0.13933803493313499
20200310,20200311,executed,884250.TI,0.14021943008026794
20200310,20200311,executed,885650.TI,0.1408751741995797
20200310,20200311,executed,LOW_RISK,0.30014060647175334
20200311,20200312,executed,881155.TI,0.1398452692060462
20200311,20200312,executed,884146.TI,0.1385452687107825
20200311,20200312,executed,884147.TI,0.1381091749090148
20200311,20200312,executed,884250.TI,0.1396831311943182
20200311,20200312,executed,885650.TI,0.14119145285334675
20200311,20200312,executed,LOW_RISK,0.3026257031264916
20200312,20200313,executed,881173.TI,0.13999999999999999
20200312,20200313,executed,884011.TI,0.13999999999999999
20200312,20200313,executed,884147.TI,0.13999999999999999
20200312,20200313,executed,884245.TI,0.13999999999999999
20200312,20200313,executed,885699.TI,0.13999999999999999
20200312,20200313,executed,LOW_RISK,0.30000000000000004
20200313,20200316,executed,881173.TI,0.13999999999999999
20200313,20200316,executed,884011.TI,0.13999999999999999
20200313,20200316,executed,884245.TI,0.13999999999999999
20200313,20200316,executed,885522.TI,0.13999999999999999
20200313,20200316,executed,885699.TI,0.13999999999999999
20200313,20200316,executed,LOW_RISK,0.30000000000000004
20200316,20200317,executed,881173.TI,0.13591800237330054
20200316,20200317,executed,884011.TI,0.14124219169725818
20200316,20200317,executed,884245.TI,0.13779992133640867
20200316,20200317,executed,885522.TI,0.13836461051505466
20200316,20200317,executed,885699.TI,0.13885558007183482
20200316,20200317,executed,LOW_RISK,0.30781969400614306
20200317,20200318,executed,881173.TI,0.13494314703398405
20200317,20200318,executed,884011.TI,0.1438955517504868
20200317,20200318,executed,884245.TI,0.13745472517847646
20200317,20200318,executed,885522.TI,0.1375577698042267
20200317,20200318,executed,885699.TI,0.13861811841392388
20200317,20200318,executed,LOW_RISK,0.30753068781890214
20200318,20200319,executed,LOW_RISK,1.0
20200319,20200320,executed,LOW_RISK,1.0
20200320,20200323,executed,LOW_RISK,1.0
20200323,20200324,executed,LOW_RISK,1.0
20200324,20200325,executed,LOW_RISK,1.0
20200325,20200326,executed,LOW_RISK,1.0
20200326,20200327,executed,LOW_RISK,1.0
20200327,20200330,executed,LOW_RISK,1.0
20200330,20200331,executed,LOW_RISK,1.0
20200331,20200401,executed,LOW_RISK,1.0
20200401,20200402,executed,884091.TI,0.09999999999999999
20200401,20200402,executed,884229.TI,0.09999999999999999
20200401,20200402,executed,884238.TI,0.09999999999999999
20200401,20200402,executed,LOW_RISK,0.7
20200402,20200403,executed,884229.TI,0.09999999999999999
20200402,20200403,executed,884238.TI,0.09999999999999999
20200402,20200403,executed,884244.TI,0.09999999999999999
20200402,20200403,executed,LOW_RISK,0.7
20200403,20200407,executed,884229.TI,0.10147404164622269
20200403,20200407,executed,884238.TI,0.09997299900823133
20200403,20200407,executed,884244.TI,0.10141472678975458
20200403,20200407,executed,LOW_RISK,0.6971382325557914
20200407,20200408,executed,884229.TI,0.09875220296045563
20200407,20200408,executed,884238.TI,0.10156726255645177
20200407,20200408,executed,884244.TI,0.1027173855172542
20200407,20200408,executed,LOW_RISK,0.6969631489658383
20200408,20200409,executed,884229.TI,0.10048613675766667
20200408,20200409,executed,884238.TI,0.09984370629505483
20200408,20200409,executed,884244.TI,0.10302282779047259
20200408,20200409,executed,LOW_RISK,0.6966473291568059
20200409,20200410,executed,881182.TI,0.09999999999999999
20200409,20200410,executed,884244.TI,0.09999999999999999
20200409,20200410,executed,884254.TI,0.09999999999999999
20200409,20200410,executed,LOW_RISK,0.7
20200410,20200413,executed,881182.TI,0.09999999999999999
20200410,20200413,executed,884062.TI,0.09999999999999999
20200410,20200413,executed,884254.TI,0.09999999999999999
20200410,20200413,executed,LOW_RISK,0.7
20200413,20200414,executed,881182.TI,0.1015927159055338
20200413,20200414,executed,884062.TI,0.10096897870246686
20200413,20200414,executed,884254.TI,0.10251319413884222
20200413,20200414,executed,LOW_RISK,0.6949251112531571
20200414,20200415,executed,881182.TI,0.10220255119304533
20200414,20200415,executed,884062.TI,0.10195304049408392
20200414,20200415,executed,884254.TI,0.10269862703324076
20200414,20200415,executed,LOW_RISK,0.69314578127963
20200415,20200416,executed,881182.TI,0.10214370219757397
20200415,20200416,executed,884062.TI,0.10085242841466224
20200415,20200416,executed,884254.TI,0.09887542264509812
20200415,20200416,executed,LOW_RISK,0.6981284467426656
20200416,20200417,executed,884062.TI,0.09999999999999999
20200416,20200417,executed,884244.TI,0.09999999999999999
20200416,20200417,executed,885706.TI,0.09999999999999999
20200416,20200417,executed,LOW_RISK,0.7
20200417,20200420,executed,884062.TI,0.1005891341848881
20200417,20200420,executed,884244.TI,0.09875002689347515
20200417,20200420,executed,885706.TI,0.10099954829380732
20200417,20200420,executed,LOW_RISK,0.6996612906278294
20200420,20200421,executed,884062.TI,0.10175476799471524
20200420,20200421,executed,884244.TI,0.1002570905084596
20200420,20200421,executed,885706.TI,0.10041890805956924
20200420,20200421,executed,LOW_RISK,0.6975692334372559
20200421,20200422,executed,884062.TI,0.10221200840876836
20200421,20200422,executed,884244.TI,0.09873763573105576
20200421,20200422,executed,885706.TI,0.10033314689455766
20200421,20200422,executed,LOW_RISK,0.6987172089656182
20200422,20200423,executed,884062.TI,0.10342412629558725
20200422,20200423,executed,884244.TI,0.09986157588890289
20200422,20200423,executed,885706.TI,0.10096061824355507
20200422,20200423,executed,LOW_RISK,0.6957536795719548
20200423,20200424,executed,884062.TI,0.09999999999999999
20200423,20200424,executed,884271.TI,0.09999999999999999
20200423,20200424,executed,885706.TI,0.09999999999999999
20200423,20200424,executed,LOW_RISK,0.7
20200424,20200427,executed,884062.TI,0.0992870480274349
20200424,20200427,executed,884271.TI,0.09618551499452196
20200424,20200427,executed,885706.TI,0.09915995379421404
20200424,20200427,executed,LOW_RISK,0.705367483183829
20200427,20200428,executed,884210.TI,0.09999999999999999
20200427,20200428,executed,884271.TI,0.09999999999999999
20200427,20200428,executed,885706.TI,0.09999999999999999
20200427,20200428,executed,LOW_RISK,0.7
20200428,20200429,executed,884210.TI,0.0969578319486806
20200428,20200429,executed,884271.TI,0.096516805029682
20200428,20200429,executed,885706.TI,0.09932990058906349
20200428,20200429,executed,LOW_RISK,0.7071954624325739
20200429,20200430,executed,884210.TI,0.09999999999999999
20200429,20200430,executed,884233.TI,0.09999999999999999
20200429,20200430,executed,885573.TI,0.09999999999999999
20200429,20200430,executed,LOW_RISK,0.7
20200430,20200506,executed,884210.TI,0.10007034507971732
20200430,20200506,executed,884233.TI,0.09816436377125612
20200430,20200506,executed,885573.TI,0.09935404346422536
20200430,20200506,executed,LOW_RISK,0.7024112476848012
20200506,20200507,executed,884210.TI,0.10200284957448488
20200506,20200507,executed,884233.TI,0.09996195127704448
20200506,20200507,executed,885573.TI,0.10085041324216819
20200506,20200507,executed,LOW_RISK,0.6971847859063025
20200507,20200508,executed,883301.TI,0.06
20200507,20200508,executed,884189.TI,0.06
20200507,20200508,executed,884210.TI,0.06
20200507,20200508,executed,884233.TI,0.06
20200507,20200508,executed,885573.TI,0.06
20200507,20200508,executed,LOW_RISK,0.7
20200508,20200511,executed,883301.TI,0.060145912525168606
20200508,20200511,executed,884189.TI,0.06029234348489484
20200508,20200511,executed,884210.TI,0.060628590311021184
20200508,20200511,executed,884233.TI,0.06033806094402379
20200508,20200511,executed,885573.TI,0.059777088493667904
20200508,20200511,executed,LOW_RISK,0.6988180042412238
20200511,20200512,executed,883301.TI,0.06
20200511,20200512,executed,884100.TI,0.06
20200511,20200512,executed,884189.TI,0.06
20200511,20200512,executed,884210.TI,0.06
20200511,20200512,executed,885761.TI,0.06
20200511,20200512,executed,LOW_RISK,0.7
20200512,20200513,executed,883301.TI,0.05972123418353421
20200512,20200513,executed,884100.TI,0.058659516599683874
20200512,20200513,executed,884189.TI,0.06070981309045554
20200512,20200513,executed,884210.TI,0.060992203255236174
20200512,20200513,executed,885761.TI,0.06054536814357599
20200512,20200513,executed,LOW_RISK,0.6993718647275142
20200513,20200514,executed,883301.TI,0.059416391054538026
20200513,20200514,executed,884100.TI,0.05824306605969025
20200513,20200514,executed,884189.TI,0.06231200844861859
20200513,20200514,executed,884210.TI,0.0617942040775028
20200513,20200514,executed,885761.TI,0.0609256690725919
20200513,20200514,executed,LOW_RISK,0.6973086612870585
20200514,20200515,executed,883301.TI,0.06
20200514,20200515,executed,883302.TI,0.06
20200514,20200515,executed,884100.TI,0.06
20200514,20200515,executed,884240.TI,0.06
20200514,20200515,executed,885761.TI,0.06
20200514,20200515,executed,LOW_RISK,0.7
20200515,20200518,executed,883301.TI,0.05959706851942456
20200515,20200518,executed,883302.TI,0.05975699102424182
20200515,20200518,executed,884100.TI,0.059852592549034606
20200515,20200518,executed,884240.TI,0.05977741791269659
20200515,20200518,executed,885761.TI,0.05968914158638477
20200515,20200518,executed,LOW_RISK,0.7013267884082177
20200518,20200519,executed,883302.TI,0.09999999999999999
20200518,20200519,executed,884240.TI,0.09999999999999999
20200518,20200519,executed,885761.TI,0.09999999999999999
20200518,20200519,executed,LOW_RISK,0.7
20200519,20200520,executed,883302.TI,0.09983881499143121
20200519,20200520,executed,884240.TI,0.09980891458395391
20200519,20200520,executed,885761.TI,0.0999051597193974
20200519,20200520,executed,LOW_RISK,0.7004471107052175
20200520,20200521,executed,883302.TI,0.0997744327850732
20200520,20200521,executed,884240.TI,0.10030447152161137
20200520,20200521,executed,885761.TI,0.0998207526925565
20200520,20200521,executed,LOW_RISK,0.700100343000759
20200521,20200522,executed,884240.TI,0.09999999999999999
20200521,20200522,executed,884249.TI,0.09999999999999999
20200521,20200522,executed,885761.TI,0.09999999999999999
20200521,20200522,executed,LOW_RISK,0.7
20200522,20200525,executed,884240.TI,0.09877030962676733
20200522,20200525,executed,884249.TI,0.09960371703972354
20200522,20200525,executed,885761.TI,0.09846936457139717
20200522,20200525,executed,LOW_RISK,0.703156608762112
20200525,20200526,executed,884240.TI,0.0992358675283529
20200525,20200526,executed,884249.TI,0.09967726312572384
20200525,20200526,executed,885761.TI,0.09997999306265468
20200525,20200526,executed,LOW_RISK,0.7011068762832686
20200526,20200527,executed,884240.TI,0.10176767761707427
20200526,20200527,executed,884249.TI,0.09909888110185709
20200526,20200527,executed,885761.TI,0.10107169169317913
20200526,20200527,executed,LOW_RISK,0.6980617495878896
20200527,20200528,executed,881133.TI,0.09999999999999999
20200527,20200528,executed,884249.TI,0.09999999999999999
20200527,20200528,executed,885761.TI,0.09999999999999999
20200527,20200528,executed,LOW_RISK,0.7
20200528,20200529,executed,881133.TI,0.10029127694615615
20200528,20200529,executed,884249.TI,0.10023036836671137
20200528,20200529,executed,885761.TI,0.09959658776777205
20200528,20200529,executed,LOW_RISK,0.6998817669193604
20200529,20200601,executed,881133.TI,0.09999999999999999
20200529,20200601,executed,884243.TI,0.09999999999999999
20200529,20200601,executed,885761.TI,0.09999999999999999
20200529,20200601,executed,LOW_RISK,0.7
20200601,20200602,executed,881133.TI,0.10046331121540499
20200601,20200602,executed,884243.TI,0.10101419000441855
20200601,20200602,executed,885761.TI,0.10096412043351573
20200601,20200602,executed,LOW_RISK,0.6975583783466608
20200602,20200603,executed,881133.TI,0.09999999999999999
20200602,20200603,executed,884243.TI,0.09999999999999999
20200602,20200603,executed,885493.TI,0.09999999999999999
20200602,20200603,executed,LOW_RISK,0.7
20200603,20200604,executed,884243.TI,0.09999999999999999
20200603,20200604,executed,885493.TI,0.09999999999999999
20200603,20200604,executed,885764.TI,0.09999999999999999
20200603,20200604,executed,LOW_RISK,0.7
20200604,20200605,executed,884243.TI,0.1016712925389907
20200604,20200605,executed,885493.TI,0.09994120716138614
20200604,20200605,executed,885764.TI,0.0995288396844405
20200604,20200605,executed,LOW_RISK,0.6988586606151826
20200605,20200608,executed,884243.TI,0.10176701562653222
20200605,20200608,executed,885493.TI,0.10075733753251837
20200605,20200608,executed,885764.TI,0.09951299791872556
20200605,20200608,executed,LOW_RISK,0.6979626489222239
20200608,20200609,executed,884243.TI,0.10124495876080518
20200608,20200609,executed,885493.TI,0.10001701932690951
20200608,20200609,executed,885764.TI,0.0992588674910645
20200608,20200609,executed,LOW_RISK,0.6994791544212209
20200609,20200610,executed,884206.TI,0.09999999999999999
20200609,20200610,executed,884243.TI,0.09999999999999999
20200609,20200610,executed,885764.TI,0.09999999999999999
20200609,20200610,executed,LOW_RISK,0.7
20200610,20200611,executed,884206.TI,0.09999999999999999
20200610,20200611,executed,884208.TI,0.09999999999999999
20200610,20200611,executed,884243.TI,0.09999999999999999
20200610,20200611,executed,LOW_RISK,0.7
20200611,20200612,executed,884206.TI,0.09999999999999999
20200611,20200612,executed,884208.TI,0.09999999999999999
20200611,20200612,executed,884239.TI,0.09999999999999999
20200611,20200612,executed,LOW_RISK,0.7
20200612,20200615,executed,884206.TI,0.10075951423750538
20200612,20200615,executed,884208.TI,0.10147050886146447
20200612,20200615,executed,884239.TI,0.10436413164470118
20200612,20200615,executed,LOW_RISK,0.693405845256329
20200615,20200616,executed,884206.TI,0.10069662552129159
20200615,20200616,executed,884208.TI,0.10119529407131567
20200615,20200616,executed,884239.TI,0.10598971070675088
20200615,20200616,executed,LOW_RISK,0.6921183697006419
20200616,20200617,executed,884208.TI,0.09999999999999999
20200616,20200617,executed,884239.TI,0.09999999999999999
20200616,20200617,executed,885641.TI,0.09999999999999999
20200616,20200617,executed,LOW_RISK,0.7
20200617,20200618,executed,881182.TI,0.09999999999999999
20200617,20200618,executed,884239.TI,0.09999999999999999
20200617,20200618,executed,885641.TI,0.09999999999999999
20200617,20200618,executed,LOW_RISK,0.7
20200618,20200619,executed,881165.TI,0.06
20200618,20200619,executed,881182.TI,0.06
20200618,20200619,executed,884033.TI,0.06
20200618,20200619,executed,885641.TI,0.06
20200618,20200619,executed,885893.TI,0.06
20200618,20200619,executed,LOW_RISK,0.7
20200619,20200622,executed,881165.TI,0.05999773272761027
20200619,20200622,executed,881182.TI,0.0606169623687665
20200619,20200622,executed,884033.TI,0.06013823149092112
20200619,20200622,executed,885641.TI,0.06022294794715263
20200619,20200622,executed,885893.TI,0.06138335526076098
20200619,20200622,executed,LOW_RISK,0.6976407702047884
20200622,20200623,executed,881165.TI,0.05974889313372616
20200622,20200623,executed,881182.TI,0.05964659827222619
20200622,20200623,executed,884033.TI,0.05970923038013649
20200622,20200623,executed,885641.TI,0.05991547519920864
20200622,20200623,executed,885893.TI,0.06393504265310418
20200622,20200623,executed,LOW_RISK,0.6970447603615983
20200623,20200624,executed,881165.TI,0.06
20200623,20200624,executed,881182.TI,0.06
20200623,20200624,executed,884033.TI,0.06
20200623,20200624,executed,885587.TI,0.06
20200623,20200624,executed,885893.TI,0.06
20200623,20200624,executed,LOW_RISK,0.7
20200624,20200629,executed,881165.TI,0.05961412548149233
20200624,20200629,executed,881182.TI,0.05953171140525153
20200624,20200629,executed,884033.TI,0.05966172969760621
20200624,20200629,executed,885587.TI,0.0599572244841181
20200624,20200629,executed,885893.TI,0.06098008337434312
20200624,20200629,executed,LOW_RISK,0.7002551255571887
20200629,20200630,executed,881165.TI,0.13999999999999999
20200629,20200630,executed,881173.TI,0.13999999999999999
20200629,20200630,executed,881182.TI,0.13999999999999999
20200629,20200630,executed,884091.TI,0.13999999999999999
20200629,20200630,executed,885587.TI,0.13999999999999999
20200629,20200630,executed,LOW_RISK,0.30000000000000004
20200630,20200701,executed,881165.TI,0.1404631354690384
20200630,20200701,executed,881173.TI,0.14157644807605307
20200630,20200701,executed,881182.TI,0.14002742576252417
20200630,20200701,executed,884091.TI,0.14079587441996616
20200630,20200701,executed,885587.TI,0.1402498582936891
20200630,20200701,executed,LOW_RISK,0.29688725797872906
20200701,20200702,executed,881173.TI,0.13999999999999999
20200701,20200702,executed,881182.TI,0.13999999999999999
20200701,20200702,executed,884091.TI,0.13999999999999999
20200701,20200702,executed,884249.TI,0.13999999999999999
20200701,20200702,executed,885587.TI,0.13999999999999999
20200701,20200702,executed,LOW_RISK,0.30000000000000004
20200702,20200703,executed,881173.TI,0.1395563822546881
20200702,20200703,executed,881182.TI,0.13970930876806487
20200702,20200703,executed,884091.TI,0.1434059501153595
20200702,20200703,executed,884249.TI,0.14117139794381162
20200702,20200703,executed,885587.TI,0.13925258353719622
20200702,20200703,executed,LOW_RISK,0.2969043773808797
20200703,20200706,executed,881173.TI,0.13999999999999999
20200703,20200706,executed,884091.TI,0.13999999999999999
20200703,20200706,executed,884239.TI,0.13999999999999999
20200703,20200706,executed,884249.TI,0.13999999999999999
20200703,20200706,executed,885587.TI,0.13999999999999999
20200703,20200706,executed,LOW_RISK,0.30000000000000004
20200706,20200707,executed,884239.TI,0.13999999999999999
20200706,20200707,executed,884249.TI,0.13999999999999999
20200706,20200707,executed,885522.TI,0.13999999999999999
20200706,20200707,executed,885555.TI,0.13999999999999999
20200706,20200707,executed,885587.TI,0.13999999999999999
20200706,20200707,executed,LOW_RISK,0.30000000000000004
20200707,20200708,executed,884239.TI,0.14534871775078906
20200707,20200708,executed,884249.TI,0.13595611375890512
20200707,20200708,executed,885522.TI,0.1399102405445833
20200707,20200708,executed,885555.TI,0.13942091407637536
20200707,20200708,executed,885587.TI,0.13938855080229048
20200707,20200708,executed,LOW_RISK,0.2999754630670567
20200708,20200709,executed,884208.TI,0.13999999999999999
20200708,20200709,executed,884239.TI,0.13999999999999999
20200708,20200709,executed,885522.TI,0.13999999999999999
20200708,20200709,executed,885555.TI,0.13999999999999999
20200708,20200709,executed,885587.TI,0.13999999999999999
20200708,20200709,executed,LOW_RISK,0.30000000000000004
20200709,20200710,executed,884208.TI,0.14064141192189947
20200709,20200710,executed,884239.TI,0.14548851601738705
20200709,20200710,executed,885522.TI,0.14132918240282175
20200709,20200710,executed,885555.TI,0.13996880606783219
20200709,20200710,executed,885587.TI,0.13915211942662575
20200709,20200710,executed,LOW_RISK,0.29341996416343386
20200710,20200713,executed,884208.TI,0.2
20200710,20200713,executed,884239.TI,0.2
20200710,20200713,executed,885522.TI,0.2
20200710,20200713,executed,885555.TI,0.2
20200710,20200713,executed,885587.TI,0.2
20200710,20200713,executed,LOW_RISK,0.0
20200713,20200714,executed,884208.TI,0.2
20200713,20200714,executed,884269.TI,0.2
20200713,20200714,executed,885587.TI,0.2
20200713,20200714,executed,885764.TI,0.2
20200713,20200714,executed,885797.TI,0.2
20200713,20200714,executed,LOW_RISK,0.0
20200714,20200715,executed,884208.TI,0.20056551669222253
20200714,20200715,executed,884269.TI,0.20030291760097768
20200714,20200715,executed,885587.TI,0.2000601393248837
20200714,20200715,executed,885764.TI,0.20088128767862962
20200714,20200715,executed,885797.TI,0.1981901387032865
20200714,20200715,executed,LOW_RISK,0.0
20200715,20200716,executed,884208.TI,0.20243308179203676
20200715,20200716,executed,884269.TI,0.20310860595648694
20200715,20200716,executed,885587.TI,0.20324766463238658
20200715,20200716,executed,885764.TI,0.19942227001041943
20200715,20200716,executed,885797.TI,0.1917883776086703
20200715,20200716,executed,LOW_RISK,0.0
20200716,20200717,executed,884208.TI,0.20289678786060583
20200716,20200717,executed,884269.TI,0.20821918490639854
20200716,20200717,executed,885587.TI,0.2015073504639649
20200716,20200717,executed,885764.TI,0.19829650393394121
20200716,20200717,executed,885797.TI,0.1890801728350895
20200716,20200717,executed,LOW_RISK,0.0
20200717,20200720,executed,884208.TI,0.13999999999999999
20200717,20200720,executed,884269.TI,0.13999999999999999
20200717,20200720,executed,885587.TI,0.13999999999999999
20200717,20200720,executed,885764.TI,0.13999999999999999
20200717,20200720,executed,885797.TI,0.13999999999999999
20200717,20200720,executed,LOW_RISK,0.30000000000000004
20200720,20200721,executed,881145.TI,0.13999999999999999
20200720,20200721,executed,881165.TI,0.13999999999999999
20200720,20200721,executed,884208.TI,0.13999999999999999
20200720,20200721,executed,884234.TI,0.13999999999999999
20200720,20200721,executed,885587.TI,0.13999999999999999
20200720,20200721,executed,LOW_RISK,0.30000000000000004
20200721,20200722,executed,881145.TI,0.13895636237203376
20200721,20200722,executed,881165.TI,0.1399660038590925
20200721,20200722,executed,884208.TI,0.14024868946070765
20200721,20200722,executed,884234.TI,0.1408086874726695
20200721,20200722,executed,885587.TI,0.1401225569834655
20200721,20200722,executed,LOW_RISK,0.2998976998520311
20200722,20200723,executed,881145.TI,0.13762007258876816
20200722,20200723,executed,881165.TI,0.14084991635389865
20200722,20200723,executed,884208.TI,0.14105879019302478
20200722,20200723,executed,884234.TI,0.14150041201542385
20200722,20200723,executed,885587.TI,0.1393973227949197
20200722,20200723,executed,LOW_RISK,0.29957348605396483
20200723,20200724,executed,881145.TI,0.1365685774047198
20200723,20200724,executed,881165.TI,0.14179090578324585
20200723,20200724,executed,884208.TI,0.14242658391844756
20200723,20200724,executed,884234.TI,0.14145763954801951
20200723,20200724,executed,885587.TI,0.1389091690594517
20200723,20200724,executed,LOW_RISK,0.2988471242861156
20200724,20200727,executed,881145.TI,0.13641432547282223
20200724,20200727,executed,881165.TI,0.13999525398517962
20200724,20200727,executed,884208.TI,0.14057918430110009
20200724,20200727,executed,884234.TI,0.1388574362239201
20200724,20200727,executed,885587.TI,0.13809046955159224
20200724,20200727,executed,LOW_RISK,0.3060633304653857
20200727,20200728,executed,881149.TI,0.13999999999999999
20200727,20200728,executed,881165.TI,0.13999999999999999
20200727,20200728,executed,884154.TI,0.13999999999999999
20200727,20200728,executed,884208.TI,0.13999999999999999
20200727,20200728,executed,884234.TI,0.13999999999999999
20200727,20200728,executed,LOW_RISK,0.30000000000000004
20200728,20200729,executed,881149.TI,0.1401337963822408
20200728,20200729,executed,881165.TI,0.1399029306846158
20200728,20200729,executed,884154.TI,0.1404283562068882
20200728,20200729,executed,884208.TI,0.13939127770495666
20200728,20200729,executed,884234.TI,0.14110937838579435
20200728,20200729,executed,LOW_RISK,0.2990342606355042
20200729,20200730,executed,881149.TI,0.14064660903254309
20200729,20200730,executed,881165.TI,0.14060513371097574
20200729,20200730,executed,884154.TI,0.1409889520637837
20200729,20200730,executed,884208.TI,0.14049782826329538
20200729,20200730,executed,884234.TI,0.14164052233881902
20200729,20200730,executed,LOW_RISK,0.295620954590583
20200730,20200731,executed,881149.TI,0.14074945059022134
20200730,20200731,executed,881165.TI,0.14084460321316197
20200730,20200731,executed,884154.TI,0.1412576735454416
20200730,20200731,executed,884208.TI,0.139927176745803
20200730,20200731,executed,884234.TI,0.1412993756501961
20200730,20200731,executed,LOW_RISK,0.29592172025517605
20200731,20200803,executed,881149.TI,0.1411550233333392
20200731,20200803,executed,881165.TI,0.14144020115859943
20200731,20200803,executed,884154.TI,0.14193906568513145
20200731,20200803,executed,884208.TI,0.1403624067660233
20200731,20200803,executed,884234.TI,0.14198155960211595
20200731,20200803,executed,LOW_RISK,0.2931217434547907
20200803,20200804,executed,881149.TI,0.13999999999999999
20200803,20200804,executed,881165.TI,0.13999999999999999
20200803,20200804,executed,884154.TI,0.13999999999999999
20200803,20200804,executed,884234.TI,0.13999999999999999
20200803,20200804,executed,885699.TI,0.13999999999999999
20200803,20200804,executed,LOW_RISK,0.30000000000000004
20200804,20200805,executed,881149.TI,0.14027265315964124
20200804,20200805,executed,881165.TI,0.13997625546412623
20200804,20200805,executed,884154.TI,0.14026695494804725
20200804,20200805,executed,884234.TI,0.1398800950099872
20200804,20200805,executed,885699.TI,0.14068260338212407
20200804,20200805,executed,LOW_RISK,0.29892143803607407
20200805,20200806,executed,881149.TI,0.13999999999999999
20200805,20200806,executed,881165.TI,0.13999999999999999
20200805,20200806,executed,884149.TI,0.13999999999999999
20200805,20200806,executed,884154.TI,0.13999999999999999
20200805,20200806,executed,885699.TI,0.13999999999999999
20200805,20200806,executed,LOW_RISK,0.30000000000000004
20200806,20200807,executed,881149.TI,0.13948459835043833
20200806,20200807,executed,881165.TI,0.14057543838763936
20200806,20200807,executed,884149.TI,0.13905187537977237
20200806,20200807,executed,884154.TI,0.13968884968597484
20200806,20200807,executed,885699.TI,0.14068682554643974
20200806,20200807,executed,LOW_RISK,0.3005124126497354
20200807,20200810,executed,881149.TI,0.13957500651677596
20200807,20200810,executed,881165.TI,0.1394415482309298
20200807,20200810,executed,884149.TI,0.13754180042943448
20200807,20200810,executed,884154.TI,0.13994666181004173
20200807,20200810,executed,885699.TI,0.14067917158226148
20200807,20200810,executed,LOW_RISK,0.3028158114305566
20200810,20200811,executed,881149.TI,0.14109648437064645
20200810,20200811,executed,881165.TI,0.13908809846825257
20200810,20200811,executed,884149.TI,0.13863748687650967
20200810,20200811,executed,884154.TI,0.14119966279511578
20200810,20200811,executed,885699.TI,0.13958158344947608
20200810,20200811,executed,LOW_RISK,0.3003966840399994
20200811,20200812,executed,881149.TI,0.14030811903994622
20200811,20200812,executed,881165.TI,0.13769611939974508
20200811,20200812,executed,884149.TI,0.13785853993699473
20200811,20200812,executed,884154.TI,0.1404268695453949
20200811,20200812,executed,885699.TI,0.13990597344848665
20200811,20200812,executed,LOW_RISK,0.30380437862943244
20200812,20200813,executed,881149.TI,0.13999999999999999
20200812,20200813,executed,884154.TI,0.13999999999999999
20200812,20200813,executed,885699.TI,0.13999999999999999
20200812,20200813,executed,885897.TI,0.13999999999999999
20200812,20200813,executed,885899.TI,0.13999999999999999
20200812,20200813,executed,LOW_RISK,0.30000000000000004
20200813,20200814,executed,881149.TI,0.14071276520511214
20200813,20200814,executed,884154.TI,0.14047392607313386
20200813,20200814,executed,885699.TI,0.1410953741026564
20200813,20200814,executed,885897.TI,0.13761962142685139
20200813,20200814,executed,885899.TI,0.14020638515675518
20200813,20200814,executed,LOW_RISK,0.29989192803549103
20200814,20200817,executed,881149.TI,0.14047149012039548
20200814,20200817,executed,884154.TI,0.14014367605973835
20200814,20200817,executed,885699.TI,0.14108797821880606
20200814,20200817,executed,885897.TI,0.13911068857899117
20200814,20200817,executed,885899.TI,0.14084855008229097
20200814,20200817,executed,LOW_RISK,0.298337616939778
20200817,20200818,executed,881149.TI,0.14058468481202593
20200817,20200818,executed,884154.TI,0.14027015544953883
20200817,20200818,executed,885699.TI,0.14134379467519997
20200817,20200818,executed,885897.TI,0.1395236371431275
20200817,20200818,executed,885899.TI,0.14253011128458767
20200817,20200818,executed,LOW_RISK,0.29574761663552007
20200818,20200819,executed,881149.TI,0.2
20200818,20200819,executed,884154.TI,0.2
20200818,20200819,executed,885699.TI,0.2
20200818,20200819,executed,885897.TI,0.2
20200818,20200819,executed,885899.TI,0.2
20200818,20200819,executed,LOW_RISK,0.0
20200819,20200820,executed,881149.TI,0.2
20200819,20200820,executed,884154.TI,0.2
20200819,20200820,executed,884249.TI,0.2
20200819,20200820,executed,885699.TI,0.2
20200819,20200820,executed,885899.TI,0.2
20200819,20200820,executed,LOW_RISK,0.0
20200820,20200821,executed,881149.TI,0.2
20200820,20200821,executed,884083.TI,0.2
20200820,20200821,executed,884154.TI,0.2
20200820,20200821,executed,884249.TI,0.2
20200820,20200821,executed,885699.TI,0.2
20200820,20200821,executed,LOW_RISK,0.0
20200821,20200824,executed,881149.TI,0.20081730600965747
20200821,20200824,executed,884083.TI,0.19543717388335455
20200821,20200824,executed,884154.TI,0.20007416469323114
20200821,20200824,executed,884249.TI,0.20120196742234042
20200821,20200824,executed,885699.TI,0.20246938799141645
20200821,20200824,executed,LOW_RISK,0.0
20200824,20200825,executed,881149.TI,0.19970364108165928
20200824,20200825,executed,884083.TI,0.19859417455073078
20200824,20200825,executed,884154.TI,0.19935847324011616
20200824,20200825,executed,884249.TI,0.2001292727471464
20200824,20200825,executed,885699.TI,0.20221443838034742
20200824,20200825,executed,LOW_RISK,0.0
20200825,20200826,executed,881149.TI,0.19885091484882822
20200825,20200826,executed,884083.TI,0.2022961715499145
20200825,20200826,executed,884154.TI,0.19887135601884473
20200825,20200826,executed,884249.TI,0.1996945249136963
20200825,20200826,executed,885699.TI,0.20028703266871634
20200825,20200826,executed,LOW_RISK,0.0
20200826,20200827,executed,881149.TI,0.2
20200826,20200827,executed,884083.TI,0.2
20200826,20200827,executed,884154.TI,0.2
20200826,20200827,executed,884234.TI,0.2
20200826,20200827,executed,885699.TI,0.2
20200826,20200827,executed,LOW_RISK,0.0
20200827,20200828,executed,881149.TI,0.19863180209515655
20200827,20200828,executed,884083.TI,0.20163229033188879
20200827,20200828,executed,884154.TI,0.19838905098532256
20200827,20200828,executed,884234.TI,0.19991533280128013
20200827,20200828,executed,885699.TI,0.20143152378635198
20200827,20200828,executed,LOW_RISK,0.0
20200828,20200831,executed,881149.TI,0.1985882175136257
20200828,20200831,executed,884083.TI,0.2006876506901666
20200828,20200831,executed,884154.TI,0.1983919880305322
20200828,20200831,executed,884234.TI,0.20094448204974133
20200828,20200831,executed,885699.TI,0.2013876617159342
20200828,20200831,executed,LOW_RISK,0.0
20200831,20200901,executed,881149.TI,0.1971375571039387
20200831,20200901,executed,884083.TI,0.20001327629039725
20200831,20200901,executed,884154.TI,0.19705628479608728
20200831,20200901,executed,884234.TI,0.2037737113052471
20200831,20200901,executed,885699.TI,0.20201917050432966
20200831,20200901,executed,LOW_RISK,0.0
20200901,20200902,executed,881149.TI,0.2
20200901,20200902,executed,884154.TI,0.2
20200901,20200902,executed,884210.TI,0.2
20200901,20200902,executed,884234.TI,0.2
20200901,20200902,executed,885699.TI,0.2
20200901,20200902,executed,LOW_RISK,0.0
20200902,20200903,executed,881136.TI,0.2
20200902,20200903,executed,881149.TI,0.2
20200902,20200903,executed,884210.TI,0.2
20200902,20200903,executed,884234.TI,0.2
20200902,20200903,executed,885699.TI,0.2
20200902,20200903,executed,LOW_RISK,0.0
20200903,20200904,executed,881136.TI,0.2
20200903,20200904,executed,884165.TI,0.2
20200903,20200904,executed,884210.TI,0.2
20200903,20200904,executed,884234.TI,0.2
20200903,20200904,executed,885699.TI,0.2
20200903,20200904,executed,LOW_RISK,0.0
20200904,20200907,executed,881136.TI,0.20064377649164622
20200904,20200907,executed,884165.TI,0.2012146284250623
20200904,20200907,executed,884210.TI,0.19622255735596056
20200904,20200907,executed,884234.TI,0.20180523299137065
20200904,20200907,executed,885699.TI,0.20011380473596035
20200904,20200907,executed,LOW_RISK,0.0
20200907,20200908,executed,881136.TI,0.20086394209988936
20200907,20200908,executed,884165.TI,0.20537921127270709
20200907,20200908,executed,884210.TI,0.1905157620988549
20200907,20200908,executed,884234.TI,0.20356052092192745
20200907,20200908,executed,885699.TI,0.19968056360662137
20200907,20200908,executed,LOW_RISK,-2.220446049250313e-16
20200908,20200909,executed,881136.TI,0.2
20200908,20200909,executed,884165.TI,0.2
20200908,20200909,executed,884234.TI,0.2
20200908,20200909,executed,885430.TI,0.2
20200908,20200909,executed,885699.TI,0.2
20200908,20200909,executed,LOW_RISK,0.0
20200909,20200910,executed,881136.TI,0.2021216530955734
20200909,20200910,executed,884165.TI,0.19636964585724462
20200909,20200910,executed,884234.TI,0.202030699756226
20200909,20200910,executed,885430.TI,0.19881612890542097
20200909,20200910,executed,885699.TI,0.20066187238553498
20200909,20200910,executed,LOW_RISK,0.0
20200910,20200911,executed,881136.TI,0.2
20200910,20200911,executed,884234.TI,0.2
20200910,20200911,executed,884249.TI,0.2
20200910,20200911,executed,885430.TI,0.2
20200910,20200911,executed,885699.TI,0.2
20200910,20200911,executed,LOW_RISK,0.0
20200911,20200914,executed,884234.TI,0.2
20200911,20200914,executed,884239.TI,0.2
20200911,20200914,executed,884249.TI,0.2
20200911,20200914,executed,885430.TI,0.2
20200911,20200914,executed,885699.TI,0.2
20200911,20200914,executed,LOW_RISK,0.0
20200914,20200915,executed,884234.TI,0.20080374537651707
20200914,20200915,executed,884239.TI,0.1965202916807627
20200914,20200915,executed,884249.TI,0.19961777270980666
20200914,20200915,executed,885430.TI,0.20216381887149687
20200914,20200915,executed,885699.TI,0.20089437136141677
20200914,20200915,executed,LOW_RISK,0.0
20200915,20200916,executed,881125.TI,0.2
20200915,20200916,executed,884239.TI,0.2
20200915,20200916,executed,884249.TI,0.2
20200915,20200916,executed,885699.TI,0.2
20200915,20200916,executed,885884.TI,0.2
20200915,20200916,executed,LOW_RISK,0.0
20200916,20200917,executed,881125.TI,0.2
20200916,20200917,executed,884239.TI,0.2
20200916,20200917,executed,884249.TI,0.2
20200916,20200917,executed,885497.TI,0.2
20200916,20200917,executed,885884.TI,0.2
20200916,20200917,executed,LOW_RISK,0.0
20200917,20200918,executed,881125.TI,0.2
20200917,20200918,executed,884239.TI,0.2
20200917,20200918,executed,884262.TI,0.2
20200917,20200918,executed,885497.TI,0.2
20200917,20200918,executed,885884.TI,0.2
20200917,20200918,executed,LOW_RISK,0.0
20200918,20200921,executed,881125.TI,0.2
20200918,20200921,executed,884155.TI,0.2
20200918,20200921,executed,884262.TI,0.2
20200918,20200921,executed,885497.TI,0.2
20200918,20200921,executed,885884.TI,0.2
20200918,20200921,executed,LOW_RISK,0.0
20200921,20200922,executed,881125.TI,0.19815536866045005
20200921,20200922,executed,884155.TI,0.20085223647995493
20200921,20200922,executed,884262.TI,0.20010788032261895
20200921,20200922,executed,885497.TI,0.19843859145198364
20200921,20200922,executed,885884.TI,0.20244592308499246
20200921,20200922,executed,LOW_RISK,0.0
20200922,20200923,executed,884155.TI,0.2
20200922,20200923,executed,884262.TI,0.2
20200922,20200923,executed,885497.TI,0.2
20200922,20200923,executed,885641.TI,0.2
20200922,20200923,executed,885775.TI,0.2
20200922,20200923,executed,LOW_RISK,0.0
20200923,20200924,executed,884155.TI,0.2
20200923,20200924,executed,884262.TI,0.2
20200923,20200924,executed,885427.TI,0.2
20200923,20200924,executed,885641.TI,0.2
20200923,20200924,executed,885775.TI,0.2
20200923,20200924,executed,LOW_RISK,0.0
20200924,20200925,executed,884155.TI,0.13999999999999999
20200924,20200925,executed,884229.TI,0.13999999999999999
20200924,20200925,executed,885427.TI,0.13999999999999999
20200924,20200925,executed,885641.TI,0.13999999999999999
20200924,20200925,executed,885775.TI,0.13999999999999999
20200924,20200925,executed,LOW_RISK,0.30000000000000004
20200925,20200928,executed,884229.TI,0.13999999999999999
20200925,20200928,executed,885427.TI,0.13999999999999999
20200925,20200928,executed,885641.TI,0.13999999999999999
20200925,20200928,executed,885775.TI,0.13999999999999999
20200925,20200928,executed,885893.TI,0.13999999999999999
20200925,20200928,executed,LOW_RISK,0.30000000000000004
20200928,20200929,executed,884229.TI,0.13869638720062416
20200928,20200929,executed,885427.TI,0.1394754282094544
20200928,20200929,executed,885641.TI,0.14062804109322496
20200928,20200929,executed,885775.TI,0.13940022222481385
20200928,20200929,executed,885893.TI,0.13972193379737743
20200928,20200929,executed,LOW_RISK,0.3020779874745052
20200929,20200930,executed,884005.TI,0.13999999999999999
20200929,20200930,executed,884215.TI,0.13999999999999999
20200929,20200930,executed,884229.TI,0.13999999999999999
20200929,20200930,executed,885427.TI,0.13999999999999999
20200929,20200930,executed,885893.TI,0.13999999999999999
20200929,20200930,executed,LOW_RISK,0.30000000000000004
20200930,20201009,executed,884005.TI,0.13999999999999999
20200930,20201009,executed,884010.TI,0.13999999999999999
20200930,20201009,executed,884215.TI,0.13999999999999999
20200930,20201009,executed,884229.TI,0.13999999999999999
20200930,20201009,executed,885893.TI,0.13999999999999999
20200930,20201009,executed,LOW_RISK,0.30000000000000004
20201009,20201012,executed,884005.TI,0.09999999999999999
20201009,20201012,executed,884229.TI,0.09999999999999999
20201009,20201012,executed,885893.TI,0.09999999999999999
20201009,20201012,executed,LOW_RISK,0.7
20201012,20201013,executed,884005.TI,0.09999999999999999
20201012,20201013,executed,884229.TI,0.09999999999999999
20201012,20201013,executed,885884.TI,0.09999999999999999
20201012,20201013,executed,LOW_RISK,0.7
20201013,20201014,executed,884005.TI,0.09916075520700318
20201013,20201014,executed,884229.TI,0.09980523205109422
20201013,20201014,executed,885884.TI,0.10087683165596002
20201013,20201014,executed,LOW_RISK,0.7001571810859426
20201014,20201015,executed,884219.TI,0.09999999999999999
20201014,20201015,executed,885564.TI,0.09999999999999999
20201014,20201015,executed,885884.TI,0.09999999999999999
20201014,20201015,executed,LOW_RISK,0.7
20201015,20201016,executed,884219.TI,0.09806103748681698
20201015,20201016,executed,885564.TI,0.09956591021520722
20201015,20201016,executed,885884.TI,0.09873064263893809
20201015,20201016,executed,LOW_RISK,0.7036424096590377
20201016,20201019,executed,884219.TI,0.09818892835645057
20201016,20201019,executed,885564.TI,0.09994295203217061
20201016,20201019,executed,885884.TI,0.09896036672818907
20201016,20201019,executed,LOW_RISK,0.7029077528831897
20201019,20201020,executed,881131.TI,0.09999999999999999
20201019,20201020,executed,884219.TI,0.09999999999999999
20201019,20201020,executed,885564.TI,0.09999999999999999
20201019,20201020,executed,LOW_RISK,0.7
20201020,20201021,executed,881131.TI,0.10114928205597865
20201020,20201021,executed,884219.TI,0.10146745455906103
20201020,20201021,executed,885564.TI,0.10031499560691187
20201020,20201021,executed,LOW_RISK,0.6970682677780484
20201021,20201022,executed,881131.TI,0.09999999999999999
20201021,20201022,executed,881136.TI,0.09999999999999999
20201021,20201022,executed,884271.TI,0.09999999999999999
20201021,20201022,executed,LOW_RISK,0.7
20201022,20201023,executed,881131.TI,0.09966797067083694
20201022,20201023,executed,881136.TI,0.09957236071995319
20201022,20201023,executed,884271.TI,0.10066990752653038
20201022,20201023,executed,LOW_RISK,0.7000897610826795
20201023,20201026,executed,881131.TI,0.0983671093718989
20201023,20201026,executed,881136.TI,0.09784349252453672
20201023,20201026,executed,884271.TI,0.09860016090370793
20201023,20201026,executed,LOW_RISK,0.7051892371998565
20201026,20201027,executed,881131.TI,0.09910223685517694
20201026,20201027,executed,881136.TI,0.09770267266156922
20201026,20201027,executed,884271.TI,0.0981186400447396
20201026,20201027,executed,LOW_RISK,0.7050764504385143
20201027,20201028,executed,881136.TI,0.09999999999999999
20201027,20201028,executed,884249.TI,0.09999999999999999
20201027,20201028,executed,884271.TI,0.09999999999999999
20201027,20201028,executed,LOW_RISK,0.7
20201028,20201029,executed,884249.TI,0.09999999999999999
20201028,20201029,executed,884271.TI,0.09999999999999999
20201028,20201029,executed,885710.TI,0.09999999999999999
20201028,20201029,executed,LOW_RISK,0.7
20201029,20201030,executed,884249.TI,0.10003419424709134
20201029,20201030,executed,884271.TI,0.10074952673800018
20201029,20201030,executed,885710.TI,0.10067901337745118
20201029,20201030,executed,LOW_RISK,0.6985372656374573
20201030,20201102,executed,884249.TI,0.10060204144418099
20201030,20201102,executed,884271.TI,0.09726004553515537
20201030,20201102,executed,885710.TI,0.09840074964533957
20201030,20201102,executed,LOW_RISK,0.7037371633753241
20201102,20201103,executed,884249.TI,0.10079568392140463
20201102,20201103,executed,884271.TI,0.09805214083702629
20201102,20201103,executed,885710.TI,0.09956629472106486
20201102,20201103,executed,LOW_RISK,0.7015858805205042
20201103,20201104,executed,884249.TI,0.101110095481594
20201103,20201104,executed,884271.TI,0.09829233737863048
20201103,20201104,executed,885710.TI,0.1004639636738723
20201103,20201104,executed,LOW_RISK,0.7001336034659033
20201104,20201105,executed,881182.TI,0.09999999999999999
20201104,20201105,executed,884249.TI,0.09999999999999999
20201104,20201105,executed,884271.TI,0.09999999999999999
20201104,20201105,executed,LOW_RISK,0.7
20201105,20201106,executed,881182.TI,0.09999999999999999
20201105,20201106,executed,884154.TI,0.09999999999999999
20201105,20201106,executed,884249.TI,0.09999999999999999
20201105,20201106,executed,LOW_RISK,0.7
20201106,20201109,executed,881182.TI,0.0986693495829904
20201106,20201109,executed,884154.TI,0.10035824575720675
20201106,20201109,executed,884249.TI,0.1006313133001925
20201106,20201109,executed,LOW_RISK,0.7003410913596104
20201109,20201110,executed,881182.TI,0.09999999999999999
20201109,20201110,executed,884154.TI,0.09999999999999999
20201109,20201110,executed,884218.TI,0.09999999999999999
20201109,20201110,executed,LOW_RISK,0.7
20201110,20201111,executed,881182.TI,0.098596475964897
20201110,20201111,executed,884154.TI,0.09962268485364298
20201110,20201111,executed,884218.TI,0.09906214172107326
20201110,20201111,executed,LOW_RISK,0.7027186974603867
20201111,20201112,executed,884039.TI,0.09999999999999999
20201111,20201112,executed,884154.TI,0.09999999999999999
20201111,20201112,executed,884218.TI,0.09999999999999999
20201111,20201112,executed,LOW_RISK,0.7
20201112,20201113,executed,884039.TI,0.10015964176561894
20201112,20201113,executed,884154.TI,0.10022688376876503
20201112,20201113,executed,884218.TI,0.09931558147968388
20201112,20201113,executed,LOW_RISK,0.7002978929859321
20201113,20201116,executed,884039.TI,0.10063845883474486
20201113,20201116,executed,884154.TI,0.10061592619800856
20201113,20201116,executed,884218.TI,0.09996403738658358
20201113,20201116,executed,LOW_RISK,0.698781577580663
20201116,20201117,executed,884012.TI,0.09999999999999999
20201116,20201117,executed,884039.TI,0.09999999999999999
20201116,20201117,executed,884154.TI,0.09999999999999999
20201116,20201117,executed,LOW_RISK,0.7
20201117,20201118,executed,884012.TI,0.09972647937048704
20201117,20201118,executed,884039.TI,0.09912056269248389
20201117,20201118,executed,884154.TI,0.10053354875555677
20201117,20201118,executed,LOW_RISK,0.7006194091814724
20201118,20201119,executed,884012.TI,0.09999999999999999
20201118,20201119,executed,884154.TI,0.09999999999999999
20201118,20201119,executed,884249.TI,0.09999999999999999
20201118,20201119,executed,LOW_RISK,0.7
20201119,20201120,executed,884012.TI,0.09717734800822982
20201119,20201120,executed,884154.TI,0.10002489213067181
20201119,20201120,executed,884249.TI,0.10051848325357864
20201119,20201120,executed,LOW_RISK,0.7022792766075198
20201120,20201123,executed,884012.TI,0.0990912660822555
20201120,20201123,executed,884154.TI,0.10015944458697007
20201120,20201123,executed,884249.TI,0.09972058872620651
20201120,20201123,executed,LOW_RISK,0.7010287006045679
20201123,20201124,executed,881149.TI,0.09999999999999999
20201123,20201124,executed,884154.TI,0.09999999999999999
20201123,20201124,executed,884249.TI,0.09999999999999999
20201123,20201124,executed,LOW_RISK,0.7
20201124,20201125,executed,881149.TI,0.10000858198261398
20201124,20201125,executed,884154.TI,0.10006801961143197
20201124,20201125,executed,884249.TI,0.10054101357698576
20201124,20201125,executed,LOW_RISK,0.6993823848289683
20201125,20201126,executed,881149.TI,0.09931352038223097
20201125,20201126,executed,884154.TI,0.09942898365656022
20201125,20201126,executed,884249.TI,0.10029130816594103
20201125,20201126,executed,LOW_RISK,0.7009661877952678
20201126,20201127,executed,881149.TI,0.09916347124407057
20201126,20201127,executed,884154.TI,0.09922039321763287
20201126,20201127,executed,884249.TI,0.10118197356394579
20201126,20201127,executed,LOW_RISK,0.7004341619743508
20201127,20201130,executed,881149.TI,0.09919993386425753
20201127,20201130,executed,884154.TI,0.09935389800736652
20201127,20201130,executed,884249.TI,0.10502127692326628
20201127,20201130,executed,LOW_RISK,0.6964248912051096
20201130,20201201,executed,881149.TI,0.09999999999999999
20201130,20201201,executed,884154.TI,0.09999999999999999
20201130,20201201,executed,885699.TI,0.09999999999999999
20201130,20201201,executed,LOW_RISK,0.7
20201201,20201202,executed,881149.TI,0.10073093490354558
20201201,20201202,executed,884154.TI,0.10072281575500744
20201201,20201202,executed,885699.TI,0.10027650283483579
20201201,20201202,executed,LOW_RISK,0.6982697465066112
20201202,20201203,executed,881149.TI,0.10114244179359576
20201202,20201203,executed,884154.TI,0.10111209388835256
20201202,20201203,executed,885699.TI,0.10009269893911595
20201202,20201203,executed,LOW_RISK,0.6976527653789357
20201203,20201204,executed,881149.TI,0.1009188667688063
20201203,20201204,executed,884154.TI,0.1008469872155944
20201203,20201204,executed,885699.TI,0.10039463933552514
20201203,20201204,executed,LOW_RISK,0.6978395066800742
20201204,20201207,executed,881149.TI,0.1005650876185298
20201204,20201207,executed,884154.TI,0.10052305100971509
20201204,20201207,executed,885699.TI,0.10082246096590937
20201204,20201207,executed,LOW_RISK,0.6980894004058458
20201207,20201208,executed,881149.TI,0.09988557041436553
20201207,20201208,executed,884154.TI,0.09989569988261354
20201207,20201208,executed,885699.TI,0.10127037408809206
20201207,20201208,executed,LOW_RISK,0.6989483556149289
20201208,20201209,executed,881143.TI,0.09999999999999999
20201208,20201209,executed,884154.TI,0.09999999999999999
20201208,20201209,executed,885699.TI,0.09999999999999999
20201208,20201209,executed,LOW_RISK,0.7
20201209,20201210,executed,881143.TI,0.09841159389444079
20201209,20201210,executed,884154.TI,0.0990042100405992
20201209,20201210,executed,885699.TI,0.09907608011966595
20201209,20201210,executed,LOW_RISK,0.703508115945294
20201210,20201211,executed,881143.TI,0.0989050550048967
20201210,20201211,executed,884154.TI,0.09885382805369596
20201210,20201211,executed,885699.TI,0.09910329628353375
20201210,20201211,executed,LOW_RISK,0.7031378206578736
20201211,20201214,executed,881143.TI,0.09749569021758515
20201211,20201214,executed,884154.TI,0.09817304413134224
20201211,20201214,executed,885699.TI,0.09847959269390746
20201211,20201214,executed,LOW_RISK,0.7058516729571651
20201214,20201215,executed,881143.TI,0.09999999999999999
20201214,20201215,executed,885761.TI,0.09999999999999999
20201214,20201215,executed,885905.TI,0.09999999999999999
20201214,20201215,executed,LOW_RISK,0.7
20201215,20201216,executed,881172.TI,0.09999999999999999
20201215,20201216,executed,885761.TI,0.09999999999999999
20201215,20201216,executed,885905.TI,0.09999999999999999
20201215,20201216,executed,LOW_RISK,0.7
20201216,20201217,executed,881172.TI,0.0974548467909489
20201216,20201217,executed,885761.TI,0.10161224056920404
20201216,20201217,executed,885905.TI,0.09717416164010637
20201216,20201217,executed,LOW_RISK,0.7037587509997407
20201217,20201218,executed,881172.TI,0.10011182022652297
20201217,20201218,executed,885761.TI,0.10119719533642059
20201217,20201218,executed,885905.TI,0.09805817269635987
20201217,20201218,executed,LOW_RISK,0.7006328117406966
20201218,20201221,executed,881172.TI,0.09825921263994591
20201218,20201221,executed,885761.TI,0.10096964867613363
20201218,20201221,executed,885905.TI,0.09663928557631193
20201218,20201221,executed,LOW_RISK,0.7041318531076085
20201221,20201222,executed,881116.TI,0.09999999999999999
20201221,20201222,executed,881172.TI,0.09999999999999999
20201221,20201222,executed,885572.TI,0.09999999999999999
20201221,20201222,executed,LOW_RISK,0.7
20201222,20201223,executed,881116.TI,0.09999999999999999
20201222,20201223,executed,884071.TI,0.09999999999999999
20201222,20201223,executed,885572.TI,0.09999999999999999
20201222,20201223,executed,LOW_RISK,0.7
20201223,20201224,executed,881116.TI,0.09995201733052138
20201223,20201224,executed,884071.TI,0.10155126445318817
20201223,20201224,executed,885572.TI,0.09992486511375137
20201223,20201224,executed,LOW_RISK,0.6985718531025391
20201224,20201225,executed,881116.TI,0.09826873439220869
20201224,20201225,executed,884071.TI,0.10259292679807323
20201224,20201225,executed,885572.TI,0.09803979212720518
20201224,20201225,executed,LOW_RISK,0.7010985466825129
20201225,20201228,executed,881116.TI,0.09882071346451524
20201225,20201228,executed,884071.TI,0.10369817029244977
20201225,20201228,executed,885572.TI,0.09880875667063646
20201225,20201228,executed,LOW_RISK,0.6986723595723985
20201228,20201229,executed,884071.TI,0.09999999999999999
20201228,20201229,executed,884209.TI,0.09999999999999999
20201228,20201229,executed,884211.TI,0.09999999999999999
20201228,20201229,executed,LOW_RISK,0.7
20201229,20201230,executed,884209.TI,0.09999999999999999
20201229,20201230,executed,884211.TI,0.09999999999999999
20201229,20201230,executed,884249.TI,0.09999999999999999
20201229,20201230,executed,LOW_RISK,0.7
20201230,20201231,executed,884209.TI,0.10205677081010323
20201230,20201231,executed,884211.TI,0.09976564147765962
20201230,20201231,executed,884249.TI,0.09952917028874615
20201230,20201231,executed,LOW_RISK,0.698648417423491
20201231,20210104,executed,884209.TI,0.10153599404824154
20201231,20210104,executed,884211.TI,0.10138565648715946
20201231,20210104,executed,884249.TI,0.09974043897607963
20201231,20210104,executed,LOW_RISK,0.6973379104885193
20210104,20210105,executed,884209.TI,0.10386237194084828
20210104,20210105,executed,884211.TI,0.10214147860230528
20210104,20210105,executed,884249.TI,0.09886376596026873
20210104,20210105,executed,LOW_RISK,0.6951323834965777
20210105,20210106,executed,884093.TI,0.09999999999999999
20210105,20210106,executed,884211.TI,0.09999999999999999
20210105,20210106,executed,884249.TI,0.09999999999999999
20210105,20210106,executed,LOW_RISK,0.7
20210106,20210107,executed,884093.TI,0.09999999999999999
20210106,20210107,executed,884184.TI,0.09999999999999999
20210106,20210107,executed,884211.TI,0.09999999999999999
20210106,20210107,executed,LOW_RISK,0.7
20210107,20210108,executed,884093.TI,0.098961169771991
20210107,20210108,executed,884184.TI,0.10131599372360556
20210107,20210108,executed,884211.TI,0.09507593936000719
20210107,20210108,executed,LOW_RISK,0.7046468971443962
20210108,20210111,executed,884093.TI,0.0991360232041366
20210108,20210111,executed,884184.TI,0.09966687430431288
20210108,20210111,executed,884211.TI,0.09589435142734323
20210108,20210111,executed,LOW_RISK,0.7053027510642073
20210111,20210112,executed,884093.TI,0.09954249811013073
20210111,20210112,executed,884184.TI,0.09720765096390818
20210111,20210112,executed,884211.TI,0.09289065875894117
20210111,20210112,executed,LOW_RISK,0.7103591921670199
20210112,20210113,executed,884090.TI,0.09999999999999999
20210112,20210113,executed,884184.TI,0.09999999999999999
20210112,20210113,executed,884211.TI,0.09999999999999999
20210112,20210113,executed,LOW_RISK,0.7
20210113,20210114,executed,884090.TI,0.09999999999999999
20210113,20210114,executed,884101.TI,0.09999999999999999
20210113,20210114,executed,884211.TI,0.09999999999999999
20210113,20210114,executed,LOW_RISK,0.7
20210114,20210115,executed,881175.TI,0.09999999999999999
20210114,20210115,executed,884090.TI,0.09999999999999999
20210114,20210115,executed,884211.TI,0.09999999999999999
20210114,20210115,executed,LOW_RISK,0.7
20210115,20210118,executed,881175.TI,0.10107068446258632
20210115,20210118,executed,884090.TI,0.09682905805070408
20210115,20210118,executed,884211.TI,0.10268413712783571
20210115,20210118,executed,LOW_RISK,0.6994161203588739
20210118,20210119,executed,881175.TI,0.09999999999999999
20210118,20210119,executed,883303.TI,0.09999999999999999
20210118,20210119,executed,884245.TI,0.09999999999999999
20210118,20210119,executed,LOW_RISK,0.7
20210119,20210120,executed,881175.TI,0.10039300677456413
20210119,20210120,executed,883303.TI,0.09936338312975246
20210119,20210120,executed,884245.TI,0.0996593757889095
20210119,20210120,executed,LOW_RISK,0.7005842343067739
20210120,20210121,executed,881175.TI,0.1046266733967521
20210120,20210121,executed,883303.TI,0.09957665759723608
20210120,20210121,executed,884245.TI,0.10238435759447452
20210120,20210121,executed,LOW_RISK,0.6934123114115374
20210121,20210122,executed,883303.TI,0.09999999999999999
20210121,20210122,executed,884245.TI,0.09999999999999999
20210121,20210122,executed,885520.TI,0.09999999999999999
20210121,20210122,executed,LOW_RISK,0.7
20210122,20210125,executed,883303.TI,0.0996759703900841
20210122,20210125,executed,884245.TI,0.10162882451285199
20210122,20210125,executed,885520.TI,0.09912964209320724
20210122,20210125,executed,LOW_RISK,0.6995655630038566
20210125,20210126,executed,883303.TI,0.09999999999999999
20210125,20210126,executed,885520.TI,0.09999999999999999
20210125,20210126,executed,885650.TI,0.09999999999999999
20210125,20210126,executed,LOW_RISK,0.7
20210126,20210127,executed,883303.TI,0.09909387331294103
20210126,20210127,executed,885520.TI,0.0993586914421713
20210126,20210127,executed,885650.TI,0.09939097884899953
20210126,20210127,executed,LOW_RISK,0.7021564563958882
20210127,20210128,executed,883303.TI,0.0983283909500642
20210127,20210128,executed,885520.TI,0.09882367068404029
20210127,20210128,executed,885650.TI,0.0999739664008296
20210127,20210128,executed,LOW_RISK,0.7028739719650658
20210128,20210129,executed,884099.TI,0.09999999999999999
20210128,20210129,executed,885650.TI,0.09999999999999999
20210128,20210129,executed,885905.TI,0.09999999999999999
20210128,20210129,executed,LOW_RISK,0.7
20210129,20210201,executed,884099.TI,0.0950873969791663
20210129,20210201,executed,885650.TI,0.09720285368034294
20210129,20210201,executed,885905.TI,0.10374490880088279
20210129,20210201,executed,LOW_RISK,0.703964840539608
20210201,20210202,executed,884099.TI,0.09580039507376324
20210201,20210202,executed,885650.TI,0.09690691419610485
20210201,20210202,executed,885905.TI,0.11051796285798926
20210201,20210202,executed,LOW_RISK,0.6967747278721427
20210202,20210203,executed,884006.TI,0.09999999999999999
20210202,20210203,executed,884099.TI,0.09999999999999999
20210202,20210203,executed,885905.TI,0.09999999999999999
20210202,20210203,executed,LOW_RISK,0.7
20210203,20210204,executed,884006.TI,0.1015422548605253
20210203,20210204,executed,884099.TI,0.09870390391069256
20210203,20210204,executed,885905.TI,0.09816869357357101
20210203,20210204,executed,LOW_RISK,0.7015851476552111
20210204,20210205,executed,884006.TI,0.09999999999999999
20210204,20210205,executed,884119.TI,0.09999999999999999
20210204,20210205,executed,885761.TI,0.09999999999999999
20210204,20210205,executed,LOW_RISK,0.7
20210205,20210208,executed,884006.TI,0.099752614139935
20210205,20210208,executed,884119.TI,0.09940986226250853
20210205,20210208,executed,885761.TI,0.10009060491591132
20210205,20210208,executed,LOW_RISK,0.7007469186816452
20210208,20210209,executed,884006.TI,0.10044623996053856
20210208,20210209,executed,884119.TI,0.09613888237276344
20210208,20210209,executed,885761.TI,0.10105758986381952
20210208,20210209,executed,LOW_RISK,0.7023572878028785
20210209,20210210,executed,884101.TI,0.09999999999999999
20210209,20210210,executed,884119.TI,0.09999999999999999
20210209,20210210,executed,885761.TI,0.09999999999999999
20210209,20210210,executed,LOW_RISK,0.7
20210210,20210218,executed,883302.TI,0.09999999999999999
20210210,20210218,executed,884101.TI,0.09999999999999999
20210210,20210218,executed,885761.TI,0.09999999999999999
20210210,20210218,executed,LOW_RISK,0.7
20210218,20210219,executed,883302.TI,0.09999999999999999
20210218,20210219,executed,883303.TI,0.09999999999999999
20210218,20210219,executed,884101.TI,0.09999999999999999
20210218,20210219,executed,LOW_RISK,0.7
20210219,20210222,executed,883302.TI,0.10019576646667067
20210219,20210222,executed,883303.TI,0.10082451987399763
20210219,20210222,executed,884101.TI,0.10415612928074021
20210219,20210222,executed,LOW_RISK,0.6948235843785915
20210222,20210223,executed,883302.TI,0.09725678863623494
20210222,20210223,executed,883303.TI,0.09994375199606084
20210222,20210223,executed,884101.TI,0.1024432143106321
20210222,20210223,executed,LOW_RISK,0.7003562450570722
20210223,20210224,executed,883302.TI,0.09999999999999999
20210223,20210224,executed,883303.TI,0.09999999999999999
20210223,20210224,executed,885640.TI,0.09999999999999999
20210223,20210224,executed,LOW_RISK,0.7
20210224,20210225,executed,883303.TI,0.09999999999999999
20210224,20210225,executed,885640.TI,0.09999999999999999
20210224,20210225,executed,885823.TI,0.09999999999999999
20210224,20210225,executed,LOW_RISK,0.7
20210225,20210226,executed,884249.TI,0.09999999999999999
20210225,20210226,executed,885640.TI,0.09999999999999999
20210225,20210226,executed,885823.TI,0.09999999999999999
20210225,20210226,executed,LOW_RISK,0.7
20210226,20210301,executed,884249.TI,0.09945949729558687
20210226,20210301,executed,885640.TI,0.101387558044827
20210226,20210301,executed,885823.TI,0.10182803778406481
20210226,20210301,executed,LOW_RISK,0.6973249068755213
20210301,20210302,executed,884249.TI,0.09896124893136372
20210301,20210302,executed,885640.TI,0.10396853943482805
20210301,20210302,executed,885823.TI,0.10359639554080957
20210301,20210302,executed,LOW_RISK,0.6934738160929986
20210302,20210303,executed,884249.TI,0.09999999999999999
20210302,20210303,executed,885753.TI,0.09999999999999999
20210302,20210303,executed,885823.TI,0.09999999999999999
20210302,20210303,executed,LOW_RISK,0.7
20210303,20210304,executed,884249.TI,0.10211976811106528
20210303,20210304,executed,885753.TI,0.10037986303307947
20210303,20210304,executed,885823.TI,0.10139665362752054
20210303,20210304,executed,LOW_RISK,0.6961037152283347
20210304,20210305,executed,885699.TI,0.09999999999999999
20210304,20210305,executed,885753.TI,0.09999999999999999
20210304,20210305,executed,885823.TI,0.09999999999999999
20210304,20210305,executed,LOW_RISK,0.7
20210305,20210308,executed,885699.TI,0.10165704811750939
20210305,20210308,executed,885753.TI,0.10124148729466398
20210305,20210308,executed,885823.TI,0.10153064944145418
20210305,20210308,executed,LOW_RISK,0.6955708151463724
20210308,20210309,executed,885699.TI,0.10066890443463097
20210308,20210309,executed,885753.TI,0.09923973510436757
20210308,20210309,executed,885823.TI,0.10002587075635477
20210308,20210309,executed,LOW_RISK,0.7000654897046467
20210309,20210310,executed,884249.TI,0.09999999999999999
20210309,20210310,executed,885699.TI,0.09999999999999999
20210309,20210310,executed,885823.TI,0.09999999999999999
20210309,20210310,executed,LOW_RISK,0.7
20210310,20210311,executed,884249.TI,0.10043837461775325
20210310,20210311,executed,885699.TI,0.09996960705629852
20210310,20210311,executed,885823.TI,0.0994605522503352
20210310,20210311,executed,LOW_RISK,0.700131466075613
20210311,20210312,executed,881149.TI,0.09999999999999999
20210311,20210312,executed,884249.TI,0.09999999999999999
20210311,20210312,executed,885823.TI,0.09999999999999999
20210311,20210312,executed,LOW_RISK,0.7
20210312,20210315,executed,881149.TI,0.10110731580604797
20210312,20210315,executed,884249.TI,0.09993922634365944
20210312,20210315,executed,885823.TI,0.10083235850400302
20210312,20210315,executed,LOW_RISK,0.6981210993462896
20210315,20210316,executed,881149.TI,0.10187712419109363
20210315,20210316,executed,884249.TI,0.10084297350495597
20210315,20210316,executed,885823.TI,0.10152241829927573
20210315,20210316,executed,LOW_RISK,0.6957574840046747
20210316,20210317,executed,881149.TI,0.09999999999999999
20210316,20210317,executed,884035.TI,0.09999999999999999
20210316,20210317,executed,885823.TI,0.09999999999999999
20210316,20210317,executed,LOW_RISK,0.7
20210317,20210318,executed,881149.TI,0.09999999999999999
20210317,20210318,executed,884035.TI,0.09999999999999999
20210317,20210318,executed,885699.TI,0.09999999999999999
20210317,20210318,executed,LOW_RISK,0.7
20210318,20210319,executed,881149.TI,0.0994638078811537
20210318,20210319,executed,884035.TI,0.0999416678127513
20210318,20210319,executed,885699.TI,0.10056144697964854
20210318,20210319,executed,LOW_RISK,0.7000330773264465
20210319,20210322,executed,881149.TI,0.09947441679559958
20210319,20210322,executed,884035.TI,0.09960550795670207
20210319,20210322,executed,885699.TI,0.1011656218057887
20210319,20210322,executed,LOW_RISK,0.6997544534419097
20210322,20210323,executed,881149.TI,0.1000361274662316
20210322,20210323,executed,884035.TI,0.10217565387363843
20210322,20210323,executed,885699.TI,0.10235591782353502
20210322,20210323,executed,LOW_RISK,0.695432300836595
20210323,20210324,executed,881149.TI,0.09999999999999999
20210323,20210324,executed,884230.TI,0.09999999999999999
20210323,20210324,executed,885699.TI,0.09999999999999999
20210323,20210324,executed,LOW_RISK,0.7
20210324,20210325,executed,881149.TI,0.09999999999999999
20210324,20210325,executed,884230.TI,0.09999999999999999
20210324,20210325,executed,885420.TI,0.09999999999999999
20210324,20210325,executed,LOW_RISK,0.7
20210325,20210326,executed,881149.TI,0.09949562226890248
20210325,20210326,executed,884230.TI,0.09939742221940581
20210325,20210326,executed,885420.TI,0.10061554496542614
20210325,20210326,executed,LOW_RISK,0.7004914105462656
20210326,20210329,executed,884160.TI,0.09999999999999999
20210326,20210329,executed,884230.TI,0.09999999999999999
20210326,20210329,executed,885420.TI,0.09999999999999999
20210326,20210329,executed,LOW_RISK,0.7
20210329,20210330,executed,884160.TI,0.09988745675797885
20210329,20210330,executed,884230.TI,0.09768576685028275
20210329,20210330,executed,885420.TI,0.09962585849592201
20210329,20210330,executed,LOW_RISK,0.7028009178958163
20210330,20210331,executed,884160.TI,0.09999999999999999
20210330,20210331,executed,885420.TI,0.09999999999999999
20210330,20210331,executed,885620.TI,0.09999999999999999
20210330,20210331,executed,LOW_RISK,0.7
20210331,20210401,executed,884025.TI,0.09999999999999999
20210331,20210401,executed,884160.TI,0.09999999999999999
20210331,20210401,executed,885620.TI,0.09999999999999999
20210331,20210401,executed,LOW_RISK,0.7
20210401,20210402,executed,881149.TI,0.13999999999999999
20210401,20210402,executed,884025.TI,0.13999999999999999
20210401,20210402,executed,884154.TI,0.13999999999999999
20210401,20210402,executed,884160.TI,0.13999999999999999
20210401,20210402,executed,885620.TI,0.13999999999999999
20210401,20210402,executed,LOW_RISK,0.30000000000000004
20210402,20210406,executed,881115.TI,0.13999999999999999
20210402,20210406,executed,881149.TI,0.13999999999999999
20210402,20210406,executed,884025.TI,0.13999999999999999
20210402,20210406,executed,884154.TI,0.13999999999999999
20210402,20210406,executed,885620.TI,0.13999999999999999
20210402,20210406,executed,LOW_RISK,0.30000000000000004
20210406,20210407,executed,881115.TI,0.09999999999999999
20210406,20210407,executed,881149.TI,0.09999999999999999
20210406,20210407,executed,884025.TI,0.09999999999999999
20210406,20210407,executed,LOW_RISK,0.7
20210407,20210408,executed,881115.TI,0.10082854448134075
20210407,20210408,executed,881149.TI,0.10043072445487454
20210407,20210408,executed,884025.TI,0.10011189191028168
20210407,20210408,executed,LOW_RISK,0.698628839153503
20210408,20210409,executed,881115.TI,0.09999999999999999
20210408,20210409,executed,881131.TI,0.09999999999999999
20210408,20210409,executed,881149.TI,0.09999999999999999
20210408,20210409,executed,LOW_RISK,0.7
20210409,20210412,executed,881115.TI,0.09999999999999999
20210409,20210412,executed,881131.TI,0.09999999999999999
20210409,20210412,executed,885543.TI,0.09999999999999999
20210409,20210412,executed,LOW_RISK,0.7
20210412,20210413,executed,881131.TI,0.09999999999999999
20210412,20210413,executed,884024.TI,0.09999999999999999
20210412,20210413,executed,885543.TI,0.09999999999999999
20210412,20210413,executed,LOW_RISK,0.7
20210413,20210414,executed,881131.TI,0.09992262203976097
20210413,20210414,executed,884024.TI,0.09605771511187444
20210413,20210414,executed,885543.TI,0.09970513603566643
20210413,20210414,executed,LOW_RISK,0.7043145268126981
20210414,20210415,executed,881131.TI,0.10073690693664084
20210414,20210415,executed,884024.TI,0.09598562324133907
20210414,20210415,executed,885543.TI,0.10091983419853175
20210414,20210415,executed,LOW_RISK,0.7023576356234884
20210415,20210416,executed,884024.TI,0.13999999999999999
20210415,20210416,executed,884081.TI,0.13999999999999999
20210415,20210416,executed,885522.TI,0.13999999999999999
20210415,20210416,executed,885543.TI,0.13999999999999999
20210415,20210416,executed,885920.TI,0.13999999999999999
20210415,20210416,executed,LOW_RISK,0.30000000000000004
20210416,20210419,executed,884024.TI,0.13999999999999999
20210416,20210419,executed,884081.TI,0.13999999999999999
20210416,20210419,executed,885522.TI,0.13999999999999999
20210416,20210419,executed,885787.TI,0.13999999999999999
20210416,20210419,executed,885920.TI,0.13999999999999999
20210416,20210419,executed,LOW_RISK,0.30000000000000004
20210419,20210420,executed,884081.TI,0.13999999999999999
20210419,20210420,executed,885522.TI,0.13999999999999999
20210419,20210420,executed,885787.TI,0.13999999999999999
20210419,20210420,executed,885882.TI,0.13999999999999999
20210419,20210420,executed,885920.TI,0.13999999999999999
20210419,20210420,executed,LOW_RISK,0.30000000000000004
20210420,20210421,executed,884081.TI,0.13952401387752156
20210420,20210421,executed,885522.TI,0.13932493407546723
20210420,20210421,executed,885787.TI,0.139822126855924
20210420,20210421,executed,885882.TI,0.13949428109646728
20210420,20210421,executed,885920.TI,0.14044011972531983
20210420,20210421,executed,LOW_RISK,0.30139452436930014
20210421,20210422,executed,884081.TI,0.13872934580813098
20210421,20210422,executed,885522.TI,0.14173185290846937
20210421,20210422,executed,885787.TI,0.1400812597684359
20210421,20210422,executed,885882.TI,0.14021912626492183
20210421,20210422,executed,885920.TI,0.13892205673807925
20210421,20210422,executed,LOW_RISK,0.3003163585119626
20210422,20210423,executed,884163.TI,0.13999999999999999
20210422,20210423,executed,884252.TI,0.13999999999999999
20210422,20210423,executed,885472.TI,0.13999999999999999
20210422,20210423,executed,885787.TI,0.13999999999999999
20210422,20210423,executed,885882.TI,0.13999999999999999
20210422,20210423,executed,LOW_RISK,0.30000000000000004
20210423,20210426,executed,884163.TI,0.13796449815846135
20210423,20210426,executed,884252.TI,0.14077859611462454
20210423,20210426,executed,885472.TI,0.14011297896428626
20210423,20210426,executed,885787.TI,0.13922849620841796
20210423,20210426,executed,885882.TI,0.13979071124229428
20210423,20210426,executed,LOW_RISK,0.30212471931191565
20210426,20210427,executed,884163.TI,0.13999999999999999
20210426,20210427,executed,884252.TI,0.13999999999999999
20210426,20210427,executed,885472.TI,0.13999999999999999
20210426,20210427,executed,885699.TI,0.13999999999999999
20210426,20210427,executed,885787.TI,0.13999999999999999
20210426,20210427,executed,LOW_RISK,0.30000000000000004
20210427,20210428,executed,884058.TI,0.13999999999999999
20210427,20210428,executed,884163.TI,0.13999999999999999
20210427,20210428,executed,884252.TI,0.13999999999999999
20210427,20210428,executed,885472.TI,0.13999999999999999
20210427,20210428,executed,885699.TI,0.13999999999999999
20210427,20210428,executed,LOW_RISK,0.30000000000000004
20210428,20210429,executed,884058.TI,0.1415723544004803
20210428,20210429,executed,884163.TI,0.14119105565976323
20210428,20210429,executed,884252.TI,0.1393570368360832
20210428,20210429,executed,885472.TI,0.1402828553493033
20210428,20210429,executed,885699.TI,0.13862819046216476
20210428,20210429,executed,LOW_RISK,0.29896850729220525
20210429,20210430,executed,884022.TI,0.13999999999999999
20210429,20210430,executed,884058.TI,0.13999999999999999
20210429,20210430,executed,885472.TI,0.13999999999999999
20210429,20210430,executed,885699.TI,0.13999999999999999
20210429,20210430,executed,885882.TI,0.13999999999999999
20210429,20210430,executed,LOW_RISK,0.30000000000000004
20210430,20210506,executed,884022.TI,0.14133683843442374
20210430,20210506,executed,884058.TI,0.14115618692613457
20210430,20210506,executed,885472.TI,0.13837911681548387
20210430,20210506,executed,885699.TI,0.138018290793275
20210430,20210506,executed,885882.TI,0.14239565637307716
20210430,20210506,executed,LOW_RISK,0.29871391065760566
20210506,20210507,executed,881152.TI,0.13999999999999999
20210506,20210507,executed,884022.TI,0.13999999999999999
20210506,20210507,executed,884023.TI,0.13999999999999999
20210506,20210507,executed,884058.TI,0.13999999999999999
20210506,20210507,executed,885882.TI,0.13999999999999999
20210506,20210507,executed,LOW_RISK,0.30000000000000004
20210507,20210510,executed,881152.TI,0.13999999999999999
20210507,20210510,executed,884022.TI,0.13999999999999999
20210507,20210510,executed,884023.TI,0.13999999999999999
20210507,20210510,executed,884161.TI,0.13999999999999999
20210507,20210510,executed,885882.TI,0.13999999999999999
20210507,20210510,executed,LOW_RISK,0.30000000000000004
20210510,20210511,executed,881152.TI,0.13897552332885824
20210510,20210511,executed,884022.TI,0.14392222527341045
20210510,20210511,executed,884023.TI,0.140233938810112
20210510,20210511,executed,884161.TI,0.13824921143988778
20210510,20210511,executed,885882.TI,0.14063182454368692
20210510,20210511,executed,LOW_RISK,0.29798727660404456
20210511,20210512,executed,881149.TI,0.13999999999999999
20210511,20210512,executed,881152.TI,0.13999999999999999
20210511,20210512,executed,884023.TI,0.13999999999999999
20210511,20210512,executed,884161.TI,0.13999999999999999
20210511,20210512,executed,885591.TI,0.13999999999999999
20210511,20210512,executed,LOW_RISK,0.30000000000000004
20210512,20210513,executed,881149.TI,0.13887347942089925
20210512,20210513,executed,881152.TI,0.13919173148273833
20210512,20210513,executed,884023.TI,0.14099086208403147
20210512,20210513,executed,884161.TI,0.14142307993667202
20210512,20210513,executed,885591.TI,0.1415821862790809
20210512,20210513,executed,LOW_RISK,0.29793866079657805
20210513,20210514,executed,881149.TI,0.13999999999999999
20210513,20210514,executed,884161.TI,0.13999999999999999
20210513,20210514,executed,885439.TI,0.13999999999999999
20210513,20210514,executed,885591.TI,0.13999999999999999
20210513,20210514,executed,885835.TI,0.13999999999999999
20210513,20210514,executed,LOW_RISK,0.30000000000000004
20210514,20210517,executed,881149.TI,0.13999999999999999
20210514,20210517,executed,885439.TI,0.13999999999999999
20210514,20210517,executed,885591.TI,0.13999999999999999
20210514,20210517,executed,885739.TI,0.13999999999999999
20210514,20210517,executed,885835.TI,0.13999999999999999
20210514,20210517,executed,LOW_RISK,0.30000000000000004
20210517,20210518,executed,881149.TI,0.13957508135097843
20210517,20210518,executed,885439.TI,0.1392709212098214
20210517,20210518,executed,885591.TI,0.14077542964399795
20210517,20210518,executed,885739.TI,0.1385030898157608
20210517,20210518,executed,885835.TI,0.1396829991994405
20210517,20210518,executed,LOW_RISK,0.302192478780001
20210518,20210519,executed,881149.TI,0.13999999999999999
20210518,20210519,executed,885439.TI,0.13999999999999999
20210518,20210519,executed,885663.TI,0.13999999999999999
20210518,20210519,executed,885739.TI,0.13999999999999999
20210518,20210519,executed,885835.TI,0.13999999999999999
20210518,20210519,executed,LOW_RISK,0.30000000000000004
20210519,20210520,executed,885338.TI,0.13999999999999999
20210519,20210520,executed,885439.TI,0.13999999999999999
20210519,20210520,executed,885663.TI,0.13999999999999999
20210519,20210520,executed,885739.TI,0.13999999999999999
20210519,20210520,executed,885835.TI,0.13999999999999999
20210519,20210520,executed,LOW_RISK,0.30000000000000004
20210520,20210521,executed,881131.TI,0.13999999999999999
20210520,20210521,executed,885338.TI,0.13999999999999999
20210520,20210521,executed,885623.TI,0.13999999999999999
20210520,20210521,executed,885663.TI,0.13999999999999999
20210520,20210521,executed,885739.TI,0.13999999999999999
20210520,20210521,executed,LOW_RISK,0.30000000000000004
20210521,20210524,executed,881131.TI,0.13898386895270662
20210521,20210524,executed,885338.TI,0.13961609269994849
20210521,20210524,executed,885623.TI,0.14029339410861774
20210521,20210524,executed,885663.TI,0.13999882810260153
20210521,20210524,executed,885739.TI,0.14096687246727307
20210521,20210524,executed,LOW_RISK,0.3001409436688526
20210524,20210525,executed,881131.TI,0.1394097439447496
20210524,20210525,executed,885338.TI,0.14005952739999386
20210524,20210525,executed,885623.TI,0.14106558433646876
20210524,20210525,executed,885663.TI,0.1397316366712552
20210524,20210525,executed,885739.TI,0.14098185055978185
20210524,20210525,executed,LOW_RISK,0.29875165708775075
20210525,20210526,executed,881109.TI,0.13999999999999999
20210525,20210526,executed,881131.TI,0.13999999999999999
20210525,20210526,executed,885338.TI,0.13999999999999999
20210525,20210526,executed,885623.TI,0.13999999999999999
20210525,20210526,executed,885739.TI,0.13999999999999999
20210525,20210526,executed,LOW_RISK,0.30000000000000004
20210526,20210527,executed,881109.TI,0.14050829356541855
20210526,20210527,executed,881131.TI,0.14052108094350607
20210526,20210527,executed,885338.TI,0.14011602840680415
20210526,20210527,executed,885623.TI,0.1396690195187304
20210526,20210527,executed,885739.TI,0.14016705592549364
20210526,20210527,executed,LOW_RISK,0.29901852164004716
20210527,20210528,executed,881109.TI,0.13999999999999999
20210527,20210528,executed,885338.TI,0.13999999999999999
20210527,20210528,executed,885420.TI,0.13999999999999999
20210527,20210528,executed,885472.TI,0.13999999999999999
20210527,20210528,executed,885739.TI,0.13999999999999999
20210527,20210528,executed,LOW_RISK,0.30000000000000004
20210528,20210531,executed,881109.TI,0.14012750836933657
20210528,20210531,executed,885338.TI,0.1395563822573551
20210528,20210531,executed,885420.TI,0.1397585656517268
20210528,20210531,executed,885472.TI,0.13979660608663858
20210528,20210531,executed,885739.TI,0.14038718889211738
20210528,20210531,executed,LOW_RISK,0.3003737487428255
20210531,20210601,executed,881109.TI,0.14111889504505698
20210531,20210601,executed,885338.TI,0.1401087457449
20210531,20210601,executed,885420.TI,0.14009848213126383
20210531,20210601,executed,885472.TI,0.13964775536767338
20210531,20210601,executed,885739.TI,0.14095610238264503
20210531,20210601,executed,LOW_RISK,0.2980700193284608
20210601,20210602,executed,884089.TI,0.13999999999999999
20210601,20210602,executed,885420.TI,0.13999999999999999
20210601,20210602,executed,885472.TI,0.13999999999999999
20210601,20210602,executed,885739.TI,0.13999999999999999
20210601,20210602,executed,885882.TI,0.13999999999999999
20210601,20210602,executed,LOW_RISK,0.30000000000000004
20210602,20210603,executed,884089.TI,0.1398440798508805
20210602,20210603,executed,885420.TI,0.1396311415565243
20210602,20210603,executed,885472.TI,0.13989021897948611
20210602,20210603,executed,885739.TI,0.1398420633433964
20210602,20210603,executed,885882.TI,0.139568538908883
20210602,20210603,executed,LOW_RISK,0.30122395736082974
20210603,20210604,executed,881167.TI,0.13999999999999999
20210603,20210604,executed,884080.TI,0.13999999999999999
20210603,20210604,executed,884089.TI,0.13999999999999999
20210603,20210604,executed,885739.TI,0.13999999999999999
20210603,20210604,executed,885882.TI,0.13999999999999999
20210603,20210604,executed,LOW_RISK,0.30000000000000004
20210604,20210607,executed,881167.TI,0.2
20210604,20210607,executed,884080.TI,0.2
20210604,20210607,executed,884089.TI,0.2
20210604,20210607,executed,885739.TI,0.2
20210604,20210607,executed,885882.TI,0.2
20210604,20210607,executed,LOW_RISK,0.0
20210607,20210608,executed,881167.TI,0.19988363571778658
20210607,20210608,executed,884080.TI,0.19982558054451183
20210607,20210608,executed,884089.TI,0.19960281110908892
20210607,20210608,executed,885739.TI,0.20060553259582986
20210607,20210608,executed,885882.TI,0.20008244003278286
20210607,20210608,executed,LOW_RISK,0.0
20210608,20210609,executed,881167.TI,0.2
20210608,20210609,executed,884080.TI,0.2
20210608,20210609,executed,884089.TI,0.2
20210608,20210609,executed,884155.TI,0.2
20210608,20210609,executed,885739.TI,0.2
20210608,20210609,executed,LOW_RISK,0.0
20210609,20210610,executed,881167.TI,0.2033965296065297
20210609,20210610,executed,884080.TI,0.20056231246930464
20210609,20210610,executed,884089.TI,0.1982751611248165
20210609,20210610,executed,884155.TI,0.19876930359043365
20210609,20210610,executed,885739.TI,0.1989966932089156
20210609,20210610,executed,LOW_RISK,0.0
20210610,20210611,executed,884089.TI,0.2
20210610,20210611,executed,884155.TI,0.2
20210610,20210611,executed,885739.TI,0.2
20210610,20210611,executed,885832.TI,0.2
20210610,20210611,executed,885888.TI,0.2
20210610,20210611,executed,LOW_RISK,0.0
20210611,20210615,executed,884155.TI,0.2
20210611,20210615,executed,885650.TI,0.2
20210611,20210615,executed,885739.TI,0.2
20210611,20210615,executed,885832.TI,0.2
20210611,20210615,executed,885888.TI,0.2
20210611,20210615,executed,LOW_RISK,0.0
20210615,20210616,executed,881167.TI,0.2
20210615,20210616,executed,884155.TI,0.2
20210615,20210616,executed,885650.TI,0.2
20210615,20210616,executed,885832.TI,0.2
20210615,20210616,executed,885888.TI,0.2
20210615,20210616,executed,LOW_RISK,0.0
20210616,20210617,executed,881167.TI,0.1978454546315544
20210616,20210617,executed,884155.TI,0.2018549584103913
20210616,20210617,executed,885650.TI,0.19881408643382179
20210616,20210617,executed,885832.TI,0.20057802564107044
20210616,20210617,executed,885888.TI,0.20090747488316218
20210616,20210617,executed,LOW_RISK,0.0
20210617,20210618,executed,881167.TI,0.2
20210617,20210618,executed,884273.TI,0.2
20210617,20210618,executed,885650.TI,0.2
20210617,20210618,executed,885832.TI,0.2
20210617,20210618,executed,885888.TI,0.2
20210617,20210618,executed,LOW_RISK,0.0
20210618,20210621,executed,881165.TI,0.2
20210618,20210621,executed,881167.TI,0.2
20210618,20210621,executed,884031.TI,0.2
20210618,20210621,executed,884273.TI,0.2
20210618,20210621,executed,885650.TI,0.2
20210618,20210621,executed,LOW_RISK,0.0
20210621,20210622,executed,881165.TI,0.2
20210621,20210622,executed,881167.TI,0.2
20210621,20210622,executed,884031.TI,0.2
20210621,20210622,executed,884208.TI,0.2
20210621,20210622,executed,884273.TI,0.2
20210621,20210622,executed,LOW_RISK,0.0
20210622,20210623,executed,881165.TI,0.20011375612586235
20210622,20210623,executed,881167.TI,0.1980190666049895
20210622,20210623,executed,884031.TI,0.2007775072173229
20210622,20210623,executed,884208.TI,0.2001799114522707
20210622,20210623,executed,884273.TI,0.20090975859955465
20210622,20210623,executed,LOW_RISK,0.0
20210623,20210624,executed,881165.TI,0.19984255930401595
20210623,20210624,executed,881167.TI,0.19767698403819667
20210623,20210624,executed,884031.TI,0.20030537658762454
20210623,20210624,executed,884208.TI,0.19990850851749603
20210623,20210624,executed,884273.TI,0.2022665715526669
20210623,20210624,executed,LOW_RISK,0.0
20210624,20210625,executed,881165.TI,0.2
20210624,20210625,executed,884031.TI,0.2
20210624,20210625,executed,884145.TI,0.2
20210624,20210625,executed,884208.TI,0.2
20210624,20210625,executed,885355.TI,0.2
20210624,20210625,executed,LOW_RISK,0.0
20210625,20210628,executed,881165.TI,0.2
20210625,20210628,executed,884145.TI,0.2
20210625,20210628,executed,884186.TI,0.2
20210625,20210628,executed,884208.TI,0.2
20210625,20210628,executed,885355.TI,0.2
20210625,20210628,executed,LOW_RISK,0.0
20210628,20210629,executed,881165.TI,0.1981462585019023
20210628,20210629,executed,884145.TI,0.20300634563626405
20210628,20210629,executed,884186.TI,0.19952621754705915
20210628,20210629,executed,884208.TI,0.19815490713705286
20210628,20210629,executed,885355.TI,0.2011662711777217
20210628,20210629,executed,LOW_RISK,0.0
20210629,20210630,executed,881165.TI,0.2
20210629,20210630,executed,884145.TI,0.2
20210629,20210630,executed,884186.TI,0.2
20210629,20210630,executed,885355.TI,0.2
20210629,20210630,executed,885903.TI,0.2
20210629,20210630,executed,LOW_RISK,0.0
20210630,20210701,executed,881165.TI,0.19772046897526346
20210630,20210701,executed,884145.TI,0.1968200608769972
20210630,20210701,executed,884186.TI,0.20148503910212767
20210630,20210701,executed,885355.TI,0.2006421748932364
20210630,20210701,executed,885903.TI,0.20333225615237535
20210630,20210701,executed,LOW_RISK,0.0
20210701,20210702,executed,884145.TI,0.2
20210701,20210702,executed,884186.TI,0.2
20210701,20210702,executed,885551.TI,0.2
20210701,20210702,executed,885562.TI,0.2
20210701,20210702,executed,885903.TI,0.2
20210701,20210702,executed,LOW_RISK,0.0
20210702,20210705,executed,884031.TI,0.2
20210702,20210705,executed,884145.TI,0.2
20210702,20210705,executed,885551.TI,0.2
20210702,20210705,executed,885562.TI,0.2
20210702,20210705,executed,885903.TI,0.2
20210702,20210705,executed,LOW_RISK,0.0
20210705,20210706,executed,884031.TI,0.2
20210705,20210706,executed,885551.TI,0.2
20210705,20210706,executed,885562.TI,0.2
20210705,20210706,executed,885903.TI,0.2
20210705,20210706,executed,885915.TI,0.2
20210705,20210706,executed,LOW_RISK,0.0
20210706,20210707,executed,884031.TI,0.2
20210706,20210707,executed,884155.TI,0.2
20210706,20210707,executed,885551.TI,0.2
20210706,20210707,executed,885562.TI,0.2
20210706,20210707,executed,885915.TI,0.2
20210706,20210707,executed,LOW_RISK,0.0
20210707,20210708,executed,884031.TI,0.20039478625874874
20210707,20210708,executed,884155.TI,0.1970499403359059
20210707,20210708,executed,885551.TI,0.20634463804989056
20210707,20210708,executed,885562.TI,0.19979277537175552
20210707,20210708,executed,885915.TI,0.1964178599836994
20210707,20210708,executed,LOW_RISK,0.0
20210708,20210709,executed,884031.TI,0.2
20210708,20210709,executed,884119.TI,0.2
20210708,20210709,executed,884155.TI,0.2
20210708,20210709,executed,885562.TI,0.2
20210708,20210709,executed,885915.TI,0.2
20210708,20210709,executed,LOW_RISK,0.0
20210709,20210712,executed,881165.TI,0.2
20210709,20210712,executed,884155.TI,0.2
20210709,20210712,executed,885311.TI,0.2
20210709,20210712,executed,885562.TI,0.2
20210709,20210712,executed,885915.TI,0.2
20210709,20210712,executed,LOW_RISK,0.0
20210712,20210713,executed,881165.TI,0.2
20210712,20210713,executed,884119.TI,0.2
20210712,20210713,executed,884155.TI,0.2
20210712,20210713,executed,885311.TI,0.2
20210712,20210713,executed,885562.TI,0.2
20210712,20210713,executed,LOW_RISK,0.0
20210713,20210714,executed,881165.TI,0.2
20210713,20210714,executed,884119.TI,0.2
20210713,20210714,executed,884155.TI,0.2
20210713,20210714,executed,885311.TI,0.2
20210713,20210714,executed,885806.TI,0.2
20210713,20210714,executed,LOW_RISK,0.0
20210714,20210715,executed,881165.TI,0.1987372873913494
20210714,20210715,executed,884119.TI,0.20987198998774712
20210714,20210715,executed,884155.TI,0.19833650114021809
20210714,20210715,executed,885311.TI,0.196332727399069
20210714,20210715,executed,885806.TI,0.19672149408161643
20210714,20210715,executed,LOW_RISK,0.0
20210715,20210716,executed,881165.TI,0.19703592470303877
20210715,20210716,executed,884119.TI,0.21904119111898654
20210715,20210716,executed,884155.TI,0.19713115518568972
20210715,20210716,executed,885311.TI,0.19362076744756723
20210715,20210716,executed,885806.TI,0.19317096154471772
20210715,20210716,executed,LOW_RISK,0.0
20210716,20210719,executed,884119.TI,0.2
20210716,20210719,executed,884155.TI,0.2
20210716,20210719,executed,885806.TI,0.2
20210716,20210719,executed,885832.TI,0.2
20210716,20210719,executed,885882.TI,0.2
20210716,20210719,executed,LOW_RISK,0.0
20210719,20210720,executed,884155.TI,0.2
20210719,20210720,executed,885806.TI,0.2
20210719,20210720,executed,885832.TI,0.2
20210719,20210720,executed,885882.TI,0.2
20210719,20210720,executed,885924.TI,0.2
20210719,20210720,executed,LOW_RISK,0.0
20210720,20210721,executed,885530.TI,0.2
20210720,20210721,executed,885832.TI,0.2
20210720,20210721,executed,885873.TI,0.2
20210720,20210721,executed,885882.TI,0.2
20210720,20210721,executed,885924.TI,0.2
20210720,20210721,executed,LOW_RISK,0.0
20210721,20210722,executed,885530.TI,0.20045202429717318
20210721,20210722,executed,885832.TI,0.2000797533649602
20210721,20210722,executed,885873.TI,0.20103399083045442
20210721,20210722,executed,885882.TI,0.20062106290393622
20210721,20210722,executed,885924.TI,0.197813168603476
20210721,20210722,executed,LOW_RISK,0.0
20210722,20210723,executed,885530.TI,0.20194450786537205
20210722,20210723,executed,885832.TI,0.20082334769748675
20210722,20210723,executed,885873.TI,0.2000071616032363
20210722,20210723,executed,885882.TI,0.2004946293133762
20210722,20210723,executed,885924.TI,0.19673035352052873
20210722,20210723,executed,LOW_RISK,0.0
20210723,20210726,executed,885530.TI,0.2
20210723,20210726,executed,885650.TI,0.2
20210723,20210726,executed,885873.TI,0.2
20210723,20210726,executed,885893.TI,0.2
20210723,20210726,executed,885924.TI,0.2
20210723,20210726,executed,LOW_RISK,0.0
20210726,20210727,executed,885530.TI,0.20006865286981784
20210726,20210727,executed,885650.TI,0.19912109319217505
20210726,20210727,executed,885873.TI,0.1964904348487046
20210726,20210727,executed,885893.TI,0.20889133874117985
20210726,20210727,executed,885924.TI,0.19542848034812269
20210726,20210727,executed,LOW_RISK,0.0
20210727,20210728,executed,884090.TI,0.2
20210727,20210728,executed,885650.TI,0.2
20210727,20210728,executed,885864.TI,0.2
20210727,20210728,executed,885893.TI,0.2
20210727,20210728,executed,885908.TI,0.2
20210727,20210728,executed,LOW_RISK,0.0
20210728,20210729,executed,884090.TI,0.19579833546228065
20210728,20210729,executed,885650.TI,0.1999009256162939
20210728,20210729,executed,885864.TI,0.20151584891500215
20210728,20210729,executed,885893.TI,0.20248816403764627
20210728,20210729,executed,885908.TI,0.20029672596877707
20210728,20210729,executed,LOW_RISK,0.0
20210729,20210730,executed,884090.TI,0.19624698123711876
20210729,20210730,executed,885650.TI,0.194847141921349
20210729,20210730,executed,885864.TI,0.2088795699866144
20210729,20210730,executed,885893.TI,0.2007936948031744
20210729,20210730,executed,885908.TI,0.19923261205174347
20210729,20210730,executed,LOW_RISK,0.0
20210730,20210802,executed,881123.TI,0.2
20210730,20210802,executed,884043.TI,0.2
20210730,20210802,executed,884090.TI,0.2
20210730,20210802,executed,885864.TI,0.2
20210730,20210802,executed,885908.TI,0.2
20210730,20210802,executed,LOW_RISK,0.0
20210802,20210803,executed,881123.TI,0.20503093928776484
20210802,20210803,executed,884043.TI,0.202982612516398
20210802,20210803,executed,884090.TI,0.19277126374162673
20210802,20210803,executed,885864.TI,0.20076827715439277
20210802,20210803,executed,885908.TI,0.1984469072998177
20210802,20210803,executed,LOW_RISK,0.0
20210803,20210804,executed,881123.TI,0.2
20210803,20210804,executed,884043.TI,0.2
20210803,20210804,executed,884085.TI,0.2
20210803,20210804,executed,884221.TI,0.2
20210803,20210804,executed,885556.TI,0.2
20210803,20210804,executed,LOW_RISK,0.0
20210804,20210805,executed,881123.TI,0.20466819288898894
20210804,20210805,executed,884043.TI,0.19668429057942668
20210804,20210805,executed,884085.TI,0.20015393934723427
20210804,20210805,executed,884221.TI,0.1993258736157585
20210804,20210805,executed,885556.TI,0.19916770356859176
20210804,20210805,executed,LOW_RISK,-2.220446049250313e-16
20210805,20210806,executed,881123.TI,0.20755885014402356
20210805,20210806,executed,884043.TI,0.18946956365818762
20210805,20210806,executed,884085.TI,0.20038430513892982
20210805,20210806,executed,884221.TI,0.2041685267405656
20210805,20210806,executed,885556.TI,0.19841875431829348
20210805,20210806,executed,LOW_RISK,0.0
20210806,20210809,executed,884025.TI,0.2
20210806,20210809,executed,884080.TI,0.2
20210806,20210809,executed,884085.TI,0.2
20210806,20210809,executed,884221.TI,0.2
20210806,20210809,executed,885556.TI,0.2
20210806,20210809,executed,LOW_RISK,0.0
20210809,20210810,executed,884025.TI,0.20001482718778574
20210809,20210810,executed,884080.TI,0.20255958862580858
20210809,20210810,executed,884085.TI,0.19513714317544237
20210809,20210810,executed,884221.TI,0.2041927619602629
20210809,20210810,executed,885556.TI,0.19809567905070047
20210809,20210810,executed,LOW_RISK,0.0
20210810,20210811,executed,884025.TI,0.2
20210810,20210811,executed,884080.TI,0.2
20210810,20210811,executed,885494.TI,0.2
20210810,20210811,executed,885650.TI,0.2
20210810,20210811,executed,885652.TI,0.2
20210810,20210811,executed,LOW_RISK,0.0
20210811,20210812,executed,884025.TI,0.20088196344296003
20210811,20210812,executed,884080.TI,0.19899770884349197
20210811,20210812,executed,885494.TI,0.19946388957361402
20210811,20210812,executed,885650.TI,0.1995296757635629
20210811,20210812,executed,885652.TI,0.20112676237637125
20210811,20210812,executed,LOW_RISK,-2.220446049250313e-16
20210812,20210813,executed,884025.TI,0.20131987569959234
20210812,20210813,executed,884080.TI,0.19771769075690962
20210812,20210813,executed,885494.TI,0.19836079522431052
20210812,20210813,executed,885650.TI,0.19978349422264632
20210812,20210813,executed,885652.TI,0.2028181440965414
20210812,20210813,executed,LOW_RISK,-2.220446049250313e-16
20210813,20210816,executed,884080.TI,0.2
20210813,20210816,executed,885494.TI,0.2
20210813,20210816,executed,885595.TI,0.2
20210813,20210816,executed,885650.TI,0.2
20210813,20210816,executed,885652.TI,0.2
20210813,20210816,executed,LOW_RISK,0.0
20210816,20210817,executed,885494.TI,0.2
20210816,20210817,executed,885595.TI,0.2
20210816,20210817,executed,885650.TI,0.2
20210816,20210817,executed,885652.TI,0.2
20210816,20210817,executed,885742.TI,0.2
20210816,20210817,executed,LOW_RISK,0.0
20210817,20210818,executed,884105.TI,0.2
20210817,20210818,executed,885345.TI,0.2
20210817,20210818,executed,885494.TI,0.2
20210817,20210818,executed,885595.TI,0.2
20210817,20210818,executed,885742.TI,0.2
20210817,20210818,executed,LOW_RISK,0.0
20210818,20210819,executed,884105.TI,0.13999999999999999
20210818,20210819,executed,885345.TI,0.13999999999999999
20210818,20210819,executed,885494.TI,0.13999999999999999
20210818,20210819,executed,885595.TI,0.13999999999999999
20210818,20210819,executed,885742.TI,0.13999999999999999
20210818,20210819,executed,LOW_RISK,0.30000000000000004
20210819,20210820,executed,884105.TI,0.13874472350620018
20210819,20210820,executed,885345.TI,0.13903998751281413
20210819,20210820,executed,885494.TI,0.13940578945623883
20210819,20210820,executed,885595.TI,0.140350632334224
20210819,20210820,executed,885742.TI,0.14033358809075908
20210819,20210820,executed,LOW_RISK,0.3021252790997637
20210820,20210823,executed,884105.TI,0.13999999999999999
20210820,20210823,executed,885345.TI,0.13999999999999999
20210820,20210823,executed,885487.TI,0.13999999999999999
20210820,20210823,executed,885494.TI,0.13999999999999999
20210820,20210823,executed,885742.TI,0.13999999999999999
20210820,20210823,executed,LOW_RISK,0.30000000000000004
20210823,20210824,executed,884105.TI,0.13999999999999999
20210823,20210824,executed,884167.TI,0.13999999999999999
20210823,20210824,executed,884186.TI,0.13999999999999999
20210823,20210824,executed,885345.TI,0.13999999999999999
20210823,20210824,executed,885487.TI,0.13999999999999999
20210823,20210824,executed,LOW_RISK,0.30000000000000004
20210824,20210825,executed,881170.TI,0.13999999999999999
20210824,20210825,executed,884167.TI,0.13999999999999999
20210824,20210825,executed,884186.TI,0.13999999999999999
20210824,20210825,executed,884203.TI,0.13999999999999999
20210824,20210825,executed,885487.TI,0.13999999999999999
20210824,20210825,executed,LOW_RISK,0.30000000000000004
20210825,20210826,executed,881170.TI,0.1412572806675816
20210825,20210826,executed,884167.TI,0.1395644980876856
20210825,20210826,executed,884186.TI,0.1413034642053763
20210825,20210826,executed,884203.TI,0.13945623974655277
20210825,20210826,executed,885487.TI,0.14077571339348313
20210825,20210826,executed,LOW_RISK,0.29764280389932063
20210826,20210827,executed,881170.TI,0.14208095247425906
20210826,20210827,executed,884167.TI,0.14298974220254612
20210826,20210827,executed,884186.TI,0.14122195177516686
20210826,20210827,executed,884203.TI,0.1391950126875081
20210826,20210827,executed,885487.TI,0.13907123814977987
20210826,20210827,executed,LOW_RISK,0.29544110271074
20210827,20210830,executed,881170.TI,0.13999999999999999
20210827,20210830,executed,884167.TI,0.13999999999999999
20210827,20210830,executed,884186.TI,0.13999999999999999
20210827,20210830,executed,884203.TI,0.13999999999999999
20210827,20210830,executed,885789.TI,0.13999999999999999
20210827,20210830,executed,LOW_RISK,0.30000000000000004
20210830,20210831,executed,881170.TI,0.2
20210830,20210831,executed,884154.TI,0.2
20210830,20210831,executed,884203.TI,0.2
20210830,20210831,executed,885531.TI,0.2
20210830,20210831,executed,885789.TI,0.2
20210830,20210831,executed,LOW_RISK,0.0
20210831,20210901,executed,884154.TI,0.2
20210831,20210901,executed,885514.TI,0.2
20210831,20210901,executed,885531.TI,0.2
20210831,20210901,executed,885789.TI,0.2
20210831,20210901,executed,885920.TI,0.2
20210831,20210901,executed,LOW_RISK,0.0
20210901,20210902,executed,884154.TI,0.205415816986702
20210901,20210902,executed,885514.TI,0.20351740429873733
20210901,20210902,executed,885531.TI,0.19656647074308953
20210901,20210902,executed,885789.TI,0.1958166810711217
20210901,20210902,executed,885920.TI,0.1986836269003494
20210901,20210902,executed,LOW_RISK,0.0
20210902,20210903,executed,884154.TI,0.19932362616157373
20210902,20210903,executed,885514.TI,0.2010747487563053
20210902,20210903,executed,885531.TI,0.19927728313071075
20210902,20210903,executed,885789.TI,0.19293549133364857
20210902,20210903,executed,885920.TI,0.20738885061776155
20210902,20210903,executed,LOW_RISK,1.1102230246251565e-16
20210903,20210906,executed,881149.TI,0.2
20210903,20210906,executed,884154.TI,0.2
20210903,20210906,executed,885514.TI,0.2
20210903,20210906,executed,885531.TI,0.2
20210903,20210906,executed,885920.TI,0.2
20210903,20210906,executed,LOW_RISK,0.0
20210906,20210907,executed,881149.TI,0.2
20210906,20210907,executed,884154.TI,0.2
20210906,20210907,executed,885514.TI,0.2
20210906,20210907,executed,885740.TI,0.2
20210906,20210907,executed,885920.TI,0.2
20210906,20210907,executed,LOW_RISK,0.0
20210907,20210908,executed,881149.TI,0.2
20210907,20210908,executed,884154.TI,0.2
20210907,20210908,executed,885493.TI,0.2
20210907,20210908,executed,885514.TI,0.2
20210907,20210908,executed,885740.TI,0.2
20210907,20210908,executed,LOW_RISK,0.0
20210908,20210909,executed,881149.TI,0.2
20210908,20210909,executed,884154.TI,0.2
20210908,20210909,executed,885493.TI,0.2
20210908,20210909,executed,885740.TI,0.2
20210908,20210909,executed,885835.TI,0.2
20210908,20210909,executed,LOW_RISK,0.0
20210909,20210910,executed,881149.TI,0.2010956930481041
20210909,20210910,executed,884154.TI,0.2010431100379796
20210909,20210910,executed,885493.TI,0.1982411409970072
20210909,20210910,executed,885740.TI,0.20079516127185287
20210909,20210910,executed,885835.TI,0.19882489464505637
20210909,20210910,executed,LOW_RISK,-2.220446049250313e-16
20210910,20210913,executed,885472.TI,0.2
20210910,20210913,executed,885493.TI,0.2
20210910,20210913,executed,885740.TI,0.2
20210910,20210913,executed,885835.TI,0.2
20210910,20210913,executed,885898.TI,0.2
20210910,20210913,executed,LOW_RISK,0.0
20210913,20210914,executed,881153.TI,0.2
20210913,20210914,executed,885472.TI,0.2
20210913,20210914,executed,885493.TI,0.2
20210913,20210914,executed,885835.TI,0.2
20210913,20210914,executed,885898.TI,0.2
20210913,20210914,executed,LOW_RISK,0.0
20210914,20210915,executed,881153.TI,0.19857014765733288
20210914,20210915,executed,885472.TI,0.20023671159743892
20210914,20210915,executed,885493.TI,0.20099331639097787
20210914,20210915,executed,885835.TI,0.20037972621325115
20210914,20210915,executed,885898.TI,0.19982009814099924
20210914,20210915,executed,LOW_RISK,0.0
20210915,20210916,executed,881153.TI,0.2
20210915,20210916,executed,884031.TI,0.2
20210915,20210916,executed,885472.TI,0.2
20210915,20210916,executed,885699.TI,0.2
20210915,20210916,executed,885898.TI,0.2
20210915,20210916,executed,LOW_RISK,0.0
20210916,20210917,executed,881153.TI,0.20115462525275296
20210916,20210917,executed,884031.TI,0.19211573333361637
20210916,20210917,executed,885472.TI,0.20138220262545428
20210916,20210917,executed,885699.TI,0.20252753118600592
20210916,20210917,executed,885898.TI,0.20281990760217056
20210916,20210917,executed,LOW_RISK,0.0
20210917,20210922,executed,881153.TI,0.2
20210917,20210922,executed,884031.TI,0.2
20210917,20210922,executed,885699.TI,0.2
20210917,20210922,executed,885705.TI,0.2
20210917,20210922,executed,885823.TI,0.2
20210917,20210922,executed,LOW_RISK,0.0
20210922,20210923,executed,884031.TI,0.2
20210922,20210923,executed,885650.TI,0.2
20210922,20210923,executed,885699.TI,0.2
20210922,20210923,executed,885705.TI,0.2
20210922,20210923,executed,885823.TI,0.2
20210922,20210923,executed,LOW_RISK,0.0
20210923,20210924,executed,884031.TI,0.19313890499120914
20210923,20210924,executed,885650.TI,0.20150213855145976
20210923,20210924,executed,885699.TI,0.2022402888477004
20210923,20210924,executed,885705.TI,0.20266409744516498
20210923,20210924,executed,885823.TI,0.2004545701644658
20210923,20210924,executed,LOW_RISK,0.0
20210924,20210927,executed,884143.TI,0.2
20210924,20210927,executed,885650.TI,0.2
20210924,20210927,executed,885705.TI,0.2
20210924,20210927,executed,885823.TI,0.2
20210924,20210927,executed,885900.TI,0.2
20210924,20210927,executed,LOW_RISK,0.0
20210927,20210928,executed,884143.TI,0.13999999999999999
20210927,20210928,executed,885650.TI,0.13999999999999999
20210927,20210928,executed,885705.TI,0.13999999999999999
20210927,20210928,executed,885823.TI,0.13999999999999999
20210927,20210928,executed,885900.TI,0.13999999999999999
20210927,20210928,executed,LOW_RISK,0.30000000000000004
20210928,20210929,executed,884143.TI,0.13999999999999999
20210928,20210929,executed,885650.TI,0.13999999999999999
20210928,20210929,executed,885823.TI,0.13999999999999999
20210928,20210929,executed,885900.TI,0.13999999999999999
20210928,20210929,executed,885930.TI,0.13999999999999999
20210928,20210929,executed,LOW_RISK,0.30000000000000004
20210929,20210930,executed,884143.TI,0.13999999999999999
20210929,20210930,executed,885531.TI,0.13999999999999999
20210929,20210930,executed,885823.TI,0.13999999999999999
20210929,20210930,executed,885900.TI,0.13999999999999999
20210929,20210930,executed,885930.TI,0.13999999999999999
20210929,20210930,executed,LOW_RISK,0.30000000000000004
20210930,20211008,executed,884143.TI,0.14102562261654744
20210930,20211008,executed,885531.TI,0.142912227947903
20210930,20211008,executed,885823.TI,0.1418760363491705
20210930,20211008,executed,885900.TI,0.13955724919869597
20210930,20211008,executed,885930.TI,0.14056021391055257
20210930,20211008,executed,LOW_RISK,0.29406864997713056
20211008,20211011,executed,884022.TI,0.13999999999999999
20211008,20211011,executed,884031.TI,0.13999999999999999
20211008,20211011,executed,884235.TI,0.13999999999999999
20211008,20211011,executed,885531.TI,0.13999999999999999
20211008,20211011,executed,885930.TI,0.13999999999999999
20211008,20211011,executed,LOW_RISK,0.30000000000000004
20211011,20211012,executed,883302.TI,0.13999999999999999
20211011,20211012,executed,884031.TI,0.13999999999999999
20211011,20211012,executed,884235.TI,0.13999999999999999
20211011,20211012,executed,885531.TI,0.13999999999999999
20211011,20211012,executed,885930.TI,0.13999999999999999
20211011,20211012,executed,LOW_RISK,0.30000000000000004
20211012,20211013,executed,883302.TI,0.14075695664707605
20211012,20211013,executed,884031.TI,0.1412837826865868
20211012,20211013,executed,884235.TI,0.13771394763142328
20211012,20211013,executed,885531.TI,0.1385969826991206
20211012,20211013,executed,885930.TI,0.13796891400903752
20211012,20211013,executed,LOW_RISK,0.30367941632675577
20211013,20211014,executed,883302.TI,0.13999999999999999
20211013,20211014,executed,884031.TI,0.13999999999999999
20211013,20211014,executed,884036.TI,0.13999999999999999
20211013,20211014,executed,884235.TI,0.13999999999999999
20211013,20211014,executed,885930.TI,0.13999999999999999
20211013,20211014,executed,LOW_RISK,0.30000000000000004
20211014,20211015,executed,883300.TI,0.13999999999999999
20211014,20211015,executed,883302.TI,0.13999999999999999
20211014,20211015,executed,884031.TI,0.13999999999999999
20211014,20211015,executed,884235.TI,0.13999999999999999
20211014,20211015,executed,884249.TI,0.13999999999999999
20211014,20211015,executed,LOW_RISK,0.30000000000000004
20211015,20211018,executed,883300.TI,0.13999999999999999
20211015,20211018,executed,883302.TI,0.13999999999999999
20211015,20211018,executed,884036.TI,0.13999999999999999
20211015,20211018,executed,884215.TI,0.13999999999999999
20211015,20211018,executed,884249.TI,0.13999999999999999
20211015,20211018,executed,LOW_RISK,0.30000000000000004
20211018,20211019,executed,883300.TI,0.13837266582749178
20211018,20211019,executed,883302.TI,0.13824405780147855
20211018,20211019,executed,884036.TI,0.14274374635546813
20211018,20211019,executed,884215.TI,0.14105354092613642
20211018,20211019,executed,884249.TI,0.1398708652568954
20211018,20211019,executed,LOW_RISK,0.29971512383252974
20211019,20211020,executed,883300.TI,0.13885028420327525
20211019,20211020,executed,883302.TI,0.1384548497822073
20211019,20211020,executed,884036.TI,0.14720665569842792
20211019,20211020,executed,884215.TI,0.13861208751435292
20211019,20211020,executed,884249.TI,0.13963210069427548
20211019,20211020,executed,LOW_RISK,0.29724402210746115
20211020,20211021,executed,881167.TI,0.13999999999999999
20211020,20211021,executed,883300.TI,0.13999999999999999
20211020,20211021,executed,884036.TI,0.13999999999999999
20211020,20211021,executed,884215.TI,0.13999999999999999
20211020,20211021,executed,884249.TI,0.13999999999999999
20211020,20211021,executed,LOW_RISK,0.30000000000000004
20211021,20211022,executed,881167.TI,0.13999999999999999
20211021,20211022,executed,884036.TI,0.13999999999999999
20211021,20211022,executed,884215.TI,0.13999999999999999
20211021,20211022,executed,885531.TI,0.13999999999999999
20211021,20211022,executed,885921.TI,0.13999999999999999
20211021,20211022,executed,LOW_RISK,0.30000000000000004
20211022,20211025,executed,881167.TI,0.13999999999999999
20211022,20211025,executed,883302.TI,0.13999999999999999
20211022,20211025,executed,884249.TI,0.13999999999999999
20211022,20211025,executed,885531.TI,0.13999999999999999
20211022,20211025,executed,885921.TI,0.13999999999999999
20211022,20211025,executed,LOW_RISK,0.30000000000000004
20211025,20211026,executed,881167.TI,0.13962436573311976
20211025,20211026,executed,883302.TI,0.13914652331910063
20211025,20211026,executed,884249.TI,0.13790857754176006
20211025,20211026,executed,885531.TI,0.1424908103893849
20211025,20211026,executed,885921.TI,0.14546545693833984
20211025,20211026,executed,LOW_RISK,0.2953642660782948
20211026,20211027,executed,881167.TI,0.14257776645184245
20211026,20211027,executed,883302.TI,0.13845906496457266
20211026,20211027,executed,884249.TI,0.13740310701803982
20211026,20211027,executed,885531.TI,0.14191138270630027
20211026,20211027,executed,885921.TI,0.14402944422136882
20211026,20211027,executed,LOW_RISK,0.295619234637876
20211027,20211028,executed,883302.TI,0.13999999999999999
20211027,20211028,executed,884186.TI,0.13999999999999999
20211027,20211028,executed,884249.TI,0.13999999999999999
20211027,20211028,executed,885531.TI,0.13999999999999999
20211027,20211028,executed,885921.TI,0.13999999999999999
20211027,20211028,executed,LOW_RISK,0.30000000000000004
20211028,20211029,executed,881170.TI,0.13999999999999999
20211028,20211029,executed,883302.TI,0.13999999999999999
20211028,20211029,executed,884016.TI,0.13999999999999999
20211028,20211029,executed,884186.TI,0.13999999999999999
20211028,20211029,executed,884249.TI,0.13999999999999999
20211028,20211029,executed,LOW_RISK,0.30000000000000004
20211029,20211101,executed,881170.TI,0.13999999999999999
20211029,20211101,executed,884016.TI,0.13999999999999999
20211029,20211101,executed,884150.TI,0.13999999999999999
20211029,20211101,executed,884186.TI,0.13999999999999999
20211029,20211101,executed,884225.TI,0.13999999999999999
20211029,20211101,executed,LOW_RISK,0.30000000000000004
20211101,20211102,executed,881170.TI,0.13999999999999999
20211101,20211102,executed,884150.TI,0.13999999999999999
20211101,20211102,executed,884186.TI,0.13999999999999999
20211101,20211102,executed,884225.TI,0.13999999999999999
20211101,20211102,executed,884246.TI,0.13999999999999999
20211101,20211102,executed,LOW_RISK,0.30000000000000004
20211102,20211103,executed,881170.TI,0.13911634229640732
20211102,20211103,executed,884150.TI,0.13828038178996604
20211102,20211103,executed,884186.TI,0.13838986952952156
20211102,20211103,executed,884225.TI,0.14100013223507868
20211102,20211103,executed,884246.TI,0.13717219786211526
20211102,20211103,executed,LOW_RISK,0.30604107628691113
20211103,20211104,executed,881170.TI,0.13999999999999999
20211103,20211104,executed,884016.TI,0.13999999999999999
20211103,20211104,executed,884150.TI,0.13999999999999999
20211103,20211104,executed,884225.TI,0.13999999999999999
20211103,20211104,executed,884249.TI,0.13999999999999999
20211103,20211104,executed,LOW_RISK,0.30000000000000004
20211104,20211105,executed,884016.TI,0.13999999999999999
20211104,20211105,executed,884123.TI,0.13999999999999999
20211104,20211105,executed,884150.TI,0.13999999999999999
20211104,20211105,executed,884225.TI,0.13999999999999999
20211104,20211105,executed,884249.TI,0.13999999999999999
20211104,20211105,executed,LOW_RISK,0.30000000000000004
20211105,20211108,executed,881103.TI,0.13999999999999999
20211105,20211108,executed,884011.TI,0.13999999999999999
20211105,20211108,executed,884123.TI,0.13999999999999999
20211105,20211108,executed,884249.TI,0.13999999999999999
20211105,20211108,executed,885462.TI,0.13999999999999999
20211105,20211108,executed,LOW_RISK,0.30000000000000004
20211108,20211109,executed,881103.TI,0.13937228855597686
20211108,20211109,executed,884011.TI,0.13829690402869846
20211108,20211109,executed,884123.TI,0.13875347607137092
20211108,20211109,executed,884249.TI,0.14115482872244356
20211108,20211109,executed,885462.TI,0.1405199231511198
20211108,20211109,executed,LOW_RISK,0.30190257947039045
20211109,20211110,executed,881103.TI,0.13938182893500192
20211109,20211110,executed,884011.TI,0.1379998820899028
20211109,20211110,executed,884123.TI,0.13959812986382583
20211109,20211110,executed,884249.TI,0.14045450380378463
20211109,20211110,executed,885462.TI,0.14090855805065003
20211109,20211110,executed,LOW_RISK,0.30165709725683476
20211110,20211111,executed,881103.TI,0.13999999999999999
20211110,20211111,executed,881123.TI,0.13999999999999999
20211110,20211111,executed,884011.TI,0.13999999999999999
20211110,20211111,executed,884123.TI,0.13999999999999999
20211110,20211111,executed,885462.TI,0.13999999999999999
20211110,20211111,executed,LOW_RISK,0.30000000000000004
20211111,20211112,executed,881103.TI,0.13999999999999999
20211111,20211112,executed,881123.TI,0.13999999999999999
20211111,20211112,executed,884011.TI,0.13999999999999999
20211111,20211112,executed,885462.TI,0.13999999999999999
20211111,20211112,executed,885819.TI,0.13999999999999999
20211111,20211112,executed,LOW_RISK,0.30000000000000004
20211112,20211115,executed,881123.TI,0.13999999999999999
20211112,20211115,executed,884071.TI,0.13999999999999999
20211112,20211115,executed,884083.TI,0.13999999999999999
20211112,20211115,executed,885819.TI,0.13999999999999999
20211112,20211115,executed,885840.TI,0.13999999999999999
20211112,20211115,executed,LOW_RISK,0.30000000000000004
20211115,20211116,executed,881123.TI,0.13943731890383088
20211115,20211116,executed,884071.TI,0.13786723755645633
20211115,20211116,executed,884083.TI,0.14120456447908533
20211115,20211116,executed,885819.TI,0.14021930741754113
20211115,20211116,executed,885840.TI,0.14179349507731134
20211115,20211116,executed,LOW_RISK,0.29947807656577496
20211116,20211117,executed,881123.TI,0.13713876933980002
20211116,20211117,executed,884071.TI,0.13833574971510418
20211116,20211117,executed,884083.TI,0.140945316876775
20211116,20211117,executed,885819.TI,0.1404688310079886
20211116,20211117,executed,885840.TI,0.1421177863669715
20211116,20211117,executed,LOW_RISK,0.30099354669336065
20211117,20211118,executed,884071.TI,0.13999999999999999
20211117,20211118,executed,884083.TI,0.13999999999999999
20211117,20211118,executed,884260.TI,0.13999999999999999
20211117,20211118,executed,885819.TI,0.13999999999999999
20211117,20211118,executed,885840.TI,0.13999999999999999
20211117,20211118,executed,LOW_RISK,0.30000000000000004
20211118,20211119,executed,884071.TI,0.13999999999999999
20211118,20211119,executed,884083.TI,0.13999999999999999
20211118,20211119,executed,884260.TI,0.13999999999999999
20211118,20211119,executed,885641.TI,0.13999999999999999
20211118,20211119,executed,885840.TI,0.13999999999999999
20211118,20211119,executed,LOW_RISK,0.30000000000000004
20211119,20211122,executed,884260.TI,0.13999999999999999
20211119,20211122,executed,885531.TI,0.13999999999999999
20211119,20211122,executed,885641.TI,0.13999999999999999
20211119,20211122,executed,885650.TI,0.13999999999999999
20211119,20211122,executed,885840.TI,0.13999999999999999
20211119,20211122,executed,LOW_RISK,0.30000000000000004
20211122,20211123,executed,884260.TI,0.1385673632370444
20211122,20211123,executed,885531.TI,0.14099046881690203
20211122,20211123,executed,885641.TI,0.1403345435561895
20211122,20211123,executed,885650.TI,0.14222325960636298
20211122,20211123,executed,885840.TI,0.13976143749226272
20211122,20211123,executed,LOW_RISK,0.29812292729123835
20211123,20211124,executed,884260.TI,0.13896216200187475
20211123,20211124,executed,885531.TI,0.1406806144107395
20211123,20211124,executed,885641.TI,0.13903602236132745
20211123,20211124,executed,885650.TI,0.1426146606231605
20211123,20211124,executed,885840.TI,0.140477710919739
20211123,20211124,executed,LOW_RISK,0.2982288296831588
20211124,20211125,executed,884106.TI,0.13999999999999999
20211124,20211125,executed,885531.TI,0.13999999999999999
20211124,20211125,executed,885641.TI,0.13999999999999999
20211124,20211125,executed,885650.TI,0.13999999999999999
20211124,20211125,executed,885840.TI,0.13999999999999999
20211124,20211125,executed,LOW_RISK,0.30000000000000004
20211125,20211126,executed,881123.TI,0.13999999999999999
20211125,20211126,executed,884106.TI,0.13999999999999999
20211125,20211126,executed,885531.TI,0.13999999999999999
20211125,20211126,executed,885650.TI,0.13999999999999999
20211125,20211126,executed,885840.TI,0.13999999999999999
20211125,20211126,executed,LOW_RISK,0.30000000000000004
20211126,20211129,executed,881123.TI,0.13999999999999999
20211126,20211129,executed,884023.TI,0.13999999999999999
20211126,20211129,executed,884106.TI,0.13999999999999999
20211126,20211129,executed,885461.TI,0.13999999999999999
20211126,20211129,executed,885840.TI,0.13999999999999999
20211126,20211129,executed,LOW_RISK,0.30000000000000004
20211129,20211130,executed,881123.TI,0.13999999999999999
20211129,20211130,executed,884023.TI,0.13999999999999999
20211129,20211130,executed,884106.TI,0.13999999999999999
20211129,20211130,executed,885461.TI,0.13999999999999999
20211129,20211130,executed,885781.TI,0.13999999999999999
20211129,20211130,executed,LOW_RISK,0.30000000000000004
20211130,20211201,executed,881123.TI,0.1407358721878091
20211130,20211201,executed,884023.TI,0.13898379431435584
20211130,20211201,executed,884106.TI,0.14079478855535907
20211130,20211201,executed,885461.TI,0.13954374888135157
20211130,20211201,executed,885781.TI,0.1400795726771033
20211130,20211201,executed,LOW_RISK,0.29986222338402113
20211201,20211202,executed,881108.TI,0.13999999999999999
20211201,20211202,executed,881123.TI,0.13999999999999999
20211201,20211202,executed,884023.TI,0.13999999999999999
20211201,20211202,executed,885461.TI,0.13999999999999999
20211201,20211202,executed,885781.TI,0.13999999999999999
20211201,20211202,executed,LOW_RISK,0.30000000000000004
20211202,20211203,executed,881108.TI,0.13963464669559364
20211202,20211203,executed,881123.TI,0.13836530983421624
20211202,20211203,executed,884023.TI,0.1397296519523763
20211202,20211203,executed,885461.TI,0.13862552434414496
20211202,20211203,executed,885781.TI,0.1416714032819128
20211202,20211203,executed,LOW_RISK,0.30197346389175606
20211203,20211206,executed,881108.TI,0.13999999999999999
20211203,20211206,executed,881123.TI,0.13999999999999999
20211203,20211206,executed,885454.TI,0.13999999999999999
20211203,20211206,executed,885662.TI,0.13999999999999999
20211203,20211206,executed,885781.TI,0.13999999999999999
20211203,20211206,executed,LOW_RISK,0.30000000000000004
20211206,20211207,executed,881108.TI,0.13999999999999999
20211206,20211207,executed,881131.TI,0.13999999999999999
20211206,20211207,executed,881165.TI,0.13999999999999999
20211206,20211207,executed,885454.TI,0.13999999999999999
20211206,20211207,executed,885662.TI,0.13999999999999999
20211206,20211207,executed,LOW_RISK,0.30000000000000004
20211207,20211208,executed,881108.TI,0.13899595448948332
20211207,20211208,executed,881131.TI,0.1392978934494834
20211207,20211208,executed,881165.TI,0.14125231823435713
20211207,20211208,executed,885454.TI,0.13913640483251777
20211207,20211208,executed,885662.TI,0.1387974857435771
20211207,20211208,executed,LOW_RISK,0.3025199432505813
20211208,20211209,executed,881131.TI,0.13999999999999999
20211208,20211209,executed,881165.TI,0.13999999999999999
20211208,20211209,executed,885454.TI,0.13999999999999999
20211208,20211209,executed,885662.TI,0.13999999999999999
20211208,20211209,executed,885766.TI,0.13999999999999999
20211208,20211209,executed,LOW_RISK,0.30000000000000004
20211209,20211210,executed,881131.TI,0.13998093067442144
20211209,20211210,executed,881165.TI,0.1386662454188541
20211209,20211210,executed,885454.TI,0.1409861143817801
20211209,20211210,executed,885662.TI,0.14010884027943796
20211209,20211210,executed,885766.TI,0.14022946491616514
20211209,20211210,executed,LOW_RISK,0.3000284043293413
20211210,20211213,executed,881131.TI,0.13999999999999999
20211210,20211213,executed,881158.TI,0.13999999999999999
20211210,20211213,executed,881165.TI,0.13999999999999999
20211210,20211213,executed,885766.TI,0.13999999999999999
20211210,20211213,executed,885940.TI,0.13999999999999999
20211210,20211213,executed,LOW_RISK,0.30000000000000004
20211213,20211214,executed,881131.TI,0.13999999999999999
20211213,20211214,executed,881158.TI,0.13999999999999999
20211213,20211214,executed,885766.TI,0.13999999999999999
20211213,20211214,executed,885808.TI,0.13999999999999999
20211213,20211214,executed,885940.TI,0.13999999999999999
20211213,20211214,executed,LOW_RISK,0.30000000000000004
20211214,20211215,executed,881131.TI,0.14045181240080812
20211214,20211215,executed,881158.TI,0.13970204170422745
20211214,20211215,executed,885766.TI,0.14056195127800225
20211214,20211215,executed,885808.TI,0.14000892292811942
20211214,20211215,executed,885940.TI,0.1404414414716102
20211214,20211215,executed,LOW_RISK,0.29883383021723253
20211215,20211216,executed,881158.TI,0.13999999999999999
20211215,20211216,executed,884093.TI,0.13999999999999999
20211215,20211216,executed,885426.TI,0.13999999999999999
20211215,20211216,executed,885808.TI,0.13999999999999999
20211215,20211216,executed,885940.TI,0.13999999999999999
20211215,20211216,executed,LOW_RISK,0.30000000000000004
20211216,20211217,executed,881158.TI,0.14035546226800003
20211216,20211217,executed,884093.TI,0.13918753210693624
20211216,20211217,executed,885426.TI,0.14137680925812768
20211216,20211217,executed,885808.TI,0.13901431844604173
20211216,20211217,executed,885940.TI,0.14040433443742983
20211216,20211217,executed,LOW_RISK,0.2996615434834645
20211217,20211220,executed,884093.TI,0.13999999999999999
20211217,20211220,executed,885426.TI,0.13999999999999999
20211217,20211220,executed,885629.TI,0.13999999999999999
20211217,20211220,executed,885808.TI,0.13999999999999999
20211217,20211220,executed,885819.TI,0.13999999999999999
20211217,20211220,executed,LOW_RISK,0.30000000000000004
20211220,20211221,executed,884093.TI,0.13999999999999999
20211220,20211221,executed,885426.TI,0.13999999999999999
20211220,20211221,executed,885629.TI,0.13999999999999999
20211220,20211221,executed,885819.TI,0.13999999999999999
20211220,20211221,executed,885911.TI,0.13999999999999999
20211220,20211221,executed,LOW_RISK,0.30000000000000004
20211221,20211222,executed,884093.TI,0.14122001247971527
20211221,20211222,executed,885426.TI,0.13993107999498366
20211221,20211222,executed,885629.TI,0.14118390989659474
20211221,20211222,executed,885819.TI,0.14000874411391923
20211221,20211222,executed,885911.TI,0.14058373408534927
20211221,20211222,executed,LOW_RISK,0.2970725194294378
20211222,20211223,executed,885490.TI,0.13999999999999999
20211222,20211223,executed,885502.TI,0.13999999999999999
20211222,20211223,executed,885629.TI,0.13999999999999999
20211222,20211223,executed,885819.TI,0.13999999999999999
20211222,20211223,executed,885911.TI,0.13999999999999999
20211222,20211223,executed,LOW_RISK,0.30000000000000004
20211223,20211224,executed,885490.TI,0.13859065080229427
20211223,20211224,executed,885502.TI,0.13985218291929616
20211223,20211224,executed,885629.TI,0.14079778572223786
20211223,20211224,executed,885819.TI,0.14069501240932641
20211223,20211224,executed,885911.TI,0.1393842114327567
20211223,20211224,executed,LOW_RISK,0.30068015671408865
20211224,20211227,executed,885490.TI,0.13999999999999999
20211224,20211227,executed,885502.TI,0.13999999999999999
20211224,20211227,executed,885663.TI,0.13999999999999999
20211224,20211227,executed,885736.TI,0.13999999999999999
20211224,20211227,executed,885911.TI,0.13999999999999999
20211224,20211227,executed,LOW_RISK,0.30000000000000004
20211227,20211228,executed,884057.TI,0.13999999999999999
20211227,20211228,executed,885490.TI,0.13999999999999999
20211227,20211228,executed,885502.TI,0.13999999999999999
20211227,20211228,executed,885663.TI,0.13999999999999999
20211227,20211228,executed,885736.TI,0.13999999999999999
20211227,20211228,executed,LOW_RISK,0.30000000000000004
20211228,20211229,executed,884073.TI,0.13999999999999999
20211228,20211229,executed,885490.TI,0.13999999999999999
20211228,20211229,executed,885502.TI,0.13999999999999999
20211228,20211229,executed,885663.TI,0.13999999999999999
20211228,20211229,executed,885736.TI,0.13999999999999999
20211228,20211229,executed,LOW_RISK,0.30000000000000004
20211229,20211230,executed,884073.TI,0.13999999999999999
20211229,20211230,executed,885502.TI,0.13999999999999999
20211229,20211230,executed,885620.TI,0.13999999999999999
20211229,20211230,executed,885663.TI,0.13999999999999999
20211229,20211230,executed,885736.TI,0.13999999999999999
20211229,20211230,executed,LOW_RISK,0.30000000000000004
20211230,20211231,executed,884073.TI,0.13999999999999999
20211230,20211231,executed,885620.TI,0.13999999999999999
20211230,20211231,executed,885663.TI,0.13999999999999999
20211230,20211231,executed,885736.TI,0.13999999999999999
20211230,20211231,executed,885942.TI,0.13999999999999999
20211230,20211231,executed,LOW_RISK,0.30000000000000004
20211231,20220104,executed,884073.TI,0.13999999999999999
20211231,20220104,executed,885620.TI,0.13999999999999999
20211231,20220104,executed,885839.TI,0.13999999999999999
20211231,20220104,executed,885866.TI,0.13999999999999999
20211231,20220104,executed,885942.TI,0.13999999999999999
20211231,20220104,executed,LOW_RISK,0.30000000000000004
20220104,20220105,executed,884073.TI,0.1378616524884078
20220104,20220105,executed,885620.TI,0.1401728105552801
20220104,20220105,executed,885839.TI,0.14066819293616484
20220104,20220105,executed,885866.TI,0.14503076737171205
20220104,20220105,executed,885942.TI,0.13986026566337378
20220104,20220105,executed,LOW_RISK,0.2964063109850614
20220105,20220106,executed,885493.TI,0.13999999999999999
20220105,20220106,executed,885620.TI,0.13999999999999999
20220105,20220106,executed,885839.TI,0.13999999999999999
20220105,20220106,executed,885866.TI,0.13999999999999999
20220105,20220106,executed,885942.TI,0.13999999999999999
20220105,20220106,executed,LOW_RISK,0.30000000000000004
20220106,20220107,executed,885493.TI,0.1399244046896997
20220106,20220107,executed,885620.TI,0.14023536758860342
20220106,20220107,executed,885839.TI,0.13923978774115306
20220106,20220107,executed,885866.TI,0.14532355211902032
20220106,20220107,executed,885942.TI,0.1378468516414993
20220106,20220107,executed,LOW_RISK,0.2974300362200242
20220107,20220110,executed,885493.TI,0.13999999999999999
20220107,20220110,executed,885620.TI,0.13999999999999999
20220107,20220110,executed,885839.TI,0.13999999999999999
20220107,20220110,executed,885866.TI,0.13999999999999999
20220107,20220110,executed,885943.TI,0.13999999999999999
20220107,20220110,executed,LOW_RISK,0.30000000000000004
20220110,20220111,executed,885493.TI,0.13999999999999999
20220110,20220111,executed,885620.TI,0.13999999999999999
20220110,20220111,executed,885623.TI,0.13999999999999999
20220110,20220111,executed,885943.TI,0.13999999999999999
20220110,20220111,executed,885944.TI,0.13999999999999999
20220110,20220111,executed,LOW_RISK,0.30000000000000004
20220111,20220112,executed,885493.TI,0.14046351972103563
20220111,20220112,executed,885620.TI,0.1401251373095051
20220111,20220112,executed,885623.TI,0.1401689479198678
20220111,20220112,executed,885943.TI,0.13867289128171972
20220111,20220112,executed,885944.TI,0.14018989721059458
20220111,20220112,executed,LOW_RISK,0.30037960655727713
20220112,20220113,executed,885493.TI,0.14048327108771705
20220112,20220113,executed,885620.TI,0.13988393182011435
20220112,20220113,executed,885623.TI,0.14003497866488288
20220112,20220113,executed,885943.TI,0.1391183261776002
20220112,20220113,executed,885944.TI,0.14151454455444556
20220112,20220113,executed,LOW_RISK,0.29896494769523996
20220113,20220114,executed,885493.TI,0.14058711512457844
20220113,20220114,executed,885620.TI,0.14000696135149668
20220113,20220114,executed,885623.TI,0.14023778600833886
20220113,20220114,executed,885943.TI,0.13824134750945755
20220113,20220114,executed,885944.TI,0.13933173170340046
20220113,20220114,executed,LOW_RISK,0.30159505830272804
20220114,20220117,executed,885493.TI,0.13936102689517985
20220114,20220117,executed,885620.TI,0.1387588028347303
20220114,20220117,executed,885623.TI,0.14109021066650757
20220114,20220117,executed,885943.TI,0.13772387793634452
20220114,20220117,executed,885944.TI,0.14021665012435058
20220114,20220117,executed,LOW_RISK,0.3028494315428871
20220117,20220118,executed,885620.TI,0.13999999999999999
20220117,20220118,executed,885623.TI,0.13999999999999999
20220117,20220118,executed,885943.TI,0.13999999999999999
20220117,20220118,executed,885944.TI,0.13999999999999999
20220117,20220118,executed,885948.TI,0.13999999999999999
20220117,20220118,executed,LOW_RISK,0.30000000000000004
20220118,20220119,executed,884028.TI,0.13999999999999999
20220118,20220119,executed,884057.TI,0.13999999999999999
20220118,20220119,executed,885851.TI,0.13999999999999999
20220118,20220119,executed,885944.TI,0.13999999999999999
20220118,20220119,executed,885948.TI,0.13999999999999999
20220118,20220119,executed,LOW_RISK,0.30000000000000004
20220119,20220120,executed,884028.TI,0.1412835202441757
20220119,20220120,executed,884057.TI,0.13948949500425628
20220119,20220120,executed,885851.TI,0.14034961967468193
20220119,20220120,executed,885944.TI,0.13776944700374458
20220119,20220120,executed,885948.TI,0.13984721593712934
20220119,20220120,executed,LOW_RISK,0.3012607021360122
20220120,20220121,executed,884028.TI,0.14196959434007245
20220120,20220121,executed,884057.TI,0.1363713442539132
20220120,20220121,executed,885851.TI,0.1398990766179472
20220120,20220121,executed,885944.TI,0.1370195127869896
20220120,20220121,executed,885948.TI,0.13689567561515054
20220120,20220121,executed,LOW_RISK,0.307844796385927
20220121,20220124,executed,884028.TI,0.13999999999999999
20220121,20220124,executed,884057.TI,0.13999999999999999
20220121,20220124,executed,884093.TI,0.13999999999999999
20220121,20220124,executed,885851.TI,0.13999999999999999
20220121,20220124,executed,885948.TI,0.13999999999999999
20220121,20220124,executed,LOW_RISK,0.30000000000000004
20220124,20220125,executed,884028.TI,0.13893472720365008
20220124,20220125,executed,884057.TI,0.14399929180118415
20220124,20220125,executed,884093.TI,0.13973853919162035
20220124,20220125,executed,885851.TI,0.13799782991472143
20220124,20220125,executed,885948.TI,0.13940677360207412
20220124,20220125,executed,LOW_RISK,0.2999228382867498
20220125,20220126,executed,884027.TI,0.13999999999999999
20220125,20220126,executed,884043.TI,0.13999999999999999
20220125,20220126,executed,884057.TI,0.13999999999999999
20220125,20220126,executed,884093.TI,0.13999999999999999
20220125,20220126,executed,885789.TI,0.13999999999999999
20220125,20220126,executed,LOW_RISK,0.30000000000000004
20220126,20220127,executed,884027.TI,0.13917832210878514
20220126,20220127,executed,884043.TI,0.14037736794079847
20220126,20220127,executed,884057.TI,0.14053570082949463
20220126,20220127,executed,884093.TI,0.13977878741348096
20220126,20220127,executed,885789.TI,0.14050014890551643
20220126,20220127,executed,LOW_RISK,0.2996296728019243
20220127,20220128,executed,884027.TI,0.1376544260924879
20220127,20220128,executed,884043.TI,0.13984445184310296
20220127,20220128,executed,884057.TI,0.1398910214016175
20220127,20220128,executed,884093.TI,0.13853059787324098
20220127,20220128,executed,885789.TI,0.13865076542043892
20220127,20220128,executed,LOW_RISK,0.3054287373691118
20220128,20220207,executed,LOW_RISK,1.0
20220207,20220208,executed,LOW_RISK,1.0
20220208,20220209,executed,LOW_RISK,1.0
20220209,20220210,executed,LOW_RISK,1.0
20220210,20220211,executed,LOW_RISK,1.0
20220211,20220214,executed,LOW_RISK,1.0
20220214,20220215,executed,LOW_RISK,1.0
20220215,20220216,executed,LOW_RISK,1.0
20220216,20220217,executed,LOW_RISK,1.0
20220217,20220218,executed,LOW_RISK,1.0
20220218,20220221,executed,LOW_RISK,1.0
20220221,20220222,executed,LOW_RISK,1.0
20220222,20220223,executed,LOW_RISK,1.0
20220223,20220224,executed,LOW_RISK,1.0
20220224,20220225,executed,LOW_RISK,1.0
20220225,20220228,executed,LOW_RISK,1.0
20220228,20220301,executed,LOW_RISK,1.0
20220301,20220302,executed,LOW_RISK,1.0
20220302,20220303,executed,LOW_RISK,1.0
20220303,20220304,executed,LOW_RISK,1.0
20220304,20220307,executed,LOW_RISK,1.0
20220307,20220308,executed,LOW_RISK,1.0
20220308,20220309,executed,881137.TI,0.09999999999999999
20220308,20220309,executed,884220.TI,0.09999999999999999
20220308,20220309,executed,884273.TI,0.09999999999999999
20220308,20220309,executed,LOW_RISK,0.7
20220309,20220310,executed,881137.TI,0.10030202654659542
20220309,20220310,executed,884220.TI,0.10032261599790815
20220309,20220310,executed,884273.TI,0.09928906613566635
20220309,20220310,executed,LOW_RISK,0.70008629131983
20220310,20220311,executed,881137.TI,0.09994908041057515
20220310,20220311,executed,884220.TI,0.09934872148892773
20220310,20220311,executed,884273.TI,0.098702729492372
20220310,20220311,executed,LOW_RISK,0.7019994686081251
20220311,20220314,executed,881137.TI,0.10113534273692851
20220311,20220314,executed,884220.TI,0.10006648862993728
20220311,20220314,executed,884273.TI,0.09826256171491272
20220311,20220314,executed,LOW_RISK,0.7005356069182215
20220314,20220315,executed,881137.TI,0.09999999999999999
20220314,20220315,executed,884220.TI,0.09999999999999999
20220314,20220315,executed,885933.TI,0.09999999999999999
20220314,20220315,executed,LOW_RISK,0.7
20220315,20220316,executed,LOW_RISK,1.0
20220316,20220317,executed,LOW_RISK,1.0
20220317,20220318,executed,LOW_RISK,1.0
20220318,20220321,executed,LOW_RISK,1.0
20220321,20220322,executed,LOW_RISK,1.0
20220322,20220323,executed,LOW_RISK,1.0
20220323,20220324,executed,LOW_RISK,1.0
20220324,20220325,executed,LOW_RISK,1.0
20220325,20220328,executed,LOW_RISK,1.0
20220328,20220329,executed,LOW_RISK,1.0
20220329,20220330,executed,LOW_RISK,1.0
20220330,20220331,executed,LOW_RISK,1.0
20220331,20220401,executed,LOW_RISK,1.0
20220401,20220406,executed,LOW_RISK,1.0
20220406,20220407,executed,LOW_RISK,1.0
20220407,20220408,executed,LOW_RISK,1.0
20220408,20220411,executed,LOW_RISK,1.0
20220411,20220412,executed,LOW_RISK,1.0
20220412,20220413,executed,LOW_RISK,1.0
20220413,20220414,executed,LOW_RISK,1.0
20220414,20220415,executed,LOW_RISK,1.0
20220415,20220418,executed,LOW_RISK,1.0
20220418,20220419,executed,LOW_RISK,1.0
20220419,20220420,executed,LOW_RISK,1.0
20220420,20220421,executed,884249.TI,0.09999999999999999
20220420,20220421,executed,885975.TI,0.09999999999999999
20220420,20220421,executed,885976.TI,0.09999999999999999
20220420,20220421,executed,LOW_RISK,0.7
20220421,20220422,executed,884249.TI,0.10075131808190903
20220421,20220422,executed,885975.TI,0.0968671452544409
20220421,20220422,executed,885976.TI,0.09654010953151093
20220421,20220422,executed,LOW_RISK,0.7058414271321392
20220422,20220425,executed,884249.TI,0.10240217099030494
20220422,20220425,executed,885975.TI,0.09380352824013297
20220422,20220425,executed,885976.TI,0.09398747871464756
20220422,20220425,executed,LOW_RISK,0.7098068220549145
20220425,20220426,executed,LOW_RISK,1.0
20220426,20220427,executed,LOW_RISK,1.0
20220427,20220428,executed,LOW_RISK,1.0
20220428,20220429,executed,LOW_RISK,1.0
20220429,20220505,executed,LOW_RISK,1.0
20220505,20220506,executed,LOW_RISK,1.0
20220506,20220509,executed,LOW_RISK,1.0
20220509,20220510,executed,LOW_RISK,1.0
20220510,20220511,executed,LOW_RISK,1.0
20220511,20220512,executed,LOW_RISK,1.0
20220512,20220513,executed,LOW_RISK,1.0
20220513,20220516,executed,LOW_RISK,1.0
20220516,20220517,executed,LOW_RISK,1.0
20220517,20220518,executed,LOW_RISK,1.0
20220518,20220519,executed,LOW_RISK,1.0
20220519,20220520,executed,LOW_RISK,1.0
20220520,20220523,executed,LOW_RISK,1.0
20220523,20220524,executed,LOW_RISK,1.0
20220524,20220525,executed,LOW_RISK,1.0
20220525,20220526,executed,LOW_RISK,1.0
20220526,20220527,executed,LOW_RISK,1.0
20220527,20220530,executed,884200.TI,0.09999999999999999
20220527,20220530,executed,885629.TI,0.09999999999999999
20220527,20220530,executed,885918.TI,0.09999999999999999
20220527,20220530,executed,LOW_RISK,0.7
20220530,20220531,executed,884200.TI,0.10197460673236748
20220530,20220531,executed,885629.TI,0.09956713412016709
20220530,20220531,executed,885918.TI,0.09981676661369658
20220530,20220531,executed,LOW_RISK,0.6986414925337688
20220531,20220601,executed,884200.TI,0.10313932480907835
20220531,20220601,executed,885629.TI,0.10035017988650276
20220531,20220601,executed,885918.TI,0.09980123752253145
20220531,20220601,executed,LOW_RISK,0.6967092577818874
20220601,20220602,executed,884200.TI,0.10445614082260431
20220601,20220602,executed,885629.TI,0.10101941602353891
20220601,20220602,executed,885918.TI,0.09939253565390402
20220601,20220602,executed,LOW_RISK,0.6951319074999528
20220602,20220606,executed,884200.TI,0.10553714610072354
20220602,20220606,executed,885629.TI,0.10105981641300367
20220602,20220606,executed,885918.TI,0.09969962698955738
20220602,20220606,executed,LOW_RISK,0.6937034104967155
20220606,20220607,executed,885595.TI,0.09999999999999999
20220606,20220607,executed,885849.TI,0.09999999999999999
20220606,20220607,executed,885881.TI,0.09999999999999999
20220606,20220607,executed,LOW_RISK,0.7
20220607,20220608,executed,885595.TI,0.09996811429569954
20220607,20220608,executed,885849.TI,0.09951545951577949
20220607,20220608,executed,885881.TI,0.09901723828798785
20220607,20220608,executed,LOW_RISK,0.7014991879005331
20220608,20220609,executed,885595.TI,0.09986982023680231
20220608,20220609,executed,885849.TI,0.09912349626898631
20220608,20220609,executed,885881.TI,0.0999541687928234
20220608,20220609,executed,LOW_RISK,0.701052514701388
20220609,20220610,executed,885595.TI,0.0985091552278153
20220609,20220610,executed,885849.TI,0.09825985237070495
20220609,20220610,executed,885881.TI,0.0972874167634063
20220609,20220610,executed,LOW_RISK,0.7059435756380734
20220610,20220613,executed,885595.TI,0.09977470327083994
20220610,20220613,executed,885849.TI,0.09936057218510046
20220610,20220613,executed,885881.TI,0.09790820184409574
20220610,20220613,executed,LOW_RISK,0.7029565226999639
20220613,20220614,executed,884014.TI,0.09999999999999999
20220613,20220614,executed,885520.TI,0.09999999999999999
20220613,20220614,executed,885629.TI,0.09999999999999999
20220613,20220614,executed,LOW_RISK,0.7
20220614,20220615,executed,884014.TI,0.10317111996919046
20220614,20220615,executed,885520.TI,0.10094884021418792
20220614,20220615,executed,885629.TI,0.10044528559733785
20220614,20220615,executed,LOW_RISK,0.6954347542192838
20220615,20220616,executed,884014.TI,0.10081527883821988
20220615,20220616,executed,885520.TI,0.10173137840606879
20220615,20220616,executed,885629.TI,0.09956158666983399
20220615,20220616,executed,LOW_RISK,0.6978917560858773
20220616,20220617,executed,885520.TI,0.09999999999999999
20220616,20220617,executed,885629.TI,0.09999999999999999
20220616,20220617,executed,885832.TI,0.09999999999999999
20220616,20220617,executed,LOW_RISK,0.7
20220617,20220620,executed,885520.TI,0.10112782115754944
20220617,20220620,executed,885629.TI,0.10051033202127725
20220617,20220620,executed,885832.TI,0.10063062526503246
20220617,20220620,executed,LOW_RISK,0.6977312215561409
20220620,20220621,executed,881132.TI,0.09999999999999999
20220620,20220621,executed,885520.TI,0.09999999999999999
20220620,20220621,executed,885832.TI,0.09999999999999999
20220620,20220621,executed,LOW_RISK,0.7
20220621,20220622,executed,881132.TI,0.10293686694480038
20220621,20220622,executed,885520.TI,0.09923177213747685
20220621,20220622,executed,885832.TI,0.0993930307849454
20220621,20220622,executed,LOW_RISK,0.6984383301327775
20220622,20220623,executed,881132.TI,0.10001076280229872
20220622,20220623,executed,885520.TI,0.09837272359546617
20220622,20220623,executed,885832.TI,0.09875421233837413
20220622,20220623,executed,LOW_RISK,0.702862301263861
20220623,20220624,executed,881132.TI,0.09999999999999999
20220623,20220624,executed,885461.TI,0.09999999999999999
20220623,20220624,executed,885520.TI,0.09999999999999999
20220623,20220624,executed,LOW_RISK,0.7
20220624,20220627,executed,881132.TI,0.09999999999999999
20220624,20220627,executed,884245.TI,0.09999999999999999
20220624,20220627,executed,885461.TI,0.09999999999999999
20220624,20220627,executed,LOW_RISK,0.7
20220627,20220628,executed,884245.TI,0.09999999999999999
20220627,20220628,executed,885461.TI,0.09999999999999999
20220627,20220628,executed,885832.TI,0.09999999999999999
20220627,20220628,executed,LOW_RISK,0.7
20220628,20220629,executed,884245.TI,0.10098590128525084
20220628,20220629,executed,885461.TI,0.10110601830352212
20220628,20220629,executed,885832.TI,0.10074971054544685
20220628,20220629,executed,LOW_RISK,0.6971583698657802
20220629,20220630,executed,884245.TI,0.10207979304328542
20220629,20220630,executed,885461.TI,0.0978433421838918
20220629,20220630,executed,885832.TI,0.09969343718391555
20220629,20220630,executed,LOW_RISK,0.7003834275889073
20220630,20220701,executed,884245.TI,0.09999999999999999
20220630,20220701,executed,885832.TI,0.09999999999999999
20220630,20220701,executed,885924.TI,0.09999999999999999
20220630,20220701,executed,LOW_RISK,0.7
20220701,20220704,executed,885832.TI,0.09999999999999999
20220701,20220704,executed,885916.TI,0.09999999999999999
20220701,20220704,executed,885924.TI,0.09999999999999999
20220701,20220704,executed,LOW_RISK,0.7
20220704,20220705,executed,883302.TI,0.09999999999999999
20220704,20220705,executed,885916.TI,0.09999999999999999
20220704,20220705,executed,885924.TI,0.09999999999999999
20220704,20220705,executed,LOW_RISK,0.7
20220705,20220706,executed,883300.TI,0.06
20220705,20220706,executed,883301.TI,0.06
20220705,20220706,executed,883302.TI,0.06
20220705,20220706,executed,885916.TI,0.06
20220705,20220706,executed,885924.TI,0.06
20220705,20220706,executed,LOW_RISK,0.7
20220706,20220707,executed,883300.TI,0.05954374505229968
20220706,20220707,executed,883301.TI,0.05928606585839842
20220706,20220707,executed,883302.TI,0.05936484024382767
20220706,20220707,executed,885916.TI,0.059590342985291166
20220706,20220707,executed,885924.TI,0.05963677345293872
20220706,20220707,executed,LOW_RISK,0.7025782324072444
20220707,20220708,executed,883300.TI,0.06
20220707,20220708,executed,883301.TI,0.06
20220707,20220708,executed,883302.TI,0.06
20220707,20220708,executed,884267.TI,0.06
20220707,20220708,executed,885916.TI,0.06
20220707,20220708,executed,LOW_RISK,0.7
20220708,20220711,executed,883300.TI,0.06
20220708,20220711,executed,883301.TI,0.06
20220708,20220711,executed,883302.TI,0.06
20220708,20220711,executed,884267.TI,0.06
20220708,20220711,executed,885650.TI,0.06
20220708,20220711,executed,LOW_RISK,0.7
20220711,20220712,executed,883300.TI,0.06
20220711,20220712,executed,883301.TI,0.06
20220711,20220712,executed,884267.TI,0.06
20220711,20220712,executed,885650.TI,0.06
20220711,20220712,executed,885774.TI,0.06
20220711,20220712,executed,LOW_RISK,0.7
20220712,20220713,executed,884118.TI,0.06
20220712,20220713,executed,884267.TI,0.06
20220712,20220713,executed,885650.TI,0.06
20220712,20220713,executed,885774.TI,0.06
20220712,20220713,executed,885883.TI,0.06
20220712,20220713,executed,LOW_RISK,0.7
20220713,20220714,executed,884118.TI,0.06019151595730145
20220713,20220714,executed,884267.TI,0.06067831418139808
20220713,20220714,executed,885650.TI,0.0601594375598161
20220713,20220714,executed,885774.TI,0.060895428753690514
20220713,20220714,executed,885883.TI,0.061396906589659794
20220713,20220714,executed,LOW_RISK,0.696678396958134
20220714,20220715,executed,884118.TI,0.06031308894548128
20220714,20220715,executed,884267.TI,0.06066202446284072
20220714,20220715,executed,885650.TI,0.06123151215356317
20220714,20220715,executed,885774.TI,0.06164000323998233
20220714,20220715,executed,885883.TI,0.06096100041571841
20220714,20220715,executed,LOW_RISK,0.6951923707824141
20220715,20220718,executed,884118.TI,0.06
20220715,20220718,executed,885699.TI,0.06
20220715,20220718,executed,885747.TI,0.06
20220715,20220718,executed,885774.TI,0.06
20220715,20220718,executed,885883.TI,0.06
20220715,20220718,executed,LOW_RISK,0.7
20220718,20220719,executed,884118.TI,0.06083087494918605
20220718,20220719,executed,885699.TI,0.060371086787301895
20220718,20220719,executed,885747.TI,0.0602083666318493
20220718,20220719,executed,885774.TI,0.06138549863850187
20220718,20220719,executed,885883.TI,0.06306982789925822
20220718,20220719,executed,LOW_RISK,0.6941343450939026
20220719,20220720,executed,885431.TI,0.06
20220719,20220720,executed,885699.TI,0.06
20220719,20220720,executed,885747.TI,0.06
20220719,20220720,executed,885774.TI,0.06
20220719,20220720,executed,885789.TI,0.06
20220719,20220720,executed,LOW_RISK,0.7
20220720,20220721,executed,885431.TI,0.05985491288236352
20220720,20220721,executed,885699.TI,0.06080420598370683
20220720,20220721,executed,885747.TI,0.0609846851188956
20220720,20220721,executed,885774.TI,0.059962023959115554
20220720,20220721,executed,885789.TI,0.05997448299456001
20220720,20220721,executed,LOW_RISK,0.6984196890613585
20220721,20220722,executed,885431.TI,0.060118120785590284
20220721,20220722,executed,885699.TI,0.06141771341074241
20220721,20220722,executed,885747.TI,0.05986730552788767
20220721,20220722,executed,885774.TI,0.06075269627260641
20220721,20220722,executed,885789.TI,0.060184248413358496
20220721,20220722,executed,LOW_RISK,0.6976599155898147
20220722,20220725,executed,884219.TI,0.06
20220722,20220725,executed,885431.TI,0.06
20220722,20220725,executed,885699.TI,0.06
20220722,20220725,executed,885774.TI,0.06
20220722,20220725,executed,885789.TI,0.06
20220722,20220725,executed,LOW_RISK,0.7
20220725,20220726,executed,884219.TI,0.06
20220725,20220726,executed,885431.TI,0.06
20220725,20220726,executed,885699.TI,0.06
20220725,20220726,executed,885789.TI,0.06
20220725,20220726,executed,885888.TI,0.06
20220725,20220726,executed,LOW_RISK,0.7
20220726,20220727,executed,881152.TI,0.06
20220726,20220727,executed,884219.TI,0.06
20220726,20220727,executed,885413.TI,0.06
20220726,20220727,executed,885888.TI,0.06
20220726,20220727,executed,885965.TI,0.06
20220726,20220727,executed,LOW_RISK,0.7
20220727,20220728,executed,881152.TI,0.06040537063360543
20220727,20220728,executed,884219.TI,0.061871920860030814
20220727,20220728,executed,885413.TI,0.0604854939824326
20220727,20220728,executed,885888.TI,0.060342052920626825
20220727,20220728,executed,885965.TI,0.06048540642644182
20220727,20220728,executed,LOW_RISK,0.6964097551768624
20220728,20220729,executed,881152.TI,0.059951877262388306
20220728,20220729,executed,884219.TI,0.06360107863254573
20220728,20220729,executed,885413.TI,0.0606015802778688
20220728,20220729,executed,885888.TI,0.0604668255441721
20220728,20220729,executed,885965.TI,0.06046469077127681
20220728,20220729,executed,LOW_RISK,0.6949139475117483
20220729,20220801,executed,881152.TI,0.06
20220729,20220801,executed,885413.TI,0.06
20220729,20220801,executed,885699.TI,0.06
20220729,20220801,executed,885888.TI,0.06
20220729,20220801,executed,885965.TI,0.06
20220729,20220801,executed,LOW_RISK,0.7
20220801,20220802,executed,881152.TI,0.05957401801374475
20220801,20220802,executed,885413.TI,0.05965808409592372
20220801,20220802,executed,885699.TI,0.05992270766992859
20220801,20220802,executed,885888.TI,0.059839378136050204
20220801,20220802,executed,885965.TI,0.05980538720720374
20220801,20220802,executed,LOW_RISK,0.7012004248771491
20220802,20220803,executed,885427.TI,0.06
20220802,20220803,executed,885699.TI,0.06
20220802,20220803,executed,885834.TI,0.06
20220802,20220803,executed,885878.TI,0.06
20220802,20220803,executed,885884.TI,0.06
20220802,20220803,executed,LOW_RISK,0.7
20220803,20220804,executed,885427.TI,0.06010369109559566
20220803,20220804,executed,885699.TI,0.0606813128672531
20220803,20220804,executed,885834.TI,0.05902314657941821
20220803,20220804,executed,885878.TI,0.05799045905791726
20220803,20220804,executed,885884.TI,0.06144854845230453
20220803,20220804,executed,LOW_RISK,0.7007528419475113
20220804,20220805,executed,885427.TI,0.06025425548253224
20220804,20220805,executed,885699.TI,0.06210909825583525
20220804,20220805,executed,885834.TI,0.058747538812346796
20220804,20220805,executed,885878.TI,0.058115696311576294
20220804,20220805,executed,885884.TI,0.06076832240304357
20220804,20220805,executed,LOW_RISK,0.7000050887346658
20220805,20220808,executed,885427.TI,0.06
20220805,20220808,executed,885809.TI,0.06
20220805,20220808,executed,885834.TI,0.06
20220805,20220808,executed,885878.TI,0.06
20220805,20220808,executed,885884.TI,0.06
20220805,20220808,executed,LOW_RISK,0.7
20220808,20220809,executed,885427.TI,0.06059292135669439
20220808,20220809,executed,885809.TI,0.06031823481792711
20220808,20220809,executed,885834.TI,0.062067976788688785
20220808,20220809,executed,885878.TI,0.06161529932085033
20220808,20220809,executed,885884.TI,0.061016277718235354
20220808,20220809,executed,LOW_RISK,0.6943892899976041
20220809,20220810,executed,883303.TI,0.06
20220809,20220810,executed,885530.TI,0.06
20220809,20220810,executed,885806.TI,0.06
20220809,20220810,executed,885809.TI,0.06
20220809,20220810,executed,885929.TI,0.06
20220809,20220810,executed,LOW_RISK,0.7
20220810,20220811,executed,883303.TI,0.059944326837457595
20220810,20220811,executed,885530.TI,0.06075306180181186
20220810,20220811,executed,885806.TI,0.06051578499320493
20220810,20220811,executed,885809.TI,0.06043045522446075
20220810,20220811,executed,885929.TI,0.06079391557478602
20220810,20220811,executed,LOW_RISK,0.6975624555682789
20220811,20220812,executed,883303.TI,0.060117022218881135
20220811,20220812,executed,885530.TI,0.06057430195896423
20220811,20220812,executed,885806.TI,0.061091341222975756
20220811,20220812,executed,885809.TI,0.061854971633388045
20220811,20220812,executed,885929.TI,0.06075240888575531
20220811,20220812,executed,LOW_RISK,0.6956099540800356
20220812,20220815,executed,883303.TI,0.06
20220812,20220815,executed,885423.TI,0.06
20220812,20220815,executed,885530.TI,0.06
20220812,20220815,executed,885806.TI,0.06
20220812,20220815,executed,885929.TI,0.06
20220812,20220815,executed,LOW_RISK,0.7
20220815,20220816,executed,883303.TI,0.06029108943348123
20220815,20220816,executed,885423.TI,0.05988662673002719
20220815,20220816,executed,885530.TI,0.05996293417424261
20220815,20220816,executed,885806.TI,0.06034670377444529
20220815,20220816,executed,885929.TI,0.060563305380594616
20220815,20220816,executed,LOW_RISK,0.6989493405072091
20220816,20220817,executed,881118.TI,0.06
20220816,20220817,executed,885423.TI,0.06
20220816,20220817,executed,885530.TI,0.06
20220816,20220817,executed,885699.TI,0.06
20220816,20220817,executed,885812.TI,0.06
20220816,20220817,executed,LOW_RISK,0.7
20220817,20220818,executed,881118.TI,0.06
20220817,20220818,executed,885423.TI,0.06
20220817,20220818,executed,885699.TI,0.06
20220817,20220818,executed,885812.TI,0.06
20220817,20220818,executed,886005.TI,0.06
20220817,20220818,executed,LOW_RISK,0.7
20220818,20220819,executed,881118.TI,0.060593407503911734
20220818,20220819,executed,885423.TI,0.06078271211176138
20220818,20220819,executed,885699.TI,0.059705993583447206
20220818,20220819,executed,885812.TI,0.059474765703504906
20220818,20220819,executed,886005.TI,0.05931733199724204
20220818,20220819,executed,LOW_RISK,0.7001257891001327
20220819,20220822,executed,881118.TI,0.06
20220819,20220822,executed,881165.TI,0.06
20220819,20220822,executed,885699.TI,0.06
20220819,20220822,executed,885812.TI,0.06
20220819,20220822,executed,886005.TI,0.06
20220819,20220822,executed,LOW_RISK,0.7
20220822,20220823,executed,881118.TI,0.060048359094208525
20220822,20220823,executed,881165.TI,0.060505686806874875
20220822,20220823,executed,885699.TI,0.06084743116594474
20220822,20220823,executed,885812.TI,0.06052213182067116
20220822,20220823,executed,886005.TI,0.05967766164867716
20220822,20220823,executed,LOW_RISK,0.6983987294636236
20220823,20220824,executed,881165.TI,0.06
20220823,20220824,executed,884012.TI,0.06
20220823,20220824,executed,885699.TI,0.06
20220823,20220824,executed,885812.TI,0.06
20220823,20220824,executed,886005.TI,0.06
20220823,20220824,executed,LOW_RISK,0.7
20220824,20220825,executed,881152.TI,0.06
20220824,20220825,executed,881165.TI,0.06
20220824,20220825,executed,884012.TI,0.06
20220824,20220825,executed,885505.TI,0.06
20220824,20220825,executed,885814.TI,0.06
20220824,20220825,executed,LOW_RISK,0.7
20220825,20220826,executed,881152.TI,0.06072145512018368
20220825,20220826,executed,881165.TI,0.059428998434461935
20220825,20220826,executed,884012.TI,0.05908496419269315
20220825,20220826,executed,885505.TI,0.059858924158070974
20220825,20220826,executed,885814.TI,0.060510358710716916
20220825,20220826,executed,LOW_RISK,0.7003952993838733
20220826,20220829,executed,881152.TI,0.06
20220826,20220829,executed,884012.TI,0.06
20220826,20220829,executed,885505.TI,0.06
20220826,20220829,executed,885814.TI,0.06
20220826,20220829,executed,885898.TI,0.06
20220826,20220829,executed,LOW_RISK,0.7
20220829,20220830,executed,881152.TI,0.06051589068166968
20220829,20220830,executed,884012.TI,0.061923871612784384
20220829,20220830,executed,885505.TI,0.06103097400803276
20220829,20220830,executed,885814.TI,0.0607923460314211
20220829,20220830,executed,885898.TI,0.060767978379115746
20220829,20220830,executed,LOW_RISK,0.6949689392869763
20220830,20220831,executed,881152.TI,0.06
20220830,20220831,executed,885505.TI,0.06
20220830,20220831,executed,885814.TI,0.06
20220830,20220831,executed,885898.TI,0.06
20220830,20220831,executed,886008.TI,0.06
20220830,20220831,executed,LOW_RISK,0.7
20220831,20220901,executed,884160.TI,0.06
20220831,20220901,executed,884218.TI,0.06
20220831,20220901,executed,885741.TI,0.06
20220831,20220901,executed,885898.TI,0.06
20220831,20220901,executed,886008.TI,0.06
20220831,20220901,executed,LOW_RISK,0.7
20220901,20220902,executed,884160.TI,0.061153188768244056
20220901,20220902,executed,884218.TI,0.05958242428529411
20220901,20220902,executed,885741.TI,0.05991255890472418
20220901,20220902,executed,885898.TI,0.05995117638680881
20220901,20220902,executed,886008.TI,0.059358419130208305
20220901,20220902,executed,LOW_RISK,0.7000422325247205
20220902,20220905,executed,884160.TI,0.06
20220902,20220905,executed,884218.TI,0.06
20220902,20220905,executed,884271.TI,0.06
20220902,20220905,executed,885741.TI,0.06
20220902,20220905,executed,886008.TI,0.06
20220902,20220905,executed,LOW_RISK,0.7
20220905,20220906,executed,884160.TI,0.06054297569831481
20220905,20220906,executed,884218.TI,0.059169501339372134
20220905,20220906,executed,884271.TI,0.060625950412077065
20220905,20220906,executed,885741.TI,0.06075201793105093
20220905,20220906,executed,886008.TI,0.059670054151841914
20220905,20220906,executed,LOW_RISK,0.6992395004673432
20220906,20220907,executed,884160.TI,0.06
20220906,20220907,executed,884162.TI,0.06
20220906,20220907,executed,884271.TI,0.06
20220906,20220907,executed,885741.TI,0.06
20220906,20220907,executed,886008.TI,0.06
20220906,20220907,executed,LOW_RISK,0.7
20220907,20220908,executed,881155.TI,0.06
20220907,20220908,executed,884162.TI,0.06
20220907,20220908,executed,884271.TI,0.06
20220907,20220908,executed,885741.TI,0.06
20220907,20220908,executed,886008.TI,0.06
20220907,20220908,executed,LOW_RISK,0.7
20220908,20220909,executed,881155.TI,0.06
20220908,20220909,executed,884162.TI,0.06
20220908,20220909,executed,884249.TI,0.06
20220908,20220909,executed,884271.TI,0.06
20220908,20220909,executed,885741.TI,0.06
20220908,20220909,executed,LOW_RISK,0.7
20220909,20220913,executed,881155.TI,0.06
20220909,20220913,executed,884162.TI,0.06
20220909,20220913,executed,884249.TI,0.06
20220909,20220913,executed,885741.TI,0.06
20220909,20220913,executed,885988.TI,0.06
20220909,20220913,executed,LOW_RISK,0.7
20220913,20220914,executed,881155.TI,0.059757702695215804
20220913,20220914,executed,884162.TI,0.05963346221894201
20220913,20220914,executed,884249.TI,0.06002519380928012
20220913,20220914,executed,885741.TI,0.058888756618294034
20220913,20220914,executed,885988.TI,0.05923954134317292
20220913,20220914,executed,LOW_RISK,0.7024553433150951
20220914,20220915,executed,881155.TI,0.06
20220914,20220915,executed,884218.TI,0.06
20220914,20220915,executed,884249.TI,0.06
20220914,20220915,executed,885741.TI,0.06
20220914,20220915,executed,885988.TI,0.06
20220914,20220915,executed,LOW_RISK,0.7
20220915,20220916,executed,881170.TI,0.06
20220915,20220916,executed,884249.TI,0.06
20220915,20220916,executed,884273.TI,0.06
20220915,20220916,executed,885988.TI,0.06
20220915,20220916,executed,886009.TI,0.06
20220915,20220916,executed,LOW_RISK,0.7
20220916,20220919,executed,881170.TI,0.06
20220916,20220919,executed,884031.TI,0.06
20220916,20220919,executed,884273.TI,0.06
20220916,20220919,executed,885988.TI,0.06
20220916,20220919,executed,886009.TI,0.06
20220916,20220919,executed,LOW_RISK,0.7
20220919,20220920,executed,881170.TI,0.09999999999999999
20220919,20220920,executed,884031.TI,0.09999999999999999
20220919,20220920,executed,886009.TI,0.09999999999999999
20220919,20220920,executed,LOW_RISK,0.7
20220920,20220921,executed,881170.TI,0.1020959040603195
20220920,20220921,executed,884031.TI,0.09935804382902669
20220920,20220921,executed,886009.TI,0.10031001887081402
20220920,20220921,executed,LOW_RISK,0.6982360332398398
20220921,20220922,executed,881170.TI,0.10226574864074028
20220921,20220922,executed,884031.TI,0.09908626459403783
20220921,20220922,executed,886009.TI,0.09987051471056693
20220921,20220922,executed,LOW_RISK,0.6987774720546549
20220922,20220923,executed,884022.TI,0.09999999999999999
20220922,20220923,executed,884031.TI,0.09999999999999999
20220922,20220923,executed,886009.TI,0.09999999999999999
20220922,20220923,executed,LOW_RISK,0.7
20220923,20220926,executed,884022.TI,0.09999999999999999
20220923,20220926,executed,884228.TI,0.09999999999999999
20220923,20220926,executed,886009.TI,0.09999999999999999
20220923,20220926,executed,LOW_RISK,0.7
20220926,20220927,executed,884022.TI,0.09835321986581333
20220926,20220927,executed,884228.TI,0.10064279414040674
20220926,20220927,executed,886009.TI,0.10000180892813305
20220926,20220927,executed,LOW_RISK,0.7010021770656469
20220927,20220928,executed,884022.TI,0.09928052554238745
20220927,20220928,executed,884228.TI,0.10201997559245965
20220927,20220928,executed,886009.TI,0.10158842739308112
20220927,20220928,executed,LOW_RISK,0.6971110714720719
20220928,20220929,executed,884085.TI,0.09999999999999999
20220928,20220929,executed,884209.TI,0.09999999999999999
20220928,20220929,executed,884228.TI,0.09999999999999999
20220928,20220929,executed,LOW_RISK,0.7
20220929,20220930,executed,884022.TI,0.09999999999999999
20220929,20220930,executed,884085.TI,0.09999999999999999
20220929,20220930,executed,884209.TI,0.09999999999999999
20220929,20220930,executed,LOW_RISK,0.7
20220930,20221010,executed,884022.TI,0.101598071086999
20220930,20221010,executed,884085.TI,0.09688984664252222
20220930,20221010,executed,884209.TI,0.09987032177167576
20220930,20221010,executed,LOW_RISK,0.701641760498803
20221010,20221011,executed,884022.TI,0.10048018642415543
20221010,20221011,executed,884085.TI,0.09558104501958051
20221010,20221011,executed,884209.TI,0.09818195778935185
20221010,20221011,executed,LOW_RISK,0.7057568107669122
20221011,20221012,executed,884022.TI,0.1037152805914146
20221011,20221012,executed,884085.TI,0.09670884655271851
20221011,20221012,executed,884209.TI,0.09915553159226692
20221011,20221012,executed,LOW_RISK,0.7004203412636
20221012,20221013,executed,884022.TI,0.10393721672170632
20221012,20221013,executed,884085.TI,0.09916460300537236
20221012,20221013,executed,884209.TI,0.10032982805412913
20221012,20221013,executed,LOW_RISK,0.6965683522187922
20221013,20221014,executed,884085.TI,0.09999999999999999
20221013,20221014,executed,885948.TI,0.09999999999999999
20221013,20221014,executed,886001.TI,0.09999999999999999
20221013,20221014,executed,LOW_RISK,0.7
20221014,20221017,executed,884085.TI,0.10041071563999199
20221014,20221017,executed,885948.TI,0.10054765780805769
20221014,20221017,executed,886001.TI,0.10093102061094195
20221014,20221017,executed,LOW_RISK,0.6981106059410084
20221017,20221018,executed,884085.TI,0.10198100683956027
20221017,20221018,executed,885948.TI,0.10190665814529873
20221017,20221018,executed,886001.TI,0.1025574942391597
20221017,20221018,executed,LOW_RISK,0.6935548407759813
20221018,20221019,executed,884051.TI,0.09999999999999999
20221018,20221019,executed,885948.TI,0.09999999999999999
20221018,20221019,executed,886001.TI,0.09999999999999999
20221018,20221019,executed,LOW_RISK,0.7
20221019,20221020,executed,884051.TI,0.09937039043841912
20221019,20221020,executed,885948.TI,0.09923992527703243
20221019,20221020,executed,886001.TI,0.10043279090582559
20221019,20221020,executed,LOW_RISK,0.7009568933787229
20221020,20221021,executed,884051.TI,0.09999999999999999
20221020,20221021,executed,885774.TI,0.09999999999999999
20221020,20221021,executed,886001.TI,0.09999999999999999
20221020,20221021,executed,LOW_RISK,0.7
20221021,20221024,executed,884051.TI,0.09799303112642843
20221021,20221024,executed,885774.TI,0.10018813117321926
20221021,20221024,executed,886001.TI,0.1007995236947414
20221021,20221024,executed,LOW_RISK,0.7010193140056109
20221024,20221025,executed,884051.TI,0.09999999999999999
20221024,20221025,executed,885774.TI,0.09999999999999999
20221024,20221025,executed,885943.TI,0.09999999999999999
20221024,20221025,executed,LOW_RISK,0.7
20221025,20221026,executed,885574.TI,0.09999999999999999
20221025,20221026,executed,885774.TI,0.09999999999999999
20221025,20221026,executed,885943.TI,0.09999999999999999
20221025,20221026,executed,LOW_RISK,0.7
20221026,20221027,executed,885574.TI,0.10213886110735201
20221026,20221027,executed,885774.TI,0.10198995705370979
20221026,20221027,executed,885943.TI,0.10209408859749176
20221026,20221027,executed,LOW_RISK,0.6937770932414464
20221027,20221028,executed,885574.TI,0.09999999999999999
20221027,20221028,executed,885943.TI,0.09999999999999999
20221027,20221028,executed,885946.TI,0.09999999999999999
20221027,20221028,executed,LOW_RISK,0.7
20221028,20221031,executed,885574.TI,0.09843985967294286
20221028,20221031,executed,885943.TI,0.09747589261795704
20221028,20221031,executed,885946.TI,0.09690325020749645
20221028,20221031,executed,LOW_RISK,0.7071809975016037
20221031,20221101,executed,885574.TI,0.09999999999999999
20221031,20221101,executed,885945.TI,0.09999999999999999
20221031,20221101,executed,885946.TI,0.09999999999999999
20221031,20221101,executed,LOW_RISK,0.7
20221101,20221102,executed,885586.TI,0.09999999999999999
20221101,20221102,executed,885945.TI,0.09999999999999999
20221101,20221102,executed,885946.TI,0.09999999999999999
20221101,20221102,executed,LOW_RISK,0.7
20221102,20221103,executed,885586.TI,0.10028305634618356
20221102,20221103,executed,885945.TI,0.10017916455843617
20221102,20221103,executed,885946.TI,0.10036601870295833
20221102,20221103,executed,LOW_RISK,0.6991717603924219
20221103,20221104,executed,884182.TI,0.09999999999999999
20221103,20221104,executed,885586.TI,0.09999999999999999
20221103,20221104,executed,885945.TI,0.09999999999999999
20221103,20221104,executed,LOW_RISK,0.7
20221104,20221107,executed,884182.TI,0.10061366554570704
20221104,20221107,executed,885586.TI,0.10156347302136108
20221104,20221107,executed,885945.TI,0.10038505679862532
20221104,20221107,executed,LOW_RISK,0.6974378046343066
20221107,20221108,executed,884182.TI,0.09999999999999999
20221107,20221108,executed,884225.TI,0.09999999999999999
20221107,20221108,executed,885586.TI,0.09999999999999999
20221107,20221108,executed,LOW_RISK,0.7
20221108,20221109,executed,884182.TI,0.10012057025033227
20221108,20221109,executed,884225.TI,0.09973603897066835
20221108,20221109,executed,885586.TI,0.09999800941801645
20221108,20221109,executed,LOW_RISK,0.7001453813609829
20221109,20221110,executed,881137.TI,0.09999999999999999
20221109,20221110,executed,884182.TI,0.09999999999999999
20221109,20221110,executed,884225.TI,0.09999999999999999
20221109,20221110,executed,LOW_RISK,0.7
20221110,20221111,executed,881137.TI,0.09999999999999999
20221110,20221111,executed,884225.TI,0.09999999999999999
20221110,20221111,executed,885705.TI,0.09999999999999999
20221110,20221111,executed,LOW_RISK,0.7
20221111,20221114,executed,881137.TI,0.10038843427454266
20221111,20221114,executed,884225.TI,0.09754185370823786
20221111,20221114,executed,885705.TI,0.09930397932118241
20221111,20221114,executed,LOW_RISK,0.702765732696037
20221114,20221115,executed,881137.TI,0.09999999999999999
20221114,20221115,executed,885587.TI,0.09999999999999999
20221114,20221115,executed,885705.TI,0.09999999999999999
20221114,20221115,executed,LOW_RISK,0.7
20221115,20221116,executed,881137.TI,0.10096016599717929
20221115,20221116,executed,885587.TI,0.1019088856099863
20221115,20221116,executed,885705.TI,0.10064023570478502
20221115,20221116,executed,LOW_RISK,0.6964907126880494
20221116,20221117,executed,881137.TI,0.10157305624807365
20221116,20221117,executed,885587.TI,0.10124771173974736
20221116,20221117,executed,885705.TI,0.10048614504497637
20221116,20221117,executed,LOW_RISK,0.6966930869672026
20221117,20221118,executed,881137.TI,0.09999999999999999
20221117,20221118,executed,884041.TI,0.09999999999999999
20221117,20221118,executed,885587.TI,0.09999999999999999
20221117,20221118,executed,LOW_RISK,0.7
20221118,20221121,executed,881137.TI,0.09961481929163613
20221118,20221121,executed,884041.TI,0.09894037853874697
20221118,20221121,executed,885587.TI,0.09927993314085856
20221118,20221121,executed,LOW_RISK,0.7021648690287583
20221121,20221122,executed,884041.TI,0.09999999999999999
20221121,20221122,executed,885699.TI,0.09999999999999999
20221121,20221122,executed,885818.TI,0.09999999999999999
20221121,20221122,executed,LOW_RISK,0.7
20221122,20221123,executed,884041.TI,0.09884503587087598
20221122,20221123,executed,885699.TI,0.09936097822788131
20221122,20221123,executed,885818.TI,0.09849037256426676
20221122,20221123,executed,LOW_RISK,0.7033036133369759
20221123,20221124,executed,884041.TI,0.09910524722607213
20221123,20221124,executed,885699.TI,0.09802051870636742
20221123,20221124,executed,885818.TI,0.09686365146678057
20221123,20221124,executed,LOW_RISK,0.7060105826007799
20221124,20221125,executed,883301.TI,0.09999999999999999
20221124,20221125,executed,885699.TI,0.09999999999999999
20221124,20221125,executed,885818.TI,0.09999999999999999
20221124,20221125,executed,LOW_RISK,0.7
20221125,20221128,executed,883301.TI,0.0990649152790185
20221125,20221128,executed,885699.TI,0.10022838991955056
20221125,20221128,executed,885818.TI,0.09900475911162876
20221125,20221128,executed,LOW_RISK,0.7017019356898022
20221128,20221129,executed,881137.TI,0.09999999999999999
20221128,20221129,executed,883301.TI,0.09999999999999999
20221128,20221129,executed,885919.TI,0.09999999999999999
20221128,20221129,executed,LOW_RISK,0.7
20221129,20221130,executed,881137.TI,0.10016533716656502
20221129,20221130,executed,883301.TI,0.10180796991745848
20221129,20221130,executed,885919.TI,0.10092573628917396
20221129,20221130,executed,LOW_RISK,0.6971009566268025
20221130,20221201,executed,881137.TI,0.10051894598879416
20221130,20221201,executed,883301.TI,0.10402224415502162
20221130,20221201,executed,885919.TI,0.10082720495556967
20221130,20221201,executed,LOW_RISK,0.6946316049006145
20221201,20221202,executed,881137.TI,0.10102708874301305
20221201,20221202,executed,883301.TI,0.10282603796169676
20221201,20221202,executed,885919.TI,0.10076043629681522
20221201,20221202,executed,LOW_RISK,0.695386436998475
20221202,20221205,executed,881137.TI,0.09999999999999999
20221202,20221205,executed,881159.TI,0.09999999999999999
20221202,20221205,executed,885919.TI,0.09999999999999999
20221202,20221205,executed,LOW_RISK,0.7
20221205,20221206,executed,881159.TI,0.09999999999999999
20221205,20221206,executed,884252.TI,0.09999999999999999
20221205,20221206,executed,885345.TI,0.09999999999999999
20221205,20221206,executed,LOW_RISK,0.7
20221206,20221207,executed,881159.TI,0.09942292946975775
20221206,20221207,executed,884252.TI,0.09994162703092867
20221206,20221207,executed,885345.TI,0.09959225916275824
20221206,20221207,executed,LOW_RISK,0.7010431843365553
20221207,20221208,executed,881159.TI,0.09976480130885354
20221207,20221208,executed,884252.TI,0.09937909073978751
20221207,20221208,executed,885345.TI,0.09983053359047944
20221207,20221208,executed,LOW_RISK,0.7010255743608795
20221208,20221209,executed,881159.TI,0.0998173506841554
20221208,20221209,executed,884252.TI,0.10032346873819664
20221208,20221209,executed,885345.TI,0.0998736359227204
20221208,20221209,executed,LOW_RISK,0.6999855446549276
20221209,20221212,executed,881159.TI,0.09954676828445105
20221209,20221212,executed,884252.TI,0.10015046491285301
20221209,20221212,executed,885345.TI,0.0995765734052169
20221209,20221212,executed,LOW_RISK,0.7007261933974791
20221212,20221213,executed,885493.TI,0.09999999999999999
20221212,20221213,executed,885522.TI,0.09999999999999999
20221212,20221213,executed,886017.TI,0.09999999999999999
20221212,20221213,executed,LOW_RISK,0.7
20221213,20221214,executed,884144.TI,0.06
20221213,20221214,executed,885493.TI,0.06
20221213,20221214,executed,885522.TI,0.06
20221213,20221214,executed,885989.TI,0.06
20221213,20221214,executed,886017.TI,0.06
20221213,20221214,executed,LOW_RISK,0.7
20221214,20221215,executed,884144.TI,0.05874573528725882
20221214,20221215,executed,885493.TI,0.060103472324473925
20221214,20221215,executed,885522.TI,0.059641286294909036
20221214,20221215,executed,885989.TI,0.05817891681162247
20221214,20221215,executed,886017.TI,0.0607418193551388
20221214,20221215,executed,LOW_RISK,0.7025887699265969
20221215,20221216,executed,884144.TI,0.058813422707392864
20221215,20221216,executed,885493.TI,0.06001301679546748
20221215,20221216,executed,885522.TI,0.05950197948165328
20221215,20221216,executed,885989.TI,0.05842829958163098
20221215,20221216,executed,886017.TI,0.06080905151409031
20221215,20221216,executed,LOW_RISK,0.702434229919765
20221216,20221219,executed,884144.TI,0.060250912940809566
20221216,20221219,executed,885493.TI,0.059803994193000864
20221216,20221219,executed,885522.TI,0.06026411765476075
20221216,20221219,executed,885989.TI,0.060098975859025294
20221216,20221219,executed,886017.TI,0.059603212499037966
20221216,20221219,executed,LOW_RISK,0.6999787868533656
20221219,20221220,executed,884057.TI,0.06
20221219,20221220,executed,884249.TI,0.06
20221219,20221220,executed,886017.TI,0.06
20221219,20221220,executed,886018.TI,0.06
20221219,20221220,executed,886019.TI,0.06
20221219,20221220,executed,LOW_RISK,0.7
20221220,20221221,executed,884057.TI,0.060593834791227305
20221220,20221221,executed,884249.TI,0.05971114150677865
20221220,20221221,executed,886017.TI,0.05905061886078175
20221220,20221221,executed,886018.TI,0.05973802800913782
20221220,20221221,executed,886019.TI,0.059110995137348125
20221220,20221221,executed,LOW_RISK,0.7017953816947263
20221221,20221222,executed,884057.TI,0.05959218394469892
20221221,20221222,executed,884249.TI,0.06016259976274836
20221221,20221222,executed,886017.TI,0.05900457213704344
20221221,20221222,executed,886018.TI,0.05939804134310194
20221221,20221222,executed,886019.TI,0.05910945663876664
20221221,20221222,executed,LOW_RISK,0.7027331461736407
20221222,20221223,executed,884057.TI,0.05820156991952487
20221222,20221223,executed,884249.TI,0.06012152584190737
20221222,20221223,executed,886017.TI,0.05826802734738018
20221222,20221223,executed,886018.TI,0.05873881101892685
20221222,20221223,executed,886019.TI,0.058195759848644064
20221222,20221223,executed,LOW_RISK,0.7064743060236167
20221223,20221226,executed,884057.TI,0.06
20221223,20221226,executed,884244.TI,0.06
20221223,20221226,executed,884249.TI,0.06
20221223,20221226,executed,886018.TI,0.06
20221223,20221226,executed,886019.TI,0.06
20221223,20221226,executed,LOW_RISK,0.7
20221226,20221227,executed,884057.TI,0.06
20221226,20221227,executed,884177.TI,0.06
20221226,20221227,executed,884244.TI,0.06
20221226,20221227,executed,886018.TI,0.06
20221226,20221227,executed,886020.TI,0.06
20221226,20221227,executed,LOW_RISK,0.7
20221227,20221228,executed,884177.TI,0.06
20221227,20221228,executed,884218.TI,0.06
20221227,20221228,executed,884229.TI,0.06
20221227,20221228,executed,884244.TI,0.06
20221227,20221228,executed,886020.TI,0.06
20221227,20221228,executed,LOW_RISK,0.7
20221228,20221229,executed,884091.TI,0.06
20221228,20221229,executed,884177.TI,0.06
20221228,20221229,executed,884218.TI,0.06
20221228,20221229,executed,884244.TI,0.06
20221228,20221229,executed,886020.TI,0.06
20221228,20221229,executed,LOW_RISK,0.7
20221229,20221230,executed,884091.TI,0.06017184784034141
20221229,20221230,executed,884177.TI,0.05972354332683236
20221229,20221230,executed,884218.TI,0.05984789297300627
20221229,20221230,executed,884244.TI,0.0617981454283476
20221229,20221230,executed,886020.TI,0.060341603000900974
20221229,20221230,executed,LOW_RISK,0.6981169674305714
20221230,20230103,executed,884091.TI,0.06
20221230,20230103,executed,884177.TI,0.06
20221230,20230103,executed,884218.TI,0.06
20221230,20230103,executed,885975.TI,0.06
20221230,20230103,executed,886020.TI,0.06
20221230,20230103,executed,LOW_RISK,0.7
20230103,20230104,executed,884091.TI,0.06
20230103,20230104,executed,884181.TI,0.06
20230103,20230104,executed,884218.TI,0.06
20230103,20230104,executed,885975.TI,0.06
20230103,20230104,executed,886000.TI,0.06
20230103,20230104,executed,LOW_RISK,0.7
20230104,20230105,executed,881166.TI,0.06
20230104,20230105,executed,884091.TI,0.06
20230104,20230105,executed,884181.TI,0.06
20230104,20230105,executed,885975.TI,0.06
20230104,20230105,executed,886000.TI,0.06
20230104,20230105,executed,LOW_RISK,0.7
20230105,20230106,executed,881166.TI,0.06
20230105,20230106,executed,884181.TI,0.06
20230105,20230106,executed,884225.TI,0.06
20230105,20230106,executed,885975.TI,0.06
20230105,20230106,executed,886000.TI,0.06
20230105,20230106,executed,LOW_RISK,0.7
20230106,20230109,executed,881166.TI,0.059562061249234126
20230106,20230109,executed,884181.TI,0.059576544940637355
20230106,20230109,executed,884225.TI,0.06029069037852154
20230106,20230109,executed,885975.TI,0.05937716508580337
20230106,20230109,executed,886000.TI,0.06255907154629453
20230106,20230109,executed,LOW_RISK,0.698634466799509
20230109,20230110,executed,881166.TI,0.06
20230109,20230110,executed,884181.TI,0.06
20230109,20230110,executed,884225.TI,0.06
20230109,20230110,executed,885930.TI,0.06
20230109,20230110,executed,886000.TI,0.06
20230109,20230110,executed,LOW_RISK,0.7
20230110,20230111,executed,881166.TI,0.06
20230110,20230111,executed,883300.TI,0.06
20230110,20230111,executed,883302.TI,0.06
20230110,20230111,executed,884225.TI,0.06
20230110,20230111,executed,885930.TI,0.06
20230110,20230111,executed,LOW_RISK,0.7
20230111,20230112,executed,883300.TI,0.06
20230111,20230112,executed,883301.TI,0.06
20230111,20230112,executed,883302.TI,0.06
20230111,20230112,executed,884225.TI,0.06
20230111,20230112,executed,885930.TI,0.06
20230111,20230112,executed,LOW_RISK,0.7
20230112,20230113,executed,883300.TI,0.06
20230112,20230113,executed,883301.TI,0.06
20230112,20230113,executed,883302.TI,0.06
20230112,20230113,executed,885916.TI,0.06
20230112,20230113,executed,885930.TI,0.06
20230112,20230113,executed,LOW_RISK,0.7
20230113,20230116,executed,883300.TI,0.06055126950620714
20230113,20230116,executed,883301.TI,0.06070750616618531
20230113,20230116,executed,883302.TI,0.06051417770495619
20230113,20230116,executed,885916.TI,0.060427721934866896
20230113,20230116,executed,885930.TI,0.05923773169909803
20230113,20230116,executed,LOW_RISK,0.6985615929886864
20230116,20230117,executed,883300.TI,0.06
20230116,20230117,executed,883301.TI,0.06
20230116,20230117,executed,883302.TI,0.06
20230116,20230117,executed,885478.TI,0.06
20230116,20230117,executed,885916.TI,0.06
20230116,20230117,executed,LOW_RISK,0.7
20230117,20230118,executed,883301.TI,0.06
20230117,20230118,executed,885478.TI,0.06
20230117,20230118,executed,885916.TI,0.06
20230117,20230118,executed,885958.TI,0.06
20230117,20230118,executed,886010.TI,0.06
20230117,20230118,executed,LOW_RISK,0.7
20230118,20230119,executed,885478.TI,0.06
20230118,20230119,executed,885916.TI,0.06
20230118,20230119,executed,885958.TI,0.06
20230118,20230119,executed,885998.TI,0.06
20230118,20230119,executed,886010.TI,0.06
20230118,20230119,executed,LOW_RISK,0.7
20230119,20230120,executed,885478.TI,0.06
20230119,20230120,executed,885520.TI,0.06
20230119,20230120,executed,885958.TI,0.06
20230119,20230120,executed,885998.TI,0.06
20230119,20230120,executed,886010.TI,0.06
20230119,20230120,executed,LOW_RISK,0.7
20230120,20230130,executed,885478.TI,0.0607272624158676
20230120,20230130,executed,885520.TI,0.06069184536599253
20230120,20230130,executed,885958.TI,0.06125440663749275
20230120,20230130,executed,885998.TI,0.06070751840147891
20230120,20230130,executed,886010.TI,0.06084644580549052
20230120,20230130,executed,LOW_RISK,0.6957725213736776
20230130,20230131,executed,885478.TI,0.06072811746939291
20230130,20230131,executed,885520.TI,0.06009401772736242
20230130,20230131,executed,885958.TI,0.060907582471606346
20230130,20230131,executed,885998.TI,0.06050016195947538
20230130,20230131,executed,886010.TI,0.061287682836336274
20230130,20230131,executed,LOW_RISK,0.6964824375358267
20230131,20230201,executed,884063.TI,0.06
20230131,20230201,executed,885426.TI,0.06
20230131,20230201,executed,885520.TI,0.06
20230131,20230201,executed,885598.TI,0.06
20230131,20230201,executed,885998.TI,0.06
20230131,20230201,executed,LOW_RISK,0.7
20230201,20230202,executed,884021.TI,0.06
20230201,20230202,executed,884063.TI,0.06
20230201,20230202,executed,885426.TI,0.06
20230201,20230202,executed,885520.TI,0.06
20230201,20230202,executed,885598.TI,0.06
20230201,20230202,executed,LOW_RISK,0.7
20230202,20230203,executed,884021.TI,0.06
20230202,20230203,executed,884063.TI,0.06
20230202,20230203,executed,885426.TI,0.06
20230202,20230203,executed,885598.TI,0.06
20230202,20230203,executed,885823.TI,0.06
20230202,20230203,executed,LOW_RISK,0.7
20230203,20230206,executed,884021.TI,0.05919950178662925
20230203,20230206,executed,884063.TI,0.06002684083412237
20230203,20230206,executed,885426.TI,0.05985581590068422
20230203,20230206,executed,885598.TI,0.0602069326127326
20230203,20230206,executed,885823.TI,0.05984716648952062
20230203,20230206,executed,LOW_RISK,0.7008637423763109
20230206,20230207,executed,884021.TI,0.05932371178520118
20230206,20230207,executed,884063.TI,0.05945363954975827
20230206,20230207,executed,885426.TI,0.06007012394952492
20230206,20230207,executed,885598.TI,0.059907793292277876
20230206,20230207,executed,885823.TI,0.060190586661492025
20230206,20230207,executed,LOW_RISK,0.7010541447617458
20230207,20230208,executed,884002.TI,0.06
20230207,20230208,executed,884021.TI,0.06
20230207,20230208,executed,884261.TI,0.06
20230207,20230208,executed,885412.TI,0.06
20230207,20230208,executed,885823.TI,0.06
20230207,20230208,executed,LOW_RISK,0.7
20230208,20230209,executed,881118.TI,0.06
20230208,20230209,executed,884002.TI,0.06
20230208,20230209,executed,884261.TI,0.06
20230208,20230209,executed,885412.TI,0.06
20230208,20230209,executed,885823.TI,0.06
20230208,20230209,executed,LOW_RISK,0.7
20230209,20230210,executed,881118.TI,0.06
20230209,20230210,executed,884002.TI,0.06
20230209,20230210,executed,884261.TI,0.06
20230209,20230210,executed,885412.TI,0.06
20230209,20230210,executed,885563.TI,0.06
20230209,20230210,executed,LOW_RISK,0.7
20230210,20230213,executed,881118.TI,0.05998367195233692
20230210,20230213,executed,884002.TI,0.06057891293805607
20230210,20230213,executed,884261.TI,0.05989294726572053
20230210,20230213,executed,885412.TI,0.06029155946815522
20230210,20230213,executed,885563.TI,0.05999689774392727
20230210,20230213,executed,LOW_RISK,0.699256010631804
20230213,20230214,executed,881118.TI,0.06094460275761769
20230213,20230214,executed,884002.TI,0.06063173675353013
20230213,20230214,executed,884261.TI,0.060193595700936894
20230213,20230214,executed,885412.TI,0.0607294033189958
20230213,20230214,executed,885563.TI,0.06054751159771958
20230213,20230214,executed,LOW_RISK,0.6969531498711998
20230214,20230215,executed,881118.TI,0.06
20230214,20230215,executed,881181.TI,0.06
20230214,20230215,executed,884168.TI,0.06
20230214,20230215,executed,885412.TI,0.06
20230214,20230215,executed,885563.TI,0.06
20230214,20230215,executed,LOW_RISK,0.7
20230215,20230216,executed,881181.TI,0.06
20230215,20230216,executed,884168.TI,0.06
20230215,20230216,executed,884268.TI,0.06
20230215,20230216,executed,885412.TI,0.06
20230215,20230216,executed,885563.TI,0.06
20230215,20230216,executed,LOW_RISK,0.7
20230216,20230217,executed,881181.TI,0.06
20230216,20230217,executed,884168.TI,0.06
20230216,20230217,executed,884268.TI,0.06
20230216,20230217,executed,884269.TI,0.06
20230216,20230217,executed,885412.TI,0.06
20230216,20230217,executed,LOW_RISK,0.7
20230217,20230220,executed,881181.TI,0.060128610685014815
20230217,20230220,executed,884168.TI,0.0604896293725305
20230217,20230220,executed,884268.TI,0.06045148890409805
20230217,20230220,executed,884269.TI,0.060143437085049246
20230217,20230220,executed,885412.TI,0.06013983645123456
20230217,20230220,executed,LOW_RISK,0.6986469975020728
20230220,20230221,executed,881181.TI,0.06
20230220,20230221,executed,884236.TI,0.06
20230220,20230221,executed,884268.TI,0.06
20230220,20230221,executed,884269.TI,0.06
20230220,20230221,executed,885412.TI,0.06
20230220,20230221,executed,LOW_RISK,0.7
20230221,20230222,executed,881181.TI,0.06012624392073722
20230221,20230222,executed,884236.TI,0.05986390580148127
20230221,20230222,executed,884268.TI,0.05994882175092714
20230221,20230222,executed,884269.TI,0.060122823131989425
20230221,20230222,executed,885412.TI,0.060054022803755144
20230221,20230222,executed,LOW_RISK,0.6998841825911097
20230222,20230223,executed,884236.TI,0.06
20230222,20230223,executed,884269.TI,0.06
20230222,20230223,executed,885490.TI,0.06
20230222,20230223,executed,885508.TI,0.06
20230222,20230223,executed,885522.TI,0.06
20230222,20230223,executed,LOW_RISK,0.7
20230223,20230224,executed,884236.TI,0.0597765519424934
20230223,20230224,executed,884269.TI,0.060056567408627075
20230223,20230224,executed,885490.TI,0.059938407412409925
20230223,20230224,executed,885508.TI,0.05962709738351287
20230223,20230224,executed,885522.TI,0.05971642961436796
20230223,20230224,executed,LOW_RISK,0.7008849462385888
20230224,20230227,executed,884236.TI,0.059523461503388476
20230224,20230227,executed,884269.TI,0.05967486707513447
20230224,20230227,executed,885490.TI,0.05968817760517286
20230224,20230227,executed,885508.TI,0.06016502912861403
20230224,20230227,executed,885522.TI,0.059572705952673256
20230224,20230227,executed,LOW_RISK,0.7013757587350169
20230227,20230228,executed,884155.TI,0.06
20230227,20230228,executed,884269.TI,0.06
20230227,20230228,executed,885490.TI,0.06
20230227,20230228,executed,885508.TI,0.06
20230227,20230228,executed,885522.TI,0.06
20230227,20230228,executed,LOW_RISK,0.7
20230228,20230301,executed,884155.TI,0.06
20230228,20230301,executed,885490.TI,0.06
20230228,20230301,executed,885508.TI,0.06
20230228,20230301,executed,885522.TI,0.06
20230228,20230301,executed,885888.TI,0.06
20230228,20230301,executed,LOW_RISK,0.7
20230301,20230302,executed,884155.TI,0.06
20230301,20230302,executed,884252.TI,0.06
20230301,20230302,executed,885493.TI,0.06
20230301,20230302,executed,885835.TI,0.06
20230301,20230302,executed,885888.TI,0.06
20230301,20230302,executed,LOW_RISK,0.7
20230302,20230303,executed,884155.TI,0.060364838642728846
20230302,20230303,executed,884252.TI,0.060082699646576074
20230302,20230303,executed,885493.TI,0.06006509580835228
20230302,20230303,executed,885835.TI,0.05991970781018581
20230302,20230303,executed,885888.TI,0.06016850104613918
20230302,20230303,executed,LOW_RISK,0.6993991570460178
20230303,20230306,executed,884155.TI,0.06117055645351926
20230303,20230306,executed,884252.TI,0.06035067435462008
20230303,20230306,executed,885493.TI,0.06037252699704311
20230303,20230306,executed,885835.TI,0.05996720947633838
20230303,20230306,executed,885888.TI,0.059500279950147714
20230303,20230306,executed,LOW_RISK,0.6986387527683314
20230306,20230307,executed,884252.TI,0.06
20230306,20230307,executed,885493.TI,0.06
20230306,20230307,executed,885835.TI,0.06
20230306,20230307,executed,885849.TI,0.06
20230306,20230307,executed,885888.TI,0.06
20230306,20230307,executed,LOW_RISK,0.7
20230307,20230308,executed,884006.TI,0.06
20230307,20230308,executed,884252.TI,0.06
20230307,20230308,executed,885493.TI,0.06
20230307,20230308,executed,885835.TI,0.06
20230307,20230308,executed,885849.TI,0.06
20230307,20230308,executed,LOW_RISK,0.7
20230308,20230309,executed,884006.TI,0.06
20230308,20230309,executed,884147.TI,0.06
20230308,20230309,executed,884157.TI,0.06
20230308,20230309,executed,885493.TI,0.06
20230308,20230309,executed,885849.TI,0.06
20230308,20230309,executed,LOW_RISK,0.7
20230309,20230310,executed,884006.TI,0.05896015386995288
20230309,20230310,executed,884147.TI,0.059651998898682536
20230309,20230310,executed,884157.TI,0.059742051816255796
20230309,20230310,executed,885493.TI,0.05976744078377908
20230309,20230310,executed,885849.TI,0.0597661105336141
20230309,20230310,executed,LOW_RISK,0.7021122440977157
20230310,20230313,executed,884006.TI,0.058579299069277065
20230310,20230313,executed,884147.TI,0.05926540363700698
20230310,20230313,executed,884157.TI,0.05909610724780239
20230310,20230313,executed,885493.TI,0.05912435104696284
20230310,20230313,executed,885849.TI,0.0594606724633975
20230310,20230313,executed,LOW_RISK,0.7044741665355532
20230313,20230314,executed,881151.TI,0.06
20230313,20230314,executed,881160.TI,0.06
20230313,20230314,executed,884006.TI,0.06
20230313,20230314,executed,884147.TI,0.06
20230313,20230314,executed,884157.TI,0.06
20230313,20230314,executed,LOW_RISK,0.7
20230314,20230315,executed,881151.TI,0.06
20230314,20230315,executed,881160.TI,0.06
20230314,20230315,executed,884147.TI,0.06
20230314,20230315,executed,884157.TI,0.06
20230314,20230315,executed,886030.TI,0.06
20230314,20230315,executed,LOW_RISK,0.7
20230315,20230316,executed,881151.TI,0.06
20230315,20230316,executed,881160.TI,0.06
20230315,20230316,executed,884147.TI,0.06
20230315,20230316,executed,884165.TI,0.06
20230315,20230316,executed,886030.TI,0.06
20230315,20230316,executed,LOW_RISK,0.7
20230316,20230317,executed,881151.TI,0.06
20230316,20230317,executed,881160.TI,0.06
20230316,20230317,executed,884165.TI,0.06
20230316,20230317,executed,885699.TI,0.06
20230316,20230317,executed,886030.TI,0.06
20230316,20230317,executed,LOW_RISK,0.7
20230317,20230320,executed,881151.TI,0.060292461621957553
20230317,20230320,executed,881160.TI,0.06019851841172789
20230317,20230320,executed,884165.TI,0.06002744727877297
20230317,20230320,executed,885699.TI,0.05987836265475586
20230317,20230320,executed,886030.TI,0.06051698789803586
20230317,20230320,executed,LOW_RISK,0.6990862221347498
20230320,20230321,executed,884165.TI,0.06
20230320,20230321,executed,884176.TI,0.06
20230320,20230321,executed,884258.TI,0.06
20230320,20230321,executed,885699.TI,0.06
20230320,20230321,executed,886030.TI,0.06
20230320,20230321,executed,LOW_RISK,0.7
20230321,20230322,executed,884165.TI,0.06151366999962684
20230321,20230322,executed,884176.TI,0.06087942429143175
20230321,20230322,executed,884258.TI,0.0620183976077523
20230321,20230322,executed,885699.TI,0.06007990952776496
20230321,20230322,executed,886030.TI,0.060433399542679796
20230321,20230322,executed,LOW_RISK,0.6950751990307443
20230322,20230323,executed,884176.TI,0.06
20230322,20230323,executed,884258.TI,0.06
20230322,20230323,executed,885699.TI,0.06
20230322,20230323,executed,885791.TI,0.06
20230322,20230323,executed,886030.TI,0.06
20230322,20230323,executed,LOW_RISK,0.7
20230323,20230324,executed,884176.TI,0.06
20230323,20230324,executed,884258.TI,0.06
20230323,20230324,executed,885423.TI,0.06
20230323,20230324,executed,885791.TI,0.06
20230323,20230324,executed,885861.TI,0.06
20230323,20230324,executed,LOW_RISK,0.7
20230324,20230327,executed,884176.TI,0.06027749503614079
20230324,20230327,executed,884258.TI,0.06130105624117494
20230324,20230327,executed,885423.TI,0.06030277693714134
20230324,20230327,executed,885791.TI,0.06132757721879929
20230324,20230327,executed,885861.TI,0.06014491052866633
20230324,20230327,executed,LOW_RISK,0.6966461840380773
20230327,20230328,executed,884254.TI,0.06
20230327,20230328,executed,884258.TI,0.06
20230327,20230328,executed,885423.TI,0.06
20230327,20230328,executed,885791.TI,0.06
20230327,20230328,executed,885861.TI,0.06
20230327,20230328,executed,LOW_RISK,0.7
20230328,20230329,executed,884254.TI,0.06
20230328,20230329,executed,885333.TI,0.06
20230328,20230329,executed,885423.TI,0.06
20230328,20230329,executed,885791.TI,0.06
20230328,20230329,executed,885861.TI,0.06
20230328,20230329,executed,LOW_RISK,0.7
20230329,20230330,executed,884254.TI,0.06
20230329,20230330,executed,884264.TI,0.06
20230329,20230330,executed,885333.TI,0.06
20230329,20230330,executed,885423.TI,0.06
20230329,20230330,executed,885861.TI,0.06
20230329,20230330,executed,LOW_RISK,0.7
20230330,20230331,executed,884254.TI,0.06
20230330,20230331,executed,884264.TI,0.06
20230330,20230331,executed,885333.TI,0.06
20230330,20230331,executed,885861.TI,0.06
20230330,20230331,executed,886030.TI,0.06
20230330,20230331,executed,LOW_RISK,0.7
20230331,20230403,executed,884254.TI,0.06
20230331,20230403,executed,884264.TI,0.06
20230331,20230403,executed,885333.TI,0.06
20230331,20230403,executed,885953.TI,0.06
20230331,20230403,executed,886030.TI,0.06
20230331,20230403,executed,LOW_RISK,0.7
20230403,20230404,executed,884264.TI,0.06
20230403,20230404,executed,885333.TI,0.06
20230403,20230404,executed,885875.TI,0.06
20230403,20230404,executed,885953.TI,0.06
20230403,20230404,executed,886030.TI,0.06
20230403,20230404,executed,LOW_RISK,0.7
20230404,20230406,executed,884264.TI,0.06
20230404,20230406,executed,885875.TI,0.06
20230404,20230406,executed,885953.TI,0.06
20230404,20230406,executed,886006.TI,0.06
20230404,20230406,executed,886030.TI,0.06
20230404,20230406,executed,LOW_RISK,0.7
20230406,20230407,executed,885454.TI,0.06
20230406,20230407,executed,885875.TI,0.06
20230406,20230407,executed,885953.TI,0.06
20230406,20230407,executed,886006.TI,0.06
20230406,20230407,executed,886030.TI,0.06
20230406,20230407,executed,LOW_RISK,0.7
20230407,20230410,executed,883303.TI,0.06
20230407,20230410,executed,885454.TI,0.06
20230407,20230410,executed,885875.TI,0.06
20230407,20230410,executed,885953.TI,0.06
20230407,20230410,executed,886006.TI,0.06
20230407,20230410,executed,LOW_RISK,0.7
20230410,20230411,executed,883301.TI,0.06
20230410,20230411,executed,883303.TI,0.06
20230410,20230411,executed,885454.TI,0.06
20230410,20230411,executed,885875.TI,0.06
20230410,20230411,executed,886006.TI,0.06
20230410,20230411,executed,LOW_RISK,0.7
20230411,20230412,executed,883300.TI,0.06
20230411,20230412,executed,883301.TI,0.06
20230411,20230412,executed,883303.TI,0.06
20230411,20230412,executed,885454.TI,0.06
20230411,20230412,executed,886006.TI,0.06
20230411,20230412,executed,LOW_RISK,0.7
20230412,20230413,executed,883300.TI,0.06
20230412,20230413,executed,883301.TI,0.06
20230412,20230413,executed,883302.TI,0.06
20230412,20230413,executed,883303.TI,0.06
20230412,20230413,executed,885454.TI,0.06
20230412,20230413,executed,LOW_RISK,0.7
20230413,20230414,executed,883300.TI,0.06
20230413,20230414,executed,883301.TI,0.06
20230413,20230414,executed,883302.TI,0.06
20230413,20230414,executed,883303.TI,0.06
20230413,20230414,executed,885873.TI,0.06
20230413,20230414,executed,LOW_RISK,0.7
20230414,20230417,executed,883300.TI,0.0601394404341431
20230414,20230417,executed,883301.TI,0.060009808296280706
20230414,20230417,executed,883302.TI,0.06018343091000322
20230414,20230417,executed,883303.TI,0.060179858338347776
20230414,20230417,executed,885873.TI,0.0596952413448744
20230414,20230417,executed,LOW_RISK,0.6997922206763507
20230417,20230418,executed,883300.TI,0.06
20230417,20230418,executed,883302.TI,0.06
20230417,20230418,executed,883303.TI,0.06
20230417,20230418,executed,885663.TI,0.06
20230417,20230418,executed,885873.TI,0.06
20230417,20230418,executed,LOW_RISK,0.7
20230418,20230419,executed,883300.TI,0.060260033986242925
20230418,20230419,executed,883302.TI,0.06036840564487177
20230418,20230419,executed,883303.TI,0.06001104795238962
20230418,20230419,executed,885663.TI,0.059961541224044915
20230418,20230419,executed,885873.TI,0.0596896939277093
20230418,20230419,executed,LOW_RISK,0.6997092772647415
20230419,20230420,executed,883302.TI,0.06
20230419,20230420,executed,883303.TI,0.06
20230419,20230420,executed,885520.TI,0.06
20230419,20230420,executed,885663.TI,0.06
20230419,20230420,executed,885873.TI,0.06
20230419,20230420,executed,LOW_RISK,0.7
20230420,20230421,executed,883302.TI,0.06
20230420,20230421,executed,883303.TI,0.06
20230420,20230421,executed,884145.TI,0.06
20230420,20230421,executed,885520.TI,0.06
20230420,20230421,executed,885663.TI,0.06
20230420,20230421,executed,LOW_RISK,0.7
20230421,20230424,executed,883302.TI,0.06
20230421,20230424,executed,884145.TI,0.06
20230421,20230424,executed,884250.TI,0.06
20230421,20230424,executed,885520.TI,0.06
20230421,20230424,executed,885663.TI,0.06
20230421,20230424,executed,LOW_RISK,0.7
20230424,20230425,executed,881155.TI,0.06
20230424,20230425,executed,884145.TI,0.06
20230424,20230425,executed,884250.TI,0.06
20230424,20230425,executed,884254.TI,0.06
20230424,20230425,executed,885520.TI,0.06
20230424,20230425,executed,LOW_RISK,0.7
20230425,20230426,executed,881155.TI,0.06087073153324671
20230425,20230426,executed,884145.TI,0.05855039945330513
20230425,20230426,executed,884250.TI,0.061050820662276455
20230425,20230426,executed,884254.TI,0.05988896542263736
20230425,20230426,executed,885520.TI,0.059025932824363324
20230425,20230426,executed,LOW_RISK,0.700613150104171
20230426,20230427,executed,881155.TI,0.09999999999999999
20230426,20230427,executed,884145.TI,0.09999999999999999
20230426,20230427,executed,884254.TI,0.09999999999999999
20230426,20230427,executed,LOW_RISK,0.7
20230427,20230428,executed,881155.TI,0.09999999999999999
20230427,20230428,executed,884254.TI,0.09999999999999999
20230427,20230428,executed,886039.TI,0.09999999999999999
20230427,20230428,executed,LOW_RISK,0.7
20230428,20230504,executed,881155.TI,0.10005950877294019
20230428,20230504,executed,884254.TI,0.09598227777407356
20230428,20230504,executed,886039.TI,0.10327278291244335
20230428,20230504,executed,LOW_RISK,0.7006854305405429
20230504,20230505,executed,884225.TI,0.09999999999999999
20230504,20230505,executed,885854.TI,0.09999999999999999
20230504,20230505,executed,886039.TI,0.09999999999999999
20230504,20230505,executed,LOW_RISK,0.7
20230505,20230508,executed,884225.TI,0.09881497102029974
20230505,20230508,executed,885854.TI,0.1000187856432804
20230505,20230508,executed,886039.TI,0.1014500301946196
20230505,20230508,executed,LOW_RISK,0.6997162131418002
20230508,20230509,executed,884225.TI,0.09854157797725223
20230508,20230509,executed,885854.TI,0.10099728169408201
20230508,20230509,executed,886039.TI,0.10215989519650685
20230508,20230509,executed,LOW_RISK,0.6983012451321589
20230509,20230510,executed,884225.TI,0.09999999999999999
20230509,20230510,executed,885854.TI,0.09999999999999999
20230509,20230510,executed,886018.TI,0.09999999999999999
20230509,20230510,executed,LOW_RISK,0.7
20230510,20230511,executed,884225.TI,0.10350271817269519
20230510,20230511,executed,885854.TI,0.10023943203110146
20230510,20230511,executed,886018.TI,0.10024362095652813
20230510,20230511,executed,LOW_RISK,0.6960142288396752
20230511,20230512,executed,884130.TI,0.09999999999999999
20230511,20230512,executed,886018.TI,0.09999999999999999
20230511,20230512,executed,886021.TI,0.09999999999999999
20230511,20230512,executed,LOW_RISK,0.7
20230512,20230515,executed,884130.TI,0.10097582745941013
20230512,20230515,executed,886018.TI,0.09948269231174454
20230512,20230515,executed,886021.TI,0.09925904835058014
20230512,20230515,executed,LOW_RISK,0.7002824318782652
20230515,20230516,executed,884130.TI,0.10104275687054935
20230515,20230516,executed,886018.TI,0.10096802302714436
20230515,20230516,executed,886021.TI,0.09950272779605748
20230515,20230516,executed,LOW_RISK,0.6984864923062488
20230516,20230517,executed,884130.TI,0.09999999999999999
20230516,20230517,executed,884269.TI,0.09999999999999999
20230516,20230517,executed,886021.TI,0.09999999999999999
20230516,20230517,executed,LOW_RISK,0.7
20230517,20230518,executed,884130.TI,0.10111574478677111
20230517,20230518,executed,884269.TI,0.10047466675024715
20230517,20230518,executed,886021.TI,0.10076547275906579
20230517,20230518,executed,LOW_RISK,0.6976441157039159
20230518,20230519,executed,884030.TI,0.09999999999999999
20230518,20230519,executed,884130.TI,0.09999999999999999
20230518,20230519,executed,884269.TI,0.09999999999999999
20230518,20230519,executed,LOW_RISK,0.7
20230519,20230522,executed,884030.TI,0.09999999999999999
20230519,20230522,executed,884039.TI,0.09999999999999999
20230519,20230522,executed,884269.TI,0.09999999999999999
20230519,20230522,executed,LOW_RISK,0.7
20230522,20230523,executed,884030.TI,0.1004488908489774
20230522,20230523,executed,884039.TI,0.10045912487632075
20230522,20230523,executed,884269.TI,0.10122722696240564
20230522,20230523,executed,LOW_RISK,0.6978647573122962
20230523,20230524,executed,884030.TI,0.09999999999999999
20230523,20230524,executed,884039.TI,0.09999999999999999
20230523,20230524,executed,884076.TI,0.09999999999999999
20230523,20230524,executed,LOW_RISK,0.7
20230524,20230525,executed,884030.TI,0.1006400484769534
20230524,20230525,executed,884039.TI,0.09976787945841972
20230524,20230525,executed,884076.TI,0.10187200232289138
20230524,20230525,executed,LOW_RISK,0.6977200697417355
20230525,20230526,executed,884030.TI,0.10022456457077275
20230525,20230526,executed,884039.TI,0.09984339392054149
20230525,20230526,executed,884076.TI,0.10112381027678778
20230525,20230526,executed,LOW_RISK,0.698808231231898
20230526,20230529,executed,884030.TI,0.09993477727513708
20230526,20230529,executed,884039.TI,0.09935722191324478
20230526,20230529,executed,884076.TI,0.10078260860362316
20230526,20230529,executed,LOW_RISK,0.699925392207995
20230529,20230530,executed,884030.TI,0.09999999999999999
20230529,20230530,executed,884076.TI,0.09999999999999999
20230529,20230530,executed,885901.TI,0.09999999999999999
20230529,20230530,executed,LOW_RISK,0.7
20230530,20230531,executed,884093.TI,0.09999999999999999
20230530,20230531,executed,885425.TI,0.09999999999999999
20230530,20230531,executed,885901.TI,0.09999999999999999
20230530,20230531,executed,LOW_RISK,0.7
20230531,20230601,executed,884093.TI,0.09973281805538191
20230531,20230601,executed,885425.TI,0.09908290319599829
20230531,20230601,executed,885901.TI,0.09964856892032636
20230531,20230601,executed,LOW_RISK,0.7015357098282935
20230601,20230602,executed,884093.TI,0.09991185859122423
20230601,20230602,executed,885425.TI,0.09899793034255959
20230601,20230602,executed,885901.TI,0.10035522453400272
20230601,20230602,executed,LOW_RISK,0.7007349865322134
20230602,20230605,executed,884093.TI,0.10058365682474474
20230602,20230605,executed,885425.TI,0.09921518240206711
20230602,20230605,executed,885901.TI,0.10149569125539473
20230602,20230605,executed,LOW_RISK,0.6987054695177934
20230605,20230606,executed,881122.TI,0.09999999999999999
20230605,20230606,executed,884093.TI,0.09999999999999999
20230605,20230606,executed,885425.TI,0.09999999999999999
20230605,20230606,executed,LOW_RISK,0.7
20230606,20230607,executed,881122.TI,0.09999999999999999
20230606,20230607,executed,884090.TI,0.09999999999999999
20230606,20230607,executed,885543.TI,0.09999999999999999
20230606,20230607,executed,LOW_RISK,0.7
20230607,20230608,executed,881122.TI,0.10175883221687766
20230607,20230608,executed,884090.TI,0.1001493408740718
20230607,20230608,executed,885543.TI,0.09962795993580913
20230607,20230608,executed,LOW_RISK,0.6984638669732415
20230608,20230609,executed,881122.TI,0.10059162307948018
20230608,20230609,executed,884090.TI,0.0976991343292417
20230608,20230609,executed,885543.TI,0.10019282866066025
20230608,20230609,executed,LOW_RISK,0.7015164139306178
20230609,20230612,executed,881122.TI,0.10069339384069777
20230609,20230612,executed,884090.TI,0.10030020355213992
20230609,20230612,executed,885543.TI,0.09934458040839425
20230609,20230612,executed,LOW_RISK,0.699661822198768
20230612,20230613,executed,884090.TI,0.09999999999999999
20230612,20230613,executed,885543.TI,0.09999999999999999
20230612,20230613,executed,885820.TI,0.09999999999999999
20230612,20230613,executed,LOW_RISK,0.7
20230613,20230614,executed,885556.TI,0.09999999999999999
20230613,20230614,executed,885615.TI,0.09999999999999999
20230613,20230614,executed,885820.TI,0.09999999999999999
20230613,20230614,executed,LOW_RISK,0.7
20230614,20230615,executed,885556.TI,0.10086214431687783
20230614,20230615,executed,885615.TI,0.10002057618065707
20230614,20230615,executed,885820.TI,0.09988655633826483
20230614,20230615,executed,LOW_RISK,0.6992307231642003
20230615,20230616,executed,885556.TI,0.10103555955877676
20230615,20230616,executed,885615.TI,0.09996863159460447
20230615,20230616,executed,885820.TI,0.099066565799899
20230615,20230616,executed,LOW_RISK,0.6999292430467198
20230616,20230619,executed,885556.TI,0.1027308343961318
20230616,20230619,executed,885615.TI,0.10062775926918595
20230616,20230619,executed,885820.TI,0.1001711836546969
20230616,20230619,executed,LOW_RISK,0.6964702226799854
20230619,20230620,executed,884041.TI,0.09999999999999999
20230619,20230620,executed,885556.TI,0.09999999999999999
20230619,20230620,executed,885615.TI,0.09999999999999999
20230619,20230620,executed,LOW_RISK,0.7
20230620,20230621,executed,884041.TI,0.09999999999999999
20230620,20230621,executed,885728.TI,0.09999999999999999
20230620,20230621,executed,885786.TI,0.09999999999999999
20230620,20230621,executed,LOW_RISK,0.7
20230621,20230626,executed,884041.TI,0.09945911582012369
20230621,20230626,executed,885728.TI,0.0966549221553068
20230621,20230626,executed,885786.TI,0.09812896834050316
20230621,20230626,executed,LOW_RISK,0.7057569936840664
20230626,20230627,executed,884041.TI,0.09981768790196252
20230626,20230627,executed,885728.TI,0.09395481289608013
20230626,20230627,executed,885786.TI,0.09775980427658501
20230626,20230627,executed,LOW_RISK,0.7084676949253723
20230627,20230628,executed,884041.TI,0.10153442445220108
20230627,20230628,executed,885728.TI,0.09468980438126269
20230627,20230628,executed,885786.TI,0.09853528649539657
20230627,20230628,executed,LOW_RISK,0.7052404846711396
20230628,20230629,executed,884041.TI,0.10192268875016305
20230628,20230629,executed,885728.TI,0.0932246312542875
20230628,20230629,executed,885786.TI,0.09738499586686347
20230628,20230629,executed,LOW_RISK,0.707467684128686
20230629,20230630,executed,884112.TI,0.09999999999999999
20230629,20230630,executed,884254.TI,0.09999999999999999
20230629,20230630,executed,885543.TI,0.09999999999999999
20230629,20230630,executed,LOW_RISK,0.7
20230630,20230703,executed,884077.TI,0.09999999999999999
20230630,20230703,executed,884112.TI,0.09999999999999999
20230630,20230703,executed,885543.TI,0.09999999999999999
20230630,20230703,executed,LOW_RISK,0.7
20230703,20230704,executed,884077.TI,0.10069511408048264
20230703,20230704,executed,884112.TI,0.09862457358967541
20230703,20230704,executed,885543.TI,0.10004815170471194
20230703,20230704,executed,LOW_RISK,0.70063216062513
20230704,20230705,executed,884077.TI,0.1004422901192278
20230704,20230705,executed,884112.TI,0.09874775668459287
20230704,20230705,executed,885543.TI,0.10053545947296941
20230704,20230705,executed,LOW_RISK,0.7002744937232099
20230705,20230706,executed,884077.TI,0.1003755773052719
20230705,20230706,executed,884112.TI,0.09859644603369276
20230705,20230706,executed,885543.TI,0.09982256984308799
20230705,20230706,executed,LOW_RISK,0.7012054068179474
20230706,20230707,executed,884016.TI,0.09999999999999999
20230706,20230707,executed,884077.TI,0.09999999999999999
20230706,20230707,executed,885372.TI,0.09999999999999999
20230706,20230707,executed,LOW_RISK,0.7
20230707,20230710,executed,884016.TI,0.09999999999999999
20230707,20230710,executed,885372.TI,0.09999999999999999
20230707,20230710,executed,885996.TI,0.09999999999999999
20230707,20230710,executed,LOW_RISK,0.7
20230710,20230711,executed,884016.TI,0.10041528901991861
20230710,20230711,executed,885372.TI,0.0996988895128229
20230710,20230711,executed,885996.TI,0.09996494206058004
20230710,20230711,executed,LOW_RISK,0.6999208794066785
20230711,20230712,executed,884016.TI,0.09937428818022581
20230711,20230712,executed,885372.TI,0.10045138665921344
20230711,20230712,executed,885996.TI,0.09969741107502897
20230711,20230712,executed,LOW_RISK,0.7004769140855318
20230712,20230713,executed,884016.TI,0.09968368967128695
20230712,20230713,executed,885372.TI,0.10084120664966911
20230712,20230713,executed,885996.TI,0.09924920036519569
20230712,20230713,executed,LOW_RISK,0.7002259033138483
20230713,20230714,executed,884013.TI,0.09999999999999999
20230713,20230714,executed,884035.TI,0.09999999999999999
20230713,20230714,executed,885996.TI,0.09999999999999999
20230713,20230714,executed,LOW_RISK,0.7
20230714,20230717,executed,884012.TI,0.09999999999999999
20230714,20230717,executed,884013.TI,0.09999999999999999
20230714,20230717,executed,884035.TI,0.09999999999999999
20230714,20230717,executed,LOW_RISK,0.7
20230717,20230718,executed,884012.TI,0.10034162239126233
20230717,20230718,executed,884013.TI,0.1005637524195871
20230717,20230718,executed,884035.TI,0.10062518251029362
20230717,20230718,executed,LOW_RISK,0.6984694426788569
20230718,20230719,executed,884012.TI,0.10067192729818408
20230718,20230719,executed,884013.TI,0.10044872950025006
20230718,20230719,executed,884035.TI,0.10036435339845486
20230718,20230719,executed,LOW_RISK,0.698514989803111
20230719,20230720,executed,884012.TI,0.10063603699304666
20230719,20230720,executed,884013.TI,0.1006834331270464
20230719,20230720,executed,884035.TI,0.10079443030936018
20230719,20230720,executed,LOW_RISK,0.6978860995705467
20230720,20230721,executed,884012.TI,0.09999999999999999
20230720,20230721,executed,884251.TI,0.09999999999999999
20230720,20230721,executed,884252.TI,0.09999999999999999
20230720,20230721,executed,LOW_RISK,0.7
20230721,20230724,executed,884012.TI,0.10032835233297267
20230721,20230724,executed,884251.TI,0.10013726876245993
20230721,20230724,executed,884252.TI,0.10027624427714564
20230721,20230724,executed,LOW_RISK,0.6992581346274218
20230724,20230725,executed,884012.TI,0.09981433281539533
20230724,20230725,executed,884251.TI,0.10112636086478709
20230724,20230725,executed,884252.TI,0.10077940929324072
20230724,20230725,executed,LOW_RISK,0.6982798970265769
20230725,20230726,executed,884012.TI,0.09965928694931035
20230725,20230726,executed,884251.TI,0.10224771247680667
20230725,20230726,executed,884252.TI,0.10146316756992706
20230725,20230726,executed,LOW_RISK,0.696629833003956
20230726,20230727,executed,884012.TI,0.10033958692057228
20230726,20230727,executed,884251.TI,0.10224989932098963
20230726,20230727,executed,884252.TI,0.10169076062868802
20230726,20230727,executed,LOW_RISK,0.6957197531297501
20230727,20230728,executed,884012.TI,0.06
20230727,20230728,executed,884128.TI,0.06
20230727,20230728,executed,885398.TI,0.06
20230727,20230728,executed,885587.TI,0.06
20230727,20230728,executed,885988.TI,0.06
20230727,20230728,executed,LOW_RISK,0.7
20230728,20230731,executed,884012.TI,0.06016825947001001
20230728,20230731,executed,884128.TI,0.06216266495896137
20230728,20230731,executed,885398.TI,0.06047783651920487
20230728,20230731,executed,885587.TI,0.06007020955983942
20230728,20230731,executed,885988.TI,0.0605391926784871
20230728,20230731,executed,LOW_RISK,0.6965818368134973
20230731,20230801,executed,884012.TI,0.06051756608985349
20230731,20230801,executed,884128.TI,0.061657427612546445
20230731,20230801,executed,885398.TI,0.06062716126032849
20230731,20230801,executed,885587.TI,0.06020066643823746
20230731,20230801,executed,885988.TI,0.06112491127073208
20230731,20230801,executed,LOW_RISK,0.695872267328302
20230801,20230802,executed,884012.TI,0.060033724569952394
20230801,20230802,executed,884128.TI,0.06165755138421015
20230801,20230802,executed,885398.TI,0.06075068786562009
20230801,20230802,executed,885587.TI,0.059778844076745496
20230801,20230802,executed,885988.TI,0.06108064771034384
20230801,20230802,executed,LOW_RISK,0.6966985443931281
20230802,20230803,executed,881146.TI,0.06
20230802,20230803,executed,884128.TI,0.06
20230802,20230803,executed,885398.TI,0.06
20230802,20230803,executed,885587.TI,0.06
20230802,20230803,executed,885988.TI,0.06
20230802,20230803,executed,LOW_RISK,0.7
20230803,20230804,executed,881146.TI,0.06
20230803,20230804,executed,884013.TI,0.06
20230803,20230804,executed,884210.TI,0.06
20230803,20230804,executed,884237.TI,0.06
20230803,20230804,executed,885988.TI,0.06
20230803,20230804,executed,LOW_RISK,0.7
20230804,20230807,executed,881146.TI,0.06
20230804,20230807,executed,884013.TI,0.06
20230804,20230807,executed,884210.TI,0.06
20230804,20230807,executed,884237.TI,0.06
20230804,20230807,executed,885493.TI,0.06
20230804,20230807,executed,LOW_RISK,0.7
20230807,20230808,executed,881146.TI,0.05983893681139414
20230807,20230808,executed,884013.TI,0.05951800802431431
20230807,20230808,executed,884210.TI,0.059659955666753424
20230807,20230808,executed,884237.TI,0.05904656816493472
20230807,20230808,executed,885493.TI,0.06001503567234137
20230807,20230808,executed,LOW_RISK,0.701921495660262
20230808,20230809,executed,881146.TI,0.059995559742926315
20230808,20230809,executed,884013.TI,0.05941094052435012
20230808,20230809,executed,884210.TI,0.059471551440774525
20230808,20230809,executed,884237.TI,0.05907414004443439
20230808,20230809,executed,885493.TI,0.059646363798869347
20230808,20230809,executed,LOW_RISK,0.7024014444486453
20230809,20230810,executed,884013.TI,0.06
20230809,20230810,executed,884210.TI,0.06
20230809,20230810,executed,884237.TI,0.06
20230809,20230810,executed,885493.TI,0.06
20230809,20230810,executed,885699.TI,0.06
20230809,20230810,executed,LOW_RISK,0.7
20230810,20230811,executed,883302.TI,0.06
20230810,20230811,executed,884257.TI,0.06
20230810,20230811,executed,885493.TI,0.06
20230810,20230811,executed,885699.TI,0.06
20230810,20230811,executed,885761.TI,0.06
20230810,20230811,executed,LOW_RISK,0.7
20230811,20230814,executed,883302.TI,0.06
20230811,20230814,executed,884257.TI,0.06
20230811,20230814,executed,885699.TI,0.06
20230811,20230814,executed,885761.TI,0.06
20230811,20230814,executed,886031.TI,0.06
20230811,20230814,executed,LOW_RISK,0.7
20230814,20230815,executed,883302.TI,0.06007923116544724
20230814,20230815,executed,884257.TI,0.060593796947143896
20230814,20230815,executed,885699.TI,0.06043628377443584
20230814,20230815,executed,885761.TI,0.06009473526187833
20230814,20230815,executed,886031.TI,0.062026945515229734
20230814,20230815,executed,LOW_RISK,0.696769007335865
20230815,20230816,executed,883302.TI,0.059867678024769874
20230815,20230816,executed,884257.TI,0.06036576106049565
20230815,20230816,executed,885699.TI,0.06089922879092941
20230815,20230816,executed,885761.TI,0.05970993868245721
20230815,20230816,executed,886031.TI,0.06094921325684498
20230815,20230816,executed,LOW_RISK,0.6982081801845028
20230816,20230817,executed,883302.TI,0.06
20230816,20230817,executed,884257.TI,0.06
20230816,20230817,executed,885761.TI,0.06
20230816,20230817,executed,885874.TI,0.06
20230816,20230817,executed,886031.TI,0.06
20230816,20230817,executed,LOW_RISK,0.7
20230817,20230818,executed,884262.TI,0.06
20230817,20230818,executed,885874.TI,0.06
20230817,20230818,executed,885998.TI,0.06
20230817,20230818,executed,886031.TI,0.06
20230817,20230818,executed,886033.TI,0.06
20230817,20230818,executed,LOW_RISK,0.7
20230818,20230821,executed,884262.TI,0.05881488905600157
20230818,20230821,executed,885874.TI,0.058842356080048716
20230818,20230821,executed,885998.TI,0.05873378275231664
20230818,20230821,executed,886031.TI,0.05843228193190946
20230818,20230821,executed,886033.TI,0.05868055265560223
20230818,20230821,executed,LOW_RISK,0.7064961375241214
20230821,20230822,executed,885998.TI,0.09999999999999999
20230821,20230822,executed,886031.TI,0.09999999999999999
20230821,20230822,executed,886033.TI,0.09999999999999999
20230821,20230822,executed,LOW_RISK,0.7
20230822,20230823,executed,884260.TI,0.09999999999999999
20230822,20230823,executed,885998.TI,0.09999999999999999
20230822,20230823,executed,886033.TI,0.09999999999999999
20230822,20230823,executed,LOW_RISK,0.7
20230823,20230824,executed,884260.TI,0.09902796732982667
20230823,20230824,executed,885998.TI,0.09946548183540779
20230823,20230824,executed,886033.TI,0.09910788631449591
20230823,20230824,executed,LOW_RISK,0.7023986645202696
20230824,20230825,executed,884260.TI,0.09999999999999999
20230824,20230825,executed,884262.TI,0.09999999999999999
20230824,20230825,executed,886033.TI,0.09999999999999999
20230824,20230825,executed,LOW_RISK,0.7
20230825,20230828,executed,884183.TI,0.09999999999999999
20230825,20230828,executed,884260.TI,0.09999999999999999
20230825,20230828,executed,886033.TI,0.09999999999999999
20230825,20230828,executed,LOW_RISK,0.7
20230828,20230829,executed,884183.TI,0.09999999999999999
20230828,20230829,executed,884260.TI,0.09999999999999999
20230828,20230829,executed,884262.TI,0.09999999999999999
20230828,20230829,executed,LOW_RISK,0.7
20230829,20230830,executed,881129.TI,0.09999999999999999
20230829,20230830,executed,884183.TI,0.09999999999999999
20230829,20230830,executed,886042.TI,0.09999999999999999
20230829,20230830,executed,LOW_RISK,0.7
20230830,20230831,executed,881129.TI,0.10107501886426493
20230830,20230831,executed,884183.TI,0.10007686305941552
20230830,20230831,executed,886042.TI,0.10163787635221065
20230830,20230831,executed,LOW_RISK,0.6972102417241088
20230831,20230901,executed,881129.TI,0.10122658454739404
20230831,20230901,executed,884183.TI,0.09844817056944952
20230831,20230901,executed,886042.TI,0.10304132957152307
20230831,20230901,executed,LOW_RISK,0.6972839153116334
20230901,20230904,executed,881129.TI,0.09999999999999999
20230901,20230904,executed,885998.TI,0.09999999999999999
20230901,20230904,executed,886042.TI,0.09999999999999999
20230901,20230904,executed,LOW_RISK,0.7
20230904,20230905,executed,881129.TI,0.10026054250582611
20230904,20230905,executed,885998.TI,0.10122956761619833
20230904,20230905,executed,886042.TI,0.10089046235249316
20230904,20230905,executed,LOW_RISK,0.6976194275254823
20230905,20230906,executed,884236.TI,0.09999999999999999
20230905,20230906,executed,885943.TI,0.09999999999999999
20230905,20230906,executed,885998.TI,0.09999999999999999
20230905,20230906,executed,LOW_RISK,0.7
20230906,20230907,executed,884236.TI,0.09976294763040397
20230906,20230907,executed,885943.TI,0.10307346724555912
20230906,20230907,executed,885998.TI,0.10194516160028534
20230906,20230907,executed,LOW_RISK,0.6952184235237515
20230907,20230908,executed,884236.TI,0.09891280873654354
20230907,20230908,executed,885943.TI,0.10101652100514166
20230907,20230908,executed,885998.TI,0.09997875630056395
20230907,20230908,executed,LOW_RISK,0.7000919139577508
20230908,20230911,executed,884069.TI,0.09999999999999999
20230908,20230911,executed,884236.TI,0.09999999999999999
20230908,20230911,executed,885943.TI,0.09999999999999999
20230908,20230911,executed,LOW_RISK,0.7
20230911,20230912,executed,884069.TI,0.09994722285280137
20230911,20230912,executed,884236.TI,0.10003168641147459
20230911,20230912,executed,885943.TI,0.10198624101594742
20230911,20230912,executed,LOW_RISK,0.6980348497197766
20230912,20230913,executed,884057.TI,0.09999999999999999
20230912,20230913,executed,884069.TI,0.09999999999999999
20230912,20230913,executed,885925.TI,0.09999999999999999
20230912,20230913,executed,LOW_RISK,0.7
20230913,20230914,executed,884057.TI,0.0992507407590525
20230913,20230914,executed,884069.TI,0.09835126145481661
20230913,20230914,executed,885925.TI,0.09912142195331487
20230913,20230914,executed,LOW_RISK,0.703276575832816
20230914,20230915,executed,884057.TI,0.09881536047689654
20230914,20230915,executed,884069.TI,0.1004598555337413
20230914,20230915,executed,885925.TI,0.09800530518376238
20230914,20230915,executed,LOW_RISK,0.7027194788055997
20230915,20230918,executed,884057.TI,0.09926295174587224
20230915,20230918,executed,884069.TI,0.09676674616089373
20230915,20230918,executed,885925.TI,0.09854177714558655
20230915,20230918,executed,LOW_RISK,0.7054285249476475
20230918,20230919,executed,884057.TI,0.09999999999999999
20230918,20230919,executed,884090.TI,0.09999999999999999
20230918,20230919,executed,885925.TI,0.09999999999999999
20230918,20230919,executed,LOW_RISK,0.7
20230919,20230920,executed,881170.TI,0.09999999999999999
20230919,20230920,executed,884057.TI,0.09999999999999999
20230919,20230920,executed,884090.TI,0.09999999999999999
20230919,20230920,executed,LOW_RISK,0.7
20230920,20230921,executed,881170.TI,0.09907059457216826
20230920,20230921,executed,884057.TI,0.0989558239718327
20230920,20230921,executed,884090.TI,0.09903130416402735
20230920,20230921,executed,LOW_RISK,0.7029422772919717
20230921,20230922,executed,881170.TI,0.09856107327380596
20230921,20230922,executed,884057.TI,0.09836446373954827
20230921,20230922,executed,884090.TI,0.09895644808999995
20230921,20230922,executed,LOW_RISK,0.7041180148966458
20230922,20230925,executed,881170.TI,0.09999999999999999
20230922,20230925,executed,884090.TI,0.09999999999999999
20230922,20230925,executed,884210.TI,0.09999999999999999
20230922,20230925,executed,LOW_RISK,0.7
20230925,20230926,executed,881170.TI,0.09999999999999999
20230925,20230926,executed,884014.TI,0.09999999999999999
20230925,20230926,executed,884210.TI,0.09999999999999999
20230925,20230926,executed,LOW_RISK,0.7
20230926,20230927,executed,881105.TI,0.09999999999999999
20230926,20230927,executed,884014.TI,0.09999999999999999
20230926,20230927,executed,884210.TI,0.09999999999999999
20230926,20230927,executed,LOW_RISK,0.7
20230927,20230928,executed,881105.TI,0.10067850965648893
20230927,20230928,executed,884014.TI,0.10022372939159882
20230927,20230928,executed,884210.TI,0.10021827534907204
20230927,20230928,executed,LOW_RISK,0.6988794856028402
20230928,20231009,executed,881105.TI,0.10014331039217546
20230928,20231009,executed,884014.TI,0.0997160015221134
20230928,20231009,executed,884210.TI,0.10042826034995073
20230928,20231009,executed,LOW_RISK,0.6997124277357605
20231009,20231010,executed,881105.TI,0.09999999999999999
20231009,20231010,executed,884014.TI,0.09999999999999999
20231009,20231010,executed,885372.TI,0.09999999999999999
20231009,20231010,executed,LOW_RISK,0.7
20231010,20231011,executed,881105.TI,0.09901041033688876
20231010,20231011,executed,884014.TI,0.0988299815654367
20231010,20231011,executed,885372.TI,0.10014997837023848
20231010,20231011,executed,LOW_RISK,0.7020096297274361
20231011,20231012,executed,884014.TI,0.09999999999999999
20231011,20231012,executed,884260.TI,0.09999999999999999
20231011,20231012,executed,885372.TI,0.09999999999999999
20231011,20231012,executed,LOW_RISK,0.7
20231012,20231013,executed,884178.TI,0.09999999999999999
20231012,20231013,executed,885372.TI,0.09999999999999999
20231012,20231013,executed,885603.TI,0.09999999999999999
20231012,20231013,executed,LOW_RISK,0.7
20231013,20231016,executed,884178.TI,0.09913511868948884
20231013,20231016,executed,885372.TI,0.10039335659702989
20231013,20231016,executed,885603.TI,0.09948894682809471
20231013,20231016,executed,LOW_RISK,0.7009825778853865
20231016,20231017,executed,884178.TI,0.09999999999999999
20231016,20231017,executed,884260.TI,0.09999999999999999
20231016,20231017,executed,885603.TI,0.09999999999999999
20231016,20231017,executed,LOW_RISK,0.7
20231017,20231018,executed,884178.TI,0.09961754929145707
20231017,20231018,executed,884260.TI,0.09930235246894764
20231017,20231018,executed,885603.TI,0.09953369594437654
20231017,20231018,executed,LOW_RISK,0.7015464022952187
20231018,20231019,executed,884178.TI,0.09805144960626501
20231018,20231019,executed,884260.TI,0.09818238856508052
20231018,20231019,executed,885603.TI,0.09840425719611492
20231018,20231019,executed,LOW_RISK,0.7053619046325396
20231019,20231020,executed,881162.TI,0.09999999999999999
20231019,20231020,executed,884260.TI,0.09999999999999999
20231019,20231020,executed,884261.TI,0.09999999999999999
20231019,20231020,executed,LOW_RISK,0.7
20231020,20231023,executed,881162.TI,0.0981228298904195
20231020,20231023,executed,884260.TI,0.09879073618553988
20231020,20231023,executed,884261.TI,0.09760187813720358
20231020,20231023,executed,LOW_RISK,0.705484555786837
20231023,20231024,executed,881162.TI,0.09999999999999999
20231023,20231024,executed,884006.TI,0.09999999999999999
20231023,20231024,executed,884260.TI,0.09999999999999999
20231023,20231024,executed,LOW_RISK,0.7
20231024,20231025,executed,881162.TI,0.09999999999999999
20231024,20231025,executed,884006.TI,0.09999999999999999
20231024,20231025,executed,884261.TI,0.09999999999999999
20231024,20231025,executed,LOW_RISK,0.7
20231025,20231026,executed,881162.TI,0.09999999999999999
20231025,20231026,executed,884006.TI,0.09999999999999999
20231025,20231026,executed,884178.TI,0.09999999999999999
20231025,20231026,executed,LOW_RISK,0.7
20231026,20231027,executed,884006.TI,0.09999999999999999
20231026,20231027,executed,884178.TI,0.09999999999999999
20231026,20231027,executed,885999.TI,0.09999999999999999
20231026,20231027,executed,LOW_RISK,0.7
20231027,20231030,executed,884006.TI,0.10141350435704442
20231027,20231030,executed,884178.TI,0.10081426022450472
20231027,20231030,executed,885999.TI,0.10059844981295898
20231027,20231030,executed,LOW_RISK,0.6971737856054918
20231030,20231031,executed,884117.TI,0.09999999999999999
20231030,20231031,executed,884178.TI,0.09999999999999999
20231030,20231031,executed,885999.TI,0.09999999999999999
20231030,20231031,executed,LOW_RISK,0.7
20231031,20231101,executed,884117.TI,0.09956390320391476
20231031,20231101,executed,884178.TI,0.09911005491075936
20231031,20231101,executed,885999.TI,0.09913186730955893
20231031,20231101,executed,LOW_RISK,0.7021941745757669
20231101,20231102,executed,884117.TI,0.09999999999999999
20231101,20231102,executed,885818.TI,0.09999999999999999
20231101,20231102,executed,885999.TI,0.09999999999999999
20231101,20231102,executed,LOW_RISK,0.7
20231102,20231103,executed,884117.TI,0.09999999999999999
20231102,20231103,executed,885739.TI,0.09999999999999999
20231102,20231103,executed,885818.TI,0.09999999999999999
20231102,20231103,executed,LOW_RISK,0.7
20231103,20231106,executed,884117.TI,0.10087919976528811
20231103,20231106,executed,885739.TI,0.10104903578548965
20231103,20231106,executed,885818.TI,0.10102100535133568
20231103,20231106,executed,LOW_RISK,0.6970507590978865
20231106,20231107,executed,884045.TI,0.09999999999999999
20231106,20231107,executed,885739.TI,0.09999999999999999
20231106,20231107,executed,885818.TI,0.09999999999999999
20231106,20231107,executed,LOW_RISK,0.7
20231107,20231108,executed,884045.TI,0.10045923948469536
20231107,20231108,executed,885739.TI,0.10027958457931903
20231107,20231108,executed,885818.TI,0.10026208845117492
20231107,20231108,executed,LOW_RISK,0.6989990874848107
20231108,20231109,executed,884045.TI,0.09999999999999999
20231108,20231109,executed,885739.TI,0.09999999999999999
20231108,20231109,executed,885834.TI,0.09999999999999999
20231108,20231109,executed,LOW_RISK,0.7
20231109,20231110,executed,884045.TI,0.0999680339360486
20231109,20231110,executed,885739.TI,0.09931036158673874
20231109,20231110,executed,885834.TI,0.09806136479848535
20231109,20231110,executed,LOW_RISK,0.7026602396787274
20231110,20231113,executed,884045.TI,0.0997181604770309
20231110,20231113,executed,885739.TI,0.09980168928213291
20231110,20231113,executed,885834.TI,0.0976476685822213
20231110,20231113,executed,LOW_RISK,0.7028324816586149
20231113,20231114,executed,884099.TI,0.09999999999999999
20231113,20231114,executed,885739.TI,0.09999999999999999
20231113,20231114,executed,885834.TI,0.09999999999999999
20231113,20231114,executed,LOW_RISK,0.7
20231114,20231115,executed,884099.TI,0.10225361615524761
20231114,20231115,executed,885739.TI,0.10048844463799621
20231114,20231115,executed,885834.TI,0.10128795907697263
20231114,20231115,executed,LOW_RISK,0.6959699801297836
20231115,20231116,executed,884099.TI,0.09999999999999999
20231115,20231116,executed,885642.TI,0.09999999999999999
20231115,20231116,executed,885739.TI,0.09999999999999999
20231115,20231116,executed,LOW_RISK,0.7
20231116,20231117,executed,884099.TI,0.09818577795849805
20231116,20231117,executed,885642.TI,0.10020319930418388
20231116,20231117,executed,885739.TI,0.09998355622697785
20231116,20231117,executed,LOW_RISK,0.7016274665103402
20231117,20231120,executed,884099.TI,0.1002115871163292
20231117,20231120,executed,885642.TI,0.10038704654306843
20231117,20231120,executed,885739.TI,0.10064045973389793
20231117,20231120,executed,LOW_RISK,0.6987609066067044
20231120,20231121,executed,884096.TI,0.09999999999999999
20231120,20231121,executed,885642.TI,0.09999999999999999
20231120,20231121,executed,885739.TI,0.09999999999999999
20231120,20231121,executed,LOW_RISK,0.7
20231121,20231122,executed,881179.TI,0.09999999999999999
20231121,20231122,executed,885642.TI,0.09999999999999999
20231121,20231122,executed,885739.TI,0.09999999999999999
20231121,20231122,executed,LOW_RISK,0.7
20231122,20231123,executed,881179.TI,0.06
20231122,20231123,executed,884257.TI,0.06
20231122,20231123,executed,885642.TI,0.06
20231122,20231123,executed,885739.TI,0.06
20231122,20231123,executed,885882.TI,0.06
20231122,20231123,executed,LOW_RISK,0.7
20231123,20231124,executed,881179.TI,0.06
20231123,20231124,executed,884257.TI,0.06
20231123,20231124,executed,885739.TI,0.06
20231123,20231124,executed,885882.TI,0.06
20231123,20231124,executed,885985.TI,0.06
20231123,20231124,executed,LOW_RISK,0.7
20231124,20231127,executed,881179.TI,0.06
20231124,20231127,executed,881180.TI,0.06
20231124,20231127,executed,884257.TI,0.06
20231124,20231127,executed,885882.TI,0.06
20231124,20231127,executed,885985.TI,0.06
20231124,20231127,executed,LOW_RISK,0.7
20231127,20231128,executed,881179.TI,0.0611877739637416
20231127,20231128,executed,881180.TI,0.06019174530545887
20231127,20231128,executed,884257.TI,0.06140755900388319
20231127,20231128,executed,885882.TI,0.05928054188205278
20231127,20231128,executed,885985.TI,0.058781059432002764
20231127,20231128,executed,LOW_RISK,0.6991513204128608
20231128,20231129,executed,881180.TI,0.06
20231128,20231129,executed,884257.TI,0.06
20231128,20231129,executed,885338.TI,0.06
20231128,20231129,executed,885882.TI,0.06
20231128,20231129,executed,885985.TI,0.06
20231128,20231129,executed,LOW_RISK,0.7
20231129,20231130,executed,881131.TI,0.06
20231129,20231130,executed,881180.TI,0.06
20231129,20231130,executed,885338.TI,0.06
20231129,20231130,executed,885965.TI,0.06
20231129,20231130,executed,885985.TI,0.06
20231129,20231130,executed,LOW_RISK,0.7
20231130,20231201,executed,881131.TI,0.06
20231130,20231201,executed,881180.TI,0.06
20231130,20231201,executed,885338.TI,0.06
20231130,20231201,executed,885502.TI,0.06
20231130,20231201,executed,885965.TI,0.06
20231130,20231201,executed,LOW_RISK,0.7
20231201,20231204,executed,881131.TI,0.06
20231201,20231204,executed,884002.TI,0.06
20231201,20231204,executed,885338.TI,0.06
20231201,20231204,executed,885502.TI,0.06
20231201,20231204,executed,885965.TI,0.06
20231201,20231204,executed,LOW_RISK,0.7
20231204,20231205,executed,881131.TI,0.05975046355312149
20231204,20231205,executed,884002.TI,0.0597205095744621
20231204,20231205,executed,885338.TI,0.05981046720799762
20231204,20231205,executed,885502.TI,0.06000330494872444
20231204,20231205,executed,885965.TI,0.06006421313271099
20231204,20231205,executed,LOW_RISK,0.7006510415829834
20231205,20231206,executed,881131.TI,0.06
20231205,20231206,executed,884002.TI,0.06
20231205,20231206,executed,885502.TI,0.06
20231205,20231206,executed,885914.TI,0.06
20231205,20231206,executed,885965.TI,0.06
20231205,20231206,executed,LOW_RISK,0.7
20231206,20231207,executed,884002.TI,0.06
20231206,20231207,executed,884147.TI,0.06
20231206,20231207,executed,884155.TI,0.06
20231206,20231207,executed,885502.TI,0.06
20231206,20231207,executed,885914.TI,0.06
20231206,20231207,executed,LOW_RISK,0.7
20231207,20231208,executed,884002.TI,0.05995396892746151
20231207,20231208,executed,884147.TI,0.06007613582047079
20231207,20231208,executed,884155.TI,0.05985504029984586
20231207,20231208,executed,885502.TI,0.05973096880665168
20231207,20231208,executed,885914.TI,0.059790832616537434
20231207,20231208,executed,LOW_RISK,0.7005930535290328
20231208,20231211,executed,884076.TI,0.06
20231208,20231211,executed,884147.TI,0.06
20231208,20231211,executed,884155.TI,0.06
20231208,20231211,executed,885530.TI,0.06
20231208,20231211,executed,885914.TI,0.06
20231208,20231211,executed,LOW_RISK,0.7
20231211,20231212,executed,884076.TI,0.060220641515874286
20231211,20231212,executed,884147.TI,0.06017885665813005
20231211,20231212,executed,884155.TI,0.060523166898524126
20231211,20231212,executed,885530.TI,0.060083497416903865
20231211,20231212,executed,885914.TI,0.06087957630967276
20231211,20231212,executed,LOW_RISK,0.6981142612008949
20231212,20231213,executed,884076.TI,0.06
20231212,20231213,executed,884146.TI,0.06
20231212,20231213,executed,884147.TI,0.06
20231212,20231213,executed,884155.TI,0.06
20231212,20231213,executed,885530.TI,0.06
20231212,20231213,executed,LOW_RISK,0.7
20231213,20231214,executed,884076.TI,0.05995310831292442
20231213,20231214,executed,884146.TI,0.06000774876423827
20231213,20231214,executed,884147.TI,0.06093563888899364
20231213,20231214,executed,884155.TI,0.060007582658553785
20231213,20231214,executed,885530.TI,0.06017962745279868
20231213,20231214,executed,LOW_RISK,0.6989162939224912
20231214,20231215,executed,884076.TI,0.06011408365874508
20231214,20231215,executed,884146.TI,0.06032080206839839
20231214,20231215,executed,884147.TI,0.06105850319051463
20231214,20231215,executed,884155.TI,0.059966257937416924
20231214,20231215,executed,885530.TI,0.05994023109588124
20231214,20231215,executed,LOW_RISK,0.6986001220490438
20231215,20231218,executed,884146.TI,0.06
20231215,20231218,executed,884153.TI,0.06
20231215,20231218,executed,884155.TI,0.06
20231215,20231218,executed,884252.TI,0.06
20231215,20231218,executed,885792.TI,0.06
20231215,20231218,executed,LOW_RISK,0.7
20231218,20231219,executed,884036.TI,0.06
20231218,20231219,executed,884146.TI,0.06
20231218,20231219,executed,884153.TI,0.06
20231218,20231219,executed,884252.TI,0.06
20231218,20231219,executed,885792.TI,0.06
20231218,20231219,executed,LOW_RISK,0.7
20231219,20231220,executed,884036.TI,0.06
20231219,20231220,executed,884153.TI,0.06
20231219,20231220,executed,884227.TI,0.06
20231219,20231220,executed,884252.TI,0.06
20231219,20231220,executed,885792.TI,0.06
20231219,20231220,executed,LOW_RISK,0.7
20231220,20231221,executed,884036.TI,0.059439393804482724
20231220,20231221,executed,884153.TI,0.05961903711861088
20231220,20231221,executed,884227.TI,0.0591176147139753
20231220,20231221,executed,884252.TI,0.05990487610525136
20231220,20231221,executed,885792.TI,0.058982216414763665
20231220,20231221,executed,LOW_RISK,0.7029368618429161
20231221,20231222,executed,884036.TI,0.059754835553768024
20231221,20231222,executed,884153.TI,0.05987066218685988
20231221,20231222,executed,884227.TI,0.0595454629927318
20231221,20231222,executed,884252.TI,0.059718039307007115
20231221,20231222,executed,885792.TI,0.05990085559161682
20231221,20231222,executed,LOW_RISK,0.7012101443680163
20231222,20231225,executed,884036.TI,0.06
20231222,20231225,executed,884065.TI,0.06
20231222,20231225,executed,884227.TI,0.06
20231222,20231225,executed,886002.TI,0.06
20231222,20231225,executed,886059.TI,0.06
20231222,20231225,executed,LOW_RISK,0.7
20231225,20231226,executed,884065.TI,0.06
20231225,20231226,executed,884180.TI,0.06
20231225,20231226,executed,884227.TI,0.06
20231225,20231226,executed,886002.TI,0.06
20231225,20231226,executed,886059.TI,0.06
20231225,20231226,executed,LOW_RISK,0.7
20231226,20231227,executed,884180.TI,0.09999999999999999
20231226,20231227,executed,884227.TI,0.09999999999999999
20231226,20231227,executed,886059.TI,0.09999999999999999
20231226,20231227,executed,LOW_RISK,0.7
20231227,20231228,executed,884180.TI,0.09999999999999999
20231227,20231228,executed,885940.TI,0.09999999999999999
20231227,20231228,executed,886059.TI,0.09999999999999999
20231227,20231228,executed,LOW_RISK,0.7
20231228,20231229,executed,884180.TI,0.10156772974583941
20231228,20231229,executed,885940.TI,0.10125873974079862
20231228,20231229,executed,886059.TI,0.10136303083331194
20231228,20231229,executed,LOW_RISK,0.69581049968005
20231229,20240102,executed,884180.TI,0.09999999999999999
20231229,20240102,executed,884250.TI,0.09999999999999999
20231229,20240102,executed,885940.TI,0.09999999999999999
20231229,20240102,executed,LOW_RISK,0.7
20240102,20240103,executed,884180.TI,0.09924220629523489
20240102,20240103,executed,884250.TI,0.09986642767334125
20240102,20240103,executed,885940.TI,0.09888517785122782
20240102,20240103,executed,LOW_RISK,0.702006188180196
20240103,20240104,executed,884250.TI,0.09999999999999999
20240103,20240104,executed,884251.TI,0.09999999999999999
20240103,20240104,executed,885940.TI,0.09999999999999999
20240103,20240104,executed,LOW_RISK,0.7
20240104,20240105,executed,884250.TI,0.10001922861288716
20240104,20240105,executed,884251.TI,0.09981782642358934
20240104,20240105,executed,885940.TI,0.09990423838092062
20240104,20240105,executed,LOW_RISK,0.7002587065826029
20240105,20240108,executed,884250.TI,0.1013704688012138
20240105,20240108,executed,884251.TI,0.10116147404033786
20240105,20240108,executed,885940.TI,0.09732796752020353
20240105,20240108,executed,LOW_RISK,0.7001400896382448
20240108,20240109,executed,884030.TI,0.09999999999999999
20240108,20240109,executed,884251.TI,0.09999999999999999
20240108,20240109,executed,885428.TI,0.09999999999999999
20240108,20240109,executed,LOW_RISK,0.7
20240109,20240110,executed,884030.TI,0.09962093535877052
20240109,20240110,executed,884251.TI,0.10081632924634587
20240109,20240110,executed,885428.TI,0.10013290029826011
20240109,20240110,executed,LOW_RISK,0.6994298350966235
20240110,20240111,executed,884030.TI,0.09999999999999999
20240110,20240111,executed,884052.TI,0.09999999999999999
20240110,20240111,executed,885428.TI,0.09999999999999999
20240110,20240111,executed,LOW_RISK,0.7
20240111,20240112,executed,884030.TI,0.10135640686252528
20240111,20240112,executed,884052.TI,0.09984415758452285
20240111,20240112,executed,885428.TI,0.10043551830130704
20240111,20240112,executed,LOW_RISK,0.6983639172516448
20240112,20240115,executed,884030.TI,0.10059609947372745
20240112,20240115,executed,884052.TI,0.09995041192286107
20240112,20240115,executed,885428.TI,0.1002174714103616
20240112,20240115,executed,LOW_RISK,0.6992360171930498
20240115,20240116,executed,884052.TI,0.09999999999999999
20240115,20240116,executed,885785.TI,0.09999999999999999
20240115,20240116,executed,886050.TI,0.09999999999999999
20240115,20240116,executed,LOW_RISK,0.7
20240116,20240117,executed,884052.TI,0.09986920920108988
20240116,20240117,executed,885785.TI,0.09959547011091384
20240116,20240117,executed,886050.TI,0.09922323926885995
20240116,20240117,executed,LOW_RISK,0.7013120814191363
20240117,20240118,executed,884244.TI,0.09999999999999999
20240117,20240118,executed,885785.TI,0.09999999999999999
20240117,20240118,executed,886050.TI,0.09999999999999999
20240117,20240118,executed,LOW_RISK,0.7
20240118,20240119,executed,LOW_RISK,1.0
20240119,20240122,executed,LOW_RISK,1.0
20240122,20240123,executed,LOW_RISK,1.0
20240123,20240124,executed,LOW_RISK,1.0
20240124,20240125,executed,LOW_RISK,1.0
20240125,20240126,executed,LOW_RISK,1.0
20240126,20240129,executed,LOW_RISK,1.0
20240129,20240130,executed,LOW_RISK,1.0
20240130,20240131,executed,LOW_RISK,1.0
20240131,20240201,executed,LOW_RISK,1.0
20240201,20240202,executed,LOW_RISK,1.0
20240202,20240205,executed,LOW_RISK,1.0
20240205,20240206,executed,LOW_RISK,1.0
20240206,20240207,executed,LOW_RISK,1.0
20240207,20240208,executed,LOW_RISK,1.0
20240208,20240219,executed,LOW_RISK,1.0
20240219,20240220,executed,LOW_RISK,1.0
20240220,20240221,executed,LOW_RISK,1.0
20240221,20240222,executed,LOW_RISK,1.0
20240222,20240223,executed,LOW_RISK,1.0
20240223,20240226,executed,LOW_RISK,1.0
20240226,20240227,executed,LOW_RISK,1.0
20240227,20240228,executed,LOW_RISK,1.0
20240228,20240229,executed,LOW_RISK,1.0
20240229,20240301,executed,LOW_RISK,1.0
20240301,20240304,executed,LOW_RISK,1.0
20240304,20240305,executed,LOW_RISK,1.0
20240305,20240306,executed,LOW_RISK,1.0
20240306,20240307,executed,LOW_RISK,1.0
20240307,20240308,executed,LOW_RISK,1.0
20240308,20240311,executed,885899.TI,0.09999999999999999
20240308,20240311,executed,886001.TI,0.09999999999999999
20240308,20240311,executed,886030.TI,0.09999999999999999
20240308,20240311,executed,LOW_RISK,0.7
20240311,20240312,executed,885899.TI,0.10198105225528394
20240311,20240312,executed,886001.TI,0.10311086127609857
20240311,20240312,executed,886030.TI,0.10162794543032602
20240311,20240312,executed,LOW_RISK,0.6932801410382915
20240312,20240313,executed,885899.TI,0.10222943265324104
20240312,20240313,executed,886001.TI,0.10308978970558037
20240312,20240313,executed,886030.TI,0.10362346392508094
20240312,20240313,executed,LOW_RISK,0.6910573137160976
20240313,20240314,executed,885899.TI,0.10240811628531972
20240313,20240314,executed,886001.TI,0.10334564995568735
20240313,20240314,executed,886030.TI,0.1043505937235516
20240313,20240314,executed,LOW_RISK,0.6898956400354413
20240314,20240315,executed,885899.TI,0.10174890736695906
20240314,20240315,executed,886001.TI,0.10265436905264595
20240314,20240315,executed,886030.TI,0.10309674385188802
20240314,20240315,executed,LOW_RISK,0.692499979728507
20240315,20240318,executed,884116.TI,0.09999999999999999
20240315,20240318,executed,884128.TI,0.09999999999999999
20240315,20240318,executed,885739.TI,0.09999999999999999
20240315,20240318,executed,LOW_RISK,0.7
20240318,20240319,executed,884116.TI,0.1008103220645011
20240318,20240319,executed,884128.TI,0.10032756447531112
20240318,20240319,executed,885739.TI,0.10104473883208312
20240318,20240319,executed,LOW_RISK,0.6978173746281047
20240319,20240320,executed,884116.TI,0.10078104060353885
20240319,20240320,executed,884128.TI,0.09905238148913617
20240319,20240320,executed,885739.TI,0.10147261090592412
20240319,20240320,executed,LOW_RISK,0.6986939670014009
20240320,20240321,executed,884116.TI,0.10128711623459445
20240320,20240321,executed,884128.TI,0.0998568637792411
20240320,20240321,executed,885739.TI,0.10304036191833095
20240320,20240321,executed,LOW_RISK,0.6958156580678335
20240321,20240322,executed,884116.TI,0.10089432904720859
20240321,20240322,executed,884128.TI,0.10028262916538687
20240321,20240322,executed,885739.TI,0.10287855502890317
20240321,20240322,executed,LOW_RISK,0.6959444867585014
20240322,20240325,executed,884140.TI,0.09999999999999999
20240322,20240325,executed,885739.TI,0.09999999999999999
20240322,20240325,executed,885990.TI,0.09999999999999999
20240322,20240325,executed,LOW_RISK,0.7
20240325,20240326,executed,884140.TI,0.09999999999999999
20240325,20240326,executed,884161.TI,0.09999999999999999
20240325,20240326,executed,885990.TI,0.09999999999999999
20240325,20240326,executed,LOW_RISK,0.7
20240326,20240327,executed,884140.TI,0.10098761462689962
20240326,20240327,executed,884161.TI,0.0991930729275229
20240326,20240327,executed,885990.TI,0.10067880514586358
20240326,20240327,executed,LOW_RISK,0.6991405072997139
20240327,20240328,executed,884140.TI,0.09917471742211742
20240327,20240328,executed,884161.TI,0.0969210480312918
20240327,20240328,executed,885990.TI,0.09922394296947885
20240327,20240328,executed,LOW_RISK,0.704680291577112
20240328,20240329,executed,884140.TI,0.10088130307647003
20240328,20240329,executed,884161.TI,0.09777123146559208
20240328,20240329,executed,885990.TI,0.1018933389161783
20240328,20240329,executed,LOW_RISK,0.6994541265417595
20240329,20240401,executed,884161.TI,0.09999999999999999
20240329,20240401,executed,885591.TI,0.09999999999999999
20240329,20240401,executed,885928.TI,0.09999999999999999
20240329,20240401,executed,LOW_RISK,0.7
20240401,20240402,executed,885591.TI,0.09999999999999999
20240401,20240402,executed,885911.TI,0.09999999999999999
20240401,20240402,executed,885928.TI,0.09999999999999999
20240401,20240402,executed,LOW_RISK,0.7
20240402,20240403,executed,885591.TI,0.10288606140934128
20240402,20240403,executed,885911.TI,0.09874838534611685
20240402,20240403,executed,885928.TI,0.10270169685617733
20240402,20240403,executed,LOW_RISK,0.6956638563883646
20240403,20240408,executed,885591.TI,0.10212369571584191
20240403,20240408,executed,885911.TI,0.09972521718156288
20240403,20240408,executed,885928.TI,0.10154559514907527
20240403,20240408,executed,LOW_RISK,0.69660549195352
20240408,20240409,executed,885591.TI,0.1015451514432787
20240408,20240409,executed,885911.TI,0.09887103053439389
20240408,20240409,executed,885928.TI,0.09927586246256871
20240408,20240409,executed,LOW_RISK,0.7003079555597587
20240409,20240410,executed,884124.TI,0.09999999999999999
20240409,20240410,executed,885904.TI,0.09999999999999999
20240409,20240410,executed,885911.TI,0.09999999999999999
20240409,20240410,executed,LOW_RISK,0.7
20240410,20240411,executed,884023.TI,0.09999999999999999
20240410,20240411,executed,884124.TI,0.09999999999999999
20240410,20240411,executed,885904.TI,0.09999999999999999
20240410,20240411,executed,LOW_RISK,0.7
20240411,20240412,executed,884023.TI,0.10101807979434849
20240411,20240412,executed,884124.TI,0.0995536066308843
20240411,20240412,executed,885904.TI,0.100225966610511
20240411,20240412,executed,LOW_RISK,0.6992023469642562
20240412,20240415,executed,884023.TI,0.1002378204233214
20240412,20240415,executed,884124.TI,0.09891284778134342
20240412,20240415,executed,885904.TI,0.09994964565076965
20240412,20240415,executed,LOW_RISK,0.7008996861445655
20240415,20240416,executed,884023.TI,0.09587801980419407
20240415,20240416,executed,884124.TI,0.0972902553887691
20240415,20240416,executed,885904.TI,0.09779059402943971
20240415,20240416,executed,LOW_RISK,0.7090411307775971
20240416,20240417,executed,884023.TI,0.09999999999999999
20240416,20240417,executed,884026.TI,0.09999999999999999
20240416,20240417,executed,884123.TI,0.09999999999999999
20240416,20240417,executed,LOW_RISK,0.7
20240417,20240418,executed,881177.TI,0.09999999999999999
20240417,20240418,executed,884026.TI,0.09999999999999999
20240417,20240418,executed,884123.TI,0.09999999999999999
20240417,20240418,executed,LOW_RISK,0.7
20240418,20240419,executed,LOW_RISK,1.0
20240419,20240422,executed,LOW_RISK,1.0
20240422,20240423,executed,LOW_RISK,1.0
20240423,20240424,executed,LOW_RISK,1.0
20240424,20240425,executed,LOW_RISK,1.0
20240425,20240426,executed,LOW_RISK,1.0
20240426,20240429,executed,LOW_RISK,1.0
20240429,20240430,executed,LOW_RISK,1.0
20240430,20240506,executed,LOW_RISK,1.0
20240506,20240507,executed,LOW_RISK,1.0
20240507,20240508,executed,LOW_RISK,1.0
20240508,20240509,executed,LOW_RISK,1.0
20240509,20240510,executed,LOW_RISK,1.0
20240510,20240513,executed,881172.TI,0.09999999999999999
20240510,20240513,executed,884081.TI,0.09999999999999999
20240510,20240513,executed,884228.TI,0.09999999999999999
20240510,20240513,executed,LOW_RISK,0.7
20240513,20240514,executed,881172.TI,0.09882085204680968
20240513,20240514,executed,884081.TI,0.09836371064192106
20240513,20240514,executed,884228.TI,0.09831675038131038
20240513,20240514,executed,LOW_RISK,0.7044986869299589
20240514,20240515,executed,881172.TI,0.09999999999999999
20240514,20240515,executed,884228.TI,0.09999999999999999
20240514,20240515,executed,885761.TI,0.09999999999999999
20240514,20240515,executed,LOW_RISK,0.7
20240515,20240516,executed,881172.TI,0.0996190022613548
20240515,20240516,executed,884228.TI,0.10109322342952735
20240515,20240516,executed,885761.TI,0.09956285563720625
20240515,20240516,executed,LOW_RISK,0.6997249186719117
20240516,20240517,executed,881172.TI,0.09956364515742429
20240516,20240517,executed,884228.TI,0.10059620195598831
20240516,20240517,executed,885761.TI,0.09950503285490565
20240516,20240517,executed,LOW_RISK,0.7003351200316817
20240517,20240520,executed,881155.TI,0.09999999999999999
20240517,20240520,executed,884252.TI,0.09999999999999999
20240517,20240520,executed,885761.TI,0.09999999999999999
20240517,20240520,executed,LOW_RISK,0.7
20240520,20240521,executed,881155.TI,0.09942650343620417
20240520,20240521,executed,884252.TI,0.09877137326598207
20240520,20240521,executed,885761.TI,0.100096990792119
20240520,20240521,executed,LOW_RISK,0.7017051325056948
20240521,20240522,executed,881155.TI,0.09999999999999999
20240521,20240522,executed,883302.TI,0.09999999999999999
20240521,20240522,executed,884252.TI,0.09999999999999999
20240521,20240522,executed,LOW_RISK,0.7
20240522,20240523,executed,881155.TI,0.10049075395449103
20240522,20240523,executed,883302.TI,0.09966858037297825
20240522,20240523,executed,884252.TI,0.10082916055085106
20240522,20240523,executed,LOW_RISK,0.6990115051216796
20240523,20240524,executed,881155.TI,0.06
20240523,20240524,executed,883302.TI,0.06
20240523,20240524,executed,884250.TI,0.06
20240523,20240524,executed,884251.TI,0.06
20240523,20240524,executed,884252.TI,0.06
20240523,20240524,executed,LOW_RISK,0.7
20240524,20240527,executed,881155.TI,0.06
20240524,20240527,executed,883302.TI,0.06
20240524,20240527,executed,884250.TI,0.06
20240524,20240527,executed,884251.TI,0.06
20240524,20240527,executed,885982.TI,0.06
20240524,20240527,executed,LOW_RISK,0.7
20240527,20240528,executed,881155.TI,0.06047109095954731
20240527,20240528,executed,883302.TI,0.06040324220533613
20240527,20240528,executed,884250.TI,0.060596279976899835
20240527,20240528,executed,884251.TI,0.06047491374408497
20240527,20240528,executed,885982.TI,0.05980557039971063
20240527,20240528,executed,LOW_RISK,0.6982489027144212
20240528,20240529,executed,881155.TI,0.06008243047739247
20240528,20240529,executed,883302.TI,0.06026682180714778
20240528,20240529,executed,884250.TI,0.060304751459052855
20240528,20240529,executed,884251.TI,0.06005126201567316
20240528,20240529,executed,885982.TI,0.059728299843486196
20240528,20240529,executed,LOW_RISK,0.6995664343972475
20240529,20240530,executed,883302.TI,0.06
20240529,20240530,executed,884096.TI,0.06
20240529,20240530,executed,884250.TI,0.06
20240529,20240530,executed,884251.TI,0.06
20240529,20240530,executed,885982.TI,0.06
20240529,20240530,executed,LOW_RISK,0.7
20240530,20240531,executed,883301.TI,0.06
20240530,20240531,executed,883302.TI,0.06
20240530,20240531,executed,884096.TI,0.06
20240530,20240531,executed,884172.TI,0.06
20240530,20240531,executed,885982.TI,0.06
20240530,20240531,executed,LOW_RISK,0.7
20240531,20240603,executed,883301.TI,0.06
20240531,20240603,executed,884096.TI,0.06
20240531,20240603,executed,884172.TI,0.06
20240531,20240603,executed,885907.TI,0.06
20240531,20240603,executed,886072.TI,0.06
20240531,20240603,executed,LOW_RISK,0.7
20240603,20240604,executed,883301.TI,0.060277726704842056
20240603,20240604,executed,884096.TI,0.05896748416374091
20240603,20240604,executed,884172.TI,0.05993538415576411
20240603,20240604,executed,885907.TI,0.05921275281824466
20240603,20240604,executed,886072.TI,0.05951191443489261
20240603,20240604,executed,LOW_RISK,0.7020947377225156
20240604,20240605,executed,884096.TI,0.09999999999999999
20240604,20240605,executed,885907.TI,0.09999999999999999
20240604,20240605,executed,886072.TI,0.09999999999999999
20240604,20240605,executed,LOW_RISK,0.7
20240605,20240606,executed,884096.TI,0.09980225253032361
20240605,20240606,executed,885907.TI,0.10016973474548099
20240605,20240606,executed,886072.TI,0.09858247727988587
20240605,20240606,executed,LOW_RISK,0.7014455354443095
20240606,20240607,executed,885907.TI,0.09999999999999999
20240606,20240607,executed,885947.TI,0.09999999999999999
20240606,20240607,executed,886072.TI,0.09999999999999999
20240606,20240607,executed,LOW_RISK,0.7
20240607,20240611,executed,885980.TI,0.09999999999999999
20240607,20240611,executed,886049.TI,0.09999999999999999
20240607,20240611,executed,886068.TI,0.09999999999999999
20240607,20240611,executed,LOW_RISK,0.7
20240611,20240612,executed,885980.TI,0.10215551903314181
20240611,20240612,executed,886049.TI,0.10195030778481297
20240611,20240612,executed,886068.TI,0.10140077763860626
20240611,20240612,executed,LOW_RISK,0.6944933955434389
20240612,20240613,executed,885980.TI,0.10306617762741577
20240612,20240613,executed,886049.TI,0.1033824970130071
20240612,20240613,executed,886068.TI,0.10351542741193735
20240612,20240613,executed,LOW_RISK,0.6900358979476398
20240613,20240614,executed,885980.TI,0.10308585396244671
20240613,20240614,executed,886049.TI,0.10338039143309813
20240613,20240614,executed,886068.TI,0.10332263386608093
20240613,20240614,executed,LOW_RISK,0.6902111207383742
20240614,20240617,executed,885980.TI,0.1035413869803356
20240614,20240617,executed,886049.TI,0.10315816761228393
20240614,20240617,executed,886068.TI,0.10329852372740667
20240614,20240617,executed,LOW_RISK,0.6900019216799738
20240617,20240618,executed,884065.TI,0.09999999999999999
20240617,20240618,executed,884177.TI,0.09999999999999999
20240617,20240618,executed,886068.TI,0.09999999999999999
20240617,20240618,executed,LOW_RISK,0.7
20240618,20240619,executed,884065.TI,0.09999999999999999
20240618,20240619,executed,884177.TI,0.09999999999999999
20240618,20240619,executed,884178.TI,0.09999999999999999
20240618,20240619,executed,LOW_RISK,0.7
20240619,20240620,executed,884065.TI,0.10049760413594609
20240619,20240620,executed,884177.TI,0.09881985007078761
20240619,20240620,executed,884178.TI,0.09946234805139692
20240619,20240620,executed,LOW_RISK,0.7012201977418694
20240620,20240621,executed,884065.TI,0.09773798315764232
20240620,20240621,executed,884177.TI,0.09699259249736143
20240620,20240621,executed,884178.TI,0.09667526743123622
20240620,20240621,executed,LOW_RISK,0.70859415691376
20240621,20240624,executed,884065.TI,0.0984181845890981
20240621,20240624,executed,884177.TI,0.09590699106770433
20240621,20240624,executed,884178.TI,0.09616671109911487
20240621,20240624,executed,LOW_RISK,0.7095081132440827
20240624,20240625,executed,884005.TI,0.09999999999999999
20240624,20240625,executed,884178.TI,0.09999999999999999
20240624,20240625,executed,886017.TI,0.09999999999999999
20240624,20240625,executed,LOW_RISK,0.7
20240625,20240626,executed,884005.TI,0.09999999999999999
20240625,20240626,executed,885918.TI,0.09999999999999999
20240625,20240626,executed,886068.TI,0.09999999999999999
20240625,20240626,executed,LOW_RISK,0.7
20240626,20240627,executed,884005.TI,0.1005228648253979
20240626,20240627,executed,885918.TI,0.10440852162827341
20240626,20240627,executed,886068.TI,0.107612670372715
20240626,20240627,executed,LOW_RISK,0.6874559431736137
20240627,20240628,executed,884005.TI,0.10058808033486293
20240627,20240628,executed,885918.TI,0.1038907525935381
20240627,20240628,executed,886068.TI,0.1071952332156717
20240627,20240628,executed,LOW_RISK,0.6883259338559273
20240628,20240701,executed,884005.TI,0.10198051849986038
20240628,20240701,executed,885918.TI,0.10316975362886649
20240628,20240701,executed,886068.TI,0.10547279383417607
20240628,20240701,executed,LOW_RISK,0.689376934037097
20240701,20240702,executed,885918.TI,0.09999999999999999
20240701,20240702,executed,886034.TI,0.09999999999999999
20240701,20240702,executed,886068.TI,0.09999999999999999
20240701,20240702,executed,LOW_RISK,0.7
20240702,20240703,executed,881169.TI,0.09999999999999999
20240702,20240703,executed,885918.TI,0.09999999999999999
20240702,20240703,executed,886034.TI,0.09999999999999999
20240702,20240703,executed,LOW_RISK,0.7
20240703,20240704,executed,881169.TI,0.10207955505989359
20240703,20240704,executed,885918.TI,0.09881986001892823
20240703,20240704,executed,886034.TI,0.09887968720664596
20240703,20240704,executed,LOW_RISK,0.7002208977145322
20240704,20240705,executed,881169.TI,0.10074757244847235
20240704,20240705,executed,885918.TI,0.09601152404613177
20240704,20240705,executed,886034.TI,0.09649793537748454
20240704,20240705,executed,LOW_RISK,0.7067429681279114
20240705,20240708,executed,881169.TI,0.09999999999999999
20240705,20240708,executed,884261.TI,0.09999999999999999
20240705,20240708,executed,886034.TI,0.09999999999999999
20240705,20240708,executed,LOW_RISK,0.7
20240708,20240709,executed,881169.TI,0.09999999999999999
20240708,20240709,executed,886034.TI,0.09999999999999999
20240708,20240709,executed,886060.TI,0.09999999999999999
20240708,20240709,executed,LOW_RISK,0.7
20240709,20240710,executed,885890.TI,0.09999999999999999
20240709,20240710,executed,886060.TI,0.09999999999999999
20240709,20240710,executed,886074.TI,0.09999999999999999
20240709,20240710,executed,LOW_RISK,0.7
20240710,20240711,executed,885890.TI,0.10086589531355378
20240710,20240711,executed,886060.TI,0.1003179135794995
20240710,20240711,executed,886074.TI,0.10149907098320057
20240710,20240711,executed,LOW_RISK,0.6973171201237461
20240711,20240712,executed,885890.TI,0.10187810880323614
20240711,20240712,executed,886060.TI,0.10120755036361656
20240711,20240712,executed,886074.TI,0.1017617985865262
20240711,20240712,executed,LOW_RISK,0.6951525422466212
20240712,20240715,executed,884178.TI,0.09999999999999999
20240712,20240715,executed,885890.TI,0.09999999999999999
20240712,20240715,executed,886060.TI,0.09999999999999999
20240712,20240715,executed,LOW_RISK,0.7
20240715,20240716,executed,884178.TI,0.09999999999999999
20240715,20240716,executed,884270.TI,0.09999999999999999
20240715,20240716,executed,885890.TI,0.09999999999999999
20240715,20240716,executed,LOW_RISK,0.7
20240716,20240717,executed,884178.TI,0.09999999999999999
20240716,20240717,executed,884263.TI,0.09999999999999999
20240716,20240717,executed,884270.TI,0.09999999999999999
20240716,20240717,executed,LOW_RISK,0.7
20240717,20240718,executed,884178.TI,0.0991754560695815
20240717,20240718,executed,884263.TI,0.09628358287883751
20240717,20240718,executed,884270.TI,0.10024703917584651
20240717,20240718,executed,LOW_RISK,0.7042939218757345
20240718,20240719,executed,884178.TI,0.09892535385988245
20240718,20240719,executed,884263.TI,0.0958953180488019
20240718,20240719,executed,884270.TI,0.09962064331087139
20240718,20240719,executed,LOW_RISK,0.7055586847804443
20240719,20240722,executed,881177.TI,0.09999999999999999
20240719,20240722,executed,884263.TI,0.09999999999999999
20240719,20240722,executed,884270.TI,0.09999999999999999
20240719,20240722,executed,LOW_RISK,0.7
20240722,20240723,executed,881177.TI,0.09999999999999999
20240722,20240723,executed,884261.TI,0.09999999999999999
20240722,20240723,executed,884263.TI,0.09999999999999999
20240722,20240723,executed,LOW_RISK,0.7
20240723,20240724,executed,881177.TI,0.09999999999999999
20240723,20240724,executed,884261.TI,0.09999999999999999
20240723,20240724,executed,885910.TI,0.09999999999999999
20240723,20240724,executed,LOW_RISK,0.7
20240724,20240725,executed,881177.TI,0.09825690472452606
20240724,20240725,executed,884261.TI,0.09795636655803851
20240724,20240725,executed,885910.TI,0.09877515803792966
20240724,20240725,executed,LOW_RISK,0.7050115706795057
20240725,20240726,executed,881177.TI,0.0995616296401508
20240725,20240726,executed,884261.TI,0.09893243796754952
20240725,20240726,executed,885910.TI,0.09988620406764809
20240725,20240726,executed,LOW_RISK,0.7016197283246516
20240726,20240729,executed,884030.TI,0.09999999999999999
20240726,20240729,executed,884261.TI,0.09999999999999999
20240726,20240729,executed,885910.TI,0.09999999999999999
20240726,20240729,executed,LOW_RISK,0.7
20240729,20240730,executed,884030.TI,0.09999999999999999
20240729,20240730,executed,884260.TI,0.09999999999999999
20240729,20240730,executed,885910.TI,0.09999999999999999
20240729,20240730,executed,LOW_RISK,0.7
20240730,20240731,executed,884030.TI,0.10077625148357923
20240730,20240731,executed,884260.TI,0.10021135285434841
20240730,20240731,executed,885910.TI,0.09956494637598699
20240730,20240731,executed,LOW_RISK,0.6994474492860854
20240731,20240801,executed,884030.TI,0.10297766316277523
20240731,20240801,executed,884260.TI,0.1029861200797758
20240731,20240801,executed,885910.TI,0.10256083199225928
20240731,20240801,executed,LOW_RISK,0.6914753847651897
20240801,20240802,executed,884030.TI,0.10315383836366263
20240801,20240802,executed,884260.TI,0.10158037511814275
20240801,20240802,executed,885910.TI,0.10221064670372897
20240801,20240802,executed,LOW_RISK,0.6930551398144656
20240802,20240805,executed,884260.TI,0.09999999999999999
20240802,20240805,executed,884299.TI,0.09999999999999999
20240802,20240805,executed,886053.TI,0.09999999999999999
20240802,20240805,executed,LOW_RISK,0.7
20240805,20240806,executed,884067.TI,0.09999999999999999
20240805,20240806,executed,884299.TI,0.09999999999999999
20240805,20240806,executed,886053.TI,0.09999999999999999
20240805,20240806,executed,LOW_RISK,0.7
20240806,20240807,executed,884067.TI,0.09960409426841907
20240806,20240807,executed,884299.TI,0.10076486907118576
20240806,20240807,executed,886053.TI,0.10202805002655296
20240806,20240807,executed,LOW_RISK,0.6976029866338422
20240807,20240808,executed,884067.TI,0.09912568661313687
20240807,20240808,executed,884299.TI,0.10078598707314182
20240807,20240808,executed,886053.TI,0.10147305174473126
20240807,20240808,executed,LOW_RISK,0.6986152745689901
20240808,20240809,executed,884067.TI,0.09949575090002741
20240808,20240809,executed,884299.TI,0.10220105177623577
20240808,20240809,executed,886053.TI,0.10171800872555825
20240808,20240809,executed,LOW_RISK,0.6965851885981786
20240809,20240812,executed,884067.TI,0.09999999999999999
20240809,20240812,executed,885699.TI,0.09999999999999999
20240809,20240812,executed,886053.TI,0.09999999999999999
20240809,20240812,executed,LOW_RISK,0.7
20240812,20240813,executed,884067.TI,0.09885368096403288
20240812,20240813,executed,885699.TI,0.09852734252598568
20240812,20240813,executed,886053.TI,0.0987651493663192
20240812,20240813,executed,LOW_RISK,0.7038538271436623
20240813,20240814,executed,884067.TI,0.09999999999999999
20240813,20240814,executed,884147.TI,0.09999999999999999
20240813,20240814,executed,885699.TI,0.09999999999999999
20240813,20240814,executed,LOW_RISK,0.7
20240814,20240815,executed,884147.TI,0.09999999999999999
20240814,20240815,executed,884153.TI,0.09999999999999999
20240814,20240815,executed,885699.TI,0.09999999999999999
20240814,20240815,executed,LOW_RISK,0.7
20240815,20240816,executed,884147.TI,0.10109981011494219
20240815,20240816,executed,884153.TI,0.1010203426922071
20240815,20240816,executed,885699.TI,0.09977985734590411
20240815,20240816,executed,LOW_RISK,0.6980999898469467
20240816,20240819,executed,883301.TI,0.09999999999999999
20240816,20240819,executed,884147.TI,0.09999999999999999
20240816,20240819,executed,884153.TI,0.09999999999999999
20240816,20240819,executed,LOW_RISK,0.7
20240819,20240820,executed,883301.TI,0.10051076163726227
20240819,20240820,executed,884147.TI,0.09963185825619071
20240819,20240820,executed,884153.TI,0.10091259813009516
20240819,20240820,executed,LOW_RISK,0.6989447819764518
20240820,20240821,executed,883301.TI,0.09999999999999999
20240820,20240821,executed,883302.TI,0.09999999999999999
20240820,20240821,executed,884153.TI,0.09999999999999999
20240820,20240821,executed,LOW_RISK,0.7
20240821,20240822,executed,883301.TI,0.09999999999999999
20240821,20240822,executed,883302.TI,0.09999999999999999
20240821,20240822,executed,886073.TI,0.09999999999999999
20240821,20240822,executed,LOW_RISK,0.7
20240822,20240823,executed,883301.TI,0.10012752620520345
20240822,20240823,executed,883302.TI,0.09982112335789907
20240822,20240823,executed,886073.TI,0.09859422442461237
20240822,20240823,executed,LOW_RISK,0.701457126012285
20240823,20240826,executed,883301.TI,0.100676520567847
20240823,20240826,executed,883302.TI,0.10032096332968249
20240823,20240826,executed,886073.TI,0.09914575464215825
20240823,20240826,executed,LOW_RISK,0.6998567614603123
20240826,20240827,executed,883302.TI,0.09999999999999999
20240826,20240827,executed,884107.TI,0.09999999999999999
20240826,20240827,executed,886073.TI,0.09999999999999999
20240826,20240827,executed,LOW_RISK,0.7
20240827,20240828,executed,883300.TI,0.09999999999999999
20240827,20240828,executed,884107.TI,0.09999999999999999
20240827,20240828,executed,884248.TI,0.09999999999999999
20240827,20240828,executed,LOW_RISK,0.7
20240828,20240829,executed,883300.TI,0.09999999999999999
20240828,20240829,executed,884107.TI,0.09999999999999999
20240828,20240829,executed,885738.TI,0.09999999999999999
20240828,20240829,executed,LOW_RISK,0.7
20240829,20240830,executed,883300.TI,0.09950193270079408
20240829,20240830,executed,884107.TI,0.10064087911172155
20240829,20240830,executed,885738.TI,0.10334014402298806
20240829,20240830,executed,LOW_RISK,0.6965170441644963
20240830,20240902,executed,883300.TI,0.0999333340466342
20240830,20240902,executed,884107.TI,0.10204420629710681
20240830,20240902,executed,885738.TI,0.10560471947715802
20240830,20240902,executed,LOW_RISK,0.692417740179101
20240902,20240903,executed,883300.TI,0.0990139651969869
20240902,20240903,executed,884107.TI,0.10115455096938636
20240902,20240903,executed,885738.TI,0.10399938765745577
20240902,20240903,executed,LOW_RISK,0.695832096176171
20240903,20240904,executed,884107.TI,0.09999999999999999
20240903,20240904,executed,884232.TI,0.09999999999999999
20240903,20240904,executed,885738.TI,0.09999999999999999
20240903,20240904,executed,LOW_RISK,0.7
20240904,20240905,executed,884107.TI,0.09999999999999999
20240904,20240905,executed,884232.TI,0.09999999999999999
20240904,20240905,executed,884248.TI,0.09999999999999999
20240904,20240905,executed,LOW_RISK,0.7
20240905,20240906,executed,884107.TI,0.10139748588024189
20240905,20240906,executed,884232.TI,0.10004187319977535
20240905,20240906,executed,884248.TI,0.09997759770671964
20240905,20240906,executed,LOW_RISK,0.6985830432132631
20240906,20240909,executed,884232.TI,0.09999999999999999
20240906,20240909,executed,884248.TI,0.09999999999999999
20240906,20240909,executed,886054.TI,0.09999999999999999
20240906,20240909,executed,LOW_RISK,0.7
20240909,20240910,executed,884232.TI,0.09965036257761478
20240909,20240910,executed,884248.TI,0.10088458949438334
20240909,20240910,executed,886054.TI,0.09939360473570431
20240909,20240910,executed,LOW_RISK,0.7000714431922976
20240910,20240911,executed,881130.TI,0.09999999999999999
20240910,20240911,executed,884248.TI,0.09999999999999999
20240910,20240911,executed,886054.TI,0.09999999999999999
20240910,20240911,executed,LOW_RISK,0.7
20240911,20240912,executed,881130.TI,0.09999999999999999
20240911,20240912,executed,884177.TI,0.09999999999999999
20240911,20240912,executed,886054.TI,0.09999999999999999
20240911,20240912,executed,LOW_RISK,0.7
20240912,20240913,executed,881130.TI,0.09969166821288396
20240912,20240913,executed,884177.TI,0.0997814654870403
20240912,20240913,executed,886054.TI,0.09891546118078866
20240912,20240913,executed,LOW_RISK,0.7016114051192871
20240913,20240918,executed,881130.TI,0.09999999999999999
20240913,20240918,executed,884177.TI,0.09999999999999999
20240913,20240918,executed,884199.TI,0.09999999999999999
20240913,20240918,executed,LOW_RISK,0.7
20240918,20240919,executed,881130.TI,0.10015740576314164
20240918,20240919,executed,884177.TI,0.09910866145508905
20240918,20240919,executed,884199.TI,0.0992951196303915
20240918,20240919,executed,LOW_RISK,0.7014388131513778
20240919,20240920,executed,881130.TI,0.10214580252440601
20240919,20240920,executed,884177.TI,0.10024194508741772
20240919,20240920,executed,884199.TI,0.10059070311361666
20240919,20240920,executed,LOW_RISK,0.6970215492745596
20240920,20240923,executed,700554.TI,0.09999999999999999
20240920,20240923,executed,881130.TI,0.09999999999999999
20240920,20240923,executed,884199.TI,0.09999999999999999
20240920,20240923,executed,LOW_RISK,0.7
20240923,20240924,executed,700335.TI,0.09999999999999999
20240923,20240924,executed,700554.TI,0.09999999999999999
20240923,20240924,executed,884199.TI,0.09999999999999999
20240923,20240924,executed,LOW_RISK,0.7
20240924,20240925,executed,700335.TI,0.09999999999999999
20240924,20240925,executed,700554.TI,0.09999999999999999
20240924,20240925,executed,884058.TI,0.09999999999999999
20240924,20240925,executed,LOW_RISK,0.7
20240925,20240926,executed,700335.TI,0.09972289872040191
20240925,20240926,executed,700554.TI,0.09956083139454425
20240925,20240926,executed,884058.TI,0.09971396607096122
20240925,20240926,executed,LOW_RISK,0.7010023038140927
20240926,20240927,executed,700335.TI,0.10673243710955128
20240926,20240927,executed,700554.TI,0.10670777610804527
20240926,20240927,executed,884058.TI,0.10232290576566709
20240926,20240927,executed,LOW_RISK,0.6842368810167363
20240927,20240930,executed,700335.TI,0.09999999999999999
20240927,20240930,executed,884058.TI,0.09999999999999999
20240927,20240930,executed,884149.TI,0.09999999999999999
20240927,20240930,executed,LOW_RISK,0.7
20240930,20241008,executed,881148.TI,0.09999999999999999
20240930,20241008,executed,884058.TI,0.09999999999999999
20240930,20241008,executed,884149.TI,0.09999999999999999
20240930,20241008,executed,LOW_RISK,0.7
20241008,20241009,executed,881148.TI,0.09999999999999999
20241008,20241009,executed,884149.TI,0.09999999999999999
20241008,20241009,executed,884200.TI,0.09999999999999999
20241008,20241009,executed,LOW_RISK,0.7
20241009,20241010,executed,883303.TI,0.09999999999999999
20241009,20241010,executed,884149.TI,0.09999999999999999
20241009,20241010,executed,884200.TI,0.09999999999999999
20241009,20241010,executed,LOW_RISK,0.7
20241010,20241011,executed,883303.TI,0.09981587987163903
20241010,20241011,executed,884149.TI,0.10178647300171778
20241010,20241011,executed,884200.TI,0.09596785921429028
20241010,20241011,executed,LOW_RISK,0.7024297879123529
20241011,20241014,executed,883300.TI,0.13999999999999999
20241011,20241014,executed,883303.TI,0.13999999999999999
20241011,20241014,executed,884045.TI,0.13999999999999999
20241011,20241014,executed,884200.TI,0.13999999999999999
20241011,20241014,executed,885873.TI,0.13999999999999999
20241011,20241014,executed,LOW_RISK,0.30000000000000004
20241014,20241015,executed,883300.TI,0.14024762197162596
20241014,20241015,executed,883303.TI,0.1406524397484053
20241014,20241015,executed,884045.TI,0.13926416343291284
20241014,20241015,executed,884200.TI,0.14040515091965292
20241014,20241015,executed,885873.TI,0.14083460963525102
20241014,20241015,executed,LOW_RISK,0.298596014292152
20241015,20241016,executed,881156.TI,0.13999999999999999
20241015,20241016,executed,883300.TI,0.13999999999999999
20241015,20241016,executed,883303.TI,0.13999999999999999
20241015,20241016,executed,884045.TI,0.13999999999999999
20241015,20241016,executed,885873.TI,0.13999999999999999
20241015,20241016,executed,LOW_RISK,0.30000000000000004
20241016,20241017,executed,881156.TI,0.13999999999999999
20241016,20241017,executed,883300.TI,0.13999999999999999
20241016,20241017,executed,884045.TI,0.13999999999999999
20241016,20241017,executed,885741.TI,0.13999999999999999
20241016,20241017,executed,885873.TI,0.13999999999999999
20241016,20241017,executed,LOW_RISK,0.30000000000000004
20241017,20241018,executed,881156.TI,0.13756221989524475
20241017,20241018,executed,883300.TI,0.1394670009646926
20241017,20241018,executed,884045.TI,0.13832494762992328
20241017,20241018,executed,885741.TI,0.1395387660332734
20241017,20241018,executed,885873.TI,0.1404091274672266
20241017,20241018,executed,LOW_RISK,0.3046979380096393
20241018,20241021,executed,881156.TI,0.13999999999999999
20241018,20241021,executed,884155.TI,0.13999999999999999
20241018,20241021,executed,884249.TI,0.13999999999999999
20241018,20241021,executed,885741.TI,0.13999999999999999
20241018,20241021,executed,886045.TI,0.13999999999999999
20241018,20241021,executed,LOW_RISK,0.30000000000000004
20241021,20241022,executed,881156.TI,0.1406198539685159
20241021,20241022,executed,884155.TI,0.1388302539946853
20241021,20241022,executed,884249.TI,0.1379703500912915
20241021,20241022,executed,885741.TI,0.14173831622635297
20241021,20241022,executed,886045.TI,0.13989644637777263
20241021,20241022,executed,LOW_RISK,0.30094477934138175
20241022,20241023,executed,884066.TI,0.13999999999999999
20241022,20241023,executed,884155.TI,0.13999999999999999
20241022,20241023,executed,884249.TI,0.13999999999999999
20241022,20241023,executed,885741.TI,0.13999999999999999
20241022,20241023,executed,886045.TI,0.13999999999999999
20241022,20241023,executed,LOW_RISK,0.30000000000000004
20241023,20241024,executed,884066.TI,0.13999999999999999
20241023,20241024,executed,884155.TI,0.13999999999999999
20241023,20241024,executed,884249.TI,0.13999999999999999
20241023,20241024,executed,885699.TI,0.13999999999999999
20241023,20241024,executed,886045.TI,0.13999999999999999
20241023,20241024,executed,LOW_RISK,0.30000000000000004
20241024,20241025,executed,884066.TI,0.1403754360500694
20241024,20241025,executed,884155.TI,0.13833457117505887
20241024,20241025,executed,884249.TI,0.1398982100275571
20241024,20241025,executed,885699.TI,0.14382530406911193
20241024,20241025,executed,886045.TI,0.13853820812030082
20241024,20241025,executed,LOW_RISK,0.29902827055790193
20241025,20241028,executed,884066.TI,0.13999999999999999
20241025,20241028,executed,884080.TI,0.13999999999999999
20241025,20241028,executed,885472.TI,0.13999999999999999
20241025,20241028,executed,885699.TI,0.13999999999999999
20241025,20241028,executed,885849.TI,0.13999999999999999
20241025,20241028,executed,LOW_RISK,0.30000000000000004
20241028,20241029,executed,884066.TI,0.141744744697813
20241028,20241029,executed,884080.TI,0.1409684733159619
20241028,20241029,executed,885472.TI,0.13986524868566058
20241028,20241029,executed,885699.TI,0.14284045347409569
20241028,20241029,executed,885849.TI,0.1421626154040084
20241028,20241029,executed,LOW_RISK,0.29241846442246044
20241029,20241030,executed,884080.TI,0.13999999999999999
20241029,20241030,executed,884291.TI,0.13999999999999999
20241029,20241030,executed,885472.TI,0.13999999999999999
20241029,20241030,executed,885699.TI,0.13999999999999999
20241029,20241030,executed,885849.TI,0.13999999999999999
20241029,20241030,executed,LOW_RISK,0.30000000000000004
20241030,20241031,executed,884080.TI,0.13999999999999999
20241030,20241031,executed,884291.TI,0.13999999999999999
20241030,20241031,executed,885472.TI,0.13999999999999999
20241030,20241031,executed,885849.TI,0.13999999999999999
20241030,20241031,executed,886038.TI,0.13999999999999999
20241030,20241031,executed,LOW_RISK,0.30000000000000004
20241031,20241101,executed,884080.TI,0.14050141081797266
20241031,20241101,executed,884291.TI,0.1382858570863733
20241031,20241101,executed,885472.TI,0.1406776990161033
20241031,20241101,executed,885849.TI,0.14251549189762916
20241031,20241101,executed,886038.TI,0.14000372974480335
20241031,20241101,executed,LOW_RISK,0.2980158114371182
20241101,20241104,executed,884080.TI,0.13999999999999999
20241101,20241104,executed,884291.TI,0.13999999999999999
20241101,20241104,executed,885587.TI,0.13999999999999999
20241101,20241104,executed,885733.TI,0.13999999999999999
20241101,20241104,executed,886038.TI,0.13999999999999999
20241101,20241104,executed,LOW_RISK,0.30000000000000004
20241104,20241105,executed,884291.TI,0.13999999999999999
20241104,20241105,executed,885587.TI,0.13999999999999999
20241104,20241105,executed,885699.TI,0.13999999999999999
20241104,20241105,executed,885733.TI,0.13999999999999999
20241104,20241105,executed,886038.TI,0.13999999999999999
20241104,20241105,executed,LOW_RISK,0.30000000000000004
20241105,20241106,executed,700328.TI,0.13999999999999999
20241105,20241106,executed,885587.TI,0.13999999999999999
20241105,20241106,executed,885699.TI,0.13999999999999999
20241105,20241106,executed,885733.TI,0.13999999999999999
20241105,20241106,executed,886038.TI,0.13999999999999999
20241105,20241106,executed,LOW_RISK,0.30000000000000004
20241106,20241107,executed,700328.TI,0.13999999999999999
20241106,20241107,executed,700376.TI,0.13999999999999999
20241106,20241107,executed,885587.TI,0.13999999999999999
20241106,20241107,executed,885699.TI,0.13999999999999999
20241106,20241107,executed,885733.TI,0.13999999999999999
20241106,20241107,executed,LOW_RISK,0.30000000000000004
20241107,20241108,executed,700328.TI,0.1442717037973974
20241107,20241108,executed,700376.TI,0.14038765080165794
20241107,20241108,executed,885587.TI,0.14241487931242383
20241107,20241108,executed,885699.TI,0.14141623236941764
20241107,20241108,executed,885733.TI,0.14036839040972673
20241107,20241108,executed,LOW_RISK,0.29114114330937646
20241108,20241111,executed,700328.TI,0.13999999999999999
20241108,20241111,executed,700376.TI,0.13999999999999999
20241108,20241111,executed,700492.TI,0.13999999999999999
20241108,20241111,executed,884313.TI,0.13999999999999999
20241108,20241111,executed,885699.TI,0.13999999999999999
20241108,20241111,executed,LOW_RISK,0.30000000000000004
20241111,20241112,executed,700328.TI,0.13999999999999999
20241111,20241112,executed,700376.TI,0.13999999999999999
20241111,20241112,executed,700492.TI,0.13999999999999999
20241111,20241112,executed,881148.TI,0.13999999999999999
20241111,20241112,executed,884313.TI,0.13999999999999999
20241111,20241112,executed,LOW_RISK,0.30000000000000004
20241112,20241113,executed,700328.TI,0.2
20241112,20241113,executed,700376.TI,0.2
20241112,20241113,executed,700492.TI,0.2
20241112,20241113,executed,881148.TI,0.2
20241112,20241113,executed,884313.TI,0.2
20241112,20241113,executed,LOW_RISK,0.0
20241113,20241114,executed,700328.TI,0.19673480444284155
20241113,20241114,executed,700376.TI,0.19877417683318185
20241113,20241114,executed,700492.TI,0.19877417683318185
20241113,20241114,executed,881148.TI,0.19887769751166426
20241113,20241114,executed,884313.TI,0.20683914437913067
20241113,20241114,executed,LOW_RISK,-2.220446049250313e-16
20241114,20241115,executed,700376.TI,0.2
20241114,20241115,executed,700492.TI,0.2
20241114,20241115,executed,881148.TI,0.2
20241114,20241115,executed,881165.TI,0.2
20241114,20241115,executed,884313.TI,0.2
20241114,20241115,executed,LOW_RISK,0.0
20241115,20241118,executed,881148.TI,0.2
20241115,20241118,executed,881165.TI,0.2
20241115,20241118,executed,884020.TI,0.2
20241115,20241118,executed,884189.TI,0.2
20241115,20241118,executed,884208.TI,0.2
20241115,20241118,executed,LOW_RISK,0.0
20241118,20241119,executed,881165.TI,0.2
20241118,20241119,executed,881180.TI,0.2
20241118,20241119,executed,884020.TI,0.2
20241118,20241119,executed,884189.TI,0.2
20241118,20241119,executed,884208.TI,0.2
20241118,20241119,executed,LOW_RISK,0.0
20241119,20241120,executed,881165.TI,0.20039655314436794
20241119,20241120,executed,881180.TI,0.20031755532948664
20241119,20241120,executed,884020.TI,0.20034831638404801
20241119,20241120,executed,884189.TI,0.19854102199772955
20241119,20241120,executed,884208.TI,0.20039655314436794
20241119,20241120,executed,LOW_RISK,0.0
20241120,20241121,executed,881165.TI,0.20045769534394361
20241120,20241121,executed,881180.TI,0.2015168712795901
20241120,20241121,executed,884020.TI,0.2020461164488324
20241120,20241121,executed,884189.TI,0.19552162158369044
20241120,20241121,executed,884208.TI,0.20045769534394361
20241120,20241121,executed,LOW_RISK,-2.220446049250313e-16
20241121,20241122,executed,881180.TI,0.2
20241121,20241122,executed,884016.TI,0.2
20241121,20241122,executed,884020.TI,0.2
20241121,20241122,executed,884189.TI,0.2
20241121,20241122,executed,884208.TI,0.2
20241121,20241122,executed,LOW_RISK,0.0
20241122,20241125,executed,700379.TI,0.2
20241122,20241125,executed,881149.TI,0.2
20241122,20241125,executed,881180.TI,0.2
20241122,20241125,executed,884016.TI,0.2
20241122,20241125,executed,884189.TI,0.2
20241122,20241125,executed,LOW_RISK,0.0
20241125,20241126,executed,700379.TI,0.2
20241125,20241126,executed,700495.TI,0.2
20241125,20241126,executed,881149.TI,0.2
20241125,20241126,executed,884016.TI,0.2
20241125,20241126,executed,884154.TI,0.2
20241125,20241126,executed,LOW_RISK,0.0
20241126,20241127,executed,700379.TI,0.2019776682862454
20241126,20241127,executed,700495.TI,0.20281866847295152
20241126,20241127,executed,881149.TI,0.19871707153515644
20241126,20241127,executed,884016.TI,0.19802501390756772
20241126,20241127,executed,884154.TI,0.198461577798079
20241126,20241127,executed,LOW_RISK,0.0
20241127,20241128,executed,700379.TI,0.2035128647802784
20241127,20241128,executed,700495.TI,0.2040332843157091
20241127,20241128,executed,881149.TI,0.1990975704054706
20241127,20241128,executed,884016.TI,0.1949980614561244
20241127,20241128,executed,884154.TI,0.1983582190424176
20241127,20241128,executed,LOW_RISK,0.0
20241128,20241129,executed,700379.TI,0.2
20241128,20241129,executed,700495.TI,0.2
20241128,20241129,executed,700499.TI,0.2
20241128,20241129,executed,881149.TI,0.2
20241128,20241129,executed,884154.TI,0.2
20241128,20241129,executed,LOW_RISK,0.0
20241129,20241202,executed,700379.TI,0.2001762522127847
20241129,20241202,executed,700495.TI,0.2004186716660436
20241129,20241202,executed,700499.TI,0.20031894007174048
20241129,20241202,executed,881149.TI,0.19937061332001602
20241129,20241202,executed,884154.TI,0.19971552272941517
20241129,20241202,executed,LOW_RISK,0.0
20241202,20241203,executed,700379.TI,0.2
20241202,20241203,executed,700499.TI,0.2
20241202,20241203,executed,881149.TI,0.2
20241202,20241203,executed,884154.TI,0.2
20241202,20241203,executed,884249.TI,0.2
20241202,20241203,executed,LOW_RISK,0.0
20241203,20241204,executed,700499.TI,0.2
20241203,20241204,executed,881149.TI,0.2
20241203,20241204,executed,884153.TI,0.2
20241203,20241204,executed,884154.TI,0.2
20241203,20241204,executed,884249.TI,0.2
20241203,20241204,executed,LOW_RISK,0.0
20241204,20241205,executed,700499.TI,0.2012936351417816
20241204,20241205,executed,881149.TI,0.19937204762652436
20241204,20241205,executed,884153.TI,0.19748523927381814
20241204,20241205,executed,884154.TI,0.20086576259954023
20241204,20241205,executed,884249.TI,0.2009833153583357
20241204,20241205,executed,LOW_RISK,0.0
20241205,20241206,executed,700499.TI,0.2021890837932235
20241205,20241206,executed,881149.TI,0.19975124609066625
20241205,20241206,executed,884153.TI,0.1964033377015856
20241205,20241206,executed,884154.TI,0.20142638720412567
20241205,20241206,executed,884249.TI,0.200229945210399
20241205,20241206,executed,LOW_RISK,0.0
20241206,20241209,executed,700499.TI,0.201807587016994
20241206,20241209,executed,881149.TI,0.19957580667665403
20241206,20241209,executed,884153.TI,0.19770081956454044
20241206,20241209,executed,884154.TI,0.20209494061240726
20241206,20241209,executed,884249.TI,0.1988208461294043
20241206,20241209,executed,LOW_RISK,0.0
20241209,20241210,executed,700499.TI,0.20147422147506155
20241209,20241210,executed,881149.TI,0.20042025533140198
20241209,20241210,executed,884153.TI,0.19820520617761275
20241209,20241210,executed,884154.TI,0.20189733778570618
20241209,20241210,executed,884249.TI,0.19800297923021754
20241209,20241210,executed,LOW_RISK,0.0
20241210,20241211,executed,700324.TI,0.2
20241210,20241211,executed,700499.TI,0.2
20241210,20241211,executed,881149.TI,0.2
20241210,20241211,executed,884154.TI,0.2
20241210,20241211,executed,884249.TI,0.2
20241210,20241211,executed,LOW_RISK,0.0
20241211,20241212,executed,700324.TI,0.2000010545023017
20241211,20241212,executed,700499.TI,0.20075237830461062
20241211,20241212,executed,881149.TI,0.20204384595699995
20241211,20241212,executed,884154.TI,0.20109822939157068
20241211,20241212,executed,884249.TI,0.196104491844517
20241211,20241212,executed,LOW_RISK,0.0
20241212,20241213,executed,700324.TI,0.19924115871538484
20241212,20241213,executed,700499.TI,0.19989841569228162
20241212,20241213,executed,881149.TI,0.20283251405392824
20241212,20241213,executed,884154.TI,0.20176515834333028
20241212,20241213,executed,884249.TI,0.19626275319507508
20241212,20241213,executed,LOW_RISK,0.0
20241213,20241216,executed,700324.TI,0.2
20241213,20241216,executed,700380.TI,0.2
20241213,20241216,executed,700499.TI,0.2
20241213,20241216,executed,881149.TI,0.2
20241213,20241216,executed,884154.TI,0.2
20241213,20241216,executed,LOW_RISK,0.0
20241216,20241217,executed,700324.TI,0.19641368682423943
20241216,20241217,executed,700380.TI,0.1991995624035013
20241216,20241217,executed,700499.TI,0.20154670427176058
20241216,20241217,executed,881149.TI,0.20013184882361673
20241216,20241217,executed,884154.TI,0.202708197676882
20241216,20241217,executed,LOW_RISK,0.0
20241217,20241218,executed,700324.TI,0.19802818432197167
20241217,20241218,executed,700380.TI,0.19973854551438178
20241217,20241218,executed,700499.TI,0.20226448107853792
20241217,20241218,executed,881149.TI,0.1980761333780682
20241217,20241218,executed,884154.TI,0.2018926557070405
20241217,20241218,executed,LOW_RISK,0.0
20241218,20241219,executed,700324.TI,0.2
20241218,20241219,executed,700342.TI,0.2
20241218,20241219,executed,700380.TI,0.2
20241218,20241219,executed,700499.TI,0.2
20241218,20241219,executed,881149.TI,0.2
20241218,20241219,executed,LOW_RISK,0.0
20241219,20241220,executed,700324.TI,0.2008788525801395
20241219,20241220,executed,700342.TI,0.19894671367528258
20241219,20241220,executed,700380.TI,0.19989432540790703
20241219,20241220,executed,700499.TI,0.20049949590555183
20241219,20241220,executed,881149.TI,0.19978061243111914
20241219,20241220,executed,LOW_RISK,0.0
20241220,20241223,executed,700342.TI,0.2
20241220,20241223,executed,700380.TI,0.2
20241220,20241223,executed,700413.TI,0.2
20241220,20241223,executed,700499.TI,0.2
20241220,20241223,executed,881149.TI,0.2
20241220,20241223,executed,LOW_RISK,0.0
20241223,20241224,executed,700342.TI,0.20151841059760797
20241223,20241224,executed,700380.TI,0.1998315765963754
20241223,20241224,executed,700413.TI,0.2012057070827132
20241223,20241224,executed,700499.TI,0.20017107474961748
20241223,20241224,executed,881149.TI,0.19727323097368607
20241223,20241224,executed,LOW_RISK,-2.220446049250313e-16
20241224,20241225,executed,700340.TI,0.2
20241224,20241225,executed,700342.TI,0.2
20241224,20241225,executed,700380.TI,0.2
20241224,20241225,executed,700413.TI,0.2
20241224,20241225,executed,700499.TI,0.2
20241224,20241225,executed,LOW_RISK,0.0
20241225,20241226,executed,700340.TI,0.20166149338310838
20241225,20241226,executed,700342.TI,0.19826836752216076
20241225,20241226,executed,700380.TI,0.19918461543386
20241225,20241226,executed,700413.TI,0.20185773379132935
20241225,20241226,executed,700499.TI,0.19902778986954164
20241225,20241226,executed,LOW_RISK,-2.220446049250313e-16
20241226,20241227,executed,700340.TI,0.20170263733053892
20241226,20241227,executed,700342.TI,0.19751932617397944
20241226,20241227,executed,700380.TI,0.1993700590645879
20241226,20241227,executed,700413.TI,0.2018236535591303
20241226,20241227,executed,700499.TI,0.19958432387176356
20241226,20241227,executed,LOW_RISK,0.0
20241227,20241230,executed,700310.TI,0.2
20241227,20241230,executed,700340.TI,0.2
20241227,20241230,executed,700342.TI,0.2
20241227,20241230,executed,700380.TI,0.2
20241227,20241230,executed,700413.TI,0.2
20241227,20241230,executed,LOW_RISK,0.0
20241230,20241231,executed,700310.TI,0.2
20241230,20241231,executed,700340.TI,0.2
20241230,20241231,executed,700413.TI,0.2
20241230,20241231,executed,883301.TI,0.2
20241230,20241231,executed,883302.TI,0.2
20241230,20241231,executed,LOW_RISK,0.0
20241231,20250102,executed,700310.TI,0.20105276384616935
20241231,20250102,executed,700340.TI,0.20008378049466038
20241231,20250102,executed,700413.TI,0.20018332717070375
20241231,20250102,executed,883301.TI,0.1997442824911474
20241231,20250102,executed,883302.TI,0.19893584599731923
20241231,20250102,executed,LOW_RISK,0.0
20250102,20250103,executed,700310.TI,0.2
20250102,20250103,executed,700508.TI,0.2
20250102,20250103,executed,883301.TI,0.2
20250102,20250103,executed,883302.TI,0.2
20250102,20250103,executed,885982.TI,0.2
20250102,20250103,executed,LOW_RISK,0.0
20250103,20250106,executed,700310.TI,0.20166201647604767
20250103,20250106,executed,700508.TI,0.20201007136445484
20250103,20250106,executed,883301.TI,0.20233977762156644
20250103,20250106,executed,883302.TI,0.20186075959379512
20250103,20250106,executed,885982.TI,0.19212737494413598
20250103,20250106,executed,LOW_RISK,0.0
20250106,20250107,executed,700414.TI,0.2
20250106,20250107,executed,700508.TI,0.2
20250106,20250107,executed,883301.TI,0.2
20250106,20250107,executed,883302.TI,0.2
20250106,20250107,executed,885982.TI,0.2
20250106,20250107,executed,LOW_RISK,0.0
20250107,20250108,executed,700508.TI,0.2
20250107,20250108,executed,700573.TI,0.2
20250107,20250108,executed,884012.TI,0.2
20250107,20250108,executed,885982.TI,0.2
20250107,20250108,executed,886090.TI,0.2
20250107,20250108,executed,LOW_RISK,0.0
20250108,20250109,executed,700508.TI,0.20537763347151441
20250108,20250109,executed,700573.TI,0.1979085840448243
20250108,20250109,executed,884012.TI,0.20141323827273425
20250108,20250109,executed,885982.TI,0.19711659601740059
20250108,20250109,executed,886090.TI,0.1981839481935265
20250108,20250109,executed,LOW_RISK,0.0
20250109,20250110,executed,700414.TI,0.2
20250109,20250110,executed,700518.TI,0.2
20250109,20250110,executed,700573.TI,0.2
20250109,20250110,executed,884012.TI,0.2
20250109,20250110,executed,886090.TI,0.2
20250109,20250110,executed,LOW_RISK,0.0
20250110,20250113,executed,700414.TI,0.13999999999999999
20250110,20250113,executed,700573.TI,0.13999999999999999
20250110,20250113,executed,881178.TI,0.13999999999999999
20250110,20250113,executed,884012.TI,0.13999999999999999
20250110,20250113,executed,886090.TI,0.13999999999999999
20250110,20250113,executed,LOW_RISK,0.30000000000000004
20250113,20250114,executed,700414.TI,0.14204936647073627
20250113,20250114,executed,700573.TI,0.14204936647073627
20250113,20250114,executed,881178.TI,0.1405062568907838
20250113,20250114,executed,884012.TI,0.13814068653537112
20250113,20250114,executed,886090.TI,0.14220736025325462
20250113,20250114,executed,LOW_RISK,0.29504696337911795
20250114,20250115,executed,700414.TI,0.13999999999999999
20250114,20250115,executed,881178.TI,0.13999999999999999
20250114,20250115,executed,884012.TI,0.13999999999999999
20250114,20250115,executed,884296.TI,0.13999999999999999
20250114,20250115,executed,886090.TI,0.13999999999999999
20250114,20250115,executed,LOW_RISK,0.30000000000000004
20250115,20250116,executed,700414.TI,0.14135368901876497
20250115,20250116,executed,881178.TI,0.14075945988807764
20250115,20250116,executed,884012.TI,0.13784184520571252
20250115,20250116,executed,884296.TI,0.14003091153380628
20250115,20250116,executed,886090.TI,0.14061259744553875
20250115,20250116,executed,LOW_RISK,0.2994014969080998
20250116,20250117,executed,700488.TI,0.13999999999999999
20250116,20250117,executed,881178.TI,0.13999999999999999
20250116,20250117,executed,884012.TI,0.13999999999999999
20250116,20250117,executed,884296.TI,0.13999999999999999
20250116,20250117,executed,886036.TI,0.13999999999999999
20250116,20250117,executed,LOW_RISK,0.30000000000000004
20250117,20250120,executed,700488.TI,0.13999999999999999
20250117,20250120,executed,884012.TI,0.13999999999999999
20250117,20250120,executed,884265.TI,0.13999999999999999
20250117,20250120,executed,884296.TI,0.13999999999999999
20250117,20250120,executed,886036.TI,0.13999999999999999
20250117,20250120,executed,LOW_RISK,0.30000000000000004
20250120,20250121,executed,700488.TI,0.2
20250120,20250121,executed,884012.TI,0.2
20250120,20250121,executed,884265.TI,0.2
20250120,20250121,executed,884296.TI,0.2
20250120,20250121,executed,886036.TI,0.2
20250120,20250121,executed,LOW_RISK,0.0
20250121,20250122,executed,700414.TI,0.2
20250121,20250122,executed,700488.TI,0.2
20250121,20250122,executed,700573.TI,0.2
20250121,20250122,executed,884265.TI,0.2
20250121,20250122,executed,886036.TI,0.2
20250121,20250122,executed,LOW_RISK,0.0
20250122,20250123,executed,700414.TI,0.09999999999999999
20250122,20250123,executed,700573.TI,0.09999999999999999
20250122,20250123,executed,884265.TI,0.09999999999999999
20250122,20250123,executed,LOW_RISK,0.7
20250123,20250124,executed,700414.TI,0.09592371430822977
20250123,20250124,executed,700573.TI,0.09592371430822977
20250123,20250124,executed,884265.TI,0.0993307617991986
20250123,20250124,executed,LOW_RISK,0.7088218095843419
20250124,20250127,executed,700414.TI,0.09999999999999999
20250124,20250127,executed,700573.TI,0.09999999999999999
20250124,20250127,executed,884012.TI,0.09999999999999999
20250124,20250127,executed,LOW_RISK,0.7
20250127,20250205,executed,700414.TI,0.0984325214802807
20250127,20250205,executed,700573.TI,0.0984325214802807
20250127,20250205,executed,884012.TI,0.09968862775298157
20250127,20250205,executed,LOW_RISK,0.703446329286457
20250205,20250206,executed,884006.TI,0.09999999999999999
20250205,20250206,executed,884012.TI,0.09999999999999999
20250205,20250206,executed,885866.TI,0.09999999999999999
20250205,20250206,executed,LOW_RISK,0.7
20250206,20250207,executed,884006.TI,0.1002754427029317
20250206,20250207,executed,884012.TI,0.1010857806627935
20250206,20250207,executed,885866.TI,0.10265913920921661
20250206,20250207,executed,LOW_RISK,0.6959796374250582
20250207,20250210,executed,884006.TI,0.10145711331560668
20250207,20250210,executed,884012.TI,0.10302676694495758
20250207,20250210,executed,885866.TI,0.10549659422871725
20250207,20250210,executed,LOW_RISK,0.6900195255107184
20250210,20250211,executed,884006.TI,0.09999999999999999
20250210,20250211,executed,885866.TI,0.09999999999999999
20250210,20250211,executed,885903.TI,0.09999999999999999
20250210,20250211,executed,LOW_RISK,0.7
20250211,20250212,executed,884006.TI,0.09831822816500241
20250211,20250212,executed,885866.TI,0.09999932078446526
20250211,20250212,executed,885903.TI,0.0996719814116874
20250211,20250212,executed,LOW_RISK,0.702010469638845
20250212,20250213,executed,700539.TI,0.09999999999999999
20250212,20250213,executed,881126.TI,0.09999999999999999
20250212,20250213,executed,885903.TI,0.09999999999999999
20250212,20250213,executed,LOW_RISK,0.7
20250213,20250214,executed,700539.TI,0.09952989717311486
20250213,20250214,executed,881126.TI,0.09799056357916788
20250213,20250214,executed,885903.TI,0.10063152111911602
20250213,20250214,executed,LOW_RISK,0.7018480181286012
20250214,20250217,executed,700539.TI,0.10330624315247451
20250214,20250217,executed,881126.TI,0.09814159548943563
20250214,20250217,executed,885903.TI,0.10005096385110801
20250214,20250217,executed,LOW_RISK,0.6985011975069819
20250217,20250218,executed,700539.TI,0.10178664323142436
20250217,20250218,executed,881126.TI,0.09929370976909092
20250217,20250218,executed,885903.TI,0.10045673280797199
20250217,20250218,executed,LOW_RISK,0.6984629141915127
20250218,20250219,executed,700539.TI,0.09986765396028083
20250218,20250219,executed,881126.TI,0.09820882574142462
20250218,20250219,executed,885903.TI,0.10011249873801449
20250218,20250219,executed,LOW_RISK,0.7018110215602801
20250219,20250220,executed,700338.TI,0.09999999999999999
20250219,20250220,executed,700457.TI,0.09999999999999999
20250219,20250220,executed,885903.TI,0.09999999999999999
20250219,20250220,executed,LOW_RISK,0.7
20250220,20250221,executed,700338.TI,0.10061665682761453
20250220,20250221,executed,700457.TI,0.10113660665594676
20250220,20250221,executed,885903.TI,0.10065697362244798
20250220,20250221,executed,LOW_RISK,0.6975897628939907
20250221,20250224,executed,700303.TI,0.09999999999999999
20250221,20250224,executed,700338.TI,0.09999999999999999
20250221,20250224,executed,700457.TI,0.09999999999999999
20250221,20250224,executed,LOW_RISK,0.7
20250224,20250225,executed,700303.TI,0.09978796750854352
20250224,20250225,executed,700338.TI,0.09817417163680428
20250224,20250225,executed,700457.TI,0.0997260521087155
20250224,20250225,executed,LOW_RISK,0.7023118087459367
20250225,20250226,executed,700303.TI,0.10032491596376432
20250225,20250226,executed,700338.TI,0.09956323123065752
20250225,20250226,executed,700457.TI,0.09988099532381364
20250225,20250226,executed,LOW_RISK,0.7002308574817645
20250226,20250227,executed,700303.TI,0.09999999999999999
20250226,20250227,executed,700421.TI,0.09999999999999999
20250226,20250227,executed,700457.TI,0.09999999999999999
20250226,20250227,executed,LOW_RISK,0.7
20250227,20250228,executed,700303.TI,0.09953189911980799
20250227,20250228,executed,700421.TI,0.09917023414844413
20250227,20250228,executed,700457.TI,0.10018876652738885
20250227,20250228,executed,LOW_RISK,0.701109100204359
20250228,20250303,executed,700421.TI,0.09999999999999999
20250228,20250303,executed,700457.TI,0.09999999999999999
20250228,20250303,executed,885343.TI,0.09999999999999999
20250228,20250303,executed,LOW_RISK,0.7
20250303,20250304,executed,700421.TI,0.09915703539656089
20250303,20250304,executed,700457.TI,0.10030381191213829
20250303,20250304,executed,885343.TI,0.10093286761965224
20250303,20250304,executed,LOW_RISK,0.6996062850716486
20250304,20250305,executed,700421.TI,0.09989827785038823
20250304,20250305,executed,700457.TI,0.10083546948786257
20250304,20250305,executed,885343.TI,0.10112206787550058
20250304,20250305,executed,LOW_RISK,0.6981441847862486
20250305,20250306,executed,700457.TI,0.09999999999999999
20250305,20250306,executed,881173.TI,0.09999999999999999
20250305,20250306,executed,885343.TI,0.09999999999999999
20250305,20250306,executed,LOW_RISK,0.7
20250306,20250307,executed,881173.TI,0.13999999999999999
20250306,20250307,executed,884056.TI,0.13999999999999999
20250306,20250307,executed,885343.TI,0.13999999999999999
20250306,20250307,executed,885426.TI,0.13999999999999999
20250306,20250307,executed,885823.TI,0.13999999999999999
20250306,20250307,executed,LOW_RISK,0.30000000000000004
20250307,20250310,executed,881173.TI,0.13999999999999999
20250307,20250310,executed,884056.TI,0.13999999999999999
20250307,20250310,executed,885426.TI,0.13999999999999999
20250307,20250310,executed,885823.TI,0.13999999999999999
20250307,20250310,executed,886089.TI,0.13999999999999999
20250307,20250310,executed,LOW_RISK,0.30000000000000004
20250310,20250311,executed,881173.TI,0.1395576843727929
20250310,20250311,executed,884056.TI,0.1400391307177184
20250310,20250311,executed,885426.TI,0.13995086526603895
20250310,20250311,executed,885823.TI,0.13984886528834714
20250310,20250311,executed,886089.TI,0.1394897965587678
20250310,20250311,executed,LOW_RISK,0.3011136577963348
20250311,20250312,executed,881173.TI,0.14145257577817974
20250311,20250312,executed,884056.TI,0.14057469873132902
20250311,20250312,executed,885426.TI,0.14129093802812448
20250311,20250312,executed,885823.TI,0.1404704829185288
20250311,20250312,executed,886089.TI,0.13983900403453242
20250311,20250312,executed,LOW_RISK,0.2963723005093055
20250312,20250313,executed,700322.TI,0.13999999999999999
20250312,20250313,executed,884056.TI,0.13999999999999999
20250312,20250313,executed,885426.TI,0.13999999999999999
20250312,20250313,executed,885823.TI,0.13999999999999999
20250312,20250313,executed,886089.TI,0.13999999999999999
20250312,20250313,executed,LOW_RISK,0.30000000000000004
20250313,20250314,executed,700322.TI,0.13999999999999999
20250313,20250314,executed,700363.TI,0.13999999999999999
20250313,20250314,executed,700365.TI,0.13999999999999999
20250313,20250314,executed,700462.TI,0.13999999999999999
20250313,20250314,executed,886089.TI,0.13999999999999999
20250313,20250314,executed,LOW_RISK,0.30000000000000004
20250314,20250317,executed,700322.TI,0.13999999999999999
20250314,20250317,executed,700363.TI,0.13999999999999999
20250314,20250317,executed,700365.TI,0.13999999999999999
20250314,20250317,executed,700462.TI,0.13999999999999999
20250314,20250317,executed,885699.TI,0.13999999999999999
20250314,20250317,executed,LOW_RISK,0.30000000000000004
20250317,20250318,executed,700322.TI,0.13948159293553225
20250317,20250318,executed,700363.TI,0.14149455316228432
20250317,20250318,executed,700365.TI,0.13893976490141846
20250317,20250318,executed,700462.TI,0.14149455316228432
20250317,20250318,executed,885699.TI,0.1402139014096103
20250317,20250318,executed,LOW_RISK,0.2983756344288704
20250318,20250319,executed,700322.TI,0.13959346091134364
20250318,20250319,executed,700363.TI,0.1407530232950803
20250318,20250319,executed,700365.TI,0.13982400634727893
20250318,20250319,executed,700462.TI,0.1407530232950803
20250318,20250319,executed,885699.TI,0.14008481317555782
20250318,20250319,executed,LOW_RISK,0.298991672975659
20250319,20250320,executed,700363.TI,0.13999999999999999
20250319,20250320,executed,700365.TI,0.13999999999999999
20250319,20250320,executed,700462.TI,0.13999999999999999
20250319,20250320,executed,885398.TI,0.13999999999999999
20250319,20250320,executed,885699.TI,0.13999999999999999
20250319,20250320,executed,LOW_RISK,0.30000000000000004
20250320,20250321,executed,700582.TI,0.13999999999999999
20250320,20250321,executed,881146.TI,0.13999999999999999
20250320,20250321,executed,884152.TI,0.13999999999999999
20250320,20250321,executed,885398.TI,0.13999999999999999
20250320,20250321,executed,885699.TI,0.13999999999999999
20250320,20250321,executed,LOW_RISK,0.30000000000000004
20250321,20250324,executed,700582.TI,0.13994555988976665
20250321,20250324,executed,881146.TI,0.14020629653274394
20250321,20250324,executed,884152.TI,0.14020629653274394
20250321,20250324,executed,885398.TI,0.1397118481567253
20250321,20250324,executed,885699.TI,0.1392824182629988
20250321,20250324,executed,LOW_RISK,0.3006475806250214
20250324,20250325,executed,700582.TI,0.1405269603470341
20250324,20250325,executed,881146.TI,0.13972398636884506
20250324,20250325,executed,884152.TI,0.13972398636884506
20250324,20250325,executed,885398.TI,0.14019579415904299
20250324,20250325,executed,885699.TI,0.13638963030615534
20250324,20250325,executed,LOW_RISK,0.3034396424500775
20250325,20250326,executed,700582.TI,0.13999999999999999
20250325,20250326,executed,881146.TI,0.13999999999999999
20250325,20250326,executed,884152.TI,0.13999999999999999
20250325,20250326,executed,884155.TI,0.13999999999999999
20250325,20250326,executed,885398.TI,0.13999999999999999
20250325,20250326,executed,LOW_RISK,0.30000000000000004
20250326,20250327,executed,700380.TI,0.13999999999999999
20250326,20250327,executed,700582.TI,0.13999999999999999
20250326,20250327,executed,881146.TI,0.13999999999999999
20250326,20250327,executed,884152.TI,0.13999999999999999
20250326,20250327,executed,884155.TI,0.13999999999999999
20250326,20250327,executed,LOW_RISK,0.30000000000000004
20250327,20250328,executed,700324.TI,0.13999999999999999
20250327,20250328,executed,700380.TI,0.13999999999999999
20250327,20250328,executed,700498.TI,0.13999999999999999
20250327,20250328,executed,700582.TI,0.13999999999999999
20250327,20250328,executed,884155.TI,0.13999999999999999
20250327,20250328,executed,LOW_RISK,0.30000000000000004
20250328,20250331,executed,700324.TI,0.13946099343789578
20250328,20250331,executed,700380.TI,0.14006943749144135
20250328,20250331,executed,700498.TI,0.14009389185482304
20250328,20250331,executed,700582.TI,0.1391032990840477
20250328,20250331,executed,884155.TI,0.13925175767812173
20250328,20250331,executed,LOW_RISK,0.3020206204536704
20250331,20250401,executed,700310.TI,0.13999999999999999
20250331,20250401,executed,700324.TI,0.13999999999999999
20250331,20250401,executed,700380.TI,0.13999999999999999
20250331,20250401,executed,700498.TI,0.13999999999999999
20250331,20250401,executed,884155.TI,0.13999999999999999
20250331,20250401,executed,LOW_RISK,0.30000000000000004
20250401,20250402,executed,700310.TI,0.2
20250401,20250402,executed,700324.TI,0.2
20250401,20250402,executed,700380.TI,0.2
20250401,20250402,executed,700498.TI,0.2
20250401,20250402,executed,884155.TI,0.2
20250401,20250402,executed,LOW_RISK,0.0
20250402,20250403,executed,700310.TI,0.19956908327021022
20250402,20250403,executed,700324.TI,0.1998385514696892
20250402,20250403,executed,700380.TI,0.1988999296850919
20250402,20250403,executed,700498.TI,0.2000352808192042
20250402,20250403,executed,884155.TI,0.20165715475580454
20250402,20250403,executed,LOW_RISK,0.0
20250403,20250407,executed,700310.TI,0.20177766411881454
20250403,20250407,executed,700324.TI,0.19837268986108791
20250403,20250407,executed,700380.TI,0.19844941236837593
20250403,20250407,executed,700498.TI,0.19892414424687427
20250403,20250407,executed,884155.TI,0.20247608940484743
20250403,20250407,executed,LOW_RISK,0.0
20250407,20250408,executed,700310.TI,0.2
20250407,20250408,executed,700342.TI,0.2
20250407,20250408,executed,700380.TI,0.2
20250407,20250408,executed,884155.TI,0.2
20250407,20250408,executed,886045.TI,0.2
20250407,20250408,executed,LOW_RISK,0.0
20250408,20250409,executed,700310.TI,0.2
20250408,20250409,executed,700342.TI,0.2
20250408,20250409,executed,886045.TI,0.2
20250408,20250409,executed,886098.TI,0.2
20250408,20250409,executed,886099.TI,0.2
20250408,20250409,executed,LOW_RISK,0.0
20250409,20250410,executed,700342.TI,0.2
20250409,20250410,executed,886045.TI,0.2
20250409,20250410,executed,886098.TI,0.2
20250409,20250410,executed,886099.TI,0.2
20250409,20250410,executed,886100.TI,0.2
20250409,20250410,executed,LOW_RISK,0.0
20250410,20250411,executed,700342.TI,0.13999999999999999
20250410,20250411,executed,886045.TI,0.13999999999999999
20250410,20250411,executed,886098.TI,0.13999999999999999
20250410,20250411,executed,886099.TI,0.13999999999999999
20250410,20250411,executed,886100.TI,0.13999999999999999
20250410,20250411,executed,LOW_RISK,0.30000000000000004
20250411,20250414,executed,700342.TI,0.13768057759647814
20250411,20250414,executed,886045.TI,0.1381476921606799
20250411,20250414,executed,886098.TI,0.14266590186234243
20250411,20250414,executed,886099.TI,0.14325206029124238
20250411,20250414,executed,886100.TI,0.142226632202411
20250411,20250414,executed,LOW_RISK,0.29602713588684615
20250414,20250415,executed,884218.TI,0.13999999999999999
20250414,20250415,executed,884261.TI,0.13999999999999999
20250414,20250415,executed,886098.TI,0.13999999999999999
20250414,20250415,executed,886099.TI,0.13999999999999999
20250414,20250415,executed,886100.TI,0.13999999999999999
20250414,20250415,executed,LOW_RISK,0.30000000000000004
20250415,20250416,executed,884218.TI,0.14008705390542844
20250415,20250416,executed,884261.TI,0.1395726084374308
20250415,20250416,executed,886098.TI,0.14115080730057358
20250415,20250416,executed,886099.TI,0.13918343797723504
20250415,20250416,executed,886100.TI,0.13935770855838822
20250415,20250416,executed,LOW_RISK,0.30064838382094394
20250416,20250417,executed,884218.TI,0.13999999999999999
20250416,20250417,executed,884228.TI,0.13999999999999999
20250416,20250417,executed,884261.TI,0.13999999999999999
20250416,20250417,executed,886099.TI,0.13999999999999999
20250416,20250417,executed,886100.TI,0.13999999999999999
20250416,20250417,executed,LOW_RISK,0.30000000000000004
20250417,20250418,executed,884218.TI,0.13912184744861883
20250417,20250418,executed,884228.TI,0.1394010356778755
20250417,20250418,executed,884261.TI,0.14086574750167322
20250417,20250418,executed,886099.TI,0.14071025332116582
20250417,20250418,executed,886100.TI,0.14065832907225723
20250417,20250418,executed,LOW_RISK,0.29924278697840934
20250418,20250421,executed,884227.TI,0.13999999999999999
20250418,20250421,executed,884261.TI,0.13999999999999999
20250418,20250421,executed,884296.TI,0.13999999999999999
20250418,20250421,executed,885910.TI,0.13999999999999999
20250418,20250421,executed,886099.TI,0.13999999999999999
20250418,20250421,executed,LOW_RISK,0.30000000000000004
20250421,20250422,executed,884142.TI,0.13999999999999999
20250421,20250422,executed,884227.TI,0.13999999999999999
20250421,20250422,executed,884296.TI,0.13999999999999999
20250421,20250422,executed,885910.TI,0.13999999999999999
20250421,20250422,executed,886099.TI,0.13999999999999999
20250421,20250422,executed,LOW_RISK,0.30000000000000004
20250422,20250423,executed,884227.TI,0.13999999999999999
20250422,20250423,executed,884228.TI,0.13999999999999999
20250422,20250423,executed,884296.TI,0.13999999999999999
20250422,20250423,executed,885910.TI,0.13999999999999999
20250422,20250423,executed,886099.TI,0.13999999999999999
20250422,20250423,executed,LOW_RISK,0.30000000000000004
20250423,20250424,executed,884227.TI,0.1404981552353971
20250423,20250424,executed,884228.TI,0.14010669968191386
20250423,20250424,executed,884296.TI,0.14016928632716838
20250423,20250424,executed,885910.TI,0.13786520014462095
20250423,20250424,executed,886099.TI,0.14037160851124064
20250423,20250424,executed,LOW_RISK,0.30098905009965904
20250424,20250425,executed,884090.TI,0.13999999999999999
20250424,20250425,executed,884227.TI,0.13999999999999999
20250424,20250425,executed,884228.TI,0.13999999999999999
20250424,20250425,executed,885910.TI,0.13999999999999999
20250424,20250425,executed,886099.TI,0.13999999999999999
20250424,20250425,executed,LOW_RISK,0.30000000000000004
20250425,20250428,executed,881123.TI,0.13999999999999999
20250425,20250428,executed,884090.TI,0.13999999999999999
20250425,20250428,executed,884193.TI,0.13999999999999999
20250425,20250428,executed,884228.TI,0.13999999999999999
20250425,20250428,executed,886099.TI,0.13999999999999999
20250425,20250428,executed,LOW_RISK,0.30000000000000004
20250428,20250429,executed,881123.TI,0.1406792923858127
20250428,20250429,executed,884090.TI,0.1391266833758776
20250428,20250429,executed,884193.TI,0.1406792923858127
20250428,20250429,executed,884228.TI,0.1393741462284376
20250428,20250429,executed,886099.TI,0.13871302011678002
20250428,20250429,executed,LOW_RISK,0.30142756550727934
20250429,20250430,executed,881123.TI,0.13999999999999999
20250429,20250430,executed,884090.TI,0.13999999999999999
20250429,20250430,executed,884193.TI,0.13999999999999999
20250429,20250430,executed,885982.TI,0.13999999999999999
20250429,20250430,executed,886099.TI,0.13999999999999999
20250429,20250430,executed,LOW_RISK,0.30000000000000004
20250430,20250506,executed,881123.TI,0.13999999999999999
20250430,20250506,executed,884090.TI,0.13999999999999999
20250430,20250506,executed,884193.TI,0.13999999999999999
20250430,20250506,executed,885950.TI,0.13999999999999999
20250430,20250506,executed,885982.TI,0.13999999999999999
20250430,20250506,executed,LOW_RISK,0.30000000000000004
20250506,20250507,executed,881123.TI,0.13999999999999999
20250506,20250507,executed,884193.TI,0.13999999999999999
20250506,20250507,executed,885890.TI,0.13999999999999999
20250506,20250507,executed,885950.TI,0.13999999999999999
20250506,20250507,executed,885982.TI,0.13999999999999999
20250506,20250507,executed,LOW_RISK,0.30000000000000004
20250507,20250508,executed,884219.TI,0.13999999999999999
20250507,20250508,executed,885890.TI,0.13999999999999999
20250507,20250508,executed,885950.TI,0.13999999999999999
20250507,20250508,executed,885982.TI,0.13999999999999999
20250507,20250508,executed,886103.TI,0.13999999999999999
20250507,20250508,executed,LOW_RISK,0.30000000000000004
20250508,20250509,executed,884219.TI,0.14038486575476156
20250508,20250509,executed,885890.TI,0.1408611873612273
20250508,20250509,executed,885950.TI,0.14065275659327253
20250508,20250509,executed,885982.TI,0.1414025114291284
20250508,20250509,executed,886103.TI,0.13941844123659616
20250508,20250509,executed,LOW_RISK,0.2972802376250141
20250509,20250512,executed,700383.TI,0.13999999999999999
20250509,20250512,executed,884219.TI,0.13999999999999999
20250509,20250512,executed,885890.TI,0.13999999999999999
20250509,20250512,executed,885950.TI,0.13999999999999999
20250509,20250512,executed,886103.TI,0.13999999999999999
20250509,20250512,executed,LOW_RISK,0.30000000000000004
20250512,20250513,executed,700383.TI,0.13999999999999999
20250512,20250513,executed,700509.TI,0.13999999999999999
20250512,20250513,executed,884219.TI,0.13999999999999999
20250512,20250513,executed,885890.TI,0.13999999999999999
20250512,20250513,executed,886103.TI,0.13999999999999999
20250512,20250513,executed,LOW_RISK,0.30000000000000004
20250513,20250514,executed,700326.TI,0.13999999999999999
20250513,20250514,executed,700383.TI,0.13999999999999999
20250513,20250514,executed,700509.TI,0.13999999999999999
20250513,20250514,executed,884219.TI,0.13999999999999999
20250513,20250514,executed,886103.TI,0.13999999999999999
20250513,20250514,executed,LOW_RISK,0.30000000000000004
20250514,20250515,executed,700326.TI,0.13999999999999999
20250514,20250515,executed,700383.TI,0.13999999999999999
20250514,20250515,executed,700508.TI,0.13999999999999999
20250514,20250515,executed,700509.TI,0.13999999999999999
20250514,20250515,executed,884016.TI,0.13999999999999999
20250514,20250515,executed,LOW_RISK,0.30000000000000004
20250515,20250516,executed,700326.TI,0.1393873684897025
20250515,20250516,executed,700383.TI,0.13935514563850437
20250515,20250516,executed,700508.TI,0.13951911744225767
20250515,20250516,executed,700509.TI,0.14072047373010296
20250515,20250516,executed,884016.TI,0.13982277971416324
20250515,20250516,executed,LOW_RISK,0.3011951149852692
20250516,20250519,executed,700326.TI,0.13916120922211553
20250516,20250519,executed,700383.TI,0.13897711066293433
20250516,20250519,executed,700508.TI,0.13886762978996833
20250516,20250519,executed,700509.TI,0.1426967107035598
20250516,20250519,executed,884016.TI,0.140568984308141
20250516,20250519,executed,LOW_RISK,0.299728355313281
20250519,20250520,executed,700326.TI,0.13962721180344984
20250519,20250520,executed,700383.TI,0.13937539077829536
20250519,20250520,executed,700508.TI,0.13928331669250937
20250519,20250520,executed,700509.TI,0.1432563732487121
20250519,20250520,executed,884016.TI,0.13962058153421217
20250519,20250520,executed,LOW_RISK,0.2988371259428212
20250520,20250521,executed,700326.TI,0.14041406286604907
20250520,20250521,executed,700383.TI,0.13998889443548465
20250520,20250521,executed,700508.TI,0.14021341079827807
20250520,20250521,executed,700509.TI,0.14328170487477485
20250520,20250521,executed,884016.TI,0.14000832175320585
20250520,20250521,executed,LOW_RISK,0.2960936052722075
20250521,20250522,executed,700326.TI,0.13999999999999999
20250521,20250522,executed,700383.TI,0.13999999999999999
20250521,20250522,executed,700508.TI,0.13999999999999999
20250521,20250522,executed,700582.TI,0.13999999999999999
20250521,20250522,executed,886072.TI,0.13999999999999999
20250521,20250522,executed,LOW_RISK,0.30000000000000004
20250522,20250523,executed,700326.TI,0.14005002991710355
20250522,20250523,executed,700383.TI,0.14025969635080793
20250522,20250523,executed,700508.TI,0.14039154556906294
20250522,20250523,executed,700582.TI,0.14000210928466053
20250522,20250523,executed,886072.TI,0.13912417459361637
20250522,20250523,executed,LOW_RISK,0.30017244428474865
20250523,20250526,executed,700404.TI,0.13999999999999999
20250523,20250526,executed,700508.TI,0.13999999999999999
20250523,20250526,executed,700552.TI,0.13999999999999999
20250523,20250526,executed,700582.TI,0.13999999999999999
20250523,20250526,executed,886072.TI,0.13999999999999999
20250523,20250526,executed,LOW_RISK,0.30000000000000004
20250526,20250527,executed,700404.TI,0.13999999999999999
20250526,20250527,executed,700498.TI,0.13999999999999999
20250526,20250527,executed,700552.TI,0.13999999999999999
20250526,20250527,executed,700582.TI,0.13999999999999999
20250526,20250527,executed,886072.TI,0.13999999999999999
20250526,20250527,executed,LOW_RISK,0.30000000000000004
20250527,20250528,executed,700404.TI,0.13969172715392383
20250527,20250528,executed,700498.TI,0.14074883907411567
20250527,20250528,executed,700552.TI,0.13969172715392383
20250527,20250528,executed,700582.TI,0.14054324962694625
20250527,20250528,executed,886072.TI,0.13998805805468
20250527,20250528,executed,LOW_RISK,0.2993363989364104
20250528,20250529,executed,700404.TI,0.13999999999999999
20250528,20250529,executed,700498.TI,0.13999999999999999
20250528,20250529,executed,700552.TI,0.13999999999999999
20250528,20250529,executed,884156.TI,0.13999999999999999
20250528,20250529,executed,886072.TI,0.13999999999999999
20250528,20250529,executed,LOW_RISK,0.30000000000000004
20250529,20250530,executed,700404.TI,0.13993628112061024
20250529,20250530,executed,700498.TI,0.1393603570618909
20250529,20250530,executed,700552.TI,0.13993628112061024
20250529,20250530,executed,884156.TI,0.14005082927933155
20250529,20250530,executed,886072.TI,0.14081999058008488
20250529,20250530,executed,LOW_RISK,0.29989626083747223
20250530,20250603,executed,700404.TI,0.14169431727881682
20250530,20250603,executed,700498.TI,0.13851042670683913
20250530,20250603,executed,700552.TI,0.14169431727881682
20250530,20250603,executed,884156.TI,0.13890922771709255
20250530,20250603,executed,886072.TI,0.13957308953648606
20250530,20250603,executed,LOW_RISK,0.2996186214819486
20250603,20250604,executed,700324.TI,0.13999999999999999
20250603,20250604,executed,700376.TI,0.13999999999999999
20250603,20250604,executed,700534.TI,0.13999999999999999
20250603,20250604,executed,884156.TI,0.13999999999999999
20250603,20250604,executed,886072.TI,0.13999999999999999
20250603,20250604,executed,LOW_RISK,0.30000000000000004
20250604,20250605,executed,700324.TI,0.1391502182261347
20250604,20250605,executed,700376.TI,0.1389168708495525
20250604,20250605,executed,700534.TI,0.14118215766312114
20250604,20250605,executed,884156.TI,0.1395896921788276
20250604,20250605,executed,886072.TI,0.14110748171420712
20250604,20250605,executed,LOW_RISK,0.3000535793681569
20250605,20250606,executed,700324.TI,0.13999999999999999
20250605,20250606,executed,700376.TI,0.13999999999999999
20250605,20250606,executed,700534.TI,0.13999999999999999
20250605,20250606,executed,884313.TI,0.13999999999999999
20250605,20250606,executed,886072.TI,0.13999999999999999
20250605,20250606,executed,LOW_RISK,0.30000000000000004
20250606,20250609,executed,700324.TI,0.14022970604438514
20250606,20250609,executed,700376.TI,0.13913400387537708
20250606,20250609,executed,700534.TI,0.13976056055831704
20250606,20250609,executed,884313.TI,0.14066710176973118
20250606,20250609,executed,886072.TI,0.14028701074967131
20250606,20250609,executed,LOW_RISK,0.2999216170025183
20250609,20250610,executed,700324.TI,0.14002811244276592
20250609,20250610,executed,700376.TI,0.1391241511309223
20250609,20250610,executed,700534.TI,0.14112258045292445
20250609,20250610,executed,884313.TI,0.1393555859907175
20250609,20250610,executed,886072.TI,0.14082187499707885
20250609,20250610,executed,LOW_RISK,0.299547694985591
20250610,20250611,executed,884313.TI,0.13999999999999999
20250610,20250611,executed,885620.TI,0.13999999999999999
20250610,20250611,executed,885663.TI,0.13999999999999999
20250610,20250611,executed,886021.TI,0.13999999999999999
20250610,20250611,executed,886072.TI,0.13999999999999999
20250610,20250611,executed,LOW_RISK,0.30000000000000004
20250611,20250612,executed,884313.TI,0.1391860836255648
20250611,20250612,executed,885620.TI,0.14065192886860395
20250611,20250612,executed,885663.TI,0.140243034681221
20250611,20250612,executed,886021.TI,0.14017041732468516
20250611,20250612,executed,886072.TI,0.14044753022925774
20250611,20250612,executed,LOW_RISK,0.2993010052706673
20250612,20250613,executed,700454.TI,0.13999999999999999
20250612,20250613,executed,885620.TI,0.13999999999999999
20250612,20250613,executed,885663.TI,0.13999999999999999
20250612,20250613,executed,886021.TI,0.13999999999999999
20250612,20250613,executed,886072.TI,0.13999999999999999
20250612,20250613,executed,LOW_RISK,0.30000000000000004
20250613,20250616,executed,700454.TI,0.14206470889741993
20250613,20250616,executed,885620.TI,0.13856550202699558
20250613,20250616,executed,885663.TI,0.13954795794324903
20250613,20250616,executed,886021.TI,0.13911100557969544
20250613,20250616,executed,886072.TI,0.13905862694566373
20250613,20250616,executed,LOW_RISK,0.30165219860697623
20250616,20250617,executed,885620.TI,0.09999999999999999
20250616,20250617,executed,885663.TI,0.09999999999999999
20250616,20250617,executed,886072.TI,0.09999999999999999
20250616,20250617,executed,LOW_RISK,0.7
20250617,20250618,executed,700307.TI,0.09999999999999999
20250617,20250618,executed,885663.TI,0.09999999999999999
20250617,20250618,executed,886045.TI,0.09999999999999999
20250617,20250618,executed,LOW_RISK,0.7
20250618,20250619,executed,700307.TI,0.10005067519130344
20250618,20250619,executed,885663.TI,0.09965512828223927
20250618,20250619,executed,886045.TI,0.09938361455282711
20250618,20250619,executed,LOW_RISK,0.7009105819736302
20250619,20250620,executed,700307.TI,0.09941335618174184
20250619,20250620,executed,885663.TI,0.09862010480589732
20250619,20250620,executed,886045.TI,0.0988015797275611
20250619,20250620,executed,LOW_RISK,0.7031649592847997
20250620,20250623,executed,700307.TI,0.09983681967994809
20250620,20250623,executed,885663.TI,0.09838791193656353
20250620,20250623,executed,886045.TI,0.09891835460526889
20250620,20250623,executed,LOW_RISK,0.7028569137782195
20250623,20250624,executed,700307.TI,0.09999999999999999
20250623,20250624,executed,700361.TI,0.09999999999999999
20250623,20250624,executed,886045.TI,0.09999999999999999
20250623,20250624,executed,LOW_RISK,0.7
20250624,20250625,executed,700307.TI,0.10128086993470214
20250624,20250625,executed,700361.TI,0.09904057135657494
20250624,20250625,executed,886045.TI,0.1009207538475993
20250624,20250625,executed,LOW_RISK,0.6987578048611236
20250625,20250626,executed,700361.TI,0.09999999999999999
20250625,20250626,executed,885741.TI,0.09999999999999999
20250625,20250626,executed,886045.TI,0.09999999999999999
20250625,20250626,executed,LOW_RISK,0.7
20250626,20250627,executed,700361.TI,0.09997022949799642
20250626,20250627,executed,885741.TI,0.10015969230536488
20250626,20250627,executed,886045.TI,0.09993619724455649
20250626,20250627,executed,LOW_RISK,0.6999338809520822
20250627,20250630,executed,700361.TI,0.09992093531864472
20250627,20250630,executed,885741.TI,0.10029173308197394
20250627,20250630,executed,886045.TI,0.0996892851107481
20250627,20250630,executed,LOW_RISK,0.7000980464886333
20250630,20250701,executed,700364.TI,0.13999999999999999
20250630,20250701,executed,700569.TI,0.13999999999999999
20250630,20250701,executed,885741.TI,0.13999999999999999
20250630,20250701,executed,886045.TI,0.13999999999999999
20250630,20250701,executed,886103.TI,0.13999999999999999
20250630,20250701,executed,LOW_RISK,0.30000000000000004
20250701,20250702,executed,700364.TI,0.138997055464352
20250701,20250702,executed,700569.TI,0.13994597031133235
20250701,20250702,executed,885741.TI,0.1404924506563421
20250701,20250702,executed,886045.TI,0.14013244166870503
20250701,20250702,executed,886103.TI,0.14102049195580957
20250701,20250702,executed,LOW_RISK,0.29941158994345896
20250702,20250703,executed,700364.TI,0.14084271849019347
20250702,20250703,executed,700569.TI,0.13797596878909707
20250702,20250703,executed,885741.TI,0.14041712346214077
20250702,20250703,executed,886045.TI,0.14083119054367507
20250702,20250703,executed,886103.TI,0.1401068286951854
20250702,20250703,executed,LOW_RISK,0.29982617001970824
20250703,20250704,executed,700364.TI,0.14149866882405823
20250703,20250704,executed,700569.TI,0.1376145652767733
20250703,20250704,executed,885741.TI,0.13989897033480325
20250703,20250704,executed,886045.TI,0.14036767547355417
20250703,20250704,executed,886103.TI,0.14101461534257206
20250703,20250704,executed,LOW_RISK,0.299605504748239
20250704,20250707,executed,700364.TI,0.13955635385603155
20250704,20250707,executed,700569.TI,0.139620920424363
20250704,20250707,executed,885741.TI,0.1396477386951164
20250704,20250707,executed,886045.TI,0.1408678660553544
20250704,20250707,executed,886103.TI,0.140492120742825
20250704,20250707,executed,LOW_RISK,0.2998150002263097
20250707,20250708,executed,883302.TI,0.2
20250707,20250708,executed,885663.TI,0.2
20250707,20250708,executed,885741.TI,0.2
20250707,20250708,executed,886045.TI,0.2
20250707,20250708,executed,886072.TI,0.2
20250707,20250708,executed,LOW_RISK,0.0
20250708,20250709,executed,883302.TI,0.20010853563241354
20250708,20250709,executed,885663.TI,0.20009225459506053
20250708,20250709,executed,885741.TI,0.20018407075444344
20250708,20250709,executed,886045.TI,0.1997760003442221
20250708,20250709,executed,886072.TI,0.19983913867386052
20250708,20250709,executed,LOW_RISK,-2.220446049250313e-16
20250709,20250710,executed,883302.TI,0.19969641654761988
20250709,20250710,executed,885663.TI,0.2001508206858633
20250709,20250710,executed,885741.TI,0.20006561081994298
20250709,20250710,executed,886045.TI,0.1998688124866007
20250709,20250710,executed,886072.TI,0.20021833945997325
20250709,20250710,executed,LOW_RISK,0.0
20250710,20250711,executed,883302.TI,0.19904001466894744
20250710,20250711,executed,885663.TI,0.2006965764651574
20250710,20250711,executed,885741.TI,0.20013455093097432
20250710,20250711,executed,886045.TI,0.20007478598119371
20250710,20250711,executed,886072.TI,0.2000540719537272
20250710,20250711,executed,LOW_RISK,0.0
20250711,20250714,executed,883302.TI,0.2
20250711,20250714,executed,884156.TI,0.2
20250711,20250714,executed,885663.TI,0.2
20250711,20250714,executed,886045.TI,0.2
20250711,20250714,executed,886072.TI,0.2
20250711,20250714,executed,LOW_RISK,0.0
20250714,20250715,executed,700305.TI,0.2
20250714,20250715,executed,700498.TI,0.2
20250714,20250715,executed,884155.TI,0.2
20250714,20250715,executed,884156.TI,0.2
20250714,20250715,executed,886072.TI,0.2
20250714,20250715,executed,LOW_RISK,0.0
20250715,20250716,executed,700305.TI,0.19977057157499192
20250715,20250716,executed,700498.TI,0.20031207563481604
20250715,20250716,executed,884155.TI,0.19978765132520493
20250715,20250716,executed,884156.TI,0.19988932043357138
20250715,20250716,executed,886072.TI,0.20024038103141575
20250715,20250716,executed,LOW_RISK,0.0
20250716,20250717,executed,700305.TI,0.20021077125017397
20250716,20250717,executed,700498.TI,0.20022825998343136
20250716,20250717,executed,884155.TI,0.1990557250631841
20250716,20250717,executed,884156.TI,0.20049716580321536
20250716,20250717,executed,886072.TI,0.2000080778999953
20250716,20250717,executed,LOW_RISK,0.0
20250717,20250718,executed,700305.TI,0.20065100944800837
20250717,20250718,executed,700498.TI,0.1997247739860644
20250717,20250718,executed,884155.TI,0.19851848863391636
20250717,20250718,executed,884156.TI,0.20059563288082233
20250717,20250718,executed,886072.TI,0.2005100950511886
20250717,20250718,executed,LOW_RISK,0.0
20250718,20250721,executed,700305.TI,0.20060074376268033
20250718,20250721,executed,700498.TI,0.20008815509064445
20250718,20250721,executed,884155.TI,0.19840227331879684
20250718,20250721,executed,884156.TI,0.20060939596221714
20250718,20250721,executed,886072.TI,0.20029943186566135
20250718,20250721,executed,LOW_RISK,0.0
20250721,20250722,executed,700305.TI,0.2
20250721,20250722,executed,700498.TI,0.2
20250721,20250722,executed,884156.TI,0.2
20250721,20250722,executed,885663.TI,0.2
20250721,20250722,executed,886072.TI,0.2
20250721,20250722,executed,LOW_RISK,0.0
20250722,20250723,executed,700305.TI,0.20142374505681848
20250722,20250723,executed,700498.TI,0.19933210773117682
20250722,20250723,executed,884156.TI,0.19893902276584965
20250722,20250723,executed,885663.TI,0.200188385598442
20250722,20250723,executed,886072.TI,0.200116738847713
20250722,20250723,executed,LOW_RISK,0.0
20250723,20250724,executed,700305.TI,0.2
20250723,20250724,executed,700326.TI,0.2
20250723,20250724,executed,700498.TI,0.2
20250723,20250724,executed,885663.TI,0.2
20250723,20250724,executed,885761.TI,0.2
20250723,20250724,executed,LOW_RISK,0.0
20250724,20250725,executed,700305.TI,0.19978692270744794
20250724,20250725,executed,700326.TI,0.19750078909677182
20250724,20250725,executed,700498.TI,0.20285163047103538
20250724,20250725,executed,885663.TI,0.20075681819773966
20250724,20250725,executed,885761.TI,0.19910383952700528
20250724,20250725,executed,LOW_RISK,0.0
20250725,20250728,executed,700304.TI,0.2
20250725,20250728,executed,700305.TI,0.2
20250725,20250728,executed,700326.TI,0.2
20250725,20250728,executed,885663.TI,0.2
20250725,20250728,executed,885761.TI,0.2
20250725,20250728,executed,LOW_RISK,0.0
20250728,20250729,executed,700304.TI,0.2
20250728,20250729,executed,700305.TI,0.2
20250728,20250729,executed,700326.TI,0.2
20250728,20250729,executed,883302.TI,0.2
20250728,20250729,executed,885761.TI,0.2
20250728,20250729,executed,LOW_RISK,0.0
20250729,20250730,executed,700304.TI,0.2
20250729,20250730,executed,700326.TI,0.2
20250729,20250730,executed,883300.TI,0.2
20250729,20250730,executed,883302.TI,0.2
20250729,20250730,executed,885761.TI,0.2
20250729,20250730,executed,LOW_RISK,0.0
20250730,20250731,executed,700304.TI,0.2
20250730,20250731,executed,700332.TI,0.2
20250730,20250731,executed,883300.TI,0.2
20250730,20250731,executed,883302.TI,0.2
20250730,20250731,executed,883303.TI,0.2
20250730,20250731,executed,LOW_RISK,0.0
20250731,20250801,executed,700304.TI,0.19997793323483307
20250731,20250801,executed,700332.TI,0.20107219340433646
20250731,20250801,executed,883300.TI,0.19913800279584454
20250731,20250801,executed,883302.TI,0.19981498397464995
20250731,20250801,executed,883303.TI,0.19999688659033604
20250731,20250801,executed,LOW_RISK,0.0
20250801,20250804,executed,700332.TI,0.2
20250801,20250804,executed,700396.TI,0.2
20250801,20250804,executed,883300.TI,0.2
20250801,20250804,executed,883302.TI,0.2
20250801,20250804,executed,883303.TI,0.2
20250801,20250804,executed,LOW_RISK,0.0
20250804,20250805,executed,700332.TI,0.2
20250804,20250805,executed,700396.TI,0.2
20250804,20250805,executed,883300.TI,0.2
20250804,20250805,executed,883303.TI,0.2
20250804,20250805,executed,886100.TI,0.2
20250804,20250805,executed,LOW_RISK,0.0
20250805,20250806,executed,700332.TI,0.2
20250805,20250806,executed,700396.TI,0.2
20250805,20250806,executed,883303.TI,0.2
20250805,20250806,executed,885378.TI,0.2
20250805,20250806,executed,886100.TI,0.2
20250805,20250806,executed,LOW_RISK,0.0
20250806,20250807,executed,700396.TI,0.2
20250806,20250807,executed,885378.TI,0.2
20250806,20250807,executed,885520.TI,0.2
20250806,20250807,executed,885522.TI,0.2
20250806,20250807,executed,886100.TI,0.2
20250806,20250807,executed,LOW_RISK,0.0
20250807,20250808,executed,700396.TI,0.20288598145713954
20250807,20250808,executed,885378.TI,0.19925024857997792
20250807,20250808,executed,885520.TI,0.19868836735591658
20250807,20250808,executed,885522.TI,0.20027921517257463
20250807,20250808,executed,886100.TI,0.19889618743439139
20250807,20250808,executed,LOW_RISK,0.0
20250808,20250811,executed,885378.TI,0.2
20250808,20250811,executed,885520.TI,0.2
20250808,20250811,executed,885522.TI,0.2
20250808,20250811,executed,885540.TI,0.2
20250808,20250811,executed,886100.TI,0.2
20250808,20250811,executed,LOW_RISK,0.0
20250811,20250812,executed,700309.TI,0.2
20250811,20250812,executed,885378.TI,0.2
20250811,20250812,executed,885520.TI,0.2
20250811,20250812,executed,885522.TI,0.2
20250811,20250812,executed,885540.TI,0.2
20250811,20250812,executed,LOW_RISK,0.0
20250812,20250813,executed,700309.TI,0.2
20250812,20250813,executed,700340.TI,0.2
20250812,20250813,executed,885520.TI,0.2
20250812,20250813,executed,885522.TI,0.2
20250812,20250813,executed,885540.TI,0.2
20250812,20250813,executed,LOW_RISK,0.0
20250813,20250814,executed,700309.TI,0.20047230583239556
20250813,20250814,executed,700340.TI,0.19954827660251107
20250813,20250814,executed,885520.TI,0.2009293053989606
20250813,20250814,executed,885522.TI,0.19967357336622704
20250813,20250814,executed,885540.TI,0.19937653879990572
20250813,20250814,executed,LOW_RISK,0.0
20250814,20250815,executed,700309.TI,0.20080769513269187
20250814,20250815,executed,700340.TI,0.20131000228560803
20250814,20250815,executed,885520.TI,0.20032603240920233
20250814,20250815,executed,885522.TI,0.19903612536021467
20250814,20250815,executed,885540.TI,0.19852014481228303
20250814,20250815,executed,LOW_RISK,1.1102230246251565e-16
20250815,20250818,executed,700309.TI,0.2
20250815,20250818,executed,700326.TI,0.2
20250815,20250818,executed,700340.TI,0.2
20250815,20250818,executed,885520.TI,0.2
20250815,20250818,executed,885699.TI,0.2
20250815,20250818,executed,LOW_RISK,0.0
20250818,20250819,executed,700326.TI,0.2
20250818,20250819,executed,700340.TI,0.2
20250818,20250819,executed,700413.TI,0.2
20250818,20250819,executed,885520.TI,0.2
20250818,20250819,executed,885699.TI,0.2
20250818,20250819,executed,LOW_RISK,0.0
20250819,20250820,executed,700326.TI,0.20040682646578875
20250819,20250820,executed,700340.TI,0.19850991267570012
20250819,20250820,executed,700413.TI,0.19864071271591194
20250819,20250820,executed,885520.TI,0.20045851778520707
20250819,20250820,executed,885699.TI,0.2019840303573922
20250819,20250820,executed,LOW_RISK,0.0
20250820,20250821,executed,700326.TI,0.20014514929941304
20250820,20250821,executed,700340.TI,0.19736472902705005
20250820,20250821,executed,700413.TI,0.19763687098851132
20250820,20250821,executed,885520.TI,0.2013661689204806
20250820,20250821,executed,885699.TI,0.20348708176454516
20250820,20250821,executed,LOW_RISK,-2.220446049250313e-16
20250821,20250822,executed,700326.TI,0.2
20250821,20250822,executed,700413.TI,0.2
20250821,20250822,executed,885520.TI,0.2
20250821,20250822,executed,885699.TI,0.2
20250821,20250822,executed,885761.TI,0.2
20250821,20250822,executed,LOW_RISK,0.0
20250822,20250825,executed,700310.TI,0.2
20250822,20250825,executed,700342.TI,0.2
20250822,20250825,executed,700413.TI,0.2
20250822,20250825,executed,885699.TI,0.2
20250822,20250825,executed,885761.TI,0.2
20250822,20250825,executed,LOW_RISK,0.0
20250825,20250826,executed,700310.TI,0.2
20250825,20250826,executed,700342.TI,0.2
20250825,20250826,executed,885623.TI,0.2
20250825,20250826,executed,885699.TI,0.2
20250825,20250826,executed,885761.TI,0.2
20250825,20250826,executed,LOW_RISK,0.0
20250826,20250827,executed,700310.TI,0.19901694813061824
20250826,20250827,executed,700342.TI,0.19901695380027445
20250826,20250827,executed,885623.TI,0.20057044891118353
20250826,20250827,executed,885699.TI,0.20221091629387472
20250826,20250827,executed,885761.TI,0.1991847328640492
20250826,20250827,executed,LOW_RISK,-2.220446049250313e-16
20250827,20250828,executed,700310.TI,0.20003561052578417
20250827,20250828,executed,700342.TI,0.20003561943292114
20250827,20250828,executed,885623.TI,0.19812103053416089
20250827,20250828,executed,885699.TI,0.20291158984750957
20250827,20250828,executed,885761.TI,0.19889614965962432
20250827,20250828,executed,LOW_RISK,0.0
20250828,20250829,executed,700310.TI,0.2
20250828,20250829,executed,700342.TI,0.2
20250828,20250829,executed,700418.TI,0.2
20250828,20250829,executed,885623.TI,0.2
20250828,20250829,executed,885699.TI,0.2
20250828,20250829,executed,LOW_RISK,0.0
20250829,20250901,executed,700310.TI,0.20007185689494347
20250829,20250901,executed,700342.TI,0.2000718501558891
20250829,20250901,executed,700418.TI,0.20012552532470038
20250829,20250901,executed,885623.TI,0.1997373729330758
20250829,20250901,executed,885699.TI,0.19999339469139132
20250829,20250901,executed,LOW_RISK,0.0
20250901,20250902,executed,700310.TI,0.2
20250901,20250902,executed,700342.TI,0.2
20250901,20250902,executed,700418.TI,0.2
20250901,20250902,executed,700581.TI,0.2
20250901,20250902,executed,885699.TI,0.2
20250901,20250902,executed,LOW_RISK,0.0
20250902,20250903,executed,700310.TI,0.20025653115009046
20250902,20250903,executed,700342.TI,0.20025653041061245
20250902,20250903,executed,700418.TI,0.20118105705560285
20250902,20250903,executed,700581.TI,0.20118106888725093
20250902,20250903,executed,885699.TI,0.1971248124964434
20250902,20250903,executed,LOW_RISK,0.0
20250903,20250904,executed,700310.TI,0.2
20250903,20250904,executed,700342.TI,0.2
20250903,20250904,executed,700418.TI,0.2
20250903,20250904,executed,700581.TI,0.2
20250903,20250904,executed,884150.TI,0.2
20250903,20250904,executed,LOW_RISK,0.0
20250904,20250905,executed,700310.TI,0.20013068536533596
20250904,20250905,executed,700342.TI,0.200130690459295
20250904,20250905,executed,700418.TI,0.20023705897617566
20250904,20250905,executed,700581.TI,0.20023705772013095
20250904,20250905,executed,884150.TI,0.19926450747906244
20250904,20250905,executed,LOW_RISK,0.0
20250905,20250908,executed,700310.TI,0.19940028404561985
20250905,20250908,executed,700342.TI,0.19940028599554263
20250905,20250908,executed,700418.TI,0.1992197109665397
20250905,20250908,executed,700581.TI,0.19921970475029585
20250905,20250908,executed,884150.TI,0.20276001424200193
20250905,20250908,executed,LOW_RISK,0.0
20250908,20250909,executed,700310.TI,0.19948251464967656
20250908,20250909,executed,700342.TI,0.19948252323582913
20250908,20250909,executed,700418.TI,0.19966152032425938
20250908,20250909,executed,700581.TI,0.1996615181455398
20250908,20250909,executed,884150.TI,0.20171192364469506
20250908,20250909,executed,LOW_RISK,0.0
20250909,20250910,executed,700310.TI,0.1995933081397506
20250909,20250910,executed,700342.TI,0.19959331626338614
20250909,20250910,executed,700418.TI,0.19977341300141024
20250909,20250910,executed,700581.TI,0.19977341400186466
20250909,20250910,executed,884150.TI,0.20126654859358828
20250909,20250910,executed,LOW_RISK,1.1102230246251565e-16
20250910,20250911,executed,700310.TI,0.2
20250910,20250911,executed,700342.TI,0.2
20250910,20250911,executed,700418.TI,0.2
20250910,20250911,executed,700581.TI,0.2
20250910,20250911,executed,884155.TI,0.2
20250910,20250911,executed,LOW_RISK,0.0
20250911,20250912,executed,700310.TI,0.20017626671124544
20250911,20250912,executed,700342.TI,0.20017627392635476
20250911,20250912,executed,700418.TI,0.1999533708021193
20250911,20250912,executed,700581.TI,0.19995336700956182
20250911,20250912,executed,884155.TI,0.19974072155071862
20250911,20250912,executed,LOW_RISK,0.0
20250912,20250915,executed,700310.TI,0.20045549126228165
20250912,20250915,executed,700342.TI,0.20045548782502104
20250912,20250915,executed,700418.TI,0.20001833820458237
20250912,20250915,executed,700581.TI,0.20001833623259913
20250912,20250915,executed,884155.TI,0.1990523464755157
20250912,20250915,executed,LOW_RISK,1.1102230246251565e-16
20250915,20250916,executed,700310.TI,0.20037891685398065
20250915,20250916,executed,700342.TI,0.20037890943912604
20250915,20250916,executed,700418.TI,0.2001184804209494
20250915,20250916,executed,700581.TI,0.20011847989594503
20250915,20250916,executed,884155.TI,0.1990052133899988
20250915,20250916,executed,LOW_RISK,1.1102230246251565e-16
20250916,20250917,executed,700310.TI,0.2002619221492582
20250916,20250917,executed,700342.TI,0.2002619211030611
20250916,20250917,executed,700418.TI,0.1996427661256361
20250916,20250917,executed,700581.TI,0.19964276877990808
20250916,20250917,executed,884155.TI,0.20019062184213643
20250916,20250917,executed,LOW_RISK,1.1102230246251565e-16
20250917,20250918,executed,700310.TI,0.2
20250917,20250918,executed,700324.TI,0.2
20250917,20250918,executed,700342.TI,0.2
20250917,20250918,executed,700418.TI,0.2
20250917,20250918,executed,700581.TI,0.2
20250917,20250918,executed,LOW_RISK,0.0
20250918,20250919,executed,700324.TI,0.2
20250918,20250919,executed,881137.TI,0.2
20250918,20250919,executed,881145.TI,0.2
20250918,20250919,executed,884195.TI,0.2
20250918,20250919,executed,884291.TI,0.2
20250918,20250919,executed,LOW_RISK,0.0
20250919,20250922,executed,700324.TI,0.2025479868473636
20250919,20250922,executed,881137.TI,0.1971249366933191
20250919,20250922,executed,881145.TI,0.20099229426030799
20250919,20250922,executed,884195.TI,0.1971249366933191
20250919,20250922,executed,884291.TI,0.20220984550569024
20250919,20250922,executed,LOW_RISK,0.0
20250922,20250923,executed,700324.TI,0.20236887488461033
20250922,20250923,executed,881137.TI,0.19533775582510293
20250922,20250923,executed,881145.TI,0.2017312890507036
20250922,20250923,executed,884195.TI,0.19533775582510293
20250922,20250923,executed,884291.TI,0.2052243244144802
20250922,20250923,executed,LOW_RISK,0.0
20250923,20250924,executed,700324.TI,0.20429409732069057
20250923,20250924,executed,881137.TI,0.19347842810398075
20250923,20250924,executed,881145.TI,0.20355254809946452
20250923,20250924,executed,884195.TI,0.19347842810398075
20250923,20250924,executed,884291.TI,0.2051964983718834
20250923,20250924,executed,LOW_RISK,0.0
20250924,20250925,executed,700550.TI,0.2
20250924,20250925,executed,881137.TI,0.2
20250924,20250925,executed,881145.TI,0.2
20250924,20250925,executed,884195.TI,0.2
20250924,20250925,executed,884291.TI,0.2
20250924,20250925,executed,LOW_RISK,0.0
20250925,20250926,executed,700550.TI,0.2
20250925,20250926,executed,884182.TI,0.2
20250925,20250926,executed,884207.TI,0.2
20250925,20250926,executed,884314.TI,0.2
20250925,20250926,executed,886058.TI,0.2
20250925,20250926,executed,LOW_RISK,0.0
20250926,20250929,executed,700320.TI,0.2
20250926,20250929,executed,700550.TI,0.2
20250926,20250929,executed,884207.TI,0.2
20250926,20250929,executed,884314.TI,0.2
20250926,20250929,executed,886058.TI,0.2
20250926,20250929,executed,LOW_RISK,0.0
20250929,20250930,executed,700320.TI,0.19647318576726766
20250929,20250930,executed,700550.TI,0.20209564777003977
20250929,20250930,executed,884207.TI,0.20131127921342312
20250929,20250930,executed,884314.TI,0.19929479650022738
20250929,20250930,executed,886058.TI,0.2008250907490421
20250929,20250930,executed,LOW_RISK,0.0
20250930,20251009,executed,700320.TI,0.1972869716472225
20250930,20251009,executed,700550.TI,0.19883468664829168
20250930,20251009,executed,884207.TI,0.20291975061474918
20250930,20251009,executed,884314.TI,0.19808597926364338
20250930,20251009,executed,886058.TI,0.20287261182609326
20250930,20251009,executed,LOW_RISK,0.0
20251009,20251010,executed,700320.TI,0.2
20251009,20251010,executed,700550.TI,0.1986564264989195
20251009,20251010,executed,884207.TI,0.2
20251009,20251010,executed,884314.TI,0.2
20251009,20251010,executed,886058.TI,0.2
20251009,20251010,executed,LOW_RISK,0.0013435735010804972
20251010,20251013,executed,700320.TI,0.2
20251010,20251013,executed,700550.TI,0.2
20251010,20251013,executed,884018.TI,0.2
20251010,20251013,executed,885663.TI,0.2
20251010,20251013,executed,885697.TI,0.2
20251010,20251013,executed,LOW_RISK,0.0
20251013,20251014,executed,700310.TI,0.2
20251013,20251014,executed,881125.TI,0.2
20251013,20251014,executed,884018.TI,0.2
20251013,20251014,executed,885663.TI,0.2
20251013,20251014,executed,885697.TI,0.2
20251013,20251014,executed,LOW_RISK,0.0
20251014,20251015,executed,700310.TI,0.20112452445565904
20251014,20251015,executed,881125.TI,0.1992508624323093
20251014,20251015,executed,884018.TI,0.20216429303414632
20251014,20251015,executed,885663.TI,0.19976741736347028
20251014,20251015,executed,885697.TI,0.19769290271441503
20251014,20251015,executed,LOW_RISK,0.0
20251015,20251016,executed,700310.TI,0.20045424863286554
20251015,20251016,executed,881125.TI,0.20435812187430746
20251015,20251016,executed,884018.TI,0.20098840723938324
20251015,20251016,executed,885663.TI,0.199710886641053
20251015,20251016,executed,885697.TI,0.19448833561239068
20251015,20251016,executed,LOW_RISK,1.1102230246251565e-16
20251016,20251017,executed,700310.TI,0.2010304107742113
20251016,20251017,executed,881125.TI,0.20402692645364812
20251016,20251017,executed,884018.TI,0.19945270710447796
20251016,20251017,executed,885663.TI,0.20025361003657122
20251016,20251017,executed,885697.TI,0.19523634563109135
20251016,20251017,executed,LOW_RISK,0.0
20251017,20251020,executed,700310.TI,0.2
20251017,20251020,executed,700342.TI,0.2
20251017,20251020,executed,700499.TI,0.2
20251017,20251020,executed,881125.TI,0.2
20251017,20251020,executed,885663.TI,0.2
20251017,20251020,executed,LOW_RISK,0.0
20251020,20251021,executed,700310.TI,0.2
20251020,20251021,executed,700342.TI,0.2
20251020,20251021,executed,700380.TI,0.2
20251020,20251021,executed,700499.TI,0.2
20251020,20251021,executed,884154.TI,0.2
20251020,20251021,executed,LOW_RISK,0.0
20251021,20251022,executed,700310.TI,0.20021550885846492
20251021,20251022,executed,700342.TI,0.2002155009671896
20251021,20251022,executed,700380.TI,0.19960326033984557
20251021,20251022,executed,700499.TI,0.19977851221930365
20251021,20251022,executed,884154.TI,0.20018721761519626
20251021,20251022,executed,LOW_RISK,0.0
20251022,20251023,executed,700310.TI,0.19934812646402592
20251022,20251023,executed,700342.TI,0.19934812556099898
20251022,20251023,executed,700380.TI,0.19908755132109954
20251022,20251023,executed,700499.TI,0.20099482118881662
20251022,20251023,executed,884154.TI,0.20122137546505886
20251022,20251023,executed,LOW_RISK,1.1102230246251565e-16
20251023,20251024,executed,700342.TI,0.2
20251023,20251024,executed,700380.TI,0.2
20251023,20251024,executed,700499.TI,0.2
20251023,20251024,executed,881149.TI,0.2
20251023,20251024,executed,884154.TI,0.2
20251023,20251024,executed,LOW_RISK,0.0
20251024,20251027,executed,700324.TI,0.2
20251024,20251027,executed,700380.TI,0.2
20251024,20251027,executed,700499.TI,0.2
20251024,20251027,executed,881149.TI,0.2
20251024,20251027,executed,884154.TI,0.2
20251024,20251027,executed,LOW_RISK,0.0
20251027,20251028,executed,700324.TI,0.20014025126772003
20251027,20251028,executed,700380.TI,0.1998837750997899
20251027,20251028,executed,700499.TI,0.20042840478425103
20251027,20251028,executed,881149.TI,0.19940265451810904
20251027,20251028,executed,884154.TI,0.20014491433013007
20251027,20251028,executed,LOW_RISK,0.0
20251028,20251029,executed,700324.TI,0.19907920792345576
20251028,20251029,executed,700380.TI,0.20026040526907643
20251028,20251029,executed,700499.TI,0.20043555099286836
20251028,20251029,executed,881149.TI,0.1994180407336139
20251028,20251029,executed,884154.TI,0.20080679508098576
20251028,20251029,executed,LOW_RISK,-2.220446049250313e-16
20251029,20251030,executed,700324.TI,0.2003781783377728
20251029,20251030,executed,700380.TI,0.19945810314754608
20251029,20251030,executed,700499.TI,0.20023167329041697
20251029,20251030,executed,881149.TI,0.1994571061973749
20251029,20251030,executed,884154.TI,0.20047493902688948
20251029,20251030,executed,LOW_RISK,-2.220446049250313e-16
20251030,20251031,executed,700324.TI,0.2006457434765479
20251030,20251031,executed,700380.TI,0.19994872877861533
20251030,20251031,executed,700499.TI,0.19941825208758449
20251030,20251031,executed,881149.TI,0.19951139267977916
20251030,20251031,executed,884154.TI,0.20047588297747332
20251030,20251031,executed,LOW_RISK,-2.220446049250313e-16
20251031,20251103,executed,700380.TI,0.2
20251031,20251103,executed,700499.TI,0.2
20251031,20251103,executed,881149.TI,0.2
20251031,20251103,executed,884154.TI,0.2
20251031,20251103,executed,885995.TI,0.2
20251031,20251103,executed,LOW_RISK,0.0
20251103,20251104,executed,700380.TI,0.19931083699385335
20251103,20251104,executed,700499.TI,0.19944377514611847
20251103,20251104,executed,881149.TI,0.2002576511736577
20251103,20251104,executed,884154.TI,0.20027497663873758
20251103,20251104,executed,885995.TI,0.2007127600476329
20251103,20251104,executed,LOW_RISK,0.0
20251104,20251105,executed,700380.TI,0.19891684180407587
20251104,20251105,executed,700499.TI,0.19976276013568675
20251104,20251105,executed,881149.TI,0.20072902211017885
20251104,20251105,executed,884154.TI,0.20157514275050784
20251104,20251105,executed,885995.TI,0.19901623319955078
20251104,20251105,executed,LOW_RISK,0.0
20251105,20251106,executed,700380.TI,0.19832915386070907
20251105,20251106,executed,700499.TI,0.19910293116363917
20251105,20251106,executed,881149.TI,0.20130164055381441
20251105,20251106,executed,884154.TI,0.20210840423210616
20251105,20251106,executed,885995.TI,0.19915787018973125
20251105,20251106,executed,LOW_RISK,0.0
20251106,20251107,executed,700380.TI,0.2
20251106,20251107,executed,700498.TI,0.2
20251106,20251107,executed,700499.TI,0.2
20251106,20251107,executed,885995.TI,0.2
20251106,20251107,executed,886072.TI,0.2
20251106,20251107,executed,LOW_RISK,0.0
20251107,20251110,executed,700380.TI,0.20041887128473965
20251107,20251110,executed,700498.TI,0.20107385087912766
20251107,20251110,executed,700499.TI,0.1988796685184715
20251107,20251110,executed,885995.TI,0.19929943929074012
20251107,20251110,executed,886072.TI,0.20032817002692105
20251107,20251110,executed,LOW_RISK,0.0
20251110,20251111,executed,700380.TI,0.19980730762029017
20251110,20251111,executed,700498.TI,0.2033870581972627
20251110,20251111,executed,700499.TI,0.19784194168483016
20251110,20251111,executed,885995.TI,0.19944970545337296
20251110,20251111,executed,886072.TI,0.19951398704424408
20251110,20251111,executed,LOW_RISK,0.0
20251111,20251112,executed,700380.TI,0.19945704177673568
20251111,20251112,executed,700498.TI,0.20468087048344719
20251111,20251112,executed,700499.TI,0.19721296513932837
20251111,20251112,executed,885995.TI,0.20000886639308513
20251111,20251112,executed,886072.TI,0.19864025620740358
20251111,20251112,executed,LOW_RISK,0.0
20251112,20251113,executed,700380.TI,0.19885326336831746
20251112,20251113,executed,700498.TI,0.2056698605318364
20251112,20251113,executed,700499.TI,0.19661308043039677
20251112,20251113,executed,885995.TI,0.19956115487126497
20251112,20251113,executed,886072.TI,0.19930264079818438
20251112,20251113,executed,LOW_RISK,0.0
20251113,20251114,executed,700324.TI,0.2
20251113,20251114,executed,700380.TI,0.2
20251113,20251114,executed,885811.TI,0.2
20251113,20251114,executed,885995.TI,0.2
20251113,20251114,executed,886072.TI,0.2
20251113,20251114,executed,LOW_RISK,0.0
20251114,20251117,executed,700324.TI,0.19903765894414285
20251114,20251117,executed,700380.TI,0.20068829379779501
20251114,20251117,executed,885811.TI,0.19971176758514403
20251114,20251117,executed,885995.TI,0.20117621364070928
20251114,20251117,executed,886072.TI,0.19938606603220893
20251114,20251117,executed,LOW_RISK,0.0
20251117,20251118,executed,700324.TI,0.2
20251117,20251118,executed,885811.TI,0.2
20251117,20251118,executed,885814.TI,0.2
20251117,20251118,executed,885995.TI,0.2
20251117,20251118,executed,886072.TI,0.2
20251117,20251118,executed,LOW_RISK,0.0
20251118,20251119,executed,700324.TI,0.2
20251118,20251119,executed,881284.TI,0.2
20251118,20251119,executed,885811.TI,0.2
20251118,20251119,executed,885814.TI,0.2
20251118,20251119,executed,885995.TI,0.2
20251118,20251119,executed,LOW_RISK,0.0
20251119,20251120,executed,700324.TI,0.19983783607656475
20251119,20251120,executed,881284.TI,0.19943341061549152
20251119,20251120,executed,885811.TI,0.20090128236868388
20251119,20251120,executed,885814.TI,0.19972443200670362
20251119,20251120,executed,885995.TI,0.2001030389325563
20251119,20251120,executed,LOW_RISK,0.0
20251120,20251121,executed,700511.TI,0.2
20251120,20251121,executed,881284.TI,0.2
20251120,20251121,executed,884084.TI,0.2
20251120,20251121,executed,885814.TI,0.2
20251120,20251121,executed,885995.TI,0.2
20251120,20251121,executed,LOW_RISK,0.0
20251121,20251124,executed,700511.TI,0.13999999999999999
20251121,20251124,executed,881284.TI,0.13999999999999999
20251121,20251124,executed,884084.TI,0.13999999999999999
20251121,20251124,executed,884285.TI,0.13999999999999999
20251121,20251124,executed,885995.TI,0.13999999999999999
20251121,20251124,executed,LOW_RISK,0.30000000000000004
20251124,20251125,executed,700511.TI,0.09999999999999999
20251124,20251125,executed,884084.TI,0.09999999999999999
20251124,20251125,executed,884283.TI,0.09999999999999999
20251124,20251125,executed,LOW_RISK,0.7
20251125,20251126,executed,700511.TI,0.1002154386167689
20251125,20251126,executed,884084.TI,0.10043854109899777
20251125,20251126,executed,884283.TI,0.10067600892236143
20251125,20251126,executed,LOW_RISK,0.6986700113618719
20251126,20251127,executed,700511.TI,0.10104675868492921
20251126,20251127,executed,884084.TI,0.09968293653296688
20251126,20251127,executed,884283.TI,0.10028305816227572
20251126,20251127,executed,LOW_RISK,0.6989872466198281
20251127,20251128,executed,700340.TI,0.09999999999999999
20251127,20251128,executed,700413.TI,0.09999999999999999
20251127,20251128,executed,884283.TI,0.09999999999999999
20251127,20251128,executed,LOW_RISK,0.7
20251128,20251201,executed,700340.TI,0.09984162199815942
20251128,20251201,executed,700413.TI,0.09982189165344142
20251128,20251201,executed,884283.TI,0.10200120707248925
20251128,20251201,executed,LOW_RISK,0.6983352792759099
20251201,20251202,executed,700340.TI,0.09999999999999999
20251201,20251202,executed,700413.TI,0.09999999999999999
20251201,20251202,executed,884220.TI,0.09999999999999999
20251201,20251202,executed,LOW_RISK,0.7
20251202,20251203,executed,700340.TI,0.10034070357341675
20251202,20251203,executed,700413.TI,0.10033004024678759
20251202,20251203,executed,884220.TI,0.09891444730998303
20251202,20251203,executed,LOW_RISK,0.7004148088698127
20251203,20251204,executed,700340.TI,0.09976512762157745
20251203,20251204,executed,700413.TI,0.09977193748204852
20251203,20251204,executed,884220.TI,0.09759532125856774
20251203,20251204,executed,LOW_RISK,0.7028676136378063
20251204,20251205,executed,700383.TI,0.09999999999999999
20251204,20251205,executed,884220.TI,0.09999999999999999
20251204,20251205,executed,886071.TI,0.09999999999999999
20251204,20251205,executed,LOW_RISK,0.7
20251205,20251208,executed,700383.TI,0.10033604303095142
20251205,20251208,executed,884220.TI,0.10243146556317777
20251205,20251208,executed,886071.TI,0.10089043564723264
20251205,20251208,executed,LOW_RISK,0.6963420557586382
20251208,20251209,executed,700383.TI,0.09999999999999999
20251208,20251209,executed,884091.TI,0.09999999999999999
20251208,20251209,executed,886071.TI,0.09999999999999999
20251208,20251209,executed,LOW_RISK,0.7
20251209,20251210,executed,700383.TI,0.13999999999999999
20251209,20251210,executed,881114.TI,0.13999999999999999
20251209,20251210,executed,884091.TI,0.13999999999999999
20251209,20251210,executed,884284.TI,0.13999999999999999
20251209,20251210,executed,886071.TI,0.13999999999999999
20251209,20251210,executed,LOW_RISK,0.30000000000000004
20251210,20251211,executed,700383.TI,0.14010563533468268
20251210,20251211,executed,881114.TI,0.1399937837750205
20251210,20251211,executed,884091.TI,0.1424642409978502
20251210,20251211,executed,884284.TI,0.1399517329928
20251210,20251211,executed,886071.TI,0.13885562015415112
20251210,20251211,executed,LOW_RISK,0.29862898674549543
20251211,20251212,executed,700343.TI,0.13999999999999999
20251211,20251212,executed,700423.TI,0.13999999999999999
20251211,20251212,executed,881114.TI,0.13999999999999999
20251211,20251212,executed,884091.TI,0.13999999999999999
20251211,20251212,executed,884309.TI,0.13999999999999999
20251211,20251212,executed,LOW_RISK,0.30000000000000004
20251212,20251215,executed,700343.TI,0.1358537382252561
20251212,20251215,executed,700423.TI,0.1358537314230053
20251212,20251215,executed,881114.TI,0.1447292872992609
20251212,20251215,executed,884091.TI,0.1427314979043889
20251212,20251215,executed,884309.TI,0.13986630825255145
20251212,20251215,executed,LOW_RISK,0.30096543689553734
20251215,20251216,executed,700343.TI,0.09999999999999999
20251215,20251216,executed,700423.TI,0.09999999999999999
20251215,20251216,executed,884309.TI,0.09999999999999999
20251215,20251216,executed,LOW_RISK,0.7
20251216,20251217,executed,700343.TI,0.09886585418628598
20251216,20251217,executed,700423.TI,0.09886585568324237
20251216,20251217,executed,884309.TI,0.09902023632648577
20251216,20251217,executed,LOW_RISK,0.7032480538039859
20251217,20251218,executed,700343.TI,0.09906742807326181
20251217,20251218,executed,700423.TI,0.09906742130653715
20251217,20251218,executed,884309.TI,0.10025410123127018
20251217,20251218,executed,LOW_RISK,0.7016110493889309
20251218,20251219,executed,884215.TI,0.09999999999999999
20251218,20251219,executed,884284.TI,0.09999999999999999
20251218,20251219,executed,884309.TI,0.09999999999999999
20251218,20251219,executed,LOW_RISK,0.7
20251219,20251222,executed,884215.TI,0.09999999999999999
20251219,20251222,executed,884284.TI,0.09999999999999999
20251219,20251222,executed,886053.TI,0.09999999999999999
20251219,20251222,executed,LOW_RISK,0.7
20251222,20251223,executed,884215.TI,0.10156908175571716
20251222,20251223,executed,884284.TI,0.10147744259695987
20251222,20251223,executed,886053.TI,0.10098312862588557
20251222,20251223,executed,LOW_RISK,0.6959703470214373
20251223,20251224,executed,884215.TI,0.1005005866560651
20251223,20251224,executed,884284.TI,0.10326438805457458
20251223,20251224,executed,886053.TI,0.10081836246199145
20251223,20251224,executed,LOW_RISK,0.6954166628273688
20251224,20251225,executed,884215.TI,0.09970362817398222
20251224,20251225,executed,884284.TI,0.10177192154947037
20251224,20251225,executed,886053.TI,0.1037767573565451
20251224,20251225,executed,LOW_RISK,0.6947476929200023
20251225,20251226,executed,700380.TI,0.09999999999999999
20251225,20251226,executed,886053.TI,0.09999999999999999
20251225,20251226,executed,886072.TI,0.09999999999999999
20251225,20251226,executed,LOW_RISK,0.7
20251226,20251229,executed,700380.TI,0.09999999999999999
20251226,20251229,executed,885520.TI,0.09999999999999999
20251226,20251229,executed,886072.TI,0.09999999999999999
20251226,20251229,executed,LOW_RISK,0.7
20251229,20251230,executed,700380.TI,0.09892923271191453
20251229,20251230,executed,885520.TI,0.09962523844717214
20251229,20251230,executed,886072.TI,0.099620135282205
20251229,20251230,executed,LOW_RISK,0.7018253935587083
20251230,20251231,executed,700307.TI,0.13999999999999999
20251230,20251231,executed,700380.TI,0.13999999999999999
20251230,20251231,executed,883301.TI,0.13999999999999999
20251230,20251231,executed,885520.TI,0.13999999999999999
20251230,20251231,executed,886072.TI,0.13999999999999999
20251230,20251231,executed,LOW_RISK,0.30000000000000004
20251231,20260105,executed,700307.TI,0.1400240005057808
20251231,20260105,executed,700380.TI,0.1398294575696474
20251231,20260105,executed,883301.TI,0.1403785132569985
20251231,20260105,executed,885520.TI,0.14019753053570008
20251231,20260105,executed,886072.TI,0.14007492679092054
20251231,20260105,executed,LOW_RISK,0.2994955713409527
20260105,20260106,executed,700303.TI,0.13999999999999999
20260105,20260106,executed,700307.TI,0.13999999999999999
20260105,20260106,executed,883301.TI,0.13999999999999999
20260105,20260106,executed,885520.TI,0.13999999999999999
20260105,20260106,executed,886045.TI,0.13999999999999999
20260105,20260106,executed,LOW_RISK,0.30000000000000004
20260106,20260107,executed,700303.TI,0.13999999999999999
20260106,20260107,executed,700307.TI,0.13999999999999999
20260106,20260107,executed,883301.TI,0.13999999999999999
20260106,20260107,executed,885741.TI,0.13999999999999999
20260106,20260107,executed,886045.TI,0.13999999999999999
20260106,20260107,executed,LOW_RISK,0.30000000000000004
20260107,20260108,executed,700303.TI,0.14066784639087557
20260107,20260108,executed,700307.TI,0.1388107637857153
20260107,20260108,executed,883301.TI,0.13920442991555734
20260107,20260108,executed,885741.TI,0.14039411174741218
20260107,20260108,executed,886045.TI,0.14026302924403294
20260107,20260108,executed,LOW_RISK,0.3006598189164067
20260108,20260109,executed,700303.TI,0.13999999999999999
20260108,20260109,executed,700323.TI,0.13999999999999999
20260108,20260109,executed,885520.TI,0.13999999999999999
20260108,20260109,executed,885741.TI,0.13999999999999999
20260108,20260109,executed,886045.TI,0.13999999999999999
20260108,20260109,executed,LOW_RISK,0.30000000000000004
20260109,20260112,executed,700303.TI,0.1405877164053964
20260109,20260112,executed,700323.TI,0.1422468017654154
20260109,20260112,executed,885520.TI,0.14101664012645096
20260109,20260112,executed,885741.TI,0.14048033764183582
20260109,20260112,executed,886045.TI,0.13925683404095737
20260109,20260112,executed,LOW_RISK,0.29641167001994406
20260112,20260113,executed,700323.TI,0.2
20260112,20260113,executed,700369.TI,0.2
20260112,20260113,executed,885520.TI,0.2
20260112,20260113,executed,885741.TI,0.2
20260112,20260113,executed,886045.TI,0.2
20260112,20260113,executed,LOW_RISK,0.0
20260113,20260114,executed,700323.TI,0.2
20260113,20260114,executed,700369.TI,0.2
20260113,20260114,executed,885520.TI,0.2
20260113,20260114,executed,885623.TI,0.2
20260113,20260114,executed,886045.TI,0.2
20260113,20260114,executed,LOW_RISK,0.0
20260114,20260115,executed,700323.TI,0.20251295608693565
20260114,20260115,executed,700369.TI,0.19888583173095423
20260114,20260115,executed,885520.TI,0.20017456956545424
20260114,20260115,executed,885623.TI,0.19952910343321495
20260114,20260115,executed,886045.TI,0.19889753918344108
20260114,20260115,executed,LOW_RISK,-2.220446049250313e-16
20260115,20260116,executed,700369.TI,0.2
20260115,20260116,executed,884116.TI,0.2
20260115,20260116,executed,885520.TI,0.2
20260115,20260116,executed,885623.TI,0.2
20260115,20260116,executed,885964.TI,0.2
20260115,20260116,executed,LOW_RISK,0.0
20260116,20260119,executed,700369.TI,0.20151090556241297
20260116,20260119,executed,884116.TI,0.20249231157002626
20260116,20260119,executed,885520.TI,0.1998582491925259
20260116,20260119,executed,885623.TI,0.1978560710101298
20260116,20260119,executed,885964.TI,0.19828246266490512
20260116,20260119,executed,LOW_RISK,0.0
20260119,20260120,executed,884116.TI,0.2
20260119,20260120,executed,885472.TI,0.2
20260119,20260120,executed,885520.TI,0.2
20260119,20260120,executed,885623.TI,0.2
20260119,20260120,executed,885964.TI,0.2
20260119,20260120,executed,LOW_RISK,0.0
20260120,20260121,executed,884116.TI,0.2
20260120,20260121,executed,885412.TI,0.2
20260120,20260121,executed,885472.TI,0.2
20260120,20260121,executed,885520.TI,0.2
20260120,20260121,executed,885964.TI,0.2
20260120,20260121,executed,LOW_RISK,0.0
20260121,20260122,executed,884116.TI,0.2012638454684357
20260121,20260122,executed,885412.TI,0.1989376140708884
20260121,20260122,executed,885472.TI,0.20068923365384284
20260121,20260122,executed,885520.TI,0.19924898955534834
20260121,20260122,executed,885964.TI,0.19986031725148487
20260121,20260122,executed,LOW_RISK,-2.220446049250313e-16
20260122,20260123,executed,884140.TI,0.2
20260122,20260123,executed,885412.TI,0.2
20260122,20260123,executed,885472.TI,0.2
20260122,20260123,executed,885493.TI,0.2
20260122,20260123,executed,885520.TI,0.2
20260122,20260123,executed,LOW_RISK,0.0
20260123,20260126,executed,884140.TI,0.19912400073360945
20260123,20260126,executed,885412.TI,0.20054965352139265
20260123,20260126,executed,885472.TI,0.1995217077776896
20260123,20260126,executed,885493.TI,0.19989450627273453
20260123,20260126,executed,885520.TI,0.2009101316945738
20260123,20260126,executed,LOW_RISK,0.0
20260126,20260127,executed,881181.TI,0.2
20260126,20260127,executed,884140.TI,0.2
20260126,20260127,executed,884268.TI,0.2
20260126,20260127,executed,885412.TI,0.2
20260126,20260127,executed,885493.TI,0.2
20260126,20260127,executed,LOW_RISK,0.0
20260127,20260128,executed,881181.TI,0.2
20260127,20260128,executed,884140.TI,0.2
20260127,20260128,executed,884268.TI,0.2
20260127,20260128,executed,885493.TI,0.2
20260127,20260128,executed,886016.TI,0.2
20260127,20260128,executed,LOW_RISK,0.0
20260128,20260129,executed,881181.TI,0.1996515955269263
20260128,20260129,executed,884140.TI,0.19744093689725928
20260128,20260129,executed,884268.TI,0.1983239589100138
20260128,20260129,executed,885493.TI,0.19920021134595478
20260128,20260129,executed,886016.TI,0.20538329731984586
20260128,20260129,executed,LOW_RISK,0.0
20260129,20260130,executed,881181.TI,0.2
20260129,20260130,executed,884268.TI,0.2
20260129,20260130,executed,885410.TI,0.2
20260129,20260130,executed,885493.TI,0.2
20260129,20260130,executed,886016.TI,0.2
20260129,20260130,executed,LOW_RISK,0.0
20260130,20260202,executed,881181.TI,0.2000933990317971
20260130,20260202,executed,884268.TI,0.20149106133978922
20260130,20260202,executed,885410.TI,0.1995878750394031
20260130,20260202,executed,885493.TI,0.19883155323090287
20260130,20260202,executed,886016.TI,0.19999611135810785
20260130,20260202,executed,LOW_RISK,-2.220446049250313e-16
20260202,20260203,executed,885410.TI,0.2
20260202,20260203,executed,885493.TI,0.2
20260202,20260203,executed,886005.TI,0.2
20260202,20260203,executed,886016.TI,0.2
20260202,20260203,executed,886072.TI,0.2
20260202,20260203,executed,LOW_RISK,0.0
20260203,20260204,executed,881145.TI,0.2
20260203,20260204,executed,885410.TI,0.2
20260203,20260204,executed,885493.TI,0.2
20260203,20260204,executed,886005.TI,0.2
20260203,20260204,executed,886072.TI,0.2
20260203,20260204,executed,LOW_RISK,0.0
20260204,20260205,executed,881145.TI,0.20101706114016074
20260204,20260205,executed,885410.TI,0.19865537349520382
20260204,20260205,executed,885493.TI,0.19906370210029764
20260204,20260205,executed,886005.TI,0.20014954495468915
20260204,20260205,executed,886072.TI,0.20111431830964868
20260204,20260205,executed,LOW_RISK,0.0
20260205,20260206,executed,700499.TI,0.2
20260205,20260206,executed,881145.TI,0.2
20260205,20260206,executed,884154.TI,0.2
20260205,20260206,executed,886005.TI,0.2
20260205,20260206,executed,886072.TI,0.2
20260205,20260206,executed,LOW_RISK,0.0
20260206,20260209,executed,700499.TI,0.19856714576691695
20260206,20260209,executed,881145.TI,0.202092477929195
20260206,20260209,executed,884154.TI,0.1981904574600937
20260206,20260209,executed,886005.TI,0.20127158538531342
20260206,20260209,executed,886072.TI,0.19987833345848094
20260206,20260209,executed,LOW_RISK,0.0
20260209,20260210,executed,700499.TI,0.2
20260209,20260210,executed,881145.TI,0.2
20260209,20260210,executed,881149.TI,0.2
20260209,20260210,executed,884154.TI,0.2
20260209,20260210,executed,886005.TI,0.2
20260209,20260210,executed,LOW_RISK,0.0
20260210,20260211,executed,700380.TI,0.2
20260210,20260211,executed,700499.TI,0.2
20260210,20260211,executed,881149.TI,0.2
20260210,20260211,executed,884154.TI,0.2
20260210,20260211,executed,886005.TI,0.2
20260210,20260211,executed,LOW_RISK,0.0
20260211,20260212,executed,700380.TI,0.20026771252445444
20260211,20260212,executed,700499.TI,0.19967739595341671
20260211,20260212,executed,881149.TI,0.19958684776111424
20260211,20260212,executed,884154.TI,0.1997166874077056
20260211,20260212,executed,886005.TI,0.200751356353309
20260211,20260212,executed,LOW_RISK,0.0
20260212,20260213,executed,700380.TI,0.2
20260212,20260213,executed,700499.TI,0.2
20260212,20260213,executed,881149.TI,0.2
20260212,20260213,executed,884154.TI,0.2
20260212,20260213,executed,886075.TI,0.2
20260212,20260213,executed,LOW_RISK,0.0
20260213,20260224,executed,700380.TI,0.19904192866108036
20260213,20260224,executed,700499.TI,0.1998705296782727
20260213,20260224,executed,881149.TI,0.20018964836738948
20260213,20260224,executed,884154.TI,0.19995077898186717
20260213,20260224,executed,886075.TI,0.20094711431139037
20260213,20260224,executed,LOW_RISK,0.0
20260224,20260225,executed,700380.TI,0.2
20260224,20260225,executed,700548.TI,0.2
20260224,20260225,executed,885376.TI,0.2
20260224,20260225,executed,886075.TI,0.2
20260224,20260225,executed,886108.TI,0.2
20260224,20260225,executed,LOW_RISK,0.0
20260225,20260226,executed,700548.TI,0.2
20260225,20260226,executed,700555.TI,0.2
20260225,20260226,executed,885376.TI,0.2
20260225,20260226,executed,886075.TI,0.2
20260225,20260226,executed,886108.TI,0.2
20260225,20260226,executed,LOW_RISK,0.0
20260226,20260227,executed,700548.TI,0.2014464934172519
20260226,20260227,executed,700555.TI,0.19836065278148562
20260226,20260227,executed,885376.TI,0.20218910461252157
20260226,20260227,executed,886075.TI,0.19890882456990416
20260226,20260227,executed,886108.TI,0.1990949246188368
20260226,20260227,executed,LOW_RISK,0.0
20260227,20260302,executed,700548.TI,0.2
20260227,20260302,executed,700555.TI,0.2
20260227,20260302,executed,885376.TI,0.2
20260227,20260302,executed,885699.TI,0.2
20260227,20260302,executed,886108.TI,0.2
20260227,20260302,executed,LOW_RISK,0.0
20260302,20260303,executed,700548.TI,0.20233447776109934
20260302,20260303,executed,700555.TI,0.20027111124548144
20260302,20260303,executed,885376.TI,0.20187362493471786
20260302,20260303,executed,885699.TI,0.19847458494869946
20260302,20260303,executed,886108.TI,0.19704620111000196
20260302,20260303,executed,LOW_RISK,0.0
20260303,20260304,executed,700555.TI,0.2
20260303,20260304,executed,700581.TI,0.2
20260303,20260304,executed,700585.TI,0.2
20260303,20260304,executed,885699.TI,0.2
20260303,20260304,executed,886108.TI,0.2
20260303,20260304,executed,LOW_RISK,0.0
20260304,20260305,executed,700418.TI,0.13999999999999999
20260304,20260305,executed,700581.TI,0.13999999999999999
20260304,20260305,executed,700585.TI,0.13999999999999999
20260304,20260305,executed,885699.TI,0.13999999999999999
20260304,20260305,executed,886108.TI,0.13999999999999999
20260304,20260305,executed,LOW_RISK,0.30000000000000004
20260305,20260306,executed,700418.TI,0.14077876482034343
20260305,20260306,executed,700581.TI,0.14077876859745828
20260305,20260306,executed,700585.TI,0.140078120436744
20260305,20260306,executed,885699.TI,0.14001208834524945
20260305,20260306,executed,886108.TI,0.13865902133573346
20260305,20260306,executed,LOW_RISK,0.2996932364644713
20260306,20260309,executed,700310.TI,0.13999999999999999
20260306,20260309,executed,700418.TI,0.13999999999999999
20260306,20260309,executed,700581.TI,0.13999999999999999
20260306,20260309,executed,700585.TI,0.13999999999999999
20260306,20260309,executed,886108.TI,0.13999999999999999
20260306,20260309,executed,LOW_RISK,0.30000000000000004
20260309,20260310,executed,700310.TI,0.13926668265487302
20260309,20260310,executed,700418.TI,0.13962514655273503
20260309,20260310,executed,700581.TI,0.13962514525656503
20260309,20260310,executed,700585.TI,0.13957967668236848
20260309,20260310,executed,886108.TI,0.14364996356657336
20260309,20260310,executed,LOW_RISK,0.29825338528688505
20260310,20260311,executed,700310.TI,0.13999999999999999
20260310,20260311,executed,700342.TI,0.13999999999999999
20260310,20260311,executed,700418.TI,0.13999999999999999
20260310,20260311,executed,700581.TI,0.13999999999999999
20260310,20260311,executed,700585.TI,0.13999999999999999
20260310,20260311,executed,LOW_RISK,0.30000000000000004
20260311,20260312,executed,700310.TI,0.13999999999999999
20260311,20260312,executed,700342.TI,0.13999999999999999
20260311,20260312,executed,700379.TI,0.13999999999999999
20260311,20260312,executed,700418.TI,0.13999999999999999
20260311,20260312,executed,700581.TI,0.13999999999999999
20260311,20260312,executed,LOW_RISK,0.30000000000000004
20260312,20260313,executed,700310.TI,0.13999999999999999
20260312,20260313,executed,700342.TI,0.13999999999999999
20260312,20260313,executed,700379.TI,0.13999999999999999
20260312,20260313,executed,700572.TI,0.13999999999999999
20260312,20260313,executed,884313.TI,0.13999999999999999
20260312,20260313,executed,LOW_RISK,0.30000000000000004
20260313,20260316,executed,700334.TI,0.13999999999999999
20260313,20260316,executed,700342.TI,0.13999999999999999
20260313,20260316,executed,700379.TI,0.13999999999999999
20260313,20260316,executed,700572.TI,0.13999999999999999
20260313,20260316,executed,884313.TI,0.13999999999999999
20260313,20260316,executed,LOW_RISK,0.30000000000000004
20260316,20260317,executed,700334.TI,0.14092049655888617
20260316,20260317,executed,700342.TI,0.13757184930127833
20260316,20260317,executed,700379.TI,0.14153635020635869
20260316,20260317,executed,700572.TI,0.1395469457346094
20260316,20260317,executed,884313.TI,0.13944850239617393
20260316,20260317,executed,LOW_RISK,0.3009758558026935
20260317,20260318,executed,700334.TI,0.2
20260317,20260318,executed,700379.TI,0.2
20260317,20260318,executed,700495.TI,0.2
20260317,20260318,executed,700572.TI,0.2
20260317,20260318,executed,884313.TI,0.2
20260317,20260318,executed,LOW_RISK,0.0
20260318,20260319,executed,700334.TI,0.2003573967881151
20260318,20260319,executed,700379.TI,0.19941337298333042
20260318,20260319,executed,700495.TI,0.1994068232867618
20260318,20260319,executed,700572.TI,0.20043868612359989
20260318,20260319,executed,884313.TI,0.20038372081819292
20260318,20260319,executed,LOW_RISK,0.0
20260319,20260320,executed,700334.TI,0.19991746543775638
20260319,20260320,executed,700379.TI,0.19911747867131693
20260319,20260320,executed,700495.TI,0.19966943216652322
20260319,20260320,executed,700572.TI,0.20060733941365824
20260319,20260320,executed,884313.TI,0.2006882843107454
20260319,20260320,executed,LOW_RISK,-2.220446049250313e-16
20260320,20260323,executed,700334.TI,0.13999999999999999
20260320,20260323,executed,700495.TI,0.13999999999999999
20260320,20260323,executed,700572.TI,0.13999999999999999
20260320,20260323,executed,884250.TI,0.13999999999999999
20260320,20260323,executed,884313.TI,0.13999999999999999
20260320,20260323,executed,LOW_RISK,0.30000000000000004
20260323,20260324,executed,700495.TI,0.13999999999999999
20260323,20260324,executed,884250.TI,0.13999999999999999
20260323,20260324,executed,884265.TI,0.13999999999999999
20260323,20260324,executed,884284.TI,0.13999999999999999
20260323,20260324,executed,886108.TI,0.13999999999999999
20260323,20260324,executed,LOW_RISK,0.30000000000000004
20260324,20260325,executed,700540.TI,0.13999999999999999
20260324,20260325,executed,700547.TI,0.13999999999999999
20260324,20260325,executed,884250.TI,0.13999999999999999
20260324,20260325,executed,884265.TI,0.13999999999999999
20260324,20260325,executed,886108.TI,0.13999999999999999
20260324,20260325,executed,LOW_RISK,0.30000000000000004
20260325,20260326,executed,700540.TI,0.13999999999999999
20260325,20260326,executed,700547.TI,0.13999999999999999
20260325,20260326,executed,884250.TI,0.13999999999999999
20260325,20260326,executed,886098.TI,0.13999999999999999
20260325,20260326,executed,886108.TI,0.13999999999999999
20260325,20260326,executed,LOW_RISK,0.30000000000000004
20260326,20260327,executed,700540.TI,0.1380094493325295
20260326,20260327,executed,700547.TI,0.14226157262711103
20260326,20260327,executed,884250.TI,0.14186110799237822
20260326,20260327,executed,886098.TI,0.13707255350893416
20260326,20260327,executed,886108.TI,0.13688010850344173
20260326,20260327,executed,LOW_RISK,0.30391520803560534
20260327,20260330,executed,700540.TI,0.13999999999999999
20260327,20260330,executed,700547.TI,0.13999999999999999
20260327,20260330,executed,884265.TI,0.13999999999999999
20260327,20260330,executed,886098.TI,0.13999999999999999
20260327,20260330,executed,886108.TI,0.13999999999999999
20260327,20260330,executed,LOW_RISK,0.30000000000000004
20260330,20260331,executed,700540.TI,0.13999999999999999
20260330,20260331,executed,700547.TI,0.13999999999999999
20260330,20260331,executed,884265.TI,0.13999999999999999
20260330,20260331,executed,886068.TI,0.13999999999999999
20260330,20260331,executed,886098.TI,0.13999999999999999
20260330,20260331,executed,LOW_RISK,0.30000000000000004
20260331,20260401,executed,700540.TI,0.13999999999999999
20260331,20260401,executed,884261.TI,0.13999999999999999
20260331,20260401,executed,884265.TI,0.13999999999999999
20260331,20260401,executed,886068.TI,0.13999999999999999
20260331,20260401,executed,886098.TI,0.13999999999999999
20260331,20260401,executed,LOW_RISK,0.30000000000000004
20260401,20260402,executed,700540.TI,0.14235488003635896
20260401,20260402,executed,884261.TI,0.1387683234579782
20260401,20260402,executed,884265.TI,0.1388753600750885
20260401,20260402,executed,886068.TI,0.1398108430455772
20260401,20260402,executed,886098.TI,0.138824924786047
20260401,20260402,executed,LOW_RISK,0.3013656685989501
20260402,20260403,executed,884005.TI,0.13999999999999999
20260402,20260403,executed,884045.TI,0.13999999999999999
20260402,20260403,executed,884261.TI,0.13999999999999999
20260402,20260403,executed,884265.TI,0.13999999999999999
20260402,20260403,executed,886068.TI,0.13999999999999999
20260402,20260403,executed,LOW_RISK,0.30000000000000004
20260403,20260407,executed,884005.TI,0.13740698035371152
20260403,20260407,executed,884045.TI,0.14130870338456436
20260403,20260407,executed,884261.TI,0.13818126362666774
20260403,20260407,executed,884265.TI,0.1397279647759108
20260403,20260407,executed,886068.TI,0.13839796504555163
20260403,20260407,executed,LOW_RISK,0.304977122813594
20260407,20260408,executed,884005.TI,0.09999999999999999
20260407,20260408,executed,884265.TI,0.09999999999999999
20260407,20260408,executed,886068.TI,0.09999999999999999
20260407,20260408,executed,LOW_RISK,0.7
20260408,20260409,executed,884005.TI,0.10025529937915482
20260408,20260409,executed,884265.TI,0.10174873730169504
20260408,20260409,executed,886068.TI,0.1027342003649059
20260408,20260409,executed,LOW_RISK,0.6952617629542442
20260409,20260410,executed,884005.TI,0.09921921913866744
20260409,20260410,executed,884265.TI,0.1029726454377274
20260409,20260410,executed,886068.TI,0.1026143296740191
20260409,20260410,executed,LOW_RISK,0.6951938057495861
20260410,20260413,executed,884180.TI,0.09999999999999999
20260410,20260413,executed,884284.TI,0.09999999999999999
20260410,20260413,executed,886040.TI,0.09999999999999999
20260410,20260413,executed,LOW_RISK,0.7
20260413,20260414,executed,884180.TI,0.10061722651053315
20260413,20260414,executed,884284.TI,0.10896290811701423
20260413,20260414,executed,886040.TI,0.10157420122733044
20260413,20260414,executed,LOW_RISK,0.6888456641451222
20260414,20260415,executed,LOW_RISK,1.0
20260415,20260416,executed,LOW_RISK,1.0
20260416,20260417,executed,LOW_RISK,1.0
20260417,20260420,executed,LOW_RISK,1.0
20260420,20260421,executed,LOW_RISK,1.0
20260421,20260422,executed,LOW_RISK,1.0
20260422,20260423,executed,LOW_RISK,1.0
20260423,20260424,executed,700515.TI,0.09999999999999999
20260423,20260424,executed,883300.TI,0.09999999999999999
20260423,20260424,executed,886023.TI,0.09999999999999999
20260423,20260424,executed,LOW_RISK,0.7
20260424,20260427,executed,700515.TI,0.1000833058497999
20260424,20260427,executed,883300.TI,0.10011542301149656
20260424,20260427,executed,886023.TI,0.09966127058133852
20260424,20260427,executed,LOW_RISK,0.700140000557365
20260427,20260428,executed,700515.TI,0.10009140295507857
20260427,20260428,executed,883300.TI,0.09970092710824473
20260427,20260428,executed,886023.TI,0.10013677030131783
20260427,20260428,executed,LOW_RISK,0.7000708996353588
20260428,20260429,executed,700515.TI,0.09821767275721945
20260428,20260429,executed,883300.TI,0.09974474132358864
20260428,20260429,executed,886023.TI,0.09866401784128943
20260428,20260429,executed,LOW_RISK,0.7033735680779025
20260429,20260430,executed,700515.TI,0.09854565131935226
20260429,20260430,executed,883300.TI,0.10111465301301704
20260429,20260430,executed,886023.TI,0.09953566364970207
20260429,20260430,executed,LOW_RISK,0.7008040320179286
20260430,20260506,executed,700304.TI,0.09999999999999999
20260430,20260506,executed,700383.TI,0.09999999999999999
20260430,20260506,executed,884189.TI,0.09999999999999999
20260430,20260506,executed,LOW_RISK,0.7
20260506,20260507,executed,700304.TI,0.10077852938594498
20260506,20260507,executed,700383.TI,0.10076385361634457
20260506,20260507,executed,884189.TI,0.09907889255766561
20260506,20260507,executed,LOW_RISK,0.6993787244400449
20260507,20260508,executed,700304.TI,0.10113425401478665
20260507,20260508,executed,700383.TI,0.10091925472073189
20260507,20260508,executed,884189.TI,0.09793986132512726
20260507,20260508,executed,LOW_RISK,0.7000066299393541
20260508,20260511,executed,700304.TI,0.10187168245794748
20260508,20260511,executed,700383.TI,0.10179702508497676
20260508,20260511,executed,884189.TI,0.09864369871129741
20260508,20260511,executed,LOW_RISK,0.6976875937457784
20260511,20260512,executed,700304.TI,0.10186018970376953
20260511,20260512,executed,700383.TI,0.10240679242757313
20260511,20260512,executed,884189.TI,0.09893615159019013
20260511,20260512,executed,LOW_RISK,0.6967968662784672
20260512,20260513,executed,700326.TI,0.09999999999999999
20260512,20260513,executed,700383.TI,0.09999999999999999
20260512,20260513,executed,700508.TI,0.09999999999999999
20260512,20260513,executed,LOW_RISK,0.7
20260513,20260514,executed,700326.TI,0.10083715779200277
20260513,20260514,executed,700383.TI,0.10116456699351041
20260513,20260514,executed,700508.TI,0.1012439478090653
20260513,20260514,executed,LOW_RISK,0.6967543274054215
20260514,20260515,executed,700326.TI,0.09990784776399217
20260514,20260515,executed,700383.TI,0.10028357111607712
20260514,20260515,executed,700508.TI,0.10050330691495137
20260514,20260515,executed,LOW_RISK,0.6993052742049793
20260515,20260518,executed,700326.TI,0.09996211016962275
20260515,20260518,executed,700383.TI,0.10067299568181338
20260515,20260518,executed,700508.TI,0.1012207546572127
20260515,20260518,executed,LOW_RISK,0.6981441394913512
20260518,20260519,executed,700326.TI,0.09967094470366569
20260518,20260519,executed,700383.TI,0.10055638031060135
20260518,20260519,executed,700508.TI,0.10114242746670665
20260518,20260519,executed,LOW_RISK,0.6986302475190262
20260519,20260520,executed,700383.TI,0.09999999999999999
20260519,20260520,executed,885520.TI,0.09999999999999999
20260519,20260520,executed,885901.TI,0.09999999999999999
20260519,20260520,executed,LOW_RISK,0.7
20260520,20260521,executed,700383.TI,0.10070291389614225
20260520,20260521,executed,885520.TI,0.10021263289489069
20260520,20260521,executed,885901.TI,0.09976808952508166
20260520,20260521,executed,LOW_RISK,0.6993163636838854
20260521,20260522,executed,884027.TI,0.09999999999999999
20260521,20260522,executed,885520.TI,0.09999999999999999
20260521,20260522,executed,885901.TI,0.09999999999999999
20260521,20260522,executed,LOW_RISK,0.7
20260522,20260525,executed,884027.TI,0.10115648600965285
20260522,20260525,executed,885520.TI,0.10064176642914385
20260522,20260525,executed,885901.TI,0.10152957241071374
20260522,20260525,executed,LOW_RISK,0.6966721751504896
20260525,20260526,executed,884027.TI,0.09859786679634187
20260525,20260526,executed,885520.TI,0.10094595059488867
20260525,20260526,executed,885901.TI,0.10056850738108514
20260525,20260526,executed,LOW_RISK,0.6998876752276844
20260526,20260527,executed,881149.TI,0.09999999999999999
20260526,20260527,executed,884027.TI,0.09999999999999999
20260526,20260527,executed,884265.TI,0.09999999999999999
20260526,20260527,executed,LOW_RISK,0.7
20260527,20260528,executed,881149.TI,0.0992862199290851
20260527,20260528,executed,884027.TI,0.09734529675256355
20260527,20260528,executed,884265.TI,0.0976563438023612
20260527,20260528,executed,LOW_RISK,0.7057121395159902
20260528,20260529,executed,881149.TI,0.09999999999999999
20260528,20260529,executed,884018.TI,0.09999999999999999
20260528,20260529,executed,884265.TI,0.09999999999999999
20260528,20260529,executed,LOW_RISK,0.7
20260529,20260601,executed,881149.TI,0.10099689193140281
20260529,20260601,executed,884018.TI,0.10135104137882886
20260529,20260601,executed,884265.TI,0.09473766651454375
20260529,20260601,executed,LOW_RISK,0.7029144001752246
20260601,20260602,executed,881149.TI,0.10189956113308717
20260601,20260602,executed,884018.TI,0.10425491467744794
20260601,20260602,executed,884265.TI,0.09417828272930572
20260601,20260602,executed,LOW_RISK,0.6996672414601592
20260602,20260603,executed,881169.TI,0.09999999999999999
20260602,20260603,executed,884018.TI,0.09999999999999999
20260602,20260603,executed,884185.TI,0.09999999999999999
20260602,20260603,executed,LOW_RISK,0.7
20260603,20260604,executed,881169.TI,0.10018608054042441
20260603,20260604,executed,884018.TI,0.10081025458465576
20260603,20260604,executed,884185.TI,0.10018608054042441
20260603,20260604,executed,LOW_RISK,0.6988175843344955
20260604,20260605,executed,881169.TI,0.09999999999999999
20260604,20260605,executed,884045.TI,0.09999999999999999
20260604,20260605,executed,884185.TI,0.09999999999999999
20260604,20260605,executed,LOW_RISK,0.7
20260605,20260608,executed,881169.TI,0.09447190658788097
20260605,20260608,executed,884045.TI,0.10216638826640269
20260605,20260608,executed,884185.TI,0.09447190658788097
20260605,20260608,executed,LOW_RISK,0.7088897985578353
20260608,20260609,executed,881169.TI,0.0945507966922461
20260608,20260609,executed,884045.TI,0.10296263083236079
20260608,20260609,executed,884185.TI,0.0945507966922461
20260608,20260609,executed,LOW_RISK,0.707935775783147
20260609,20260610,executed,881169.TI,0.09244041659991849
20260609,20260610,executed,884045.TI,0.10077910052348496
20260609,20260610,executed,884185.TI,0.09244041659991849
20260609,20260610,executed,LOW_RISK,0.7143400662766781
20260610,20260611,executed,881169.TI,0.09141946893329038
20260610,20260611,executed,884045.TI,0.10381920438302972
20260610,20260611,executed,884185.TI,0.09141946893329038
20260610,20260611,executed,LOW_RISK,0.7133418577503895
20260611,20260612,executed,700560.TI,0.09999999999999999
20260611,20260612,executed,881169.TI,0.09999999999999999
20260611,20260612,executed,884185.TI,0.09999999999999999
20260611,20260612,executed,LOW_RISK,0.7
20260612,20260615,executed,700560.TI,0.0994366912396342
20260612,20260615,executed,881169.TI,0.10506468903014148
20260612,20260615,executed,884185.TI,0.10506468903014148
20260612,20260615,executed,LOW_RISK,0.6904339307000829
20260615,20260616,executed,700560.TI,0.10011398178486136
20260615,20260616,executed,881169.TI,0.10564435103701722
20260615,20260616,executed,884185.TI,0.10564435103701722
20260615,20260616,executed,LOW_RISK,0.6885973161411042
20260616,20260617,executed,LOW_RISK,1.0
20260617,20260618,executed,LOW_RISK,1.0
20260618,20260622,executed,LOW_RISK,1.0
20260622,20260623,executed,LOW_RISK,1.0
20260623,20260624,executed,LOW_RISK,1.0
20260624,20260625,executed,LOW_RISK,1.0
20260625,20260626,executed,LOW_RISK,1.0
20260626,20260629,executed,LOW_RISK,1.0
20260629,20260630,executed,700469.TI,0.09999999999999999
20260629,20260630,executed,881169.TI,0.09999999999999999
20260629,20260630,executed,884185.TI,0.09999999999999999
20260629,20260630,executed,LOW_RISK,0.7
20260630,20260701,executed,700467.TI,0.15
20260630,20260701,executed,700560.TI,0.15
20260630,20260701,executed,LOW_RISK,0.7
20260701,20260702,executed,700560.TI,0.09999999999999999
20260701,20260702,executed,881169.TI,0.09999999999999999
20260701,20260702,executed,884185.TI,0.09999999999999999
20260701,20260702,executed,LOW_RISK,0.7
20260702,20260703,executed,700560.TI,0.0961602518445442
20260702,20260703,executed,881169.TI,0.10532491098539042
20260702,20260703,executed,884185.TI,0.10532491098539042
20260702,20260703,executed,LOW_RISK,0.693189926184675
20260703,20260706,executed,700560.TI,0.09547015854566654
20260703,20260706,executed,881169.TI,0.1054591601251444
20260703,20260706,executed,884185.TI,0.1054591601251444
20260703,20260706,executed,LOW_RISK,0.6936115212040447
20260706,20260707,executed,700560.TI,0.09467435446953058
20260706,20260707,executed,881169.TI,0.1026273244764985
20260706,20260707,executed,884185.TI,0.1026273244764985
20260706,20260707,executed,LOW_RISK,0.7000709965774724
20260707,20260708,executed,881169.TI,0.09999999999999999
20260707,20260708,executed,884185.TI,0.09999999999999999
20260707,20260708,executed,886044.TI,0.09999999999999999
20260707,20260708,executed,LOW_RISK,0.7
20260708,20260709,executed,884265.TI,0.09999999999999999
20260708,20260709,executed,884311.TI,0.09999999999999999
20260708,20260709,executed,886044.TI,0.09999999999999999
20260708,20260709,executed,LOW_RISK,0.7
20260709,20260710,executed,884265.TI,0.10085636273989419
20260709,20260710,executed,884311.TI,0.09988653459314246
20260709,20260710,executed,886044.TI,0.10145257876647247
20260709,20260710,executed,LOW_RISK,0.6978045239004909
20260710,20260713,executed,884265.TI,0.1028415840327773
20260710,20260713,executed,884311.TI,0.09758364110367064
20260710,20260713,executed,886044.TI,0.10008473688091464
20260710,20260713,executed,LOW_RISK,0.6994900379826374
20260713,20260714,executed,884265.TI,0.09784252341978443
20260713,20260714,executed,884311.TI,0.0932235416145454
20260713,20260714,executed,886044.TI,0.09703135208500369
20260713,20260714,executed,LOW_RISK,0.7119025828806664
20260714,20260715,executed,LOW_RISK,1.0
20260715,20260716,executed,LOW_RISK,1.0
20260716,20260717,executed,LOW_RISK,1.0
20260717,20260720,executed,LOW_RISK,1.0
20260720,20260721,executed,LOW_RISK,1.0
20260721,20260722,executed,LOW_RISK,1.0
20260722,20260723,executed,LOW_RISK,1.0
20260723,20260724,executed,LOW_RISK,1.0
20260724,20260727,executed,LOW_RISK,1.0
20260727,20260728,executed,LOW_RISK,1.0
20260728,20260729,executed,LOW_RISK,1.0
20260729,20260730,executed,LOW_RISK,1.0
20260730,20260731,executed,LOW_RISK,1.0
20260731,20260803,executed,LOW_RISK,1.0
20260803,20260804,executed,LOW_RISK,1.0
20260804,20260805,executed,LOW_RISK,1.0
20260805,20260806,executed,LOW_RISK,1.0
20260806,20260807,executed,LOW_RISK,1.0
20260807,20260810,executed,700421.TI,0.09999999999999999
20260807,20260810,executed,700582.TI,0.09999999999999999
20260807,20260810,executed,700584.TI,0.09999999999999999
20260807,20260810,executed,LOW_RISK,0.7
20260810,20260811,executed,700421.TI,0.10161580748808122
20260810,20260811,executed,700582.TI,0.10128638259062721
20260810,20260811,executed,700584.TI,0.10161580748808122
20260810,20260811,executed,LOW_RISK,0.6954820024332103
20260811,20260812,executed,700421.TI,0.1013134418361637
20260811,20260812,executed,700582.TI,0.10049233568310882
20260811,20260812,executed,700584.TI,0.1013134418361637
20260811,20260812,executed,LOW_RISK,0.6968807806445638
20260812,20260813,executed,700421.TI,0.10198274687477914
20260812,20260813,executed,700582.TI,0.10106667244381196
20260812,20260813,executed,700584.TI,0.10198274687477914
20260812,20260813,executed,LOW_RISK,0.6949678338066297
20260813,20260814,executed,700421.TI,0.10126100845533781
20260813,20260814,executed,700582.TI,0.10060875878835723
20260813,20260814,executed,700584.TI,0.10126100845533781
20260813,20260814,executed,LOW_RISK,0.6968692243009671
20260814,20260817,executed,885410.TI,0.09999999999999999
20260814,20260817,executed,885961.TI,0.09999999999999999
20260814,20260817,executed,886086.TI,0.09999999999999999
20260814,20260817,executed,LOW_RISK,0.7
20260817,20260818,executed,885410.TI,0.10089850201269708
20260817,20260818,executed,885961.TI,0.10123962709873384
20260817,20260818,executed,886086.TI,0.10082219371942468
20260817,20260818,executed,LOW_RISK,0.6970396771691444
20260818,20260819,executed,885410.TI,0.10016294333474572
20260818,20260819,executed,885961.TI,0.10042185674466564
20260818,20260819,executed,886086.TI,0.10040543818279053
20260818,20260819,executed,LOW_RISK,0.6990097617377982
20260819,20260820,executed,885410.TI,0.09920451444662606
20260819,20260820,executed,885961.TI,0.09942654216120125
20260819,20260820,executed,886086.TI,0.098806214738812
20260819,20260820,executed,LOW_RISK,0.7025627286533607
20260820,20260821,executed,885410.TI,0.09932491063909858
20260820,20260821,executed,885961.TI,0.1000591131485184
20260820,20260821,executed,886086.TI,0.09847417849045488
20260820,20260821,executed,LOW_RISK,0.7021417977219282
20260821,20260824,executed,700421.TI,0.09999999999999999
20260821,20260824,executed,700584.TI,0.09999999999999999
20260821,20260824,executed,885410.TI,0.09999999999999999
20260821,20260824,executed,LOW_RISK,0.7
20260824,20260825,executed,700421.TI,0.09775626048155382
20260824,20260825,executed,700584.TI,0.09775626048155382
20260824,20260825,executed,885410.TI,0.09952399408241011
20260824,20260825,executed,LOW_RISK,0.7049634849544822
20260825,20260826,executed,700421.TI,0.09888136323999962
20260825,20260826,executed,700584.TI,0.09888136323999962
20260825,20260826,executed,885410.TI,0.10057557964659036
20260825,20260826,executed,LOW_RISK,0.7016616938734104
20260826,20260827,executed,700421.TI,0.09934587983304052
20260826,20260827,executed,700584.TI,0.09934587983304052
20260826,20260827,executed,885410.TI,0.10085741158028558
20260826,20260827,executed,LOW_RISK,0.7004508287536334
20260827,20260828,executed,700421.TI,0.09922967573739937
20260827,20260828,executed,700584.TI,0.09922967573739937
20260827,20260828,executed,885410.TI,0.10167534734380466
20260827,20260828,executed,LOW_RISK,0.6998653011813967
20260828,20260831,planned,885410.TI,0.09999999999999999
20260828,20260831,planned,885472.TI,0.09999999999999999
20260828,20260831,planned,885914.TI,0.09999999999999999
20260828,20260831,planned,LOW_RISK,0.7
